<?xml version="1.0" encoding="utf-8" standalone="yes"?>
<gpx version="1.1" creator="Locus Map, Android"
 xmlns="http://www.topografix.com/GPX/1/1"
 xmlns:xsi="http://www.w3.org/2001/XMLSchema-instance"
 xsi:schemaLocation="http://www.topografix.com/GPX/1/1 http://www.topografix.com/GPX/1/1/gpx.xsd"
 xmlns:gpxx="http://www.garmin.com/xmlschemas/GpxExtensions/v3"
 xmlns:gpxtrkx="http://www.garmin.com/xmlschemas/TrackStatsExtension/v1"
 xmlns:gpxtpx="http://www.garmin.com/xmlschemas/TrackPointExtension/v2"
 xmlns:locus="http://www.locusmap.eu">
	<metadata>
		<desc>File with points/tracks from Locus Map Classic/3.70.20</desc>
		<time>2026-10-06T19:11:56.611Z</time>
	</metadata>
<trk>
<name>2026-10-01 12:35 Robež</name>
<desc><![CDATA[<!-- desc_gen:start -->
<font color="black"><table width="100%"><tr><td><table width="100%"><tr><td align="left" valign="center"><small><b>Dejavnost</b></small></td><td align="center" valign="center">Kolesarjenje</td></tr>
<tr><td align="left" valign="center"><small><b>Razdalja</b></small></td><td align="center" valign="center">34,0 km</td></tr>
<tr><td align="left" valign="center"><small><b>Ustvarjen</b></small></td><td align="center" valign="center">2026-10-01 12:35:21</td></tr>
<tr><td align="left" valign="center"><small><b>Največja hitrost</b></small></td><td align="center" valign="center">42,3 km/h</td></tr>
<tr><td align="left" valign="center"><small><b>Ritem</b></small></td><td align="center" valign="center">04:12 min/km</td></tr>
<tr><td align="left" valign="center"><small><b>Energija</b></small></td><td align="center" valign="center">1587 kcal</td></tr>
<tr><td align="left" valign="center"><small><b>Točke</b></small></td><td align="center" valign="center">1159</td></tr>
</table></td></tr><tr><td colspan="1"><hr></td></tr><tr><td><table width="100%"><tr><td align="left" valign="center"><small><b></b></small></td><td align="center" valign="center">Vse</td><td align="center" valign="center">Hitrost > 0</td></tr>
<tr><td align="left" valign="center"><small><b>Pov. hitrost</b></small></td><td align="center" valign="center">14,3 km/h</td><td align="center" valign="center">18,7 km/h</td></tr>
<tr><td align="left" valign="center"><small><b>Čas sledi</b></small></td><td align="center" valign="center">2:22:49</td><td align="center" valign="center">1:48:29</td></tr>
</table></td></tr><tr><td colspan="1"><hr></td></tr><tr><td><table width="100%"><tr><td align="left" valign="center"><small><b>Najm. nadm. višina</b></small></td><td align="center" valign="center">291 m</td></tr>
<tr><td align="left" valign="center"><small><b>Najv. nadm. višina</b></small></td><td align="center" valign="center">750 m</td></tr>
</table></td></tr><tr><td colspan="1"><hr></td></tr><tr><td><table width="100%"><tr><td align="left" valign="center"><small><b></b></small></td><td align="center" valign="center">Nadm. višina</td><td align="center" valign="center">Razdalja</td></tr>
<tr><td align="left" valign="center"><small><b>Navzgor</b></small></td><td align="center" valign="center">806 m</td><td align="center" valign="center">8831 m</td></tr>
<tr><td align="left" valign="center"><small><b>Navzdol</b></small></td><td align="center" valign="center">−807 m</td><td align="center" valign="center">7917 m</td></tr>
<tr><td align="left" valign="center"><small><b>Plosko</b></small></td><td align="center" valign="center">0 m</td><td align="center" valign="center">345231 m</td></tr>
</table></td></tr></table></font>
<!-- desc_gen:end -->]]></desc>
	<extensions>
		<line xmlns="http://www.topografix.com/GPX/gpx_style/0/2">
			<color>FF0000</color>
			<opacity>0.59</opacity>
			<width>5.0</width>
			<extensions>
				<locus:lsColorBase>#96FF0000</locus:lsColorBase>
				<locus:lsWidth>5.0</locus:lsWidth>
				<locus:lsUnits>PIXELS</locus:lsUnits>
			</extensions>
		</line>
		<locus:activity>cycling</locus:activity>
	</extensions>
<trkseg>
<trkpt lat="46.0358786" lon="14.4760427">
	<ele>294.00</ele>
	<time>2026-10-01T10:35:29.008Z</time>
	<hdop>8.74</hdop>
	<extensions>
		<gpxtpx:TrackPointExtension>
			<gpxtpx:course>210.0</gpxtpx:course>
		</gpxtpx:TrackPointExtension>
	</extensions>
</trkpt>
<trkpt lat="46.0359098" lon="14.4759135">
	<ele>294.00</ele>
	<time>2026-10-01T10:35:44.719Z</time>
	<hdop>4.59</hdop>
	<extensions>
		<gpxtpx:TrackPointExtension>
			<gpxtpx:course>276.4934</gpxtpx:course>
		</gpxtpx:TrackPointExtension>
	</extensions>
</trkpt>
<trkpt lat="46.0358993" lon="14.4756895">
	<ele>294.00</ele>
	<time>2026-10-01T10:35:49.898Z</time>
	<hdop>3.94</hdop>
	<extensions>
		<gpxtpx:TrackPointExtension>
			<gpxtpx:course>264.27054</gpxtpx:course>
		</gpxtpx:TrackPointExtension>
	</extensions>
</trkpt>
<trkpt lat="46.0358847" lon="14.4754814">
	<ele>294.00</ele>
	<time>2026-10-01T10:35:55.007Z</time>
	<hdop>3.02</hdop>
	<extensions>
		<gpxtpx:TrackPointExtension>
			<gpxtpx:course>267.0173</gpxtpx:course>
		</gpxtpx:TrackPointExtension>
	</extensions>
</trkpt>
<trkpt lat="46.0357682" lon="14.4755078">
	<ele>294.00</ele>
	<time>2026-10-01T10:36:00.007Z</time>
	<hdop>3.23</hdop>
	<extensions>
		<gpxtpx:TrackPointExtension>
			<gpxtpx:course>169.0</gpxtpx:course>
		</gpxtpx:TrackPointExtension>
	</extensions>
</trkpt>
<trkpt lat="46.0356592" lon="14.4755369">
	<ele>294.01</ele>
	<time>2026-10-01T10:36:05.007Z</time>
	<hdop>3.79</hdop>
	<extensions>
		<gpxtpx:TrackPointExtension>
			<gpxtpx:course>179.0</gpxtpx:course>
		</gpxtpx:TrackPointExtension>
	</extensions>
</trkpt>
<trkpt lat="46.0357584" lon="14.4755148">
	<ele>294.00</ele>
	<time>2026-10-01T10:36:18.008Z</time>
	<hdop>3.79</hdop>
	<extensions>
		<gpxtpx:TrackPointExtension>
			<gpxtpx:course>353.0</gpxtpx:course>
		</gpxtpx:TrackPointExtension>
	</extensions>
</trkpt>
<trkpt lat="46.0358975" lon="14.4755185">
	<ele>294.00</ele>
	<time>2026-10-01T10:36:24.007Z</time>
	<hdop>3.79</hdop>
	<extensions>
		<gpxtpx:TrackPointExtension>
			<gpxtpx:course>82.0</gpxtpx:course>
		</gpxtpx:TrackPointExtension>
	</extensions>
</trkpt>
<trkpt lat="46.0359060" lon="14.4757491">
	<ele>294.00</ele>
	<time>2026-10-01T10:36:29.007Z</time>
	<hdop>3.79</hdop>
	<extensions>
		<gpxtpx:TrackPointExtension>
			<gpxtpx:course>84.0</gpxtpx:course>
		</gpxtpx:TrackPointExtension>
	</extensions>
</trkpt>
<trkpt lat="46.0359007" lon="14.4759578">
	<ele>294.00</ele>
	<time>2026-10-01T10:36:34.007Z</time>
	<hdop>3.79</hdop>
	<extensions>
		<gpxtpx:TrackPointExtension>
			<gpxtpx:course>89.0</gpxtpx:course>
		</gpxtpx:TrackPointExtension>
	</extensions>
</trkpt>
<trkpt lat="46.0359054" lon="14.4760930">
	<ele>294.00</ele>
	<time>2026-10-01T10:37:24.007Z</time>
	<hdop>3.79</hdop>
	<extensions>
		<gpxtpx:TrackPointExtension>
			<gpxtpx:course>42.0</gpxtpx:course>
		</gpxtpx:TrackPointExtension>
	</extensions>
</trkpt>
<trkpt lat="46.0359094" lon="14.4762608">
	<ele>294.00</ele>
	<time>2026-10-01T10:37:29.007Z</time>
	<hdop>3.79</hdop>
	<extensions>
		<gpxtpx:TrackPointExtension>
			<gpxtpx:course>100.0</gpxtpx:course>
		</gpxtpx:TrackPointExtension>
	</extensions>
</trkpt>
<trkpt lat="46.0359009" lon="14.4760988">
	<ele>294.00</ele>
	<time>2026-10-01T10:37:39.007Z</time>
	<hdop>3.79</hdop>
	<extensions>
		<gpxtpx:TrackPointExtension>
			<gpxtpx:course>259.0</gpxtpx:course>
		</gpxtpx:TrackPointExtension>
	</extensions>
</trkpt>
<trkpt lat="46.0358901" lon="14.4758803">
	<ele>294.00</ele>
	<time>2026-10-01T10:37:44.008Z</time>
	<hdop>3.79</hdop>
	<extensions>
		<gpxtpx:TrackPointExtension>
			<gpxtpx:course>266.0</gpxtpx:course>
		</gpxtpx:TrackPointExtension>
	</extensions>
</trkpt>
<trkpt lat="46.0358772" lon="14.4756819">
	<ele>294.00</ele>
	<time>2026-10-01T10:37:49.008Z</time>
	<hdop>3.79</hdop>
	<extensions>
		<gpxtpx:TrackPointExtension>
			<gpxtpx:course>264.0</gpxtpx:course>
		</gpxtpx:TrackPointExtension>
	</extensions>
</trkpt>
<trkpt lat="46.0358757" lon="14.4754673">
	<ele>294.00</ele>
	<time>2026-10-01T10:37:55.008Z</time>
	<hdop>3.79</hdop>
	<extensions>
		<gpxtpx:TrackPointExtension>
			<gpxtpx:course>275.0</gpxtpx:course>
		</gpxtpx:TrackPointExtension>
	</extensions>
</trkpt>
<trkpt lat="46.0360100" lon="14.4754333">
	<ele>294.00</ele>
	<time>2026-10-01T10:38:00.008Z</time>
	<hdop>3.79</hdop>
	<extensions>
		<gpxtpx:TrackPointExtension>
			<gpxtpx:course>355.0</gpxtpx:course>
		</gpxtpx:TrackPointExtension>
	</extensions>
</trkpt>
<trkpt lat="46.0362023" lon="14.4753792">
	<ele>294.00</ele>
	<time>2026-10-01T10:38:06.007Z</time>
	<hdop>3.79</hdop>
	<extensions>
		<gpxtpx:TrackPointExtension>
			<gpxtpx:course>325.0</gpxtpx:course>
		</gpxtpx:TrackPointExtension>
	</extensions>
</trkpt>
<trkpt lat="46.0362894" lon="14.4751733">
	<ele>294.00</ele>
	<time>2026-10-01T10:38:11.007Z</time>
	<hdop>3.79</hdop>
	<extensions>
		<gpxtpx:TrackPointExtension>
			<gpxtpx:course>319.0</gpxtpx:course>
		</gpxtpx:TrackPointExtension>
	</extensions>
</trkpt>
<trkpt lat="46.0364468" lon="14.4750751">
	<ele>294.00</ele>
	<time>2026-10-01T10:38:16.007Z</time>
	<hdop>3.79</hdop>
	<extensions>
		<gpxtpx:TrackPointExtension>
			<gpxtpx:course>332.0</gpxtpx:course>
		</gpxtpx:TrackPointExtension>
	</extensions>
</trkpt>
<trkpt lat="46.0365371" lon="14.4748950">
	<ele>294.00</ele>
	<time>2026-10-01T10:38:21.007Z</time>
	<hdop>3.79</hdop>
	<extensions>
		<gpxtpx:TrackPointExtension>
			<gpxtpx:course>263.0</gpxtpx:course>
		</gpxtpx:TrackPointExtension>
	</extensions>
</trkpt>
<trkpt lat="46.0364986" lon="14.4746339">
	<ele>294.03</ele>
	<time>2026-10-01T10:38:26.007Z</time>
	<hdop>3.79</hdop>
	<extensions>
		<gpxtpx:TrackPointExtension>
			<gpxtpx:course>259.0</gpxtpx:course>
		</gpxtpx:TrackPointExtension>
	</extensions>
</trkpt>
<trkpt lat="46.0364773" lon="14.4743520">
	<ele>294.06</ele>
	<time>2026-10-01T10:38:31.007Z</time>
	<hdop>3.79</hdop>
	<extensions>
		<gpxtpx:TrackPointExtension>
			<gpxtpx:course>265.0</gpxtpx:course>
		</gpxtpx:TrackPointExtension>
	</extensions>
</trkpt>
<trkpt lat="46.0364584" lon="14.4740743">
	<ele>294.07</ele>
	<time>2026-10-01T10:38:36.007Z</time>
	<hdop>3.79</hdop>
	<extensions>
		<gpxtpx:TrackPointExtension>
			<gpxtpx:course>262.0</gpxtpx:course>
		</gpxtpx:TrackPointExtension>
	</extensions>
</trkpt>
<trkpt lat="46.0364415" lon="14.4738272">
	<ele>294.05</ele>
	<time>2026-10-01T10:38:41.008Z</time>
	<hdop>3.79</hdop>
	<extensions>
		<gpxtpx:TrackPointExtension>
			<gpxtpx:course>266.0</gpxtpx:course>
		</gpxtpx:TrackPointExtension>
	</extensions>
</trkpt>
<trkpt lat="46.0366615" lon="14.4737433">
	<ele>294.01</ele>
	<time>2026-10-01T10:38:47.006Z</time>
	<hdop>3.79</hdop>
	<extensions>
		<gpxtpx:TrackPointExtension>
			<gpxtpx:course>359.0</gpxtpx:course>
		</gpxtpx:TrackPointExtension>
	</extensions>
</trkpt>
<trkpt lat="46.0368997" lon="14.4737077">
	<ele>293.88</ele>
	<time>2026-10-01T10:38:52.007Z</time>
	<hdop>3.79</hdop>
	<extensions>
		<gpxtpx:TrackPointExtension>
			<gpxtpx:course>357.0</gpxtpx:course>
		</gpxtpx:TrackPointExtension>
	</extensions>
</trkpt>
<trkpt lat="46.0371171" lon="14.4736701">
	<ele>293.74</ele>
	<time>2026-10-01T10:38:57.009Z</time>
	<hdop>3.79</hdop>
	<extensions>
		<gpxtpx:TrackPointExtension>
			<gpxtpx:course>350.0</gpxtpx:course>
		</gpxtpx:TrackPointExtension>
	</extensions>
</trkpt>
<trkpt lat="46.0372431" lon="14.4734858">
	<ele>293.86</ele>
	<time>2026-10-01T10:39:03.007Z</time>
	<hdop>3.79</hdop>
	<extensions>
		<gpxtpx:TrackPointExtension>
			<gpxtpx:course>255.0</gpxtpx:course>
		</gpxtpx:TrackPointExtension>
	</extensions>
</trkpt>
<trkpt lat="46.0372122" lon="14.4731279">
	<ele>294.04</ele>
	<time>2026-10-01T10:39:08.007Z</time>
	<hdop>3.79</hdop>
	<extensions>
		<gpxtpx:TrackPointExtension>
			<gpxtpx:course>259.0</gpxtpx:course>
		</gpxtpx:TrackPointExtension>
	</extensions>
</trkpt>
<trkpt lat="46.0371902" lon="14.4727154">
	<ele>293.98</ele>
	<time>2026-10-01T10:39:13.007Z</time>
	<hdop>3.79</hdop>
	<extensions>
		<gpxtpx:TrackPointExtension>
			<gpxtpx:course>259.0</gpxtpx:course>
		</gpxtpx:TrackPointExtension>
	</extensions>
</trkpt>
<trkpt lat="46.0371765" lon="14.4722906">
	<ele>294.11</ele>
	<time>2026-10-01T10:39:18.008Z</time>
	<hdop>3.79</hdop>
	<extensions>
		<gpxtpx:TrackPointExtension>
			<gpxtpx:course>264.0</gpxtpx:course>
		</gpxtpx:TrackPointExtension>
	</extensions>
</trkpt>
<trkpt lat="46.0371634" lon="14.4718632">
	<ele>294.48</ele>
	<time>2026-10-01T10:39:23.008Z</time>
	<hdop>3.79</hdop>
	<extensions>
		<gpxtpx:TrackPointExtension>
			<gpxtpx:course>265.0</gpxtpx:course>
		</gpxtpx:TrackPointExtension>
	</extensions>
</trkpt>
<trkpt lat="46.0371498" lon="14.4714285">
	<ele>294.63</ele>
	<time>2026-10-01T10:39:28.008Z</time>
	<hdop>3.79</hdop>
	<extensions>
		<gpxtpx:TrackPointExtension>
			<gpxtpx:course>266.0</gpxtpx:course>
		</gpxtpx:TrackPointExtension>
	</extensions>
</trkpt>
<trkpt lat="46.0371364" lon="14.4709654">
	<ele>294.56</ele>
	<time>2026-10-01T10:39:33.008Z</time>
	<hdop>3.79</hdop>
	<extensions>
		<gpxtpx:TrackPointExtension>
			<gpxtpx:course>264.0</gpxtpx:course>
		</gpxtpx:TrackPointExtension>
	</extensions>
</trkpt>
<trkpt lat="46.0371000" lon="14.4705194">
	<ele>294.70</ele>
	<time>2026-10-01T10:39:38.008Z</time>
	<hdop>3.79</hdop>
	<extensions>
		<gpxtpx:TrackPointExtension>
			<gpxtpx:course>255.0</gpxtpx:course>
		</gpxtpx:TrackPointExtension>
	</extensions>
</trkpt>
<trkpt lat="46.0370485" lon="14.4700658">
	<ele>295.03</ele>
	<time>2026-10-01T10:39:43.008Z</time>
	<hdop>3.79</hdop>
	<extensions>
		<gpxtpx:TrackPointExtension>
			<gpxtpx:course>255.0</gpxtpx:course>
		</gpxtpx:TrackPointExtension>
	</extensions>
</trkpt>
<trkpt lat="46.0369445" lon="14.4695424">
	<ele>294.73</ele>
	<time>2026-10-01T10:39:49.008Z</time>
	<hdop>3.79</hdop>
	<extensions>
		<gpxtpx:TrackPointExtension>
			<gpxtpx:course>247.0</gpxtpx:course>
		</gpxtpx:TrackPointExtension>
	</extensions>
</trkpt>
<trkpt lat="46.0368058" lon="14.4690346">
	<ele>294.34</ele>
	<time>2026-10-01T10:39:55.008Z</time>
	<hdop>3.79</hdop>
	<extensions>
		<gpxtpx:TrackPointExtension>
			<gpxtpx:course>246.0</gpxtpx:course>
		</gpxtpx:TrackPointExtension>
	</extensions>
</trkpt>
<trkpt lat="46.0366765" lon="14.4685730">
	<ele>295.50</ele>
	<time>2026-10-01T10:40:01.007Z</time>
	<hdop>3.79</hdop>
	<extensions>
		<gpxtpx:TrackPointExtension>
			<gpxtpx:course>245.0</gpxtpx:course>
		</gpxtpx:TrackPointExtension>
	</extensions>
</trkpt>
<trkpt lat="46.0365833" lon="14.4682416">
	<ele>295.89</ele>
	<time>2026-10-01T10:40:06.007Z</time>
	<hdop>3.79</hdop>
	<extensions>
		<gpxtpx:TrackPointExtension>
			<gpxtpx:course>249.0</gpxtpx:course>
		</gpxtpx:TrackPointExtension>
	</extensions>
</trkpt>
<trkpt lat="46.0365401" lon="14.4679298">
	<ele>295.50</ele>
	<time>2026-10-01T10:40:11.007Z</time>
	<hdop>3.79</hdop>
	<extensions>
		<gpxtpx:TrackPointExtension>
			<gpxtpx:course>254.0</gpxtpx:course>
		</gpxtpx:TrackPointExtension>
	</extensions>
</trkpt>
<trkpt lat="46.0365222" lon="14.4675780">
	<ele>294.96</ele>
	<time>2026-10-01T10:40:16.007Z</time>
	<hdop>3.79</hdop>
	<extensions>
		<gpxtpx:TrackPointExtension>
			<gpxtpx:course>257.0</gpxtpx:course>
		</gpxtpx:TrackPointExtension>
	</extensions>
</trkpt>
<trkpt lat="46.0363909" lon="14.4672865">
	<ele>294.71</ele>
	<time>2026-10-01T10:40:21.007Z</time>
	<hdop>3.79</hdop>
	<extensions>
		<gpxtpx:TrackPointExtension>
			<gpxtpx:course>214.0</gpxtpx:course>
		</gpxtpx:TrackPointExtension>
	</extensions>
</trkpt>
<trkpt lat="46.0363907" lon="14.4669924">
	<ele>294.79</ele>
	<time>2026-10-01T10:40:26.007Z</time>
	<hdop>3.79</hdop>
	<extensions>
		<gpxtpx:TrackPointExtension>
			<gpxtpx:course>307.0</gpxtpx:course>
		</gpxtpx:TrackPointExtension>
	</extensions>
</trkpt>
<trkpt lat="46.0364914" lon="14.4666995">
	<ele>294.95</ele>
	<time>2026-10-01T10:40:31.007Z</time>
	<hdop>3.79</hdop>
	<extensions>
		<gpxtpx:TrackPointExtension>
			<gpxtpx:course>299.0</gpxtpx:course>
		</gpxtpx:TrackPointExtension>
	</extensions>
</trkpt>
<trkpt lat="46.0366151" lon="14.4664982">
	<ele>295.00</ele>
	<time>2026-10-01T10:40:36.007Z</time>
	<hdop>3.79</hdop>
	<extensions>
		<gpxtpx:TrackPointExtension>
			<gpxtpx:course>339.0</gpxtpx:course>
		</gpxtpx:TrackPointExtension>
	</extensions>
</trkpt>
<trkpt lat="46.0367651" lon="14.4664038">
	<ele>294.99</ele>
	<time>2026-10-01T10:40:41.007Z</time>
	<hdop>3.79</hdop>
	<extensions>
		<gpxtpx:TrackPointExtension>
			<gpxtpx:course>331.0</gpxtpx:course>
		</gpxtpx:TrackPointExtension>
	</extensions>
</trkpt>
<trkpt lat="46.0368387" lon="14.4663030">
	<ele>294.98</ele>
	<time>2026-10-01T10:40:46.008Z</time>
	<hdop>3.79</hdop>
	<extensions>
		<gpxtpx:TrackPointExtension>
			<gpxtpx:course>302.0</gpxtpx:course>
		</gpxtpx:TrackPointExtension>
	</extensions>
</trkpt>
<trkpt lat="46.0369136" lon="14.4662052">
	<ele>294.96</ele>
	<time>2026-10-01T10:41:16.008Z</time>
	<hdop>3.79</hdop>
	<extensions>
		<gpxtpx:TrackPointExtension>
			<gpxtpx:course>318.0</gpxtpx:course>
		</gpxtpx:TrackPointExtension>
	</extensions>
</trkpt>
<trkpt lat="46.0370819" lon="14.4660644">
	<ele>294.90</ele>
	<time>2026-10-01T10:41:22.008Z</time>
	<hdop>3.79</hdop>
	<extensions>
		<gpxtpx:TrackPointExtension>
			<gpxtpx:course>329.0</gpxtpx:course>
		</gpxtpx:TrackPointExtension>
	</extensions>
</trkpt>
<trkpt lat="46.0373398" lon="14.4658883">
	<ele>294.87</ele>
	<time>2026-10-01T10:41:28.007Z</time>
	<hdop>3.79</hdop>
	<extensions>
		<gpxtpx:TrackPointExtension>
			<gpxtpx:course>331.0</gpxtpx:course>
		</gpxtpx:TrackPointExtension>
	</extensions>
</trkpt>
<trkpt lat="46.0376376" lon="14.4657137">
	<ele>295.19</ele>
	<time>2026-10-01T10:41:33.008Z</time>
	<hdop>3.79</hdop>
	<extensions>
		<gpxtpx:TrackPointExtension>
			<gpxtpx:course>338.0</gpxtpx:course>
		</gpxtpx:TrackPointExtension>
	</extensions>
</trkpt>
<trkpt lat="46.0380337" lon="14.4655296">
	<ele>296.02</ele>
	<time>2026-10-01T10:41:39.007Z</time>
	<hdop>3.79</hdop>
	<extensions>
		<gpxtpx:TrackPointExtension>
			<gpxtpx:course>340.0</gpxtpx:course>
		</gpxtpx:TrackPointExtension>
	</extensions>
</trkpt>
<trkpt lat="46.0383472" lon="14.4653618">
	<ele>295.90</ele>
	<time>2026-10-01T10:41:44.007Z</time>
	<hdop>3.79</hdop>
	<extensions>
		<gpxtpx:TrackPointExtension>
			<gpxtpx:course>344.0</gpxtpx:course>
		</gpxtpx:TrackPointExtension>
	</extensions>
</trkpt>
<trkpt lat="46.0386675" lon="14.4652381">
	<ele>295.30</ele>
	<time>2026-10-01T10:41:49.007Z</time>
	<hdop>3.79</hdop>
	<extensions>
		<gpxtpx:TrackPointExtension>
			<gpxtpx:course>345.0</gpxtpx:course>
		</gpxtpx:TrackPointExtension>
	</extensions>
</trkpt>
<trkpt lat="46.0389819" lon="14.4651633">
	<ele>294.94</ele>
	<time>2026-10-01T10:41:54.007Z</time>
	<hdop>3.79</hdop>
	<extensions>
		<gpxtpx:TrackPointExtension>
			<gpxtpx:course>353.0</gpxtpx:course>
		</gpxtpx:TrackPointExtension>
	</extensions>
</trkpt>
<trkpt lat="46.0393101" lon="14.4651365">
	<ele>295.04</ele>
	<time>2026-10-01T10:41:59.007Z</time>
	<hdop>3.79</hdop>
	<extensions>
		<gpxtpx:TrackPointExtension>
			<gpxtpx:course>1.0</gpxtpx:course>
		</gpxtpx:TrackPointExtension>
	</extensions>
</trkpt>
<trkpt lat="46.0395986" lon="14.4651285">
	<ele>295.45</ele>
	<time>2026-10-01T10:42:04.008Z</time>
	<hdop>3.79</hdop>
	<extensions>
		<gpxtpx:TrackPointExtension>
			<gpxtpx:course>359.0</gpxtpx:course>
		</gpxtpx:TrackPointExtension>
	</extensions>
</trkpt>
<trkpt lat="46.0398834" lon="14.4650951">
	<ele>295.88</ele>
	<time>2026-10-01T10:42:10.007Z</time>
	<hdop>3.79</hdop>
	<extensions>
		<gpxtpx:TrackPointExtension>
			<gpxtpx:course>353.0</gpxtpx:course>
		</gpxtpx:TrackPointExtension>
	</extensions>
</trkpt>
<trkpt lat="46.0400591" lon="14.4650523">
	<ele>296.03</ele>
	<time>2026-10-01T10:42:15.008Z</time>
	<hdop>3.79</hdop>
	<extensions>
		<gpxtpx:TrackPointExtension>
			<gpxtpx:course>351.0</gpxtpx:course>
		</gpxtpx:TrackPointExtension>
	</extensions>
</trkpt>
<trkpt lat="46.0401941" lon="14.4650111">
	<ele>296.07</ele>
	<time>2026-10-01T10:42:20.008Z</time>
	<hdop>3.79</hdop>
	<extensions>
		<gpxtpx:TrackPointExtension>
			<gpxtpx:course>347.0</gpxtpx:course>
		</gpxtpx:TrackPointExtension>
	</extensions>
</trkpt>
<trkpt lat="46.0403032" lon="14.4649986">
	<ele>296.07</ele>
	<time>2026-10-01T10:42:25.008Z</time>
	<hdop>3.79</hdop>
	<extensions>
		<gpxtpx:TrackPointExtension>
			<gpxtpx:course>329.0</gpxtpx:course>
		</gpxtpx:TrackPointExtension>
	</extensions>
</trkpt>
<trkpt lat="46.0402562" lon="14.4647453">
	<ele>296.05</ele>
	<time>2026-10-01T10:42:31.008Z</time>
	<hdop>3.79</hdop>
	<extensions>
		<gpxtpx:TrackPointExtension>
			<gpxtpx:course>262.0</gpxtpx:course>
		</gpxtpx:TrackPointExtension>
	</extensions>
</trkpt>
<trkpt lat="46.0403262" lon="14.4646463">
	<ele>296.03</ele>
	<time>2026-10-01T10:42:44.007Z</time>
	<hdop>3.79</hdop>
	<extensions>
		<gpxtpx:TrackPointExtension>
			<gpxtpx:course>301.0</gpxtpx:course>
		</gpxtpx:TrackPointExtension>
	</extensions>
</trkpt>
<trkpt lat="46.0403714" lon="14.4644334">
	<ele>295.99</ele>
	<time>2026-10-01T10:42:49.007Z</time>
	<hdop>3.79</hdop>
	<extensions>
		<gpxtpx:TrackPointExtension>
			<gpxtpx:course>253.0</gpxtpx:course>
		</gpxtpx:TrackPointExtension>
	</extensions>
</trkpt>
<trkpt lat="46.0402971" lon="14.4640919">
	<ele>295.95</ele>
	<time>2026-10-01T10:42:54.008Z</time>
	<hdop>3.79</hdop>
	<extensions>
		<gpxtpx:TrackPointExtension>
			<gpxtpx:course>250.0</gpxtpx:course>
		</gpxtpx:TrackPointExtension>
	</extensions>
</trkpt>
<trkpt lat="46.0401791" lon="14.4636244">
	<ele>295.89</ele>
	<time>2026-10-01T10:43:00.007Z</time>
	<hdop>3.79</hdop>
	<extensions>
		<gpxtpx:TrackPointExtension>
			<gpxtpx:course>250.0</gpxtpx:course>
		</gpxtpx:TrackPointExtension>
	</extensions>
</trkpt>
<trkpt lat="46.0400769" lon="14.4631929">
	<ele>296.09</ele>
	<time>2026-10-01T10:43:05.007Z</time>
	<hdop>3.79</hdop>
	<extensions>
		<gpxtpx:TrackPointExtension>
			<gpxtpx:course>251.0</gpxtpx:course>
		</gpxtpx:TrackPointExtension>
	</extensions>
</trkpt>
<trkpt lat="46.0399774" lon="14.4627716">
	<ele>296.66</ele>
	<time>2026-10-01T10:43:10.008Z</time>
	<hdop>3.79</hdop>
	<extensions>
		<gpxtpx:TrackPointExtension>
			<gpxtpx:course>249.0</gpxtpx:course>
		</gpxtpx:TrackPointExtension>
	</extensions>
</trkpt>
<trkpt lat="46.0399111" lon="14.4622259">
	<ele>297.01</ele>
	<time>2026-10-01T10:43:16.008Z</time>
	<hdop>3.79</hdop>
	<extensions>
		<gpxtpx:TrackPointExtension>
			<gpxtpx:course>266.0</gpxtpx:course>
		</gpxtpx:TrackPointExtension>
	</extensions>
</trkpt>
<trkpt lat="46.0399389" lon="14.4617612">
	<ele>296.99</ele>
	<time>2026-10-01T10:43:21.008Z</time>
	<hdop>3.79</hdop>
	<extensions>
		<gpxtpx:TrackPointExtension>
			<gpxtpx:course>278.0</gpxtpx:course>
		</gpxtpx:TrackPointExtension>
	</extensions>
</trkpt>
<trkpt lat="46.0399790" lon="14.4613504">
	<ele>297.04</ele>
	<time>2026-10-01T10:43:26.008Z</time>
	<hdop>3.79</hdop>
	<extensions>
		<gpxtpx:TrackPointExtension>
			<gpxtpx:course>282.0</gpxtpx:course>
		</gpxtpx:TrackPointExtension>
	</extensions>
</trkpt>
<trkpt lat="46.0400317" lon="14.4608419">
	<ele>297.01</ele>
	<time>2026-10-01T10:43:32.008Z</time>
	<hdop>3.79</hdop>
	<extensions>
		<gpxtpx:TrackPointExtension>
			<gpxtpx:course>272.0</gpxtpx:course>
		</gpxtpx:TrackPointExtension>
	</extensions>
</trkpt>
<trkpt lat="46.0400708" lon="14.4603890">
	<ele>296.46</ele>
	<time>2026-10-01T10:43:37.008Z</time>
	<hdop>3.79</hdop>
	<extensions>
		<gpxtpx:TrackPointExtension>
			<gpxtpx:course>277.0</gpxtpx:course>
		</gpxtpx:TrackPointExtension>
	</extensions>
</trkpt>
<trkpt lat="46.0401132" lon="14.4597859">
	<ele>296.22</ele>
	<time>2026-10-01T10:43:43.008Z</time>
	<hdop>3.79</hdop>
	<extensions>
		<gpxtpx:TrackPointExtension>
			<gpxtpx:course>277.0</gpxtpx:course>
		</gpxtpx:TrackPointExtension>
	</extensions>
</trkpt>
<trkpt lat="46.0401812" lon="14.4592788">
	<ele>297.00</ele>
	<time>2026-10-01T10:43:48.008Z</time>
	<hdop>3.79</hdop>
	<extensions>
		<gpxtpx:TrackPointExtension>
			<gpxtpx:course>290.0</gpxtpx:course>
		</gpxtpx:TrackPointExtension>
	</extensions>
</trkpt>
<trkpt lat="46.0403630" lon="14.4588144">
	<ele>297.18</ele>
	<time>2026-10-01T10:43:53.008Z</time>
	<hdop>3.79</hdop>
	<extensions>
		<gpxtpx:TrackPointExtension>
			<gpxtpx:course>303.0</gpxtpx:course>
		</gpxtpx:TrackPointExtension>
	</extensions>
</trkpt>
<trkpt lat="46.0405793" lon="14.4583444">
	<ele>297.03</ele>
	<time>2026-10-01T10:43:58.008Z</time>
	<hdop>3.79</hdop>
	<extensions>
		<gpxtpx:TrackPointExtension>
			<gpxtpx:course>301.0</gpxtpx:course>
		</gpxtpx:TrackPointExtension>
	</extensions>
</trkpt>
<trkpt lat="46.0408041" lon="14.4577347">
	<ele>297.76</ele>
	<time>2026-10-01T10:44:04.008Z</time>
	<hdop>3.79</hdop>
	<extensions>
		<gpxtpx:TrackPointExtension>
			<gpxtpx:course>292.0</gpxtpx:course>
		</gpxtpx:TrackPointExtension>
	</extensions>
</trkpt>
<trkpt lat="46.0409391" lon="14.4571936">
	<ele>297.80</ele>
	<time>2026-10-01T10:44:09.008Z</time>
	<hdop>3.79</hdop>
	<extensions>
		<gpxtpx:TrackPointExtension>
			<gpxtpx:course>286.0</gpxtpx:course>
		</gpxtpx:TrackPointExtension>
	</extensions>
</trkpt>
<trkpt lat="46.0410923" lon="14.4565395">
	<ele>297.08</ele>
	<time>2026-10-01T10:44:15.007Z</time>
	<hdop>3.79</hdop>
	<extensions>
		<gpxtpx:TrackPointExtension>
			<gpxtpx:course>288.0</gpxtpx:course>
		</gpxtpx:TrackPointExtension>
	</extensions>
</trkpt>
<trkpt lat="46.0412548" lon="14.4560075">
	<ele>297.59</ele>
	<time>2026-10-01T10:44:20.007Z</time>
	<hdop>3.79</hdop>
	<extensions>
		<gpxtpx:TrackPointExtension>
			<gpxtpx:course>296.0</gpxtpx:course>
		</gpxtpx:TrackPointExtension>
	</extensions>
</trkpt>
<trkpt lat="46.0414261" lon="14.4554719">
	<ele>298.01</ele>
	<time>2026-10-01T10:44:25.007Z</time>
	<hdop>3.79</hdop>
	<extensions>
		<gpxtpx:TrackPointExtension>
			<gpxtpx:course>295.0</gpxtpx:course>
		</gpxtpx:TrackPointExtension>
	</extensions>
</trkpt>
<trkpt lat="46.0416034" lon="14.4549364">
	<ele>297.96</ele>
	<time>2026-10-01T10:44:30.008Z</time>
	<hdop>3.79</hdop>
	<extensions>
		<gpxtpx:TrackPointExtension>
			<gpxtpx:course>296.0</gpxtpx:course>
		</gpxtpx:TrackPointExtension>
	</extensions>
</trkpt>
<trkpt lat="46.0418168" lon="14.4542703">
	<ele>297.23</ele>
	<time>2026-10-01T10:44:36.007Z</time>
	<hdop>3.79</hdop>
	<extensions>
		<gpxtpx:TrackPointExtension>
			<gpxtpx:course>296.0</gpxtpx:course>
		</gpxtpx:TrackPointExtension>
	</extensions>
</trkpt>
<trkpt lat="46.0420035" lon="14.4537067">
	<ele>297.74</ele>
	<time>2026-10-01T10:44:41.008Z</time>
	<hdop>3.79</hdop>
	<extensions>
		<gpxtpx:TrackPointExtension>
			<gpxtpx:course>296.0</gpxtpx:course>
		</gpxtpx:TrackPointExtension>
	</extensions>
</trkpt>
<trkpt lat="46.0421960" lon="14.4531264">
	<ele>298.17</ele>
	<time>2026-10-01T10:44:46.008Z</time>
	<hdop>3.79</hdop>
	<extensions>
		<gpxtpx:TrackPointExtension>
			<gpxtpx:course>295.0</gpxtpx:course>
		</gpxtpx:TrackPointExtension>
	</extensions>
</trkpt>
<trkpt lat="46.0424327" lon="14.4524138">
	<ele>298.99</ele>
	<time>2026-10-01T10:44:52.007Z</time>
	<hdop>3.79</hdop>
	<extensions>
		<gpxtpx:TrackPointExtension>
			<gpxtpx:course>298.0</gpxtpx:course>
		</gpxtpx:TrackPointExtension>
	</extensions>
</trkpt>
<trkpt lat="46.0426088" lon="14.4518237">
	<ele>299.24</ele>
	<time>2026-10-01T10:44:57.007Z</time>
	<hdop>3.79</hdop>
	<extensions>
		<gpxtpx:TrackPointExtension>
			<gpxtpx:course>291.0</gpxtpx:course>
		</gpxtpx:TrackPointExtension>
	</extensions>
</trkpt>
<trkpt lat="46.0427695" lon="14.4512119">
	<ele>298.68</ele>
	<time>2026-10-01T10:45:02.007Z</time>
	<hdop>3.79</hdop>
	<extensions>
		<gpxtpx:TrackPointExtension>
			<gpxtpx:course>287.0</gpxtpx:course>
		</gpxtpx:TrackPointExtension>
	</extensions>
</trkpt>
<trkpt lat="46.0428578" lon="14.4505554">
	<ele>297.56</ele>
	<time>2026-10-01T10:45:07.008Z</time>
	<hdop>3.79</hdop>
	<extensions>
		<gpxtpx:TrackPointExtension>
			<gpxtpx:course>276.0</gpxtpx:course>
		</gpxtpx:TrackPointExtension>
	</extensions>
</trkpt>
<trkpt lat="46.0428638" lon="14.4498988">
	<ele>297.13</ele>
	<time>2026-10-01T10:45:12.008Z</time>
	<hdop>3.79</hdop>
	<extensions>
		<gpxtpx:TrackPointExtension>
			<gpxtpx:course>269.0</gpxtpx:course>
		</gpxtpx:TrackPointExtension>
	</extensions>
</trkpt>
<trkpt lat="46.0429305" lon="14.4490961">
	<ele>299.08</ele>
	<time>2026-10-01T10:45:18.008Z</time>
	<hdop>3.79</hdop>
	<extensions>
		<gpxtpx:TrackPointExtension>
			<gpxtpx:course>287.0</gpxtpx:course>
		</gpxtpx:TrackPointExtension>
	</extensions>
</trkpt>
<trkpt lat="46.0431750" lon="14.4483867">
	<ele>299.94</ele>
	<time>2026-10-01T10:45:24.008Z</time>
	<hdop>3.79</hdop>
	<extensions>
		<gpxtpx:TrackPointExtension>
			<gpxtpx:course>302.0</gpxtpx:course>
		</gpxtpx:TrackPointExtension>
	</extensions>
</trkpt>
<trkpt lat="46.0435041" lon="14.4478479">
	<ele>300.48</ele>
	<time>2026-10-01T10:45:30.007Z</time>
	<hdop>3.79</hdop>
	<extensions>
		<gpxtpx:TrackPointExtension>
			<gpxtpx:course>313.0</gpxtpx:course>
		</gpxtpx:TrackPointExtension>
	</extensions>
</trkpt>
<trkpt lat="46.0437510" lon="14.4474432">
	<ele>300.21</ele>
	<time>2026-10-01T10:45:35.007Z</time>
	<hdop>3.79</hdop>
	<extensions>
		<gpxtpx:TrackPointExtension>
			<gpxtpx:course>308.0</gpxtpx:course>
		</gpxtpx:TrackPointExtension>
	</extensions>
</trkpt>
<trkpt lat="46.0439279" lon="14.4470157">
	<ele>300.67</ele>
	<time>2026-10-01T10:45:40.007Z</time>
	<hdop>3.79</hdop>
	<extensions>
		<gpxtpx:TrackPointExtension>
			<gpxtpx:course>297.0</gpxtpx:course>
		</gpxtpx:TrackPointExtension>
	</extensions>
</trkpt>
<trkpt lat="46.0440426" lon="14.4465520">
	<ele>302.49</ele>
	<time>2026-10-01T10:45:45.008Z</time>
	<hdop>3.79</hdop>
	<extensions>
		<gpxtpx:TrackPointExtension>
			<gpxtpx:course>290.0</gpxtpx:course>
		</gpxtpx:TrackPointExtension>
	</extensions>
</trkpt>
<trkpt lat="46.0441732" lon="14.4460235">
	<ele>306.44</ele>
	<time>2026-10-01T10:45:51.007Z</time>
	<hdop>3.79</hdop>
	<extensions>
		<gpxtpx:TrackPointExtension>
			<gpxtpx:course>290.0</gpxtpx:course>
		</gpxtpx:TrackPointExtension>
	</extensions>
</trkpt>
<trkpt lat="46.0442949" lon="14.4454726">
	<ele>304.39</ele>
	<time>2026-10-01T10:45:56.008Z</time>
	<hdop>3.79</hdop>
	<extensions>
		<gpxtpx:TrackPointExtension>
			<gpxtpx:course>287.0</gpxtpx:course>
		</gpxtpx:TrackPointExtension>
	</extensions>
</trkpt>
<trkpt lat="46.0444638" lon="14.4447049">
	<ele>299.97</ele>
	<time>2026-10-01T10:46:02.008Z</time>
	<hdop>3.79</hdop>
	<extensions>
		<gpxtpx:TrackPointExtension>
			<gpxtpx:course>287.0</gpxtpx:course>
		</gpxtpx:TrackPointExtension>
	</extensions>
</trkpt>
<trkpt lat="46.0446234" lon="14.4440249">
	<ele>300.59</ele>
	<time>2026-10-01T10:46:07.008Z</time>
	<hdop>3.79</hdop>
	<extensions>
		<gpxtpx:TrackPointExtension>
			<gpxtpx:course>289.0</gpxtpx:course>
		</gpxtpx:TrackPointExtension>
	</extensions>
</trkpt>
<trkpt lat="46.0448266" lon="14.4434491">
	<ele>300.80</ele>
	<time>2026-10-01T10:46:12.008Z</time>
	<hdop>3.79</hdop>
	<extensions>
		<gpxtpx:TrackPointExtension>
			<gpxtpx:course>300.0</gpxtpx:course>
		</gpxtpx:TrackPointExtension>
	</extensions>
</trkpt>
<trkpt lat="46.0451148" lon="14.4429403">
	<ele>300.68</ele>
	<time>2026-10-01T10:46:17.008Z</time>
	<hdop>3.79</hdop>
	<extensions>
		<gpxtpx:TrackPointExtension>
			<gpxtpx:course>314.0</gpxtpx:course>
		</gpxtpx:TrackPointExtension>
	</extensions>
</trkpt>
<trkpt lat="46.0455435" lon="14.4423720">
	<ele>300.88</ele>
	<time>2026-10-01T10:46:23.007Z</time>
	<hdop>3.79</hdop>
	<extensions>
		<gpxtpx:TrackPointExtension>
			<gpxtpx:course>319.0</gpxtpx:course>
		</gpxtpx:TrackPointExtension>
	</extensions>
</trkpt>
<trkpt lat="46.0459211" lon="14.4418679">
	<ele>300.96</ele>
	<time>2026-10-01T10:46:28.008Z</time>
	<hdop>3.79</hdop>
	<extensions>
		<gpxtpx:TrackPointExtension>
			<gpxtpx:course>316.0</gpxtpx:course>
		</gpxtpx:TrackPointExtension>
	</extensions>
</trkpt>
<trkpt lat="46.0462988" lon="14.4411470">
	<ele>299.49</ele>
	<time>2026-10-01T10:46:34.007Z</time>
	<hdop>3.79</hdop>
	<extensions>
		<gpxtpx:TrackPointExtension>
			<gpxtpx:course>306.0</gpxtpx:course>
		</gpxtpx:TrackPointExtension>
	</extensions>
</trkpt>
<trkpt lat="46.0466011" lon="14.4405261">
	<ele>299.63</ele>
	<time>2026-10-01T10:46:39.007Z</time>
	<hdop>3.79</hdop>
	<extensions>
		<gpxtpx:TrackPointExtension>
			<gpxtpx:course>305.0</gpxtpx:course>
		</gpxtpx:TrackPointExtension>
	</extensions>
</trkpt>
<trkpt lat="46.0468986" lon="14.4399019">
	<ele>300.61</ele>
	<time>2026-10-01T10:46:44.007Z</time>
	<hdop>3.79</hdop>
	<extensions>
		<gpxtpx:TrackPointExtension>
			<gpxtpx:course>305.0</gpxtpx:course>
		</gpxtpx:TrackPointExtension>
	</extensions>
</trkpt>
<trkpt lat="46.0471862" lon="14.4392715">
	<ele>299.83</ele>
	<time>2026-10-01T10:46:49.007Z</time>
	<hdop>3.79</hdop>
	<extensions>
		<gpxtpx:TrackPointExtension>
			<gpxtpx:course>303.0</gpxtpx:course>
		</gpxtpx:TrackPointExtension>
	</extensions>
</trkpt>
<trkpt lat="46.0474688" lon="14.4386504">
	<ele>301.25</ele>
	<time>2026-10-01T10:46:54.007Z</time>
	<hdop>3.79</hdop>
	<extensions>
		<gpxtpx:TrackPointExtension>
			<gpxtpx:course>304.0</gpxtpx:course>
		</gpxtpx:TrackPointExtension>
	</extensions>
</trkpt>
<trkpt lat="46.0477571" lon="14.4380383">
	<ele>301.82</ele>
	<time>2026-10-01T10:46:59.007Z</time>
	<hdop>3.79</hdop>
	<extensions>
		<gpxtpx:TrackPointExtension>
			<gpxtpx:course>304.0</gpxtpx:course>
		</gpxtpx:TrackPointExtension>
	</extensions>
</trkpt>
<trkpt lat="46.0480431" lon="14.4374213">
	<ele>300.23</ele>
	<time>2026-10-01T10:47:04.007Z</time>
	<hdop>3.79</hdop>
	<extensions>
		<gpxtpx:TrackPointExtension>
			<gpxtpx:course>304.0</gpxtpx:course>
		</gpxtpx:TrackPointExtension>
	</extensions>
</trkpt>
<trkpt lat="46.0483326" lon="14.4368101">
	<ele>301.59</ele>
	<time>2026-10-01T10:47:09.007Z</time>
	<hdop>3.79</hdop>
	<extensions>
		<gpxtpx:TrackPointExtension>
			<gpxtpx:course>303.0</gpxtpx:course>
		</gpxtpx:TrackPointExtension>
	</extensions>
</trkpt>
<trkpt lat="46.0486215" lon="14.4361979">
	<ele>302.17</ele>
	<time>2026-10-01T10:47:14.007Z</time>
	<hdop>3.79</hdop>
	<extensions>
		<gpxtpx:TrackPointExtension>
			<gpxtpx:course>302.0</gpxtpx:course>
		</gpxtpx:TrackPointExtension>
	</extensions>
</trkpt>
<trkpt lat="46.0489075" lon="14.4355949">
	<ele>302.05</ele>
	<time>2026-10-01T10:47:19.007Z</time>
	<hdop>3.79</hdop>
	<extensions>
		<gpxtpx:TrackPointExtension>
			<gpxtpx:course>304.0</gpxtpx:course>
		</gpxtpx:TrackPointExtension>
	</extensions>
</trkpt>
<trkpt lat="46.0492412" lon="14.4350774">
	<ele>301.96</ele>
	<time>2026-10-01T10:47:24.007Z</time>
	<hdop>3.79</hdop>
	<extensions>
		<gpxtpx:TrackPointExtension>
			<gpxtpx:course>315.0</gpxtpx:course>
		</gpxtpx:TrackPointExtension>
	</extensions>
</trkpt>
<trkpt lat="46.0495774" lon="14.4345969">
	<ele>301.68</ele>
	<time>2026-10-01T10:47:29.008Z</time>
	<hdop>3.79</hdop>
	<extensions>
		<gpxtpx:TrackPointExtension>
			<gpxtpx:course>311.0</gpxtpx:course>
		</gpxtpx:TrackPointExtension>
	</extensions>
</trkpt>
<trkpt lat="46.0497663" lon="14.4339185">
	<ele>302.32</ele>
	<time>2026-10-01T10:47:35.007Z</time>
	<hdop>3.79</hdop>
	<extensions>
		<gpxtpx:TrackPointExtension>
			<gpxtpx:course>288.0</gpxtpx:course>
		</gpxtpx:TrackPointExtension>
	</extensions>
</trkpt>
<trkpt lat="46.0499797" lon="14.4333993">
	<ele>302.96</ele>
	<time>2026-10-01T10:47:40.007Z</time>
	<hdop>3.79</hdop>
	<extensions>
		<gpxtpx:TrackPointExtension>
			<gpxtpx:course>299.0</gpxtpx:course>
		</gpxtpx:TrackPointExtension>
	</extensions>
</trkpt>
<trkpt lat="46.0501903" lon="14.4328550">
	<ele>302.42</ele>
	<time>2026-10-01T10:47:45.008Z</time>
	<hdop>3.79</hdop>
	<extensions>
		<gpxtpx:TrackPointExtension>
			<gpxtpx:course>299.0</gpxtpx:course>
		</gpxtpx:TrackPointExtension>
	</extensions>
</trkpt>
<trkpt lat="46.0504526" lon="14.4322033">
	<ele>302.18</ele>
	<time>2026-10-01T10:47:51.008Z</time>
	<hdop>3.79</hdop>
	<extensions>
		<gpxtpx:TrackPointExtension>
			<gpxtpx:course>307.0</gpxtpx:course>
		</gpxtpx:TrackPointExtension>
	</extensions>
</trkpt>
<trkpt lat="46.0506668" lon="14.4316367">
	<ele>302.25</ele>
	<time>2026-10-01T10:47:56.008Z</time>
	<hdop>3.79</hdop>
	<extensions>
		<gpxtpx:TrackPointExtension>
			<gpxtpx:course>294.0</gpxtpx:course>
		</gpxtpx:TrackPointExtension>
	</extensions>
</trkpt>
<trkpt lat="46.0507857" lon="14.4308796">
	<ele>302.92</ele>
	<time>2026-10-01T10:48:02.008Z</time>
	<hdop>3.79</hdop>
	<extensions>
		<gpxtpx:TrackPointExtension>
			<gpxtpx:course>275.0</gpxtpx:course>
		</gpxtpx:TrackPointExtension>
	</extensions>
</trkpt>
<trkpt lat="46.0508125" lon="14.4300912">
	<ele>303.01</ele>
	<time>2026-10-01T10:48:08.008Z</time>
	<hdop>3.79</hdop>
	<extensions>
		<gpxtpx:TrackPointExtension>
			<gpxtpx:course>268.0</gpxtpx:course>
		</gpxtpx:TrackPointExtension>
	</extensions>
</trkpt>
<trkpt lat="46.0508040" lon="14.4293001">
	<ele>303.00</ele>
	<time>2026-10-01T10:48:14.007Z</time>
	<hdop>3.79</hdop>
	<extensions>
		<gpxtpx:TrackPointExtension>
			<gpxtpx:course>272.0</gpxtpx:course>
		</gpxtpx:TrackPointExtension>
	</extensions>
</trkpt>
<trkpt lat="46.0508572" lon="14.4286610">
	<ele>303.00</ele>
	<time>2026-10-01T10:48:19.008Z</time>
	<hdop>3.79</hdop>
	<extensions>
		<gpxtpx:TrackPointExtension>
			<gpxtpx:course>280.0</gpxtpx:course>
		</gpxtpx:TrackPointExtension>
	</extensions>
</trkpt>
<trkpt lat="46.0509513" lon="14.4279130">
	<ele>302.92</ele>
	<time>2026-10-01T10:48:25.007Z</time>
	<hdop>3.79</hdop>
	<extensions>
		<gpxtpx:TrackPointExtension>
			<gpxtpx:course>282.0</gpxtpx:course>
		</gpxtpx:TrackPointExtension>
	</extensions>
</trkpt>
<trkpt lat="46.0509939" lon="14.4273064">
	<ele>303.07</ele>
	<time>2026-10-01T10:48:30.007Z</time>
	<hdop>3.79</hdop>
	<extensions>
		<gpxtpx:TrackPointExtension>
			<gpxtpx:course>270.0</gpxtpx:course>
		</gpxtpx:TrackPointExtension>
	</extensions>
</trkpt>
<trkpt lat="46.0509136" lon="14.4267362">
	<ele>303.84</ele>
	<time>2026-10-01T10:48:35.007Z</time>
	<hdop>3.79</hdop>
	<extensions>
		<gpxtpx:TrackPointExtension>
			<gpxtpx:course>252.0</gpxtpx:course>
		</gpxtpx:TrackPointExtension>
	</extensions>
</trkpt>
<trkpt lat="46.0507818" lon="14.4261817">
	<ele>304.00</ele>
	<time>2026-10-01T10:48:40.008Z</time>
	<hdop>3.79</hdop>
	<extensions>
		<gpxtpx:TrackPointExtension>
			<gpxtpx:course>250.0</gpxtpx:course>
		</gpxtpx:TrackPointExtension>
	</extensions>
</trkpt>
<trkpt lat="46.0506906" lon="14.4255237">
	<ele>304.23</ele>
	<time>2026-10-01T10:48:46.007Z</time>
	<hdop>3.79</hdop>
	<extensions>
		<gpxtpx:TrackPointExtension>
			<gpxtpx:course>267.0</gpxtpx:course>
		</gpxtpx:TrackPointExtension>
	</extensions>
</trkpt>
<trkpt lat="46.0506746" lon="14.4250631">
	<ele>304.94</ele>
	<time>2026-10-01T10:48:51.008Z</time>
	<hdop>3.79</hdop>
	<extensions>
		<gpxtpx:TrackPointExtension>
			<gpxtpx:course>274.0</gpxtpx:course>
		</gpxtpx:TrackPointExtension>
	</extensions>
</trkpt>
<trkpt lat="46.0507411" lon="14.4247221">
	<ele>305.77</ele>
	<time>2026-10-01T10:48:56.008Z</time>
	<hdop>3.79</hdop>
	<extensions>
		<gpxtpx:TrackPointExtension>
			<gpxtpx:course>297.0</gpxtpx:course>
		</gpxtpx:TrackPointExtension>
	</extensions>
</trkpt>
<trkpt lat="46.0509129" lon="14.4244561">
	<ele>306.07</ele>
	<time>2026-10-01T10:49:02.008Z</time>
	<hdop>3.79</hdop>
	<extensions>
		<gpxtpx:TrackPointExtension>
			<gpxtpx:course>299.0</gpxtpx:course>
		</gpxtpx:TrackPointExtension>
	</extensions>
</trkpt>
<trkpt lat="46.0510030" lon="14.4240730">
	<ele>306.50</ele>
	<time>2026-10-01T10:49:07.008Z</time>
	<hdop>3.79</hdop>
	<extensions>
		<gpxtpx:TrackPointExtension>
			<gpxtpx:course>280.0</gpxtpx:course>
		</gpxtpx:TrackPointExtension>
	</extensions>
</trkpt>
<trkpt lat="46.0510882" lon="14.4234565">
	<ele>306.57</ele>
	<time>2026-10-01T10:49:13.008Z</time>
	<hdop>3.79</hdop>
	<extensions>
		<gpxtpx:TrackPointExtension>
			<gpxtpx:course>283.0</gpxtpx:course>
		</gpxtpx:TrackPointExtension>
	</extensions>
</trkpt>
<trkpt lat="46.0512167" lon="14.4227507">
	<ele>304.78</ele>
	<time>2026-10-01T10:49:19.007Z</time>
	<hdop>3.79</hdop>
	<extensions>
		<gpxtpx:TrackPointExtension>
			<gpxtpx:course>286.0</gpxtpx:course>
		</gpxtpx:TrackPointExtension>
	</extensions>
</trkpt>
<trkpt lat="46.0514349" lon="14.4221958">
	<ele>305.18</ele>
	<time>2026-10-01T10:49:24.008Z</time>
	<hdop>3.79</hdop>
	<extensions>
		<gpxtpx:TrackPointExtension>
			<gpxtpx:course>308.0</gpxtpx:course>
		</gpxtpx:TrackPointExtension>
	</extensions>
</trkpt>
<trkpt lat="46.0517498" lon="14.4217120">
	<ele>305.95</ele>
	<time>2026-10-01T10:49:29.008Z</time>
	<hdop>3.79</hdop>
	<extensions>
		<gpxtpx:TrackPointExtension>
			<gpxtpx:course>313.0</gpxtpx:course>
		</gpxtpx:TrackPointExtension>
	</extensions>
</trkpt>
<trkpt lat="46.0521522" lon="14.4211194">
	<ele>305.82</ele>
	<time>2026-10-01T10:49:35.008Z</time>
	<hdop>3.79</hdop>
	<extensions>
		<gpxtpx:TrackPointExtension>
			<gpxtpx:course>314.0</gpxtpx:course>
		</gpxtpx:TrackPointExtension>
	</extensions>
</trkpt>
<trkpt lat="46.0525449" lon="14.4205365">
	<ele>306.07</ele>
	<time>2026-10-01T10:49:41.007Z</time>
	<hdop>3.79</hdop>
	<extensions>
		<gpxtpx:TrackPointExtension>
			<gpxtpx:course>312.0</gpxtpx:course>
		</gpxtpx:TrackPointExtension>
	</extensions>
</trkpt>
<trkpt lat="46.0528441" lon="14.4200330">
	<ele>306.00</ele>
	<time>2026-10-01T10:49:46.008Z</time>
	<hdop>3.79</hdop>
	<extensions>
		<gpxtpx:TrackPointExtension>
			<gpxtpx:course>317.0</gpxtpx:course>
		</gpxtpx:TrackPointExtension>
	</extensions>
</trkpt>
<trkpt lat="46.0531983" lon="14.4195914">
	<ele>306.41</ele>
	<time>2026-10-01T10:49:51.008Z</time>
	<hdop>3.79</hdop>
	<extensions>
		<gpxtpx:TrackPointExtension>
			<gpxtpx:course>315.0</gpxtpx:course>
		</gpxtpx:TrackPointExtension>
	</extensions>
</trkpt>
<trkpt lat="46.0535207" lon="14.4191471">
	<ele>306.90</ele>
	<time>2026-10-01T10:49:56.008Z</time>
	<hdop>3.79</hdop>
	<extensions>
		<gpxtpx:TrackPointExtension>
			<gpxtpx:course>324.0</gpxtpx:course>
		</gpxtpx:TrackPointExtension>
	</extensions>
</trkpt>
<trkpt lat="46.0538267" lon="14.4187228">
	<ele>306.42</ele>
	<time>2026-10-01T10:50:01.009Z</time>
	<hdop>3.79</hdop>
	<extensions>
		<gpxtpx:TrackPointExtension>
			<gpxtpx:course>313.0</gpxtpx:course>
		</gpxtpx:TrackPointExtension>
	</extensions>
</trkpt>
<trkpt lat="46.0542195" lon="14.4182229">
	<ele>306.12</ele>
	<time>2026-10-01T10:50:07.007Z</time>
	<hdop>3.79</hdop>
	<extensions>
		<gpxtpx:TrackPointExtension>
			<gpxtpx:course>330.0</gpxtpx:course>
		</gpxtpx:TrackPointExtension>
	</extensions>
</trkpt>
<trkpt lat="46.0545027" lon="14.4177324">
	<ele>307.07</ele>
	<time>2026-10-01T10:50:12.007Z</time>
	<hdop>3.79</hdop>
	<extensions>
		<gpxtpx:TrackPointExtension>
			<gpxtpx:course>313.0</gpxtpx:course>
		</gpxtpx:TrackPointExtension>
	</extensions>
</trkpt>
<trkpt lat="46.0548221" lon="14.4172683">
	<ele>307.26</ele>
	<time>2026-10-01T10:50:17.007Z</time>
	<hdop>3.79</hdop>
	<extensions>
		<gpxtpx:TrackPointExtension>
			<gpxtpx:course>314.0</gpxtpx:course>
		</gpxtpx:TrackPointExtension>
	</extensions>
</trkpt>
<trkpt lat="46.0551221" lon="14.4168382">
	<ele>306.84</ele>
	<time>2026-10-01T10:50:22.007Z</time>
	<hdop>3.79</hdop>
	<extensions>
		<gpxtpx:TrackPointExtension>
			<gpxtpx:course>318.0</gpxtpx:course>
		</gpxtpx:TrackPointExtension>
	</extensions>
</trkpt>
<trkpt lat="46.0553875" lon="14.4165175">
	<ele>308.15</ele>
	<time>2026-10-01T10:50:27.008Z</time>
	<hdop>3.79</hdop>
	<extensions>
		<gpxtpx:TrackPointExtension>
			<gpxtpx:course>317.0</gpxtpx:course>
		</gpxtpx:TrackPointExtension>
	</extensions>
</trkpt>
<trkpt lat="46.0557437" lon="14.4160263">
	<ele>307.75</ele>
	<time>2026-10-01T10:50:33.009Z</time>
	<hdop>3.79</hdop>
	<extensions>
		<gpxtpx:TrackPointExtension>
			<gpxtpx:course>319.0</gpxtpx:course>
		</gpxtpx:TrackPointExtension>
	</extensions>
</trkpt>
<trkpt lat="46.0561721" lon="14.4156020">
	<ele>308.77</ele>
	<time>2026-10-01T10:50:39.008Z</time>
	<hdop>3.79</hdop>
	<extensions>
		<gpxtpx:TrackPointExtension>
			<gpxtpx:course>331.0</gpxtpx:course>
		</gpxtpx:TrackPointExtension>
	</extensions>
</trkpt>
<trkpt lat="46.0566462" lon="14.4153274">
	<ele>307.66</ele>
	<time>2026-10-01T10:50:45.008Z</time>
	<hdop>3.79</hdop>
	<extensions>
		<gpxtpx:TrackPointExtension>
			<gpxtpx:course>344.0</gpxtpx:course>
		</gpxtpx:TrackPointExtension>
	</extensions>
</trkpt>
<trkpt lat="46.0571021" lon="14.4150509">
	<ele>307.38</ele>
	<time>2026-10-01T10:50:51.008Z</time>
	<hdop>3.79</hdop>
	<extensions>
		<gpxtpx:TrackPointExtension>
			<gpxtpx:course>336.0</gpxtpx:course>
		</gpxtpx:TrackPointExtension>
	</extensions>
</trkpt>
<trkpt lat="46.0574429" lon="14.4147432">
	<ele>309.81</ele>
	<time>2026-10-01T10:50:56.008Z</time>
	<hdop>3.79</hdop>
	<extensions>
		<gpxtpx:TrackPointExtension>
			<gpxtpx:course>327.0</gpxtpx:course>
		</gpxtpx:TrackPointExtension>
	</extensions>
</trkpt>
<trkpt lat="46.0577497" lon="14.4143943">
	<ele>311.23</ele>
	<time>2026-10-01T10:51:01.008Z</time>
	<hdop>3.79</hdop>
	<extensions>
		<gpxtpx:TrackPointExtension>
			<gpxtpx:course>320.0</gpxtpx:course>
		</gpxtpx:TrackPointExtension>
	</extensions>
</trkpt>
<trkpt lat="46.0581224" lon="14.4139873">
	<ele>311.20</ele>
	<time>2026-10-01T10:51:07.008Z</time>
	<hdop>3.79</hdop>
	<extensions>
		<gpxtpx:TrackPointExtension>
			<gpxtpx:course>330.0</gpxtpx:course>
		</gpxtpx:TrackPointExtension>
	</extensions>
</trkpt>
<trkpt lat="46.0585463" lon="14.4137754">
	<ele>309.13</ele>
	<time>2026-10-01T10:51:13.007Z</time>
	<hdop>3.79</hdop>
	<extensions>
		<gpxtpx:TrackPointExtension>
			<gpxtpx:course>348.0</gpxtpx:course>
		</gpxtpx:TrackPointExtension>
	</extensions>
</trkpt>
<trkpt lat="46.0589283" lon="14.4136437">
	<ele>309.91</ele>
	<time>2026-10-01T10:51:18.008Z</time>
	<hdop>3.79</hdop>
	<extensions>
		<gpxtpx:TrackPointExtension>
			<gpxtpx:course>345.0</gpxtpx:course>
		</gpxtpx:TrackPointExtension>
	</extensions>
</trkpt>
<trkpt lat="46.0593447" lon="14.4136285">
	<ele>310.33</ele>
	<time>2026-10-01T10:51:23.008Z</time>
	<hdop>3.79</hdop>
	<extensions>
		<gpxtpx:TrackPointExtension>
			<gpxtpx:course>6.0</gpxtpx:course>
		</gpxtpx:TrackPointExtension>
	</extensions>
</trkpt>
<trkpt lat="46.0598490" lon="14.4136969">
	<ele>309.66</ele>
	<time>2026-10-01T10:51:29.008Z</time>
	<hdop>3.79</hdop>
	<extensions>
		<gpxtpx:TrackPointExtension>
			<gpxtpx:course>5.0</gpxtpx:course>
		</gpxtpx:TrackPointExtension>
	</extensions>
</trkpt>
<trkpt lat="46.0602566" lon="14.4136919">
	<ele>309.68</ele>
	<time>2026-10-01T10:51:34.008Z</time>
	<hdop>3.79</hdop>
	<extensions>
		<gpxtpx:TrackPointExtension>
			<gpxtpx:course>352.0</gpxtpx:course>
		</gpxtpx:TrackPointExtension>
	</extensions>
</trkpt>
<trkpt lat="46.0607032" lon="14.4135013">
	<ele>310.54</ele>
	<time>2026-10-01T10:51:40.008Z</time>
	<hdop>3.79</hdop>
	<extensions>
		<gpxtpx:TrackPointExtension>
			<gpxtpx:course>334.0</gpxtpx:course>
		</gpxtpx:TrackPointExtension>
	</extensions>
</trkpt>
<trkpt lat="46.0611810" lon="14.4133278">
	<ele>311.02</ele>
	<time>2026-10-01T10:51:46.007Z</time>
	<hdop>3.79</hdop>
	<extensions>
		<gpxtpx:TrackPointExtension>
			<gpxtpx:course>344.0</gpxtpx:course>
		</gpxtpx:TrackPointExtension>
	</extensions>
</trkpt>
<trkpt lat="46.0615753" lon="14.4131678">
	<ele>311.30</ele>
	<time>2026-10-01T10:51:51.007Z</time>
	<hdop>3.79</hdop>
	<extensions>
		<gpxtpx:TrackPointExtension>
			<gpxtpx:course>349.0</gpxtpx:course>
		</gpxtpx:TrackPointExtension>
	</extensions>
</trkpt>
<trkpt lat="46.0619714" lon="14.4130255">
	<ele>312.11</ele>
	<time>2026-10-01T10:51:56.008Z</time>
	<hdop>3.79</hdop>
	<extensions>
		<gpxtpx:TrackPointExtension>
			<gpxtpx:course>345.0</gpxtpx:course>
		</gpxtpx:TrackPointExtension>
	</extensions>
</trkpt>
<trkpt lat="46.0624318" lon="14.4128587">
	<ele>313.61</ele>
	<time>2026-10-01T10:52:02.009Z</time>
	<hdop>3.79</hdop>
	<extensions>
		<gpxtpx:TrackPointExtension>
			<gpxtpx:course>345.0</gpxtpx:course>
		</gpxtpx:TrackPointExtension>
	</extensions>
</trkpt>
<trkpt lat="46.0628457" lon="14.4127563">
	<ele>314.63</ele>
	<time>2026-10-01T10:52:08.009Z</time>
	<hdop>3.79</hdop>
	<extensions>
		<gpxtpx:TrackPointExtension>
			<gpxtpx:course>1.0</gpxtpx:course>
		</gpxtpx:TrackPointExtension>
	</extensions>
</trkpt>
<trkpt lat="46.0632456" lon="14.4125753">
	<ele>315.05</ele>
	<time>2026-10-01T10:52:14.007Z</time>
	<hdop>3.79</hdop>
	<extensions>
		<gpxtpx:TrackPointExtension>
			<gpxtpx:course>344.0</gpxtpx:course>
		</gpxtpx:TrackPointExtension>
	</extensions>
</trkpt>
<trkpt lat="46.0636255" lon="14.4124571">
	<ele>314.95</ele>
	<time>2026-10-01T10:52:19.007Z</time>
	<hdop>3.79</hdop>
	<extensions>
		<gpxtpx:TrackPointExtension>
			<gpxtpx:course>346.0</gpxtpx:course>
		</gpxtpx:TrackPointExtension>
	</extensions>
</trkpt>
<trkpt lat="46.0640163" lon="14.4123119">
	<ele>314.79</ele>
	<time>2026-10-01T10:52:24.008Z</time>
	<hdop>3.79</hdop>
	<extensions>
		<gpxtpx:TrackPointExtension>
			<gpxtpx:course>345.0</gpxtpx:course>
		</gpxtpx:TrackPointExtension>
	</extensions>
</trkpt>
<trkpt lat="46.0645046" lon="14.4121532">
	<ele>315.03</ele>
	<time>2026-10-01T10:52:30.008Z</time>
	<hdop>3.79</hdop>
	<extensions>
		<gpxtpx:TrackPointExtension>
			<gpxtpx:course>346.0</gpxtpx:course>
		</gpxtpx:TrackPointExtension>
	</extensions>
</trkpt>
<trkpt lat="46.0648984" lon="14.4119447">
	<ele>315.75</ele>
	<time>2026-10-01T10:52:35.009Z</time>
	<hdop>3.79</hdop>
	<extensions>
		<gpxtpx:TrackPointExtension>
			<gpxtpx:course>335.0</gpxtpx:course>
		</gpxtpx:TrackPointExtension>
	</extensions>
</trkpt>
<trkpt lat="46.0653517" lon="14.4115616">
	<ele>315.98</ele>
	<time>2026-10-01T10:52:41.007Z</time>
	<hdop>3.79</hdop>
	<extensions>
		<gpxtpx:TrackPointExtension>
			<gpxtpx:course>331.0</gpxtpx:course>
		</gpxtpx:TrackPointExtension>
	</extensions>
</trkpt>
<trkpt lat="46.0657496" lon="14.4112192">
	<ele>315.49</ele>
	<time>2026-10-01T10:52:46.009Z</time>
	<hdop>3.79</hdop>
	<extensions>
		<gpxtpx:TrackPointExtension>
			<gpxtpx:course>327.0</gpxtpx:course>
		</gpxtpx:TrackPointExtension>
	</extensions>
</trkpt>
<trkpt lat="46.0662393" lon="14.4107900">
	<ele>315.47</ele>
	<time>2026-10-01T10:52:52.007Z</time>
	<hdop>3.79</hdop>
	<extensions>
		<gpxtpx:TrackPointExtension>
			<gpxtpx:course>327.0</gpxtpx:course>
		</gpxtpx:TrackPointExtension>
	</extensions>
</trkpt>
<trkpt lat="46.0666628" lon="14.4104130">
	<ele>314.44</ele>
	<time>2026-10-01T10:52:57.008Z</time>
	<hdop>3.79</hdop>
	<extensions>
		<gpxtpx:TrackPointExtension>
			<gpxtpx:course>329.0</gpxtpx:course>
		</gpxtpx:TrackPointExtension>
	</extensions>
</trkpt>
<trkpt lat="46.0671411" lon="14.4100023">
	<ele>314.07</ele>
	<time>2026-10-01T10:53:03.007Z</time>
	<hdop>3.79</hdop>
	<extensions>
		<gpxtpx:TrackPointExtension>
			<gpxtpx:course>330.0</gpxtpx:course>
		</gpxtpx:TrackPointExtension>
	</extensions>
</trkpt>
<trkpt lat="46.0675401" lon="14.4096487">
	<ele>314.87</ele>
	<time>2026-10-01T10:53:08.007Z</time>
	<hdop>3.79</hdop>
	<extensions>
		<gpxtpx:TrackPointExtension>
			<gpxtpx:course>329.0</gpxtpx:course>
		</gpxtpx:TrackPointExtension>
	</extensions>
</trkpt>
<trkpt lat="46.0679208" lon="14.4092604">
	<ele>315.38</ele>
	<time>2026-10-01T10:53:13.007Z</time>
	<hdop>3.79</hdop>
	<extensions>
		<gpxtpx:TrackPointExtension>
			<gpxtpx:course>320.0</gpxtpx:course>
		</gpxtpx:TrackPointExtension>
	</extensions>
</trkpt>
<trkpt lat="46.0682618" lon="14.4087874">
	<ele>315.40</ele>
	<time>2026-10-01T10:53:18.008Z</time>
	<hdop>3.79</hdop>
	<extensions>
		<gpxtpx:TrackPointExtension>
			<gpxtpx:course>313.0</gpxtpx:course>
		</gpxtpx:TrackPointExtension>
	</extensions>
</trkpt>
<trkpt lat="46.0685735" lon="14.4082751">
	<ele>316.00</ele>
	<time>2026-10-01T10:53:23.008Z</time>
	<hdop>3.79</hdop>
	<extensions>
		<gpxtpx:TrackPointExtension>
			<gpxtpx:course>307.0</gpxtpx:course>
		</gpxtpx:TrackPointExtension>
	</extensions>
</trkpt>
<trkpt lat="46.0688561" lon="14.4077362">
	<ele>317.66</ele>
	<time>2026-10-01T10:53:28.008Z</time>
	<hdop>3.79</hdop>
	<extensions>
		<gpxtpx:TrackPointExtension>
			<gpxtpx:course>306.0</gpxtpx:course>
		</gpxtpx:TrackPointExtension>
	</extensions>
</trkpt>
<trkpt lat="46.0691960" lon="14.4070771">
	<ele>317.16</ele>
	<time>2026-10-01T10:53:34.007Z</time>
	<hdop>3.79</hdop>
	<extensions>
		<gpxtpx:TrackPointExtension>
			<gpxtpx:course>305.0</gpxtpx:course>
		</gpxtpx:TrackPointExtension>
	</extensions>
</trkpt>
<trkpt lat="46.0694751" lon="14.4065175">
	<ele>316.39</ele>
	<time>2026-10-01T10:53:39.008Z</time>
	<hdop>3.79</hdop>
	<extensions>
		<gpxtpx:TrackPointExtension>
			<gpxtpx:course>305.0</gpxtpx:course>
		</gpxtpx:TrackPointExtension>
	</extensions>
</trkpt>
<trkpt lat="46.0698348" lon="14.4058637">
	<ele>316.29</ele>
	<time>2026-10-01T10:53:45.008Z</time>
	<hdop>3.79</hdop>
	<extensions>
		<gpxtpx:TrackPointExtension>
			<gpxtpx:course>312.0</gpxtpx:course>
		</gpxtpx:TrackPointExtension>
	</extensions>
</trkpt>
<trkpt lat="46.0701258" lon="14.4053138">
	<ele>316.54</ele>
	<time>2026-10-01T10:53:50.008Z</time>
	<hdop>3.79</hdop>
	<extensions>
		<gpxtpx:TrackPointExtension>
			<gpxtpx:course>306.0</gpxtpx:course>
		</gpxtpx:TrackPointExtension>
	</extensions>
</trkpt>
<trkpt lat="46.0704603" lon="14.4046407">
	<ele>316.02</ele>
	<time>2026-10-01T10:53:56.007Z</time>
	<hdop>3.79</hdop>
	<extensions>
		<gpxtpx:TrackPointExtension>
			<gpxtpx:course>306.0</gpxtpx:course>
		</gpxtpx:TrackPointExtension>
	</extensions>
</trkpt>
<trkpt lat="46.0707348" lon="14.4040969">
	<ele>315.65</ele>
	<time>2026-10-01T10:54:01.007Z</time>
	<hdop>3.79</hdop>
	<extensions>
		<gpxtpx:TrackPointExtension>
			<gpxtpx:course>304.0</gpxtpx:course>
		</gpxtpx:TrackPointExtension>
	</extensions>
</trkpt>
<trkpt lat="46.0709873" lon="14.4035965">
	<ele>320.26</ele>
	<time>2026-10-01T10:54:06.008Z</time>
	<hdop>3.79</hdop>
	<extensions>
		<gpxtpx:TrackPointExtension>
			<gpxtpx:course>306.0</gpxtpx:course>
		</gpxtpx:TrackPointExtension>
	</extensions>
</trkpt>
<trkpt lat="46.0712446" lon="14.4030906">
	<ele>327.67</ele>
	<time>2026-10-01T10:54:12.007Z</time>
	<hdop>3.79</hdop>
	<extensions>
		<gpxtpx:TrackPointExtension>
			<gpxtpx:course>304.0</gpxtpx:course>
		</gpxtpx:TrackPointExtension>
	</extensions>
</trkpt>
<trkpt lat="46.0714619" lon="14.4026853">
	<ele>323.39</ele>
	<time>2026-10-01T10:54:17.008Z</time>
	<hdop>3.79</hdop>
	<extensions>
		<gpxtpx:TrackPointExtension>
			<gpxtpx:course>306.0</gpxtpx:course>
		</gpxtpx:TrackPointExtension>
	</extensions>
</trkpt>
<trkpt lat="46.0717396" lon="14.4023538">
	<ele>319.95</ele>
	<time>2026-10-01T10:54:22.008Z</time>
	<hdop>3.79</hdop>
	<extensions>
		<gpxtpx:TrackPointExtension>
			<gpxtpx:course>322.0</gpxtpx:course>
		</gpxtpx:TrackPointExtension>
	</extensions>
</trkpt>
<trkpt lat="46.0719990" lon="14.4020776">
	<ele>321.59</ele>
	<time>2026-10-01T10:54:27.008Z</time>
	<hdop>3.79</hdop>
	<extensions>
		<gpxtpx:TrackPointExtension>
			<gpxtpx:course>336.0</gpxtpx:course>
		</gpxtpx:TrackPointExtension>
	</extensions>
</trkpt>
<trkpt lat="46.0722495" lon="14.4018832">
	<ele>325.60</ele>
	<time>2026-10-01T10:54:32.008Z</time>
	<hdop>3.79</hdop>
	<extensions>
		<gpxtpx:TrackPointExtension>
			<gpxtpx:course>320.0</gpxtpx:course>
		</gpxtpx:TrackPointExtension>
	</extensions>
</trkpt>
<trkpt lat="46.0724383" lon="14.4016153">
	<ele>327.87</ele>
	<time>2026-10-01T10:54:37.008Z</time>
	<hdop>3.79</hdop>
	<extensions>
		<gpxtpx:TrackPointExtension>
			<gpxtpx:course>309.0</gpxtpx:course>
		</gpxtpx:TrackPointExtension>
	</extensions>
</trkpt>
<trkpt lat="46.0725729" lon="14.4013132">
	<ele>327.12</ele>
	<time>2026-10-01T10:54:42.008Z</time>
	<hdop>3.79</hdop>
	<extensions>
		<gpxtpx:TrackPointExtension>
			<gpxtpx:course>297.0</gpxtpx:course>
		</gpxtpx:TrackPointExtension>
	</extensions>
</trkpt>
<trkpt lat="46.0726968" lon="14.4010189">
	<ele>326.76</ele>
	<time>2026-10-01T10:54:47.008Z</time>
	<hdop>3.79</hdop>
	<extensions>
		<gpxtpx:TrackPointExtension>
			<gpxtpx:course>295.0</gpxtpx:course>
		</gpxtpx:TrackPointExtension>
	</extensions>
</trkpt>
<trkpt lat="46.0728118" lon="14.4005887">
	<ele>327.48</ele>
	<time>2026-10-01T10:54:52.008Z</time>
	<hdop>3.79</hdop>
	<extensions>
		<gpxtpx:TrackPointExtension>
			<gpxtpx:course>289.0</gpxtpx:course>
		</gpxtpx:TrackPointExtension>
	</extensions>
</trkpt>
<trkpt lat="46.0729985" lon="14.3999682">
	<ele>330.88</ele>
	<time>2026-10-01T10:54:58.008Z</time>
	<hdop>3.79</hdop>
	<extensions>
		<gpxtpx:TrackPointExtension>
			<gpxtpx:course>293.0</gpxtpx:course>
		</gpxtpx:TrackPointExtension>
	</extensions>
</trkpt>
<trkpt lat="46.0731461" lon="14.3993280">
	<ele>325.86</ele>
	<time>2026-10-01T10:55:04.007Z</time>
	<hdop>3.79</hdop>
	<extensions>
		<gpxtpx:TrackPointExtension>
			<gpxtpx:course>292.0</gpxtpx:course>
		</gpxtpx:TrackPointExtension>
	</extensions>
</trkpt>
<trkpt lat="46.0734022" lon="14.3989018">
	<ele>323.01</ele>
	<time>2026-10-01T10:55:09.008Z</time>
	<hdop>3.79</hdop>
	<extensions>
		<gpxtpx:TrackPointExtension>
			<gpxtpx:course>320.0</gpxtpx:course>
		</gpxtpx:TrackPointExtension>
	</extensions>
</trkpt>
<trkpt lat="46.0737473" lon="14.3986022">
	<ele>323.80</ele>
	<time>2026-10-01T10:55:14.008Z</time>
	<hdop>3.79</hdop>
	<extensions>
		<gpxtpx:TrackPointExtension>
			<gpxtpx:course>323.0</gpxtpx:course>
		</gpxtpx:TrackPointExtension>
	</extensions>
</trkpt>
<trkpt lat="46.0739624" lon="14.3981730">
	<ele>324.19</ele>
	<time>2026-10-01T10:55:19.008Z</time>
	<hdop>3.79</hdop>
	<extensions>
		<gpxtpx:TrackPointExtension>
			<gpxtpx:course>292.0</gpxtpx:course>
		</gpxtpx:TrackPointExtension>
	</extensions>
</trkpt>
<trkpt lat="46.0741336" lon="14.3975557">
	<ele>323.16</ele>
	<time>2026-10-01T10:55:25.009Z</time>
	<hdop>3.79</hdop>
	<extensions>
		<gpxtpx:TrackPointExtension>
			<gpxtpx:course>291.0</gpxtpx:course>
		</gpxtpx:TrackPointExtension>
	</extensions>
</trkpt>
<trkpt lat="46.0742452" lon="14.3969179">
	<ele>325.54</ele>
	<time>2026-10-01T10:55:31.008Z</time>
	<hdop>3.79</hdop>
	<extensions>
		<gpxtpx:TrackPointExtension>
			<gpxtpx:course>280.0</gpxtpx:course>
		</gpxtpx:TrackPointExtension>
	</extensions>
</trkpt>
<trkpt lat="46.0743782" lon="14.3964114">
	<ele>327.71</ele>
	<time>2026-10-01T10:55:36.009Z</time>
	<hdop>3.79</hdop>
	<extensions>
		<gpxtpx:TrackPointExtension>
			<gpxtpx:course>299.0</gpxtpx:course>
		</gpxtpx:TrackPointExtension>
	</extensions>
</trkpt>
<trkpt lat="46.0745420" lon="14.3957845">
	<ele>330.09</ele>
	<time>2026-10-01T10:55:42.008Z</time>
	<hdop>3.79</hdop>
	<extensions>
		<gpxtpx:TrackPointExtension>
			<gpxtpx:course>281.0</gpxtpx:course>
		</gpxtpx:TrackPointExtension>
	</extensions>
</trkpt>
<trkpt lat="46.0745683" lon="14.3951755">
	<ele>329.51</ele>
	<time>2026-10-01T10:55:47.008Z</time>
	<hdop>3.79</hdop>
	<extensions>
		<gpxtpx:TrackPointExtension>
			<gpxtpx:course>270.0</gpxtpx:course>
		</gpxtpx:TrackPointExtension>
	</extensions>
</trkpt>
<trkpt lat="46.0745992" lon="14.3944288">
	<ele>331.54</ele>
	<time>2026-10-01T10:55:53.008Z</time>
	<hdop>3.79</hdop>
	<extensions>
		<gpxtpx:TrackPointExtension>
			<gpxtpx:course>277.0</gpxtpx:course>
		</gpxtpx:TrackPointExtension>
	</extensions>
</trkpt>
<trkpt lat="46.0746625" lon="14.3938263">
	<ele>333.50</ele>
	<time>2026-10-01T10:55:58.008Z</time>
	<hdop>3.79</hdop>
	<extensions>
		<gpxtpx:TrackPointExtension>
			<gpxtpx:course>276.0</gpxtpx:course>
		</gpxtpx:TrackPointExtension>
	</extensions>
</trkpt>
<trkpt lat="46.0747263" lon="14.3931579">
	<ele>332.04</ele>
	<time>2026-10-01T10:56:04.009Z</time>
	<hdop>3.79</hdop>
	<extensions>
		<gpxtpx:TrackPointExtension>
			<gpxtpx:course>277.0</gpxtpx:course>
		</gpxtpx:TrackPointExtension>
	</extensions>
</trkpt>
<trkpt lat="46.0748211" lon="14.3925915">
	<ele>329.73</ele>
	<time>2026-10-01T10:56:09.009Z</time>
	<hdop>3.79</hdop>
	<extensions>
		<gpxtpx:TrackPointExtension>
			<gpxtpx:course>285.0</gpxtpx:course>
		</gpxtpx:TrackPointExtension>
	</extensions>
</trkpt>
<trkpt lat="46.0749689" lon="14.3918820">
	<ele>324.63</ele>
	<time>2026-10-01T10:56:15.007Z</time>
	<hdop>3.79</hdop>
	<extensions>
		<gpxtpx:TrackPointExtension>
			<gpxtpx:course>283.0</gpxtpx:course>
		</gpxtpx:TrackPointExtension>
	</extensions>
</trkpt>
<trkpt lat="46.0750740" lon="14.3912759">
	<ele>323.72</ele>
	<time>2026-10-01T10:56:20.007Z</time>
	<hdop>3.79</hdop>
	<extensions>
		<gpxtpx:TrackPointExtension>
			<gpxtpx:course>282.0</gpxtpx:course>
		</gpxtpx:TrackPointExtension>
	</extensions>
</trkpt>
<trkpt lat="46.0751483" lon="14.3906791">
	<ele>326.07</ele>
	<time>2026-10-01T10:56:25.007Z</time>
	<hdop>3.79</hdop>
	<extensions>
		<gpxtpx:TrackPointExtension>
			<gpxtpx:course>280.0</gpxtpx:course>
		</gpxtpx:TrackPointExtension>
	</extensions>
</trkpt>
<trkpt lat="46.0752208" lon="14.3900831">
	<ele>329.02</ele>
	<time>2026-10-01T10:56:30.009Z</time>
	<hdop>3.79</hdop>
	<extensions>
		<gpxtpx:TrackPointExtension>
			<gpxtpx:course>278.0</gpxtpx:course>
		</gpxtpx:TrackPointExtension>
	</extensions>
</trkpt>
<trkpt lat="46.0753832" lon="14.3894019">
	<ele>332.12</ele>
	<time>2026-10-01T10:56:36.008Z</time>
	<hdop>3.79</hdop>
	<extensions>
		<gpxtpx:TrackPointExtension>
			<gpxtpx:course>304.0</gpxtpx:course>
		</gpxtpx:TrackPointExtension>
	</extensions>
</trkpt>
<trkpt lat="46.0757768" lon="14.3889089">
	<ele>334.82</ele>
	<time>2026-10-01T10:56:42.008Z</time>
	<hdop>3.79</hdop>
	<extensions>
		<gpxtpx:TrackPointExtension>
			<gpxtpx:course>323.0</gpxtpx:course>
		</gpxtpx:TrackPointExtension>
	</extensions>
</trkpt>
<trkpt lat="46.0761583" lon="14.3886529">
	<ele>330.26</ele>
	<time>2026-10-01T10:56:47.008Z</time>
	<hdop>3.79</hdop>
	<extensions>
		<gpxtpx:TrackPointExtension>
			<gpxtpx:course>341.0</gpxtpx:course>
		</gpxtpx:TrackPointExtension>
	</extensions>
</trkpt>
<trkpt lat="46.0765897" lon="14.3883429">
	<ele>324.59</ele>
	<time>2026-10-01T10:56:53.008Z</time>
	<hdop>3.79</hdop>
	<extensions>
		<gpxtpx:TrackPointExtension>
			<gpxtpx:course>319.0</gpxtpx:course>
		</gpxtpx:TrackPointExtension>
	</extensions>
</trkpt>
<trkpt lat="46.0766655" lon="14.3877371">
	<ele>325.19</ele>
	<time>2026-10-01T10:56:59.008Z</time>
	<hdop>3.79</hdop>
	<extensions>
		<gpxtpx:TrackPointExtension>
			<gpxtpx:course>260.0</gpxtpx:course>
		</gpxtpx:TrackPointExtension>
	</extensions>
</trkpt>
<trkpt lat="46.0764971" lon="14.3872513">
	<ele>331.38</ele>
	<time>2026-10-01T10:57:04.008Z</time>
	<hdop>3.79</hdop>
	<extensions>
		<gpxtpx:TrackPointExtension>
			<gpxtpx:course>249.0</gpxtpx:course>
		</gpxtpx:TrackPointExtension>
	</extensions>
</trkpt>
<trkpt lat="46.0763770" lon="14.3867438">
	<ele>339.81</ele>
	<time>2026-10-01T10:57:09.009Z</time>
	<hdop>3.79</hdop>
	<extensions>
		<gpxtpx:TrackPointExtension>
			<gpxtpx:course>260.0</gpxtpx:course>
		</gpxtpx:TrackPointExtension>
	</extensions>
</trkpt>
<trkpt lat="46.0763673" lon="14.3861339">
	<ele>340.89</ele>
	<time>2026-10-01T10:57:15.007Z</time>
	<hdop>3.79</hdop>
	<extensions>
		<gpxtpx:TrackPointExtension>
			<gpxtpx:course>275.0</gpxtpx:course>
		</gpxtpx:TrackPointExtension>
	</extensions>
</trkpt>
<trkpt lat="46.0764629" lon="14.3856982">
	<ele>340.06</ele>
	<time>2026-10-01T10:57:20.007Z</time>
	<hdop>3.79</hdop>
	<extensions>
		<gpxtpx:TrackPointExtension>
			<gpxtpx:course>288.0</gpxtpx:course>
		</gpxtpx:TrackPointExtension>
	</extensions>
</trkpt>
<trkpt lat="46.0766002" lon="14.3853228">
	<ele>334.48</ele>
	<time>2026-10-01T10:57:25.008Z</time>
	<hdop>3.79</hdop>
	<extensions>
		<gpxtpx:TrackPointExtension>
			<gpxtpx:course>296.0</gpxtpx:course>
		</gpxtpx:TrackPointExtension>
	</extensions>
</trkpt>
<trkpt lat="46.0767422" lon="14.3848822">
	<ele>328.11</ele>
	<time>2026-10-01T10:57:31.009Z</time>
	<hdop>3.79</hdop>
	<extensions>
		<gpxtpx:TrackPointExtension>
			<gpxtpx:course>280.0</gpxtpx:course>
		</gpxtpx:TrackPointExtension>
	</extensions>
</trkpt>
<trkpt lat="46.0767339" lon="14.3844222">
	<ele>326.71</ele>
	<time>2026-10-01T10:57:37.008Z</time>
	<hdop>3.79</hdop>
	<extensions>
		<gpxtpx:TrackPointExtension>
			<gpxtpx:course>277.0</gpxtpx:course>
		</gpxtpx:TrackPointExtension>
	</extensions>
</trkpt>
<trkpt lat="46.0769670" lon="14.3842446">
	<ele>327.64</ele>
	<time>2026-10-01T10:57:42.008Z</time>
	<hdop>3.79</hdop>
	<extensions>
		<gpxtpx:TrackPointExtension>
			<gpxtpx:course>343.0</gpxtpx:course>
		</gpxtpx:TrackPointExtension>
	</extensions>
</trkpt>
<trkpt lat="46.0772928" lon="14.3841181">
	<ele>328.14</ele>
	<time>2026-10-01T10:57:48.007Z</time>
	<hdop>3.79</hdop>
	<extensions>
		<gpxtpx:TrackPointExtension>
			<gpxtpx:course>344.0</gpxtpx:course>
		</gpxtpx:TrackPointExtension>
	</extensions>
</trkpt>
<trkpt lat="46.0775482" lon="14.3839903">
	<ele>330.56</ele>
	<time>2026-10-01T10:57:53.009Z</time>
	<hdop>3.79</hdop>
	<extensions>
		<gpxtpx:TrackPointExtension>
			<gpxtpx:course>338.0</gpxtpx:course>
		</gpxtpx:TrackPointExtension>
	</extensions>
</trkpt>
<trkpt lat="46.0778291" lon="14.3838280">
	<ele>334.20</ele>
	<time>2026-10-01T10:57:59.007Z</time>
	<hdop>3.79</hdop>
	<extensions>
		<gpxtpx:TrackPointExtension>
			<gpxtpx:course>338.0</gpxtpx:course>
		</gpxtpx:TrackPointExtension>
	</extensions>
</trkpt>
<trkpt lat="46.0780727" lon="14.3837025">
	<ele>335.17</ele>
	<time>2026-10-01T10:58:04.008Z</time>
	<hdop>3.79</hdop>
	<extensions>
		<gpxtpx:TrackPointExtension>
			<gpxtpx:course>345.0</gpxtpx:course>
		</gpxtpx:TrackPointExtension>
	</extensions>
</trkpt>
<trkpt lat="46.0783269" lon="14.3836384">
	<ele>335.55</ele>
	<time>2026-10-01T10:58:09.008Z</time>
	<hdop>3.79</hdop>
	<extensions>
		<gpxtpx:TrackPointExtension>
			<gpxtpx:course>353.0</gpxtpx:course>
		</gpxtpx:TrackPointExtension>
	</extensions>
</trkpt>
<trkpt lat="46.0786142" lon="14.3836009">
	<ele>338.31</ele>
	<time>2026-10-01T10:58:15.009Z</time>
	<hdop>3.79</hdop>
	<extensions>
		<gpxtpx:TrackPointExtension>
			<gpxtpx:course>351.0</gpxtpx:course>
		</gpxtpx:TrackPointExtension>
	</extensions>
</trkpt>
<trkpt lat="46.0788823" lon="14.3835054">
	<ele>339.90</ele>
	<time>2026-10-01T10:58:21.007Z</time>
	<hdop>3.79</hdop>
	<extensions>
		<gpxtpx:TrackPointExtension>
			<gpxtpx:course>342.0</gpxtpx:course>
		</gpxtpx:TrackPointExtension>
	</extensions>
</trkpt>
<trkpt lat="46.0790598" lon="14.3833380">
	<ele>337.97</ele>
	<time>2026-10-01T10:58:26.008Z</time>
	<hdop>3.79</hdop>
	<extensions>
		<gpxtpx:TrackPointExtension>
			<gpxtpx:course>310.0</gpxtpx:course>
		</gpxtpx:TrackPointExtension>
	</extensions>
</trkpt>
<trkpt lat="46.0791473" lon="14.3830558">
	<ele>335.16</ele>
	<time>2026-10-01T10:58:31.008Z</time>
	<hdop>3.79</hdop>
	<extensions>
		<gpxtpx:TrackPointExtension>
			<gpxtpx:course>301.0</gpxtpx:course>
		</gpxtpx:TrackPointExtension>
	</extensions>
</trkpt>
<trkpt lat="46.0793372" lon="14.3828671">
	<ele>335.28</ele>
	<time>2026-10-01T10:58:36.009Z</time>
	<hdop>3.79</hdop>
	<extensions>
		<gpxtpx:TrackPointExtension>
			<gpxtpx:course>330.0</gpxtpx:course>
		</gpxtpx:TrackPointExtension>
	</extensions>
</trkpt>
<trkpt lat="46.0795761" lon="14.3827358">
	<ele>336.04</ele>
	<time>2026-10-01T10:58:42.008Z</time>
	<hdop>3.91</hdop>
	<extensions>
		<gpxtpx:TrackPointExtension>
			<gpxtpx:course>339.0</gpxtpx:course>
		</gpxtpx:TrackPointExtension>
	</extensions>
</trkpt>
<trkpt lat="46.0797696" lon="14.3826550">
	<ele>337.06</ele>
	<time>2026-10-01T10:58:47.009Z</time>
	<hdop>3.79</hdop>
	<extensions>
		<gpxtpx:TrackPointExtension>
			<gpxtpx:course>343.0</gpxtpx:course>
		</gpxtpx:TrackPointExtension>
	</extensions>
</trkpt>
<trkpt lat="46.0799683" lon="14.3825243">
	<ele>338.61</ele>
	<time>2026-10-01T10:58:52.009Z</time>
	<hdop>3.79</hdop>
	<extensions>
		<gpxtpx:TrackPointExtension>
			<gpxtpx:course>337.0</gpxtpx:course>
		</gpxtpx:TrackPointExtension>
	</extensions>
</trkpt>
<trkpt lat="46.0802167" lon="14.3823412">
	<ele>341.63</ele>
	<time>2026-10-01T10:58:58.009Z</time>
	<hdop>3.79</hdop>
	<extensions>
		<gpxtpx:TrackPointExtension>
			<gpxtpx:course>325.0</gpxtpx:course>
		</gpxtpx:TrackPointExtension>
	</extensions>
</trkpt>
<trkpt lat="46.0804699" lon="14.3822435">
	<ele>345.46</ele>
	<time>2026-10-01T10:59:04.008Z</time>
	<hdop>3.79</hdop>
	<extensions>
		<gpxtpx:TrackPointExtension>
			<gpxtpx:course>355.0</gpxtpx:course>
		</gpxtpx:TrackPointExtension>
	</extensions>
</trkpt>
<trkpt lat="46.0806996" lon="14.3822457">
	<ele>348.49</ele>
	<time>2026-10-01T10:59:09.008Z</time>
	<hdop>3.79</hdop>
	<extensions>
		<gpxtpx:TrackPointExtension>
			<gpxtpx:course>356.0</gpxtpx:course>
		</gpxtpx:TrackPointExtension>
	</extensions>
</trkpt>
<trkpt lat="46.0809165" lon="14.3822245">
	<ele>350.97</ele>
	<time>2026-10-01T10:59:14.008Z</time>
	<hdop>3.79</hdop>
	<extensions>
		<gpxtpx:TrackPointExtension>
			<gpxtpx:course>349.0</gpxtpx:course>
		</gpxtpx:TrackPointExtension>
	</extensions>
</trkpt>
<trkpt lat="46.0811107" lon="14.3821357">
	<ele>353.02</ele>
	<time>2026-10-01T10:59:19.008Z</time>
	<hdop>3.79</hdop>
	<extensions>
		<gpxtpx:TrackPointExtension>
			<gpxtpx:course>341.0</gpxtpx:course>
		</gpxtpx:TrackPointExtension>
	</extensions>
</trkpt>
<trkpt lat="46.0813423" lon="14.3819955">
	<ele>355.61</ele>
	<time>2026-10-01T10:59:25.008Z</time>
	<hdop>3.79</hdop>
	<extensions>
		<gpxtpx:TrackPointExtension>
			<gpxtpx:course>338.0</gpxtpx:course>
		</gpxtpx:TrackPointExtension>
	</extensions>
</trkpt>
<trkpt lat="46.0815229" lon="14.3819174">
	<ele>357.44</ele>
	<time>2026-10-01T10:59:30.008Z</time>
	<hdop>3.79</hdop>
	<extensions>
		<gpxtpx:TrackPointExtension>
			<gpxtpx:course>353.0</gpxtpx:course>
		</gpxtpx:TrackPointExtension>
	</extensions>
</trkpt>
<trkpt lat="46.0816986" lon="14.3818581">
	<ele>358.85</ele>
	<time>2026-10-01T10:59:35.009Z</time>
	<hdop>3.79</hdop>
	<extensions>
		<gpxtpx:TrackPointExtension>
			<gpxtpx:course>348.0</gpxtpx:course>
		</gpxtpx:TrackPointExtension>
	</extensions>
</trkpt>
<trkpt lat="46.0819069" lon="14.3817600">
	<ele>360.26</ele>
	<time>2026-10-01T10:59:41.007Z</time>
	<hdop>3.79</hdop>
	<extensions>
		<gpxtpx:TrackPointExtension>
			<gpxtpx:course>349.0</gpxtpx:course>
		</gpxtpx:TrackPointExtension>
	</extensions>
</trkpt>
<trkpt lat="46.0820840" lon="14.3816921">
	<ele>360.97</ele>
	<time>2026-10-01T10:59:46.007Z</time>
	<hdop>3.79</hdop>
	<extensions>
		<gpxtpx:TrackPointExtension>
			<gpxtpx:course>349.0</gpxtpx:course>
		</gpxtpx:TrackPointExtension>
	</extensions>
</trkpt>
<trkpt lat="46.0822625" lon="14.3816230">
	<ele>361.55</ele>
	<time>2026-10-01T10:59:51.008Z</time>
	<hdop>3.79</hdop>
	<extensions>
		<gpxtpx:TrackPointExtension>
			<gpxtpx:course>347.0</gpxtpx:course>
		</gpxtpx:TrackPointExtension>
	</extensions>
</trkpt>
<trkpt lat="46.0824838" lon="14.3815552">
	<ele>362.36</ele>
	<time>2026-10-01T10:59:57.008Z</time>
	<hdop>3.79</hdop>
	<extensions>
		<gpxtpx:TrackPointExtension>
			<gpxtpx:course>355.0</gpxtpx:course>
		</gpxtpx:TrackPointExtension>
	</extensions>
</trkpt>
<trkpt lat="46.0826681" lon="14.3815416">
	<ele>363.12</ele>
	<time>2026-10-01T11:00:02.008Z</time>
	<hdop>3.79</hdop>
	<extensions>
		<gpxtpx:TrackPointExtension>
			<gpxtpx:course>358.0</gpxtpx:course>
		</gpxtpx:TrackPointExtension>
	</extensions>
</trkpt>
<trkpt lat="46.0828512" lon="14.3815262">
	<ele>364.37</ele>
	<time>2026-10-01T11:00:07.008Z</time>
	<hdop>3.79</hdop>
	<extensions>
		<gpxtpx:TrackPointExtension>
			<gpxtpx:course>6.0</gpxtpx:course>
		</gpxtpx:TrackPointExtension>
	</extensions>
</trkpt>
<trkpt lat="46.0830364" lon="14.3815096">
	<ele>366.11</ele>
	<time>2026-10-01T11:00:12.008Z</time>
	<hdop>3.79</hdop>
	<extensions>
		<gpxtpx:TrackPointExtension>
			<gpxtpx:course>355.0</gpxtpx:course>
		</gpxtpx:TrackPointExtension>
	</extensions>
</trkpt>
<trkpt lat="46.0832626" lon="14.3814654">
	<ele>369.55</ele>
	<time>2026-10-01T11:00:18.008Z</time>
	<hdop>3.79</hdop>
	<extensions>
		<gpxtpx:TrackPointExtension>
			<gpxtpx:course>353.0</gpxtpx:course>
		</gpxtpx:TrackPointExtension>
	</extensions>
</trkpt>
<trkpt lat="46.0834497" lon="14.3815063">
	<ele>371.41</ele>
	<time>2026-10-01T11:00:23.008Z</time>
	<hdop>3.79</hdop>
	<extensions>
		<gpxtpx:TrackPointExtension>
			<gpxtpx:course>22.0</gpxtpx:course>
		</gpxtpx:TrackPointExtension>
	</extensions>
</trkpt>
<trkpt lat="46.0836209" lon="14.3816178">
	<ele>372.77</ele>
	<time>2026-10-01T11:00:28.008Z</time>
	<hdop>3.79</hdop>
	<extensions>
		<gpxtpx:TrackPointExtension>
			<gpxtpx:course>24.0</gpxtpx:course>
		</gpxtpx:TrackPointExtension>
	</extensions>
</trkpt>
<trkpt lat="46.0837990" lon="14.3816695">
	<ele>375.88</ele>
	<time>2026-10-01T11:00:33.009Z</time>
	<hdop>3.79</hdop>
	<extensions>
		<gpxtpx:TrackPointExtension>
			<gpxtpx:course>356.0</gpxtpx:course>
		</gpxtpx:TrackPointExtension>
	</extensions>
</trkpt>
<trkpt lat="46.0840189" lon="14.3816227">
	<ele>380.22</ele>
	<time>2026-10-01T11:00:39.009Z</time>
	<hdop>3.79</hdop>
	<extensions>
		<gpxtpx:TrackPointExtension>
			<gpxtpx:course>359.0</gpxtpx:course>
		</gpxtpx:TrackPointExtension>
	</extensions>
</trkpt>
<trkpt lat="46.0842283" lon="14.3816681">
	<ele>382.45</ele>
	<time>2026-10-01T11:00:45.007Z</time>
	<hdop>3.79</hdop>
	<extensions>
		<gpxtpx:TrackPointExtension>
			<gpxtpx:course>23.0</gpxtpx:course>
		</gpxtpx:TrackPointExtension>
	</extensions>
</trkpt>
<trkpt lat="46.0843882" lon="14.3817288">
	<ele>382.52</ele>
	<time>2026-10-01T11:00:50.007Z</time>
	<hdop>3.79</hdop>
	<extensions>
		<gpxtpx:TrackPointExtension>
			<gpxtpx:course>358.0</gpxtpx:course>
		</gpxtpx:TrackPointExtension>
	</extensions>
</trkpt>
<trkpt lat="46.0845650" lon="14.3816761">
	<ele>382.17</ele>
	<time>2026-10-01T11:00:55.007Z</time>
	<hdop>3.79</hdop>
	<extensions>
		<gpxtpx:TrackPointExtension>
			<gpxtpx:course>341.0</gpxtpx:course>
		</gpxtpx:TrackPointExtension>
	</extensions>
</trkpt>
<trkpt lat="46.0847225" lon="14.3815449">
	<ele>383.33</ele>
	<time>2026-10-01T11:01:00.008Z</time>
	<hdop>3.79</hdop>
	<extensions>
		<gpxtpx:TrackPointExtension>
			<gpxtpx:course>324.0</gpxtpx:course>
		</gpxtpx:TrackPointExtension>
	</extensions>
</trkpt>
<trkpt lat="46.0848862" lon="14.3814280">
	<ele>387.03</ele>
	<time>2026-10-01T11:01:05.008Z</time>
	<hdop>3.79</hdop>
	<extensions>
		<gpxtpx:TrackPointExtension>
			<gpxtpx:course>333.0</gpxtpx:course>
		</gpxtpx:TrackPointExtension>
	</extensions>
</trkpt>
<trkpt lat="46.0850781" lon="14.3813086">
	<ele>393.70</ele>
	<time>2026-10-01T11:01:11.009Z</time>
	<hdop>3.79</hdop>
	<extensions>
		<gpxtpx:TrackPointExtension>
			<gpxtpx:course>334.0</gpxtpx:course>
		</gpxtpx:TrackPointExtension>
	</extensions>
</trkpt>
<trkpt lat="46.0852387" lon="14.3811148">
	<ele>401.54</ele>
	<time>2026-10-01T11:01:17.008Z</time>
	<hdop>3.79</hdop>
	<extensions>
		<gpxtpx:TrackPointExtension>
			<gpxtpx:course>307.0</gpxtpx:course>
		</gpxtpx:TrackPointExtension>
	</extensions>
</trkpt>
<trkpt lat="46.0853350" lon="14.3809170">
	<ele>405.93</ele>
	<time>2026-10-01T11:01:22.009Z</time>
	<hdop>3.79</hdop>
	<extensions>
		<gpxtpx:TrackPointExtension>
			<gpxtpx:course>310.0</gpxtpx:course>
		</gpxtpx:TrackPointExtension>
	</extensions>
</trkpt>
<trkpt lat="46.0854742" lon="14.3806874">
	<ele>408.11</ele>
	<time>2026-10-01T11:01:28.008Z</time>
	<hdop>3.79</hdop>
	<extensions>
		<gpxtpx:TrackPointExtension>
			<gpxtpx:course>316.0</gpxtpx:course>
		</gpxtpx:TrackPointExtension>
	</extensions>
</trkpt>
<trkpt lat="46.0856158" lon="14.3805155">
	<ele>408.86</ele>
	<time>2026-10-01T11:01:33.009Z</time>
	<hdop>3.79</hdop>
	<extensions>
		<gpxtpx:TrackPointExtension>
			<gpxtpx:course>314.0</gpxtpx:course>
		</gpxtpx:TrackPointExtension>
	</extensions>
</trkpt>
<trkpt lat="46.0857383" lon="14.3803237">
	<ele>410.56</ele>
	<time>2026-10-01T11:01:38.009Z</time>
	<hdop>3.79</hdop>
	<extensions>
		<gpxtpx:TrackPointExtension>
			<gpxtpx:course>308.0</gpxtpx:course>
		</gpxtpx:TrackPointExtension>
	</extensions>
</trkpt>
<trkpt lat="46.0859078" lon="14.3801378">
	<ele>412.58</ele>
	<time>2026-10-01T11:01:44.008Z</time>
	<hdop>3.79</hdop>
	<extensions>
		<gpxtpx:TrackPointExtension>
			<gpxtpx:course>338.0</gpxtpx:course>
		</gpxtpx:TrackPointExtension>
	</extensions>
</trkpt>
<trkpt lat="46.0860701" lon="14.3800457">
	<ele>413.14</ele>
	<time>2026-10-01T11:01:49.009Z</time>
	<hdop>3.79</hdop>
	<extensions>
		<gpxtpx:TrackPointExtension>
			<gpxtpx:course>333.0</gpxtpx:course>
		</gpxtpx:TrackPointExtension>
	</extensions>
</trkpt>
<trkpt lat="46.0862202" lon="14.3798252">
	<ele>414.93</ele>
	<time>2026-10-01T11:01:55.008Z</time>
	<hdop>3.79</hdop>
	<extensions>
		<gpxtpx:TrackPointExtension>
			<gpxtpx:course>305.0</gpxtpx:course>
		</gpxtpx:TrackPointExtension>
	</extensions>
</trkpt>
<trkpt lat="46.0863293" lon="14.3796207">
	<ele>416.65</ele>
	<time>2026-10-01T11:02:00.008Z</time>
	<hdop>3.79</hdop>
	<extensions>
		<gpxtpx:TrackPointExtension>
			<gpxtpx:course>307.0</gpxtpx:course>
		</gpxtpx:TrackPointExtension>
	</extensions>
</trkpt>
<trkpt lat="46.0864517" lon="14.3794380">
	<ele>417.51</ele>
	<time>2026-10-01T11:02:05.008Z</time>
	<hdop>3.79</hdop>
	<extensions>
		<gpxtpx:TrackPointExtension>
			<gpxtpx:course>312.0</gpxtpx:course>
		</gpxtpx:TrackPointExtension>
	</extensions>
</trkpt>
<trkpt lat="46.0866015" lon="14.3792123">
	<ele>418.79</ele>
	<time>2026-10-01T11:02:11.009Z</time>
	<hdop>3.79</hdop>
	<extensions>
		<gpxtpx:TrackPointExtension>
			<gpxtpx:course>313.0</gpxtpx:course>
		</gpxtpx:TrackPointExtension>
	</extensions>
</trkpt>
<trkpt lat="46.0867230" lon="14.3789808">
	<ele>423.20</ele>
	<time>2026-10-01T11:02:17.007Z</time>
	<hdop>3.79</hdop>
	<extensions>
		<gpxtpx:TrackPointExtension>
			<gpxtpx:course>307.0</gpxtpx:course>
		</gpxtpx:TrackPointExtension>
	</extensions>
</trkpt>
<trkpt lat="46.0868611" lon="14.3788510">
	<ele>426.83</ele>
	<time>2026-10-01T11:02:22.007Z</time>
	<hdop>3.79</hdop>
	<extensions>
		<gpxtpx:TrackPointExtension>
			<gpxtpx:course>337.0</gpxtpx:course>
		</gpxtpx:TrackPointExtension>
	</extensions>
</trkpt>
<trkpt lat="46.0870136" lon="14.3788194">
	<ele>427.12</ele>
	<time>2026-10-01T11:02:27.007Z</time>
	<hdop>3.79</hdop>
	<extensions>
		<gpxtpx:TrackPointExtension>
			<gpxtpx:course>357.0</gpxtpx:course>
		</gpxtpx:TrackPointExtension>
	</extensions>
</trkpt>
<trkpt lat="46.0871572" lon="14.3788811">
	<ele>424.39</ele>
	<time>2026-10-01T11:02:32.007Z</time>
	<hdop>3.79</hdop>
	<extensions>
		<gpxtpx:TrackPointExtension>
			<gpxtpx:course>19.0</gpxtpx:course>
		</gpxtpx:TrackPointExtension>
	</extensions>
</trkpt>
<trkpt lat="46.0872953" lon="14.3789227">
	<ele>423.22</ele>
	<time>2026-10-01T11:02:37.008Z</time>
	<hdop>3.79</hdop>
	<extensions>
		<gpxtpx:TrackPointExtension>
			<gpxtpx:course>2.0</gpxtpx:course>
		</gpxtpx:TrackPointExtension>
	</extensions>
</trkpt>
<trkpt lat="46.0874439" lon="14.3788653">
	<ele>425.69</ele>
	<time>2026-10-01T11:02:42.008Z</time>
	<hdop>3.79</hdop>
	<extensions>
		<gpxtpx:TrackPointExtension>
			<gpxtpx:course>334.0</gpxtpx:course>
		</gpxtpx:TrackPointExtension>
	</extensions>
</trkpt>
<trkpt lat="46.0875353" lon="14.3787191">
	<ele>430.54</ele>
	<time>2026-10-01T11:02:47.008Z</time>
	<hdop>3.79</hdop>
	<extensions>
		<gpxtpx:TrackPointExtension>
			<gpxtpx:course>279.0</gpxtpx:course>
		</gpxtpx:TrackPointExtension>
	</extensions>
</trkpt>
<trkpt lat="46.0875030" lon="14.3785477">
	<ele>435.54</ele>
	<time>2026-10-01T11:02:52.009Z</time>
	<hdop>3.79</hdop>
	<extensions>
		<gpxtpx:TrackPointExtension>
			<gpxtpx:course>221.0</gpxtpx:course>
		</gpxtpx:TrackPointExtension>
	</extensions>
</trkpt>
<trkpt lat="46.0873163" lon="14.3784227">
	<ele>439.92</ele>
	<time>2026-10-01T11:02:58.008Z</time>
	<hdop>3.79</hdop>
	<extensions>
		<gpxtpx:TrackPointExtension>
			<gpxtpx:course>191.0</gpxtpx:course>
		</gpxtpx:TrackPointExtension>
	</extensions>
</trkpt>
<trkpt lat="46.0871694" lon="14.3783196">
	<ele>444.08</ele>
	<time>2026-10-01T11:03:03.009Z</time>
	<hdop>3.79</hdop>
	<extensions>
		<gpxtpx:TrackPointExtension>
			<gpxtpx:course>212.0</gpxtpx:course>
		</gpxtpx:TrackPointExtension>
	</extensions>
</trkpt>
<trkpt lat="46.0869841" lon="14.3782197">
	<ele>448.90</ele>
	<time>2026-10-01T11:03:09.007Z</time>
	<hdop>3.79</hdop>
	<extensions>
		<gpxtpx:TrackPointExtension>
			<gpxtpx:course>178.0</gpxtpx:course>
		</gpxtpx:TrackPointExtension>
	</extensions>
</trkpt>
<trkpt lat="46.0868410" lon="14.3783295">
	<ele>447.69</ele>
	<time>2026-10-01T11:03:14.009Z</time>
	<hdop>3.79</hdop>
	<extensions>
		<gpxtpx:TrackPointExtension>
			<gpxtpx:course>135.0</gpxtpx:course>
		</gpxtpx:TrackPointExtension>
	</extensions>
</trkpt>
<trkpt lat="46.0867033" lon="14.3784572">
	<ele>444.84</ele>
	<time>2026-10-01T11:03:19.009Z</time>
	<hdop>3.79</hdop>
	<extensions>
		<gpxtpx:TrackPointExtension>
			<gpxtpx:course>144.0</gpxtpx:course>
		</gpxtpx:TrackPointExtension>
	</extensions>
</trkpt>
<trkpt lat="46.0865254" lon="14.3785751">
	<ele>442.05</ele>
	<time>2026-10-01T11:03:25.009Z</time>
	<hdop>3.79</hdop>
	<extensions>
		<gpxtpx:TrackPointExtension>
			<gpxtpx:course>157.0</gpxtpx:course>
		</gpxtpx:TrackPointExtension>
	</extensions>
</trkpt>
<trkpt lat="46.0863225" lon="14.3785789">
	<ele>444.20</ele>
	<time>2026-10-01T11:03:31.008Z</time>
	<hdop>3.79</hdop>
	<extensions>
		<gpxtpx:TrackPointExtension>
			<gpxtpx:course>189.0</gpxtpx:course>
		</gpxtpx:TrackPointExtension>
	</extensions>
</trkpt>
<trkpt lat="46.0861491" lon="14.3785135">
	<ele>448.37</ele>
	<time>2026-10-01T11:03:36.009Z</time>
	<hdop>3.79</hdop>
	<extensions>
		<gpxtpx:TrackPointExtension>
			<gpxtpx:course>191.0</gpxtpx:course>
		</gpxtpx:TrackPointExtension>
	</extensions>
</trkpt>
<trkpt lat="46.0859344" lon="14.3784785">
	<ele>451.55</ele>
	<time>2026-10-01T11:03:42.009Z</time>
	<hdop>3.79</hdop>
	<extensions>
		<gpxtpx:TrackPointExtension>
			<gpxtpx:course>189.0</gpxtpx:course>
		</gpxtpx:TrackPointExtension>
	</extensions>
</trkpt>
<trkpt lat="46.0857090" lon="14.3784985">
	<ele>453.27</ele>
	<time>2026-10-01T11:03:48.008Z</time>
	<hdop>3.79</hdop>
	<extensions>
		<gpxtpx:TrackPointExtension>
			<gpxtpx:course>176.0</gpxtpx:course>
		</gpxtpx:TrackPointExtension>
	</extensions>
</trkpt>
<trkpt lat="46.0855234" lon="14.3785428">
	<ele>453.94</ele>
	<time>2026-10-01T11:03:53.008Z</time>
	<hdop>3.79</hdop>
	<extensions>
		<gpxtpx:TrackPointExtension>
			<gpxtpx:course>164.0</gpxtpx:course>
		</gpxtpx:TrackPointExtension>
	</extensions>
</trkpt>
<trkpt lat="46.0853454" lon="14.3785975">
	<ele>454.17</ele>
	<time>2026-10-01T11:03:58.008Z</time>
	<hdop>3.79</hdop>
	<extensions>
		<gpxtpx:TrackPointExtension>
			<gpxtpx:course>178.0</gpxtpx:course>
		</gpxtpx:TrackPointExtension>
	</extensions>
</trkpt>
<trkpt lat="46.0851567" lon="14.3785702">
	<ele>455.86</ele>
	<time>2026-10-01T11:04:03.008Z</time>
	<hdop>3.79</hdop>
	<extensions>
		<gpxtpx:TrackPointExtension>
			<gpxtpx:course>185.0</gpxtpx:course>
		</gpxtpx:TrackPointExtension>
	</extensions>
</trkpt>
<trkpt lat="46.0849706" lon="14.3785538">
	<ele>457.74</ele>
	<time>2026-10-01T11:04:08.009Z</time>
	<hdop>3.79</hdop>
	<extensions>
		<gpxtpx:TrackPointExtension>
			<gpxtpx:course>187.0</gpxtpx:course>
		</gpxtpx:TrackPointExtension>
	</extensions>
</trkpt>
<trkpt lat="46.0847592" lon="14.3785226">
	<ele>460.78</ele>
	<time>2026-10-01T11:04:14.008Z</time>
	<hdop>3.79</hdop>
	<extensions>
		<gpxtpx:TrackPointExtension>
			<gpxtpx:course>184.0</gpxtpx:course>
		</gpxtpx:TrackPointExtension>
	</extensions>
</trkpt>
<trkpt lat="46.0845804" lon="14.3785083">
	<ele>463.58</ele>
	<time>2026-10-01T11:04:19.008Z</time>
	<hdop>3.79</hdop>
	<extensions>
		<gpxtpx:TrackPointExtension>
			<gpxtpx:course>180.0</gpxtpx:course>
		</gpxtpx:TrackPointExtension>
	</extensions>
</trkpt>
<trkpt lat="46.0843752" lon="14.3785251">
	<ele>465.66</ele>
	<time>2026-10-01T11:04:25.008Z</time>
	<hdop>3.79</hdop>
	<extensions>
		<gpxtpx:TrackPointExtension>
			<gpxtpx:course>179.0</gpxtpx:course>
		</gpxtpx:TrackPointExtension>
	</extensions>
</trkpt>
<trkpt lat="46.0842049" lon="14.3785551">
	<ele>466.32</ele>
	<time>2026-10-01T11:04:30.008Z</time>
	<hdop>3.79</hdop>
	<extensions>
		<gpxtpx:TrackPointExtension>
			<gpxtpx:course>171.0</gpxtpx:course>
		</gpxtpx:TrackPointExtension>
	</extensions>
</trkpt>
<trkpt lat="46.0840074" lon="14.3785913">
	<ele>466.66</ele>
	<time>2026-10-01T11:04:36.008Z</time>
	<hdop>3.79</hdop>
	<extensions>
		<gpxtpx:TrackPointExtension>
			<gpxtpx:course>177.0</gpxtpx:course>
		</gpxtpx:TrackPointExtension>
	</extensions>
</trkpt>
<trkpt lat="46.0838159" lon="14.3786005">
	<ele>468.30</ele>
	<time>2026-10-01T11:04:42.008Z</time>
	<hdop>3.79</hdop>
	<extensions>
		<gpxtpx:TrackPointExtension>
			<gpxtpx:course>184.0</gpxtpx:course>
		</gpxtpx:TrackPointExtension>
	</extensions>
</trkpt>
<trkpt lat="46.0836639" lon="14.3785849">
	<ele>470.50</ele>
	<time>2026-10-01T11:04:47.008Z</time>
	<hdop>3.79</hdop>
	<extensions>
		<gpxtpx:TrackPointExtension>
			<gpxtpx:course>187.0</gpxtpx:course>
		</gpxtpx:TrackPointExtension>
	</extensions>
</trkpt>
<trkpt lat="46.0835084" lon="14.3785604">
	<ele>472.60</ele>
	<time>2026-10-01T11:04:52.008Z</time>
	<hdop>3.79</hdop>
	<extensions>
		<gpxtpx:TrackPointExtension>
			<gpxtpx:course>187.0</gpxtpx:course>
		</gpxtpx:TrackPointExtension>
	</extensions>
</trkpt>
<trkpt lat="46.0833516" lon="14.3785475">
	<ele>473.85</ele>
	<time>2026-10-01T11:04:57.008Z</time>
	<hdop>3.79</hdop>
	<extensions>
		<gpxtpx:TrackPointExtension>
			<gpxtpx:course>184.0</gpxtpx:course>
		</gpxtpx:TrackPointExtension>
	</extensions>
</trkpt>
<trkpt lat="46.0831861" lon="14.3785416">
	<ele>474.55</ele>
	<time>2026-10-01T11:05:02.008Z</time>
	<hdop>3.79</hdop>
	<extensions>
		<gpxtpx:TrackPointExtension>
			<gpxtpx:course>190.0</gpxtpx:course>
		</gpxtpx:TrackPointExtension>
	</extensions>
</trkpt>
<trkpt lat="46.0829934" lon="14.3784842">
	<ele>476.28</ele>
	<time>2026-10-01T11:05:08.009Z</time>
	<hdop>3.79</hdop>
	<extensions>
		<gpxtpx:TrackPointExtension>
			<gpxtpx:course>196.0</gpxtpx:course>
		</gpxtpx:TrackPointExtension>
	</extensions>
</trkpt>
<trkpt lat="46.0828527" lon="14.3783832">
	<ele>477.69</ele>
	<time>2026-10-01T11:05:13.009Z</time>
	<hdop>3.79</hdop>
	<extensions>
		<gpxtpx:TrackPointExtension>
			<gpxtpx:course>222.0</gpxtpx:course>
		</gpxtpx:TrackPointExtension>
	</extensions>
</trkpt>
<trkpt lat="46.0828233" lon="14.3781251">
	<ele>479.39</ele>
	<time>2026-10-01T11:05:19.009Z</time>
	<hdop>3.79</hdop>
	<extensions>
		<gpxtpx:TrackPointExtension>
			<gpxtpx:course>298.0</gpxtpx:course>
		</gpxtpx:TrackPointExtension>
	</extensions>
</trkpt>
<trkpt lat="46.0829797" lon="14.3778782">
	<ele>482.14</ele>
	<time>2026-10-01T11:05:25.008Z</time>
	<hdop>3.79</hdop>
	<extensions>
		<gpxtpx:TrackPointExtension>
			<gpxtpx:course>314.0</gpxtpx:course>
		</gpxtpx:TrackPointExtension>
	</extensions>
</trkpt>
<trkpt lat="46.0831326" lon="14.3776776">
	<ele>485.72</ele>
	<time>2026-10-01T11:05:30.008Z</time>
	<hdop>3.79</hdop>
	<extensions>
		<gpxtpx:TrackPointExtension>
			<gpxtpx:course>319.0</gpxtpx:course>
		</gpxtpx:TrackPointExtension>
	</extensions>
</trkpt>
<trkpt lat="46.0832922" lon="14.3774888">
	<ele>489.84</ele>
	<time>2026-10-01T11:05:35.009Z</time>
	<hdop>3.79</hdop>
	<extensions>
		<gpxtpx:TrackPointExtension>
			<gpxtpx:course>323.0</gpxtpx:course>
		</gpxtpx:TrackPointExtension>
	</extensions>
</trkpt>
<trkpt lat="46.0834889" lon="14.3772636">
	<ele>493.63</ele>
	<time>2026-10-01T11:05:41.008Z</time>
	<hdop>3.79</hdop>
	<extensions>
		<gpxtpx:TrackPointExtension>
			<gpxtpx:course>325.0</gpxtpx:course>
		</gpxtpx:TrackPointExtension>
	</extensions>
</trkpt>
<trkpt lat="46.0836456" lon="14.3770719">
	<ele>495.81</ele>
	<time>2026-10-01T11:05:46.008Z</time>
	<hdop>3.79</hdop>
	<extensions>
		<gpxtpx:TrackPointExtension>
			<gpxtpx:course>314.0</gpxtpx:course>
		</gpxtpx:TrackPointExtension>
	</extensions>
</trkpt>
<trkpt lat="46.0837825" lon="14.3768444">
	<ele>497.06</ele>
	<time>2026-10-01T11:05:51.008Z</time>
	<hdop>3.79</hdop>
	<extensions>
		<gpxtpx:TrackPointExtension>
			<gpxtpx:course>309.0</gpxtpx:course>
		</gpxtpx:TrackPointExtension>
	</extensions>
</trkpt>
<trkpt lat="46.0838785" lon="14.3765846">
	<ele>498.24</ele>
	<time>2026-10-01T11:05:56.009Z</time>
	<hdop>3.79</hdop>
	<extensions>
		<gpxtpx:TrackPointExtension>
			<gpxtpx:course>295.0</gpxtpx:course>
		</gpxtpx:TrackPointExtension>
	</extensions>
</trkpt>
<trkpt lat="46.0839496" lon="14.3762625">
	<ele>499.39</ele>
	<time>2026-10-01T11:06:02.009Z</time>
	<hdop>3.79</hdop>
	<extensions>
		<gpxtpx:TrackPointExtension>
			<gpxtpx:course>292.0</gpxtpx:course>
		</gpxtpx:TrackPointExtension>
	</extensions>
</trkpt>
<trkpt lat="46.0840326" lon="14.3759368">
	<ele>501.37</ele>
	<time>2026-10-01T11:06:08.009Z</time>
	<hdop>3.79</hdop>
	<extensions>
		<gpxtpx:TrackPointExtension>
			<gpxtpx:course>290.0</gpxtpx:course>
		</gpxtpx:TrackPointExtension>
	</extensions>
</trkpt>
<trkpt lat="46.0841096" lon="14.3756316">
	<ele>504.44</ele>
	<time>2026-10-01T11:06:14.009Z</time>
	<hdop>3.79</hdop>
	<extensions>
		<gpxtpx:TrackPointExtension>
			<gpxtpx:course>296.0</gpxtpx:course>
		</gpxtpx:TrackPointExtension>
	</extensions>
</trkpt>
<trkpt lat="46.0841814" lon="14.3753976">
	<ele>507.51</ele>
	<time>2026-10-01T11:06:19.009Z</time>
	<hdop>3.79</hdop>
	<extensions>
		<gpxtpx:TrackPointExtension>
			<gpxtpx:course>303.0</gpxtpx:course>
		</gpxtpx:TrackPointExtension>
	</extensions>
</trkpt>
<trkpt lat="46.0842524" lon="14.3751104">
	<ele>509.36</ele>
	<time>2026-10-01T11:06:25.008Z</time>
	<hdop>3.79</hdop>
	<extensions>
		<gpxtpx:TrackPointExtension>
			<gpxtpx:course>291.0</gpxtpx:course>
		</gpxtpx:TrackPointExtension>
	</extensions>
</trkpt>
<trkpt lat="46.0844451" lon="14.3750991">
	<ele>511.86</ele>
	<time>2026-10-01T11:06:31.008Z</time>
	<hdop>3.97</hdop>
	<extensions>
		<gpxtpx:TrackPointExtension>
			<gpxtpx:course>27.0</gpxtpx:course>
		</gpxtpx:TrackPointExtension>
	</extensions>
</trkpt>
<trkpt lat="46.0845424" lon="14.3753534">
	<ele>515.69</ele>
	<time>2026-10-01T11:06:36.009Z</time>
	<hdop>3.79</hdop>
	<extensions>
		<gpxtpx:TrackPointExtension>
			<gpxtpx:course>60.0</gpxtpx:course>
		</gpxtpx:TrackPointExtension>
	</extensions>
</trkpt>
<trkpt lat="46.0845898" lon="14.3756790">
	<ele>519.01</ele>
	<time>2026-10-01T11:06:42.008Z</time>
	<hdop>3.79</hdop>
	<extensions>
		<gpxtpx:TrackPointExtension>
			<gpxtpx:course>70.0</gpxtpx:course>
		</gpxtpx:TrackPointExtension>
	</extensions>
</trkpt>
<trkpt lat="46.0846135" lon="14.3759454">
	<ele>518.81</ele>
	<time>2026-10-01T11:06:47.009Z</time>
	<hdop>3.79</hdop>
	<extensions>
		<gpxtpx:TrackPointExtension>
			<gpxtpx:course>79.0</gpxtpx:course>
		</gpxtpx:TrackPointExtension>
	</extensions>
</trkpt>
<trkpt lat="46.0846580" lon="14.3762602">
	<ele>514.18</ele>
	<time>2026-10-01T11:06:53.008Z</time>
	<hdop>3.79</hdop>
	<extensions>
		<gpxtpx:TrackPointExtension>
			<gpxtpx:course>57.0</gpxtpx:course>
		</gpxtpx:TrackPointExtension>
	</extensions>
</trkpt>
<trkpt lat="46.0848233" lon="14.3763379">
	<ele>513.43</ele>
	<time>2026-10-01T11:06:58.008Z</time>
	<hdop>3.79</hdop>
	<extensions>
		<gpxtpx:TrackPointExtension>
			<gpxtpx:course>355.0</gpxtpx:course>
		</gpxtpx:TrackPointExtension>
	</extensions>
</trkpt>
<trkpt lat="46.0850096" lon="14.3762710">
	<ele>516.59</ele>
	<time>2026-10-01T11:07:03.009Z</time>
	<hdop>3.79</hdop>
	<extensions>
		<gpxtpx:TrackPointExtension>
			<gpxtpx:course>349.0</gpxtpx:course>
		</gpxtpx:TrackPointExtension>
	</extensions>
</trkpt>
<trkpt lat="46.0852085" lon="14.3761368">
	<ele>520.51</ele>
	<time>2026-10-01T11:07:09.008Z</time>
	<hdop>3.79</hdop>
	<extensions>
		<gpxtpx:TrackPointExtension>
			<gpxtpx:course>339.0</gpxtpx:course>
		</gpxtpx:TrackPointExtension>
	</extensions>
</trkpt>
<trkpt lat="46.0853990" lon="14.3759438">
	<ele>524.43</ele>
	<time>2026-10-01T11:07:15.008Z</time>
	<hdop>3.79</hdop>
	<extensions>
		<gpxtpx:TrackPointExtension>
			<gpxtpx:course>318.0</gpxtpx:course>
		</gpxtpx:TrackPointExtension>
	</extensions>
</trkpt>
<trkpt lat="46.0855313" lon="14.3757253">
	<ele>528.41</ele>
	<time>2026-10-01T11:07:20.009Z</time>
	<hdop>3.79</hdop>
	<extensions>
		<gpxtpx:TrackPointExtension>
			<gpxtpx:course>311.0</gpxtpx:course>
		</gpxtpx:TrackPointExtension>
	</extensions>
</trkpt>
<trkpt lat="46.0856923" lon="14.3755042">
	<ele>533.90</ele>
	<time>2026-10-01T11:07:26.008Z</time>
	<hdop>3.79</hdop>
	<extensions>
		<gpxtpx:TrackPointExtension>
			<gpxtpx:course>340.0</gpxtpx:course>
		</gpxtpx:TrackPointExtension>
	</extensions>
</trkpt>
<trkpt lat="46.0858818" lon="14.3754878">
	<ele>534.63</ele>
	<time>2026-10-01T11:07:31.008Z</time>
	<hdop>3.79</hdop>
	<extensions>
		<gpxtpx:TrackPointExtension>
			<gpxtpx:course>13.0</gpxtpx:course>
		</gpxtpx:TrackPointExtension>
	</extensions>
</trkpt>
<trkpt lat="46.0860677" lon="14.3754723">
	<ele>533.81</ele>
	<time>2026-10-01T11:07:36.009Z</time>
	<hdop>3.79</hdop>
	<extensions>
		<gpxtpx:TrackPointExtension>
			<gpxtpx:course>343.0</gpxtpx:course>
		</gpxtpx:TrackPointExtension>
	</extensions>
</trkpt>
<trkpt lat="46.0862455" lon="14.3753514">
	<ele>536.16</ele>
	<time>2026-10-01T11:07:41.009Z</time>
	<hdop>3.79</hdop>
	<extensions>
		<gpxtpx:TrackPointExtension>
			<gpxtpx:course>336.0</gpxtpx:course>
		</gpxtpx:TrackPointExtension>
	</extensions>
</trkpt>
<trkpt lat="46.0864412" lon="14.3751891">
	<ele>538.36</ele>
	<time>2026-10-01T11:07:47.009Z</time>
	<hdop>3.79</hdop>
	<extensions>
		<gpxtpx:TrackPointExtension>
			<gpxtpx:course>330.0</gpxtpx:course>
		</gpxtpx:TrackPointExtension>
	</extensions>
</trkpt>
<trkpt lat="46.0866040" lon="14.3749687">
	<ele>541.44</ele>
	<time>2026-10-01T11:07:53.008Z</time>
	<hdop>3.79</hdop>
	<extensions>
		<gpxtpx:TrackPointExtension>
			<gpxtpx:course>304.0</gpxtpx:course>
		</gpxtpx:TrackPointExtension>
	</extensions>
</trkpt>
<trkpt lat="46.0867254" lon="14.3747496">
	<ele>545.20</ele>
	<time>2026-10-01T11:07:58.008Z</time>
	<hdop>3.79</hdop>
	<extensions>
		<gpxtpx:TrackPointExtension>
			<gpxtpx:course>303.0</gpxtpx:course>
		</gpxtpx:TrackPointExtension>
	</extensions>
</trkpt>
<trkpt lat="46.0868178" lon="14.3745136">
	<ele>548.83</ele>
	<time>2026-10-01T11:08:03.008Z</time>
	<hdop>3.79</hdop>
	<extensions>
		<gpxtpx:TrackPointExtension>
			<gpxtpx:course>302.0</gpxtpx:course>
		</gpxtpx:TrackPointExtension>
	</extensions>
</trkpt>
<trkpt lat="46.0869080" lon="14.3742720">
	<ele>550.38</ele>
	<time>2026-10-01T11:08:08.008Z</time>
	<hdop>3.79</hdop>
	<extensions>
		<gpxtpx:TrackPointExtension>
			<gpxtpx:course>296.0</gpxtpx:course>
		</gpxtpx:TrackPointExtension>
	</extensions>
</trkpt>
<trkpt lat="46.0869774" lon="14.3740339">
	<ele>550.54</ele>
	<time>2026-10-01T11:08:13.008Z</time>
	<hdop>3.79</hdop>
	<extensions>
		<gpxtpx:TrackPointExtension>
			<gpxtpx:course>284.0</gpxtpx:course>
		</gpxtpx:TrackPointExtension>
	</extensions>
</trkpt>
<trkpt lat="46.0870377" lon="14.3738181">
	<ele>550.06</ele>
	<time>2026-10-01T11:08:18.009Z</time>
	<hdop>3.79</hdop>
	<extensions>
		<gpxtpx:TrackPointExtension>
			<gpxtpx:course>290.0</gpxtpx:course>
		</gpxtpx:TrackPointExtension>
	</extensions>
</trkpt>
<trkpt lat="46.0871392" lon="14.3735978">
	<ele>549.44</ele>
	<time>2026-10-01T11:08:24.008Z</time>
	<hdop>3.79</hdop>
	<extensions>
		<gpxtpx:TrackPointExtension>
			<gpxtpx:course>312.0</gpxtpx:course>
		</gpxtpx:TrackPointExtension>
	</extensions>
</trkpt>
<trkpt lat="46.0872274" lon="14.3734165">
	<ele>550.08</ele>
	<time>2026-10-01T11:08:29.010Z</time>
	<hdop>3.79</hdop>
	<extensions>
		<gpxtpx:TrackPointExtension>
			<gpxtpx:course>310.0</gpxtpx:course>
		</gpxtpx:TrackPointExtension>
	</extensions>
</trkpt>
<trkpt lat="46.0873513" lon="14.3732113">
	<ele>551.72</ele>
	<time>2026-10-01T11:08:35.008Z</time>
	<hdop>3.79</hdop>
	<extensions>
		<gpxtpx:TrackPointExtension>
			<gpxtpx:course>308.0</gpxtpx:course>
		</gpxtpx:TrackPointExtension>
	</extensions>
</trkpt>
<trkpt lat="46.0874059" lon="14.3730200">
	<ele>554.44</ele>
	<time>2026-10-01T11:08:40.009Z</time>
	<hdop>3.79</hdop>
	<extensions>
		<gpxtpx:TrackPointExtension>
			<gpxtpx:course>287.0</gpxtpx:course>
		</gpxtpx:TrackPointExtension>
	</extensions>
</trkpt>
<trkpt lat="46.0874317" lon="14.3727608">
	<ele>558.79</ele>
	<time>2026-10-01T11:08:46.008Z</time>
	<hdop>3.79</hdop>
	<extensions>
		<gpxtpx:TrackPointExtension>
			<gpxtpx:course>286.0</gpxtpx:course>
		</gpxtpx:TrackPointExtension>
	</extensions>
</trkpt>
<trkpt lat="46.0874538" lon="14.3725753">
	<ele>562.14</ele>
	<time>2026-10-01T11:08:51.009Z</time>
	<hdop>3.79</hdop>
	<extensions>
		<gpxtpx:TrackPointExtension>
			<gpxtpx:course>274.0</gpxtpx:course>
		</gpxtpx:TrackPointExtension>
	</extensions>
</trkpt>
<trkpt lat="46.0874985" lon="14.3723433">
	<ele>567.09</ele>
	<time>2026-10-01T11:08:57.008Z</time>
	<hdop>3.79</hdop>
	<extensions>
		<gpxtpx:TrackPointExtension>
			<gpxtpx:course>293.0</gpxtpx:course>
		</gpxtpx:TrackPointExtension>
	</extensions>
</trkpt>
<trkpt lat="46.0876153" lon="14.3721765">
	<ele>572.15</ele>
	<time>2026-10-01T11:09:03.007Z</time>
	<hdop>3.79</hdop>
	<extensions>
		<gpxtpx:TrackPointExtension>
			<gpxtpx:course>318.0</gpxtpx:course>
		</gpxtpx:TrackPointExtension>
	</extensions>
</trkpt>
<trkpt lat="46.0877183" lon="14.3720325">
	<ele>576.64</ele>
	<time>2026-10-01T11:09:08.008Z</time>
	<hdop>3.79</hdop>
	<extensions>
		<gpxtpx:TrackPointExtension>
			<gpxtpx:course>309.0</gpxtpx:course>
		</gpxtpx:TrackPointExtension>
	</extensions>
</trkpt>
<trkpt lat="46.0878376" lon="14.3719070">
	<ele>580.50</ele>
	<time>2026-10-01T11:09:13.009Z</time>
	<hdop>3.79</hdop>
	<extensions>
		<gpxtpx:TrackPointExtension>
			<gpxtpx:course>326.0</gpxtpx:course>
		</gpxtpx:TrackPointExtension>
	</extensions>
</trkpt>
<trkpt lat="46.0879996" lon="14.3718073">
	<ele>583.43</ele>
	<time>2026-10-01T11:09:19.009Z</time>
	<hdop>3.79</hdop>
	<extensions>
		<gpxtpx:TrackPointExtension>
			<gpxtpx:course>351.0</gpxtpx:course>
		</gpxtpx:TrackPointExtension>
	</extensions>
</trkpt>
<trkpt lat="46.0881714" lon="14.3718187">
	<ele>583.34</ele>
	<time>2026-10-01T11:09:25.008Z</time>
	<hdop>3.79</hdop>
	<extensions>
		<gpxtpx:TrackPointExtension>
			<gpxtpx:course>0.0</gpxtpx:course>
		</gpxtpx:TrackPointExtension>
	</extensions>
</trkpt>
<trkpt lat="46.0883298" lon="14.3718619">
	<ele>582.62</ele>
	<time>2026-10-01T11:09:30.008Z</time>
	<hdop>3.79</hdop>
	<extensions>
		<gpxtpx:TrackPointExtension>
			<gpxtpx:course>11.0</gpxtpx:course>
		</gpxtpx:TrackPointExtension>
	</extensions>
</trkpt>
<trkpt lat="46.0884476" lon="14.3719376">
	<ele>581.21</ele>
	<time>2026-10-01T11:09:35.008Z</time>
	<hdop>3.79</hdop>
	<extensions>
		<gpxtpx:TrackPointExtension>
			<gpxtpx:course>27.0</gpxtpx:course>
		</gpxtpx:TrackPointExtension>
	</extensions>
</trkpt>
<trkpt lat="46.0885619" lon="14.3720491">
	<ele>579.26</ele>
	<time>2026-10-01T11:09:40.008Z</time>
	<hdop>3.79</hdop>
	<extensions>
		<gpxtpx:TrackPointExtension>
			<gpxtpx:course>22.0</gpxtpx:course>
		</gpxtpx:TrackPointExtension>
	</extensions>
</trkpt>
<trkpt lat="46.0886928" lon="14.3721094">
	<ele>578.69</ele>
	<time>2026-10-01T11:09:45.008Z</time>
	<hdop>3.79</hdop>
	<extensions>
		<gpxtpx:TrackPointExtension>
			<gpxtpx:course>8.0</gpxtpx:course>
		</gpxtpx:TrackPointExtension>
	</extensions>
</trkpt>
<trkpt lat="46.0888204" lon="14.3720427">
	<ele>580.09</ele>
	<time>2026-10-01T11:09:50.009Z</time>
	<hdop>3.79</hdop>
	<extensions>
		<gpxtpx:TrackPointExtension>
			<gpxtpx:course>319.0</gpxtpx:course>
		</gpxtpx:TrackPointExtension>
	</extensions>
</trkpt>
<trkpt lat="46.0888651" lon="14.3718727">
	<ele>582.25</ele>
	<time>2026-10-01T11:09:55.009Z</time>
	<hdop>3.79</hdop>
	<extensions>
		<gpxtpx:TrackPointExtension>
			<gpxtpx:course>261.0</gpxtpx:course>
		</gpxtpx:TrackPointExtension>
	</extensions>
</trkpt>
<trkpt lat="46.0887866" lon="14.3717296">
	<ele>584.54</ele>
	<time>2026-10-01T11:10:00.009Z</time>
	<hdop>3.79</hdop>
	<extensions>
		<gpxtpx:TrackPointExtension>
			<gpxtpx:course>223.0</gpxtpx:course>
		</gpxtpx:TrackPointExtension>
	</extensions>
</trkpt>
<trkpt lat="46.0886854" lon="14.3716183">
	<ele>587.12</ele>
	<time>2026-10-01T11:10:05.009Z</time>
	<hdop>3.79</hdop>
	<extensions>
		<gpxtpx:TrackPointExtension>
			<gpxtpx:course>218.0</gpxtpx:course>
		</gpxtpx:TrackPointExtension>
	</extensions>
</trkpt>
<trkpt lat="46.0885909" lon="14.3714940">
	<ele>590.44</ele>
	<time>2026-10-01T11:10:10.009Z</time>
	<hdop>3.79</hdop>
	<extensions>
		<gpxtpx:TrackPointExtension>
			<gpxtpx:course>236.0</gpxtpx:course>
		</gpxtpx:TrackPointExtension>
	</extensions>
</trkpt>
<trkpt lat="46.0885099" lon="14.3713314">
	<ele>594.99</ele>
	<time>2026-10-01T11:10:16.008Z</time>
	<hdop>3.79</hdop>
	<extensions>
		<gpxtpx:TrackPointExtension>
			<gpxtpx:course>240.0</gpxtpx:course>
		</gpxtpx:TrackPointExtension>
	</extensions>
</trkpt>
<trkpt lat="46.0884415" lon="14.3711839">
	<ele>599.07</ele>
	<time>2026-10-01T11:10:21.008Z</time>
	<hdop>3.79</hdop>
	<extensions>
		<gpxtpx:TrackPointExtension>
			<gpxtpx:course>240.0</gpxtpx:course>
		</gpxtpx:TrackPointExtension>
	</extensions>
</trkpt>
<trkpt lat="46.0883816" lon="14.3710387">
	<ele>602.55</ele>
	<time>2026-10-01T11:10:26.008Z</time>
	<hdop>3.79</hdop>
	<extensions>
		<gpxtpx:TrackPointExtension>
			<gpxtpx:course>236.0</gpxtpx:course>
		</gpxtpx:TrackPointExtension>
	</extensions>
</trkpt>
<trkpt lat="46.0883491" lon="14.3708969">
	<ele>605.05</ele>
	<time>2026-10-01T11:10:31.008Z</time>
	<hdop>3.79</hdop>
	<extensions>
		<gpxtpx:TrackPointExtension>
			<gpxtpx:course>266.0</gpxtpx:course>
		</gpxtpx:TrackPointExtension>
	</extensions>
</trkpt>
<trkpt lat="46.0883091" lon="14.3707349">
	<ele>606.72</ele>
	<time>2026-10-01T11:10:36.008Z</time>
	<hdop>3.79</hdop>
	<extensions>
		<gpxtpx:TrackPointExtension>
			<gpxtpx:course>255.0</gpxtpx:course>
		</gpxtpx:TrackPointExtension>
	</extensions>
</trkpt>
<trkpt lat="46.0882718" lon="14.3705768">
	<ele>607.19</ele>
	<time>2026-10-01T11:10:41.009Z</time>
	<hdop>3.79</hdop>
	<extensions>
		<gpxtpx:TrackPointExtension>
			<gpxtpx:course>258.88022</gpxtpx:course>
		</gpxtpx:TrackPointExtension>
	</extensions>
</trkpt>
<trkpt lat="46.0882954" lon="14.3704127">
	<ele>607.60</ele>
	<time>2026-10-01T11:10:46.009Z</time>
	<hdop>3.79</hdop>
	<extensions>
		<gpxtpx:TrackPointExtension>
			<gpxtpx:course>298.27908</gpxtpx:course>
		</gpxtpx:TrackPointExtension>
	</extensions>
</trkpt>
<trkpt lat="46.0883858" lon="14.3702905">
	<ele>608.81</ele>
	<time>2026-10-01T11:10:51.009Z</time>
	<hdop>3.79</hdop>
	<extensions>
		<gpxtpx:TrackPointExtension>
			<gpxtpx:course>322.3783</gpxtpx:course>
		</gpxtpx:TrackPointExtension>
	</extensions>
</trkpt>
<trkpt lat="46.0885012" lon="14.3701897">
	<ele>610.90</ele>
	<time>2026-10-01T11:10:56.009Z</time>
	<hdop>3.79</hdop>
	<extensions>
		<gpxtpx:TrackPointExtension>
			<gpxtpx:course>333.76443</gpxtpx:course>
		</gpxtpx:TrackPointExtension>
	</extensions>
</trkpt>
<trkpt lat="46.0886099" lon="14.3701061">
	<ele>613.51</ele>
	<time>2026-10-01T11:11:01.009Z</time>
	<hdop>3.79</hdop>
	<extensions>
		<gpxtpx:TrackPointExtension>
			<gpxtpx:course>329.0</gpxtpx:course>
		</gpxtpx:TrackPointExtension>
	</extensions>
</trkpt>
<trkpt lat="46.0887037" lon="14.3700309">
	<ele>616.22</ele>
	<time>2026-10-01T11:11:06.009Z</time>
	<hdop>3.79</hdop>
	<extensions>
		<gpxtpx:TrackPointExtension>
			<gpxtpx:course>326.0</gpxtpx:course>
		</gpxtpx:TrackPointExtension>
	</extensions>
</trkpt>
<trkpt lat="46.0888153" lon="14.3699369">
	<ele>619.75</ele>
	<time>2026-10-01T11:11:12.009Z</time>
	<hdop>3.79</hdop>
	<extensions>
		<gpxtpx:TrackPointExtension>
			<gpxtpx:course>335.0</gpxtpx:course>
		</gpxtpx:TrackPointExtension>
	</extensions>
</trkpt>
<trkpt lat="46.0889452" lon="14.3699036">
	<ele>623.28</ele>
	<time>2026-10-01T11:11:18.008Z</time>
	<hdop>3.79</hdop>
	<extensions>
		<gpxtpx:TrackPointExtension>
			<gpxtpx:course>4.0</gpxtpx:course>
		</gpxtpx:TrackPointExtension>
	</extensions>
</trkpt>
<trkpt lat="46.0890613" lon="14.3699272">
	<ele>625.51</ele>
	<time>2026-10-01T11:11:23.009Z</time>
	<hdop>3.79</hdop>
	<extensions>
		<gpxtpx:TrackPointExtension>
			<gpxtpx:course>1.0</gpxtpx:course>
		</gpxtpx:TrackPointExtension>
	</extensions>
</trkpt>
<trkpt lat="46.0891702" lon="14.3699654">
	<ele>626.63</ele>
	<time>2026-10-01T11:11:28.009Z</time>
	<hdop>3.79</hdop>
	<extensions>
		<gpxtpx:TrackPointExtension>
			<gpxtpx:course>11.0</gpxtpx:course>
		</gpxtpx:TrackPointExtension>
	</extensions>
</trkpt>
<trkpt lat="46.0892947" lon="14.3699988">
	<ele>626.81</ele>
	<time>2026-10-01T11:11:33.009Z</time>
	<hdop>3.79</hdop>
	<extensions>
		<gpxtpx:TrackPointExtension>
			<gpxtpx:course>3.0</gpxtpx:course>
		</gpxtpx:TrackPointExtension>
	</extensions>
</trkpt>
<trkpt lat="46.0894233" lon="14.3700264">
	<ele>626.15</ele>
	<time>2026-10-01T11:11:38.009Z</time>
	<hdop>3.79</hdop>
	<extensions>
		<gpxtpx:TrackPointExtension>
			<gpxtpx:course>359.0</gpxtpx:course>
		</gpxtpx:TrackPointExtension>
	</extensions>
</trkpt>
<trkpt lat="46.0895713" lon="14.3699805">
	<ele>626.43</ele>
	<time>2026-10-01T11:11:44.008Z</time>
	<hdop>3.79</hdop>
	<extensions>
		<gpxtpx:TrackPointExtension>
			<gpxtpx:course>340.0</gpxtpx:course>
		</gpxtpx:TrackPointExtension>
	</extensions>
</trkpt>
<trkpt lat="46.0896940" lon="14.3699016">
	<ele>627.79</ele>
	<time>2026-10-01T11:11:49.009Z</time>
	<hdop>3.79</hdop>
	<extensions>
		<gpxtpx:TrackPointExtension>
			<gpxtpx:course>338.0</gpxtpx:course>
		</gpxtpx:TrackPointExtension>
	</extensions>
</trkpt>
<trkpt lat="46.0898144" lon="14.3698118">
	<ele>630.09</ele>
	<time>2026-10-01T11:11:54.010Z</time>
	<hdop>3.79</hdop>
	<extensions>
		<gpxtpx:TrackPointExtension>
			<gpxtpx:course>344.0</gpxtpx:course>
		</gpxtpx:TrackPointExtension>
	</extensions>
</trkpt>
<trkpt lat="46.0899310" lon="14.3697223">
	<ele>633.17</ele>
	<time>2026-10-01T11:11:59.010Z</time>
	<hdop>3.79</hdop>
	<extensions>
		<gpxtpx:TrackPointExtension>
			<gpxtpx:course>320.0</gpxtpx:course>
		</gpxtpx:TrackPointExtension>
	</extensions>
</trkpt>
<trkpt lat="46.0900291" lon="14.3695655">
	<ele>639.61</ele>
	<time>2026-10-01T11:12:05.008Z</time>
	<hdop>3.79</hdop>
	<extensions>
		<gpxtpx:TrackPointExtension>
			<gpxtpx:course>323.0</gpxtpx:course>
		</gpxtpx:TrackPointExtension>
	</extensions>
</trkpt>
<trkpt lat="46.0901520" lon="14.3695047">
	<ele>642.72</ele>
	<time>2026-10-01T11:12:10.009Z</time>
	<hdop>3.79</hdop>
	<extensions>
		<gpxtpx:TrackPointExtension>
			<gpxtpx:course>3.0</gpxtpx:course>
		</gpxtpx:TrackPointExtension>
	</extensions>
</trkpt>
<trkpt lat="46.0903221" lon="14.3695765">
	<ele>640.21</ele>
	<time>2026-10-01T11:12:16.010Z</time>
	<hdop>3.79</hdop>
	<extensions>
		<gpxtpx:TrackPointExtension>
			<gpxtpx:course>16.0</gpxtpx:course>
		</gpxtpx:TrackPointExtension>
	</extensions>
</trkpt>
<trkpt lat="46.0904410" lon="14.3696331">
	<ele>637.85</ele>
	<time>2026-10-01T11:12:21.010Z</time>
	<hdop>3.79</hdop>
	<extensions>
		<gpxtpx:TrackPointExtension>
			<gpxtpx:course>12.0</gpxtpx:course>
		</gpxtpx:TrackPointExtension>
	</extensions>
</trkpt>
<trkpt lat="46.0905835" lon="14.3695576">
	<ele>640.15</ele>
	<time>2026-10-01T11:12:27.008Z</time>
	<hdop>3.79</hdop>
	<extensions>
		<gpxtpx:TrackPointExtension>
			<gpxtpx:course>315.0</gpxtpx:course>
		</gpxtpx:TrackPointExtension>
	</extensions>
</trkpt>
<trkpt lat="46.0906916" lon="14.3694131">
	<ele>644.80</ele>
	<time>2026-10-01T11:12:32.008Z</time>
	<hdop>3.79</hdop>
	<extensions>
		<gpxtpx:TrackPointExtension>
			<gpxtpx:course>315.0</gpxtpx:course>
		</gpxtpx:TrackPointExtension>
	</extensions>
</trkpt>
<trkpt lat="46.0907885" lon="14.3692527">
	<ele>649.04</ele>
	<time>2026-10-01T11:12:37.009Z</time>
	<hdop>3.79</hdop>
	<extensions>
		<gpxtpx:TrackPointExtension>
			<gpxtpx:course>323.0</gpxtpx:course>
		</gpxtpx:TrackPointExtension>
	</extensions>
</trkpt>
<trkpt lat="46.0909175" lon="14.3691596">
	<ele>651.14</ele>
	<time>2026-10-01T11:12:42.009Z</time>
	<hdop>3.79</hdop>
	<extensions>
		<gpxtpx:TrackPointExtension>
			<gpxtpx:course>345.0</gpxtpx:course>
		</gpxtpx:TrackPointExtension>
	</extensions>
</trkpt>
<trkpt lat="46.0910829" lon="14.3691516">
	<ele>651.91</ele>
	<time>2026-10-01T11:12:48.009Z</time>
	<hdop>3.79</hdop>
	<extensions>
		<gpxtpx:TrackPointExtension>
			<gpxtpx:course>1.0</gpxtpx:course>
		</gpxtpx:TrackPointExtension>
	</extensions>
</trkpt>
<trkpt lat="46.0912273" lon="14.3691643">
	<ele>652.41</ele>
	<time>2026-10-01T11:12:54.009Z</time>
	<hdop>3.79</hdop>
	<extensions>
		<gpxtpx:TrackPointExtension>
			<gpxtpx:course>329.0</gpxtpx:course>
		</gpxtpx:TrackPointExtension>
	</extensions>
</trkpt>
<trkpt lat="46.0911535" lon="14.3690170">
	<ele>653.06</ele>
	<time>2026-10-01T11:13:00.009Z</time>
	<hdop>3.79</hdop>
	<extensions>
		<gpxtpx:TrackPointExtension>
			<gpxtpx:course>212.0</gpxtpx:course>
		</gpxtpx:TrackPointExtension>
	</extensions>
</trkpt>
<trkpt lat="46.0910520" lon="14.3688100">
	<ele>653.85</ele>
	<time>2026-10-01T11:13:06.008Z</time>
	<hdop>3.79</hdop>
	<extensions>
		<gpxtpx:TrackPointExtension>
			<gpxtpx:course>241.0</gpxtpx:course>
		</gpxtpx:TrackPointExtension>
	</extensions>
</trkpt>
<trkpt lat="46.0909763" lon="14.3686310">
	<ele>654.83</ele>
	<time>2026-10-01T11:13:11.009Z</time>
	<hdop>3.79</hdop>
	<extensions>
		<gpxtpx:TrackPointExtension>
			<gpxtpx:course>219.0</gpxtpx:course>
		</gpxtpx:TrackPointExtension>
	</extensions>
</trkpt>
<trkpt lat="46.0908599" lon="14.3684135">
	<ele>656.61</ele>
	<time>2026-10-01T11:13:17.008Z</time>
	<hdop>3.79</hdop>
	<extensions>
		<gpxtpx:TrackPointExtension>
			<gpxtpx:course>235.0</gpxtpx:course>
		</gpxtpx:TrackPointExtension>
	</extensions>
</trkpt>
<trkpt lat="46.0907424" lon="14.3681729">
	<ele>657.48</ele>
	<time>2026-10-01T11:13:22.009Z</time>
	<hdop>3.79</hdop>
	<extensions>
		<gpxtpx:TrackPointExtension>
			<gpxtpx:course>243.0</gpxtpx:course>
		</gpxtpx:TrackPointExtension>
	</extensions>
</trkpt>
<trkpt lat="46.0906553" lon="14.3679058">
	<ele>656.70</ele>
	<time>2026-10-01T11:13:27.009Z</time>
	<hdop>3.79</hdop>
	<extensions>
		<gpxtpx:TrackPointExtension>
			<gpxtpx:course>255.0</gpxtpx:course>
		</gpxtpx:TrackPointExtension>
	</extensions>
</trkpt>
<trkpt lat="46.0905985" lon="14.3676198">
	<ele>655.48</ele>
	<time>2026-10-01T11:13:32.009Z</time>
	<hdop>3.79</hdop>
	<extensions>
		<gpxtpx:TrackPointExtension>
			<gpxtpx:course>264.0</gpxtpx:course>
		</gpxtpx:TrackPointExtension>
	</extensions>
</trkpt>
<trkpt lat="46.0905220" lon="14.3672802">
	<ele>655.63</ele>
	<time>2026-10-01T11:13:38.008Z</time>
	<hdop>3.79</hdop>
	<extensions>
		<gpxtpx:TrackPointExtension>
			<gpxtpx:course>252.0</gpxtpx:course>
		</gpxtpx:TrackPointExtension>
	</extensions>
</trkpt>
<trkpt lat="46.0904496" lon="14.3669768">
	<ele>657.11</ele>
	<time>2026-10-01T11:13:43.008Z</time>
	<hdop>3.79</hdop>
	<extensions>
		<gpxtpx:TrackPointExtension>
			<gpxtpx:course>245.0</gpxtpx:course>
		</gpxtpx:TrackPointExtension>
	</extensions>
</trkpt>
<trkpt lat="46.0903480" lon="14.3667149">
	<ele>660.37</ele>
	<time>2026-10-01T11:13:48.008Z</time>
	<hdop>3.79</hdop>
	<extensions>
		<gpxtpx:TrackPointExtension>
			<gpxtpx:course>236.0</gpxtpx:course>
		</gpxtpx:TrackPointExtension>
	</extensions>
</trkpt>
<trkpt lat="46.0901959" lon="14.3665242">
	<ele>664.71</ele>
	<time>2026-10-01T11:13:53.009Z</time>
	<hdop>3.79</hdop>
	<extensions>
		<gpxtpx:TrackPointExtension>
			<gpxtpx:course>227.0</gpxtpx:course>
		</gpxtpx:TrackPointExtension>
	</extensions>
</trkpt>
<trkpt lat="46.0900745" lon="14.3662797">
	<ele>666.55</ele>
	<time>2026-10-01T11:13:58.009Z</time>
	<hdop>3.79</hdop>
	<extensions>
		<gpxtpx:TrackPointExtension>
			<gpxtpx:course>241.0</gpxtpx:course>
		</gpxtpx:TrackPointExtension>
	</extensions>
</trkpt>
<trkpt lat="46.0899753" lon="14.3659951">
	<ele>666.43</ele>
	<time>2026-10-01T11:14:03.009Z</time>
	<hdop>3.79</hdop>
	<extensions>
		<gpxtpx:TrackPointExtension>
			<gpxtpx:course>244.0</gpxtpx:course>
		</gpxtpx:TrackPointExtension>
	</extensions>
</trkpt>
<trkpt lat="46.0898486" lon="14.3657013">
	<ele>664.71</ele>
	<time>2026-10-01T11:14:09.009Z</time>
	<hdop>3.79</hdop>
	<extensions>
		<gpxtpx:TrackPointExtension>
			<gpxtpx:course>233.0</gpxtpx:course>
		</gpxtpx:TrackPointExtension>
	</extensions>
</trkpt>
<trkpt lat="46.0897063" lon="14.3654294">
	<ele>660.99</ele>
	<time>2026-10-01T11:14:14.010Z</time>
	<hdop>3.79</hdop>
	<extensions>
		<gpxtpx:TrackPointExtension>
			<gpxtpx:course>249.0</gpxtpx:course>
		</gpxtpx:TrackPointExtension>
	</extensions>
</trkpt>
<trkpt lat="46.0896114" lon="14.3651066">
	<ele>658.38</ele>
	<time>2026-10-01T11:14:20.010Z</time>
	<hdop>3.79</hdop>
	<extensions>
		<gpxtpx:TrackPointExtension>
			<gpxtpx:course>243.0</gpxtpx:course>
		</gpxtpx:TrackPointExtension>
	</extensions>
</trkpt>
<trkpt lat="46.0895216" lon="14.3647581">
	<ele>660.88</ele>
	<time>2026-10-01T11:14:26.008Z</time>
	<hdop>3.79</hdop>
	<extensions>
		<gpxtpx:TrackPointExtension>
			<gpxtpx:course>249.0</gpxtpx:course>
		</gpxtpx:TrackPointExtension>
	</extensions>
</trkpt>
<trkpt lat="46.0894700" lon="14.3645113">
	<ele>665.82</ele>
	<time>2026-10-01T11:14:31.008Z</time>
	<hdop>3.79</hdop>
	<extensions>
		<gpxtpx:TrackPointExtension>
			<gpxtpx:course>261.0</gpxtpx:course>
		</gpxtpx:TrackPointExtension>
	</extensions>
</trkpt>
<trkpt lat="46.0894318" lon="14.3642462">
	<ele>671.55</ele>
	<time>2026-10-01T11:14:36.008Z</time>
	<hdop>3.79</hdop>
	<extensions>
		<gpxtpx:TrackPointExtension>
			<gpxtpx:course>266.0</gpxtpx:course>
		</gpxtpx:TrackPointExtension>
	</extensions>
</trkpt>
<trkpt lat="46.0894099" lon="14.3639782">
	<ele>676.01</ele>
	<time>2026-10-01T11:14:41.008Z</time>
	<hdop>3.79</hdop>
	<extensions>
		<gpxtpx:TrackPointExtension>
			<gpxtpx:course>254.0</gpxtpx:course>
		</gpxtpx:TrackPointExtension>
	</extensions>
</trkpt>
<trkpt lat="46.0893629" lon="14.3637168">
	<ele>680.31</ele>
	<time>2026-10-01T11:14:46.009Z</time>
	<hdop>3.79</hdop>
	<extensions>
		<gpxtpx:TrackPointExtension>
			<gpxtpx:course>256.0</gpxtpx:course>
		</gpxtpx:TrackPointExtension>
	</extensions>
</trkpt>
<trkpt lat="46.0892960" lon="14.3634441">
	<ele>684.60</ele>
	<time>2026-10-01T11:14:51.010Z</time>
	<hdop>3.79</hdop>
	<extensions>
		<gpxtpx:TrackPointExtension>
			<gpxtpx:course>241.0</gpxtpx:course>
		</gpxtpx:TrackPointExtension>
	</extensions>
</trkpt>
<trkpt lat="46.0892003" lon="14.3631738">
	<ele>687.45</ele>
	<time>2026-10-01T11:14:57.008Z</time>
	<hdop>3.79</hdop>
	<extensions>
		<gpxtpx:TrackPointExtension>
			<gpxtpx:course>236.0</gpxtpx:course>
		</gpxtpx:TrackPointExtension>
	</extensions>
</trkpt>
<trkpt lat="46.0891284" lon="14.3629970">
	<ele>687.92</ele>
	<time>2026-10-01T11:15:02.009Z</time>
	<hdop>3.79</hdop>
	<extensions>
		<gpxtpx:TrackPointExtension>
			<gpxtpx:course>243.0</gpxtpx:course>
		</gpxtpx:TrackPointExtension>
	</extensions>
</trkpt>
<trkpt lat="46.0890424" lon="14.3627200">
	<ele>688.02</ele>
	<time>2026-10-01T11:15:08.008Z</time>
	<hdop>3.79</hdop>
	<extensions>
		<gpxtpx:TrackPointExtension>
			<gpxtpx:course>241.0</gpxtpx:course>
		</gpxtpx:TrackPointExtension>
	</extensions>
</trkpt>
<trkpt lat="46.0889732" lon="14.3625093">
	<ele>689.24</ele>
	<time>2026-10-01T11:15:13.009Z</time>
	<hdop>3.79</hdop>
	<extensions>
		<gpxtpx:TrackPointExtension>
			<gpxtpx:course>257.0</gpxtpx:course>
		</gpxtpx:TrackPointExtension>
	</extensions>
</trkpt>
<trkpt lat="46.0889750" lon="14.3623453">
	<ele>689.77</ele>
	<time>2026-10-01T11:15:35.009Z</time>
	<hdop>3.79</hdop>
	<extensions>
		<gpxtpx:TrackPointExtension>
			<gpxtpx:course>275.0</gpxtpx:course>
		</gpxtpx:TrackPointExtension>
	</extensions>
</trkpt>
<trkpt lat="46.0889720" lon="14.3620376">
	<ele>690.21</ele>
	<time>2026-10-01T11:15:41.009Z</time>
	<hdop>3.79</hdop>
	<extensions>
		<gpxtpx:TrackPointExtension>
			<gpxtpx:course>270.0</gpxtpx:course>
		</gpxtpx:TrackPointExtension>
	</extensions>
</trkpt>
<trkpt lat="46.0890029" lon="14.3617030">
	<ele>687.83</ele>
	<time>2026-10-01T11:15:47.009Z</time>
	<hdop>3.79</hdop>
	<extensions>
		<gpxtpx:TrackPointExtension>
			<gpxtpx:course>272.0</gpxtpx:course>
		</gpxtpx:TrackPointExtension>
	</extensions>
</trkpt>
<trkpt lat="46.0890250" lon="14.3614309">
	<ele>684.64</ele>
	<time>2026-10-01T11:15:53.009Z</time>
	<hdop>3.79</hdop>
	<extensions>
		<gpxtpx:TrackPointExtension>
			<gpxtpx:course>269.0</gpxtpx:course>
		</gpxtpx:TrackPointExtension>
	</extensions>
</trkpt>
<trkpt lat="46.0890046" lon="14.3612965">
	<ele>684.50</ele>
	<time>2026-10-01T11:16:03.009Z</time>
	<hdop>3.79</hdop>
	<extensions>
		<gpxtpx:TrackPointExtension>
			<gpxtpx:course>255.0</gpxtpx:course>
		</gpxtpx:TrackPointExtension>
	</extensions>
</trkpt>
<trkpt lat="46.0888891" lon="14.3610679">
	<ele>688.27</ele>
	<time>2026-10-01T11:16:09.010Z</time>
	<hdop>3.79</hdop>
	<extensions>
		<gpxtpx:TrackPointExtension>
			<gpxtpx:course>233.0</gpxtpx:course>
		</gpxtpx:TrackPointExtension>
	</extensions>
</trkpt>
<trkpt lat="46.0888602" lon="14.3607939">
	<ele>685.62</ele>
	<time>2026-10-01T11:16:15.009Z</time>
	<hdop>3.79</hdop>
	<extensions>
		<gpxtpx:TrackPointExtension>
			<gpxtpx:course>269.0</gpxtpx:course>
		</gpxtpx:TrackPointExtension>
	</extensions>
</trkpt>
<trkpt lat="46.0887853" lon="14.3605237">
	<ele>682.12</ele>
	<time>2026-10-01T11:16:21.008Z</time>
	<hdop>3.79</hdop>
	<extensions>
		<gpxtpx:TrackPointExtension>
			<gpxtpx:course>223.0</gpxtpx:course>
		</gpxtpx:TrackPointExtension>
	</extensions>
</trkpt>
<trkpt lat="46.0886023" lon="14.3603716">
	<ele>686.83</ele>
	<time>2026-10-01T11:16:26.009Z</time>
	<hdop>3.79</hdop>
	<extensions>
		<gpxtpx:TrackPointExtension>
			<gpxtpx:course>209.0</gpxtpx:course>
		</gpxtpx:TrackPointExtension>
	</extensions>
</trkpt>
<trkpt lat="46.0884547" lon="14.3601382">
	<ele>687.16</ele>
	<time>2026-10-01T11:16:31.009Z</time>
	<hdop>3.84</hdop>
	<extensions>
		<gpxtpx:TrackPointExtension>
			<gpxtpx:course>245.0</gpxtpx:course>
		</gpxtpx:TrackPointExtension>
	</extensions>
</trkpt>
<trkpt lat="46.0883541" lon="14.3599501">
	<ele>686.79</ele>
	<time>2026-10-01T11:16:36.009Z</time>
	<hdop>3.79</hdop>
	<extensions>
		<gpxtpx:TrackPointExtension>
			<gpxtpx:course>222.0</gpxtpx:course>
		</gpxtpx:TrackPointExtension>
	</extensions>
</trkpt>
<trkpt lat="46.0881826" lon="14.3598235">
	<ele>692.89</ele>
	<time>2026-10-01T11:16:41.009Z</time>
	<hdop>3.79</hdop>
	<extensions>
		<gpxtpx:TrackPointExtension>
			<gpxtpx:course>223.0</gpxtpx:course>
		</gpxtpx:TrackPointExtension>
	</extensions>
</trkpt>
<trkpt lat="46.0881311" lon="14.3595151">
	<ele>692.64</ele>
	<time>2026-10-01T11:16:46.009Z</time>
	<hdop>3.79</hdop>
	<extensions>
		<gpxtpx:TrackPointExtension>
			<gpxtpx:course>292.0</gpxtpx:course>
		</gpxtpx:TrackPointExtension>
	</extensions>
</trkpt>
<trkpt lat="46.0882160" lon="14.3591147">
	<ele>683.67</ele>
	<time>2026-10-01T11:16:52.008Z</time>
	<hdop>3.79</hdop>
	<extensions>
		<gpxtpx:TrackPointExtension>
			<gpxtpx:course>290.0</gpxtpx:course>
		</gpxtpx:TrackPointExtension>
	</extensions>
</trkpt>
<trkpt lat="46.0883118" lon="14.3588240">
	<ele>679.49</ele>
	<time>2026-10-01T11:16:57.010Z</time>
	<hdop>3.79</hdop>
	<extensions>
		<gpxtpx:TrackPointExtension>
			<gpxtpx:course>299.0</gpxtpx:course>
		</gpxtpx:TrackPointExtension>
	</extensions>
</trkpt>
<trkpt lat="46.0882671" lon="14.3585230">
	<ele>684.32</ele>
	<time>2026-10-01T11:17:02.010Z</time>
	<hdop>3.79</hdop>
	<extensions>
		<gpxtpx:TrackPointExtension>
			<gpxtpx:course>246.0</gpxtpx:course>
		</gpxtpx:TrackPointExtension>
	</extensions>
</trkpt>
<trkpt lat="46.0881449" lon="14.3582413">
	<ele>689.14</ele>
	<time>2026-10-01T11:17:08.009Z</time>
	<hdop>3.79</hdop>
	<extensions>
		<gpxtpx:TrackPointExtension>
			<gpxtpx:course>209.0</gpxtpx:course>
		</gpxtpx:TrackPointExtension>
	</extensions>
</trkpt>
<trkpt lat="46.0879842" lon="14.3579122">
	<ele>690.52</ele>
	<time>2026-10-01T11:17:14.010Z</time>
	<hdop>3.79</hdop>
	<extensions>
		<gpxtpx:TrackPointExtension>
			<gpxtpx:course>254.0</gpxtpx:course>
		</gpxtpx:TrackPointExtension>
	</extensions>
</trkpt>
<trkpt lat="46.0878586" lon="14.3576355">
	<ele>688.71</ele>
	<time>2026-10-01T11:17:20.008Z</time>
	<hdop>3.79</hdop>
	<extensions>
		<gpxtpx:TrackPointExtension>
			<gpxtpx:course>224.0</gpxtpx:course>
		</gpxtpx:TrackPointExtension>
	</extensions>
</trkpt>
<trkpt lat="46.0877699" lon="14.3573469">
	<ele>690.88</ele>
	<time>2026-10-01T11:17:25.010Z</time>
	<hdop>3.79</hdop>
	<extensions>
		<gpxtpx:TrackPointExtension>
			<gpxtpx:course>271.0</gpxtpx:course>
		</gpxtpx:TrackPointExtension>
	</extensions>
</trkpt>
<trkpt lat="46.0877189" lon="14.3570652">
	<ele>695.26</ele>
	<time>2026-10-01T11:17:30.010Z</time>
	<hdop>3.79</hdop>
	<extensions>
		<gpxtpx:TrackPointExtension>
			<gpxtpx:course>269.0</gpxtpx:course>
		</gpxtpx:TrackPointExtension>
	</extensions>
</trkpt>
<trkpt lat="46.0877786" lon="14.3568209">
	<ele>693.01</ele>
	<time>2026-10-01T11:17:36.009Z</time>
	<hdop>3.79</hdop>
	<extensions>
		<gpxtpx:TrackPointExtension>
			<gpxtpx:course>303.0</gpxtpx:course>
		</gpxtpx:TrackPointExtension>
	</extensions>
</trkpt>
<trkpt lat="46.0878030" lon="14.3566549">
	<ele>691.04</ele>
	<time>2026-10-01T11:17:42.009Z</time>
	<hdop>3.79</hdop>
	<extensions>
		<gpxtpx:TrackPointExtension>
			<gpxtpx:course>281.0</gpxtpx:course>
		</gpxtpx:TrackPointExtension>
	</extensions>
</trkpt>
<trkpt lat="46.0878045" lon="14.3564420">
	<ele>689.08</ele>
	<time>2026-10-01T11:17:47.010Z</time>
	<hdop>3.79</hdop>
	<extensions>
		<gpxtpx:TrackPointExtension>
			<gpxtpx:course>256.0</gpxtpx:course>
		</gpxtpx:TrackPointExtension>
	</extensions>
</trkpt>
<trkpt lat="46.0876663" lon="14.3562583">
	<ele>696.33</ele>
	<time>2026-10-01T11:17:52.010Z</time>
	<hdop>3.79</hdop>
	<extensions>
		<gpxtpx:TrackPointExtension>
			<gpxtpx:course>222.0</gpxtpx:course>
		</gpxtpx:TrackPointExtension>
	</extensions>
</trkpt>
<trkpt lat="46.0875685" lon="14.3560603">
	<ele>700.92</ele>
	<time>2026-10-01T11:17:57.010Z</time>
	<hdop>3.79</hdop>
	<extensions>
		<gpxtpx:TrackPointExtension>
			<gpxtpx:course>249.0</gpxtpx:course>
		</gpxtpx:TrackPointExtension>
	</extensions>
</trkpt>
<trkpt lat="46.0875357" lon="14.3558149">
	<ele>700.25</ele>
	<time>2026-10-01T11:18:02.010Z</time>
	<hdop>3.79</hdop>
	<extensions>
		<gpxtpx:TrackPointExtension>
			<gpxtpx:course>238.0</gpxtpx:course>
		</gpxtpx:TrackPointExtension>
	</extensions>
</trkpt>
<trkpt lat="46.0874617" lon="14.3557216">
	<ele>704.77</ele>
	<time>2026-10-01T11:18:10.009Z</time>
	<hdop>3.79</hdop>
	<extensions>
		<gpxtpx:TrackPointExtension>
			<gpxtpx:course>238.0</gpxtpx:course>
		</gpxtpx:TrackPointExtension>
	</extensions>
</trkpt>
<trkpt lat="46.0874139" lon="14.3556032">
	<ele>707.57</ele>
	<time>2026-10-01T11:18:48.009Z</time>
	<hdop>3.79</hdop>
	<extensions>
		<gpxtpx:TrackPointExtension>
			<gpxtpx:course>206.0</gpxtpx:course>
		</gpxtpx:TrackPointExtension>
	</extensions>
</trkpt>
<trkpt lat="46.0873317" lon="14.3555015">
	<ele>713.02</ele>
	<time>2026-10-01T11:18:53.010Z</time>
	<hdop>3.79</hdop>
	<extensions>
		<gpxtpx:TrackPointExtension>
			<gpxtpx:course>217.0</gpxtpx:course>
		</gpxtpx:TrackPointExtension>
	</extensions>
</trkpt>
<trkpt lat="46.0872414" lon="14.3553540">
	<ele>719.09</ele>
	<time>2026-10-01T11:18:59.009Z</time>
	<hdop>3.79</hdop>
	<extensions>
		<gpxtpx:TrackPointExtension>
			<gpxtpx:course>237.0</gpxtpx:course>
		</gpxtpx:TrackPointExtension>
	</extensions>
</trkpt>
<trkpt lat="46.0872153" lon="14.3552250">
	<ele>720.34</ele>
	<time>2026-10-01T11:19:04.009Z</time>
	<hdop>3.79</hdop>
	<extensions>
		<gpxtpx:TrackPointExtension>
			<gpxtpx:course>276.0</gpxtpx:course>
		</gpxtpx:TrackPointExtension>
	</extensions>
</trkpt>
<trkpt lat="46.0872472" lon="14.3550787">
	<ele>716.48</ele>
	<time>2026-10-01T11:19:09.010Z</time>
	<hdop>3.79</hdop>
	<extensions>
		<gpxtpx:TrackPointExtension>
			<gpxtpx:course>291.07632</gpxtpx:course>
		</gpxtpx:TrackPointExtension>
	</extensions>
</trkpt>
<trkpt lat="46.0872119" lon="14.3549400">
	<ele>715.67</ele>
	<time>2026-10-01T11:19:14.010Z</time>
	<hdop>3.79</hdop>
	<extensions>
		<gpxtpx:TrackPointExtension>
			<gpxtpx:course>234.0</gpxtpx:course>
		</gpxtpx:TrackPointExtension>
	</extensions>
</trkpt>
<trkpt lat="46.0870751" lon="14.3548271">
	<ele>721.65</ele>
	<time>2026-10-01T11:19:20.009Z</time>
	<hdop>3.79</hdop>
	<extensions>
		<gpxtpx:TrackPointExtension>
			<gpxtpx:course>215.0</gpxtpx:course>
		</gpxtpx:TrackPointExtension>
	</extensions>
</trkpt>
<trkpt lat="46.0869956" lon="14.3547124">
	<ele>723.68</ele>
	<time>2026-10-01T11:19:25.009Z</time>
	<hdop>3.79</hdop>
	<extensions>
		<gpxtpx:TrackPointExtension>
			<gpxtpx:course>244.0</gpxtpx:course>
		</gpxtpx:TrackPointExtension>
	</extensions>
</trkpt>
<trkpt lat="46.0869092" lon="14.3545087">
	<ele>722.20</ele>
	<time>2026-10-01T11:19:30.010Z</time>
	<hdop>3.79</hdop>
	<extensions>
		<gpxtpx:TrackPointExtension>
			<gpxtpx:course>251.0</gpxtpx:course>
		</gpxtpx:TrackPointExtension>
	</extensions>
</trkpt>
<trkpt lat="46.0867926" lon="14.3543183">
	<ele>722.45</ele>
	<time>2026-10-01T11:19:36.008Z</time>
	<hdop>3.79</hdop>
	<extensions>
		<gpxtpx:TrackPointExtension>
			<gpxtpx:course>217.0</gpxtpx:course>
		</gpxtpx:TrackPointExtension>
	</extensions>
</trkpt>
<trkpt lat="46.0866862" lon="14.3541971">
	<ele>724.74</ele>
	<time>2026-10-01T11:19:41.009Z</time>
	<hdop>3.79</hdop>
	<extensions>
		<gpxtpx:TrackPointExtension>
			<gpxtpx:course>221.0</gpxtpx:course>
		</gpxtpx:TrackPointExtension>
	</extensions>
</trkpt>
<trkpt lat="46.0865763" lon="14.3540708">
	<ele>726.94</ele>
	<time>2026-10-01T11:19:46.010Z</time>
	<hdop>3.79</hdop>
	<extensions>
		<gpxtpx:TrackPointExtension>
			<gpxtpx:course>213.0</gpxtpx:course>
		</gpxtpx:TrackPointExtension>
	</extensions>
</trkpt>
<trkpt lat="46.0864536" lon="14.3539553">
	<ele>730.83</ele>
	<time>2026-10-01T11:19:52.009Z</time>
	<hdop>3.79</hdop>
	<extensions>
		<gpxtpx:TrackPointExtension>
			<gpxtpx:course>218.0</gpxtpx:course>
		</gpxtpx:TrackPointExtension>
	</extensions>
</trkpt>
<trkpt lat="46.0864098" lon="14.3537805">
	<ele>731.32</ele>
	<time>2026-10-01T11:19:57.009Z</time>
	<hdop>4.02</hdop>
	<extensions>
		<gpxtpx:TrackPointExtension>
			<gpxtpx:course>263.0</gpxtpx:course>
		</gpxtpx:TrackPointExtension>
	</extensions>
</trkpt>
<trkpt lat="46.0863743" lon="14.3535900">
	<ele>731.79</ele>
	<time>2026-10-01T11:20:02.010Z</time>
	<hdop>3.79</hdop>
	<extensions>
		<gpxtpx:TrackPointExtension>
			<gpxtpx:course>251.0</gpxtpx:course>
		</gpxtpx:TrackPointExtension>
	</extensions>
</trkpt>
<trkpt lat="46.0863113" lon="14.3533791">
	<ele>733.96</ele>
	<time>2026-10-01T11:20:08.008Z</time>
	<hdop>3.79</hdop>
	<extensions>
		<gpxtpx:TrackPointExtension>
			<gpxtpx:course>227.0</gpxtpx:course>
		</gpxtpx:TrackPointExtension>
	</extensions>
</trkpt>
<trkpt lat="46.0862437" lon="14.3532192">
	<ele>736.36</ele>
	<time>2026-10-01T11:20:13.009Z</time>
	<hdop>3.79</hdop>
	<extensions>
		<gpxtpx:TrackPointExtension>
			<gpxtpx:course>228.0</gpxtpx:course>
		</gpxtpx:TrackPointExtension>
	</extensions>
</trkpt>
<trkpt lat="46.0861743" lon="14.3530509">
	<ele>737.65</ele>
	<time>2026-10-01T11:20:18.009Z</time>
	<hdop>3.79</hdop>
	<extensions>
		<gpxtpx:TrackPointExtension>
			<gpxtpx:course>242.0</gpxtpx:course>
		</gpxtpx:TrackPointExtension>
	</extensions>
</trkpt>
<trkpt lat="46.0861113" lon="14.3528768">
	<ele>737.77</ele>
	<time>2026-10-01T11:20:23.009Z</time>
	<hdop>3.79</hdop>
	<extensions>
		<gpxtpx:TrackPointExtension>
			<gpxtpx:course>252.0</gpxtpx:course>
		</gpxtpx:TrackPointExtension>
	</extensions>
</trkpt>
<trkpt lat="46.0860892" lon="14.3527232">
	<ele>736.16</ele>
	<time>2026-10-01T11:20:28.009Z</time>
	<hdop>3.79</hdop>
	<extensions>
		<gpxtpx:TrackPointExtension>
			<gpxtpx:course>256.0</gpxtpx:course>
		</gpxtpx:TrackPointExtension>
	</extensions>
</trkpt>
<trkpt lat="46.0860615" lon="14.3525229">
	<ele>734.61</ele>
	<time>2026-10-01T11:20:33.009Z</time>
	<hdop>3.79</hdop>
	<extensions>
		<gpxtpx:TrackPointExtension>
			<gpxtpx:course>254.0</gpxtpx:course>
		</gpxtpx:TrackPointExtension>
	</extensions>
</trkpt>
<trkpt lat="46.0860136" lon="14.3523563">
	<ele>735.10</ele>
	<time>2026-10-01T11:20:38.009Z</time>
	<hdop>3.79</hdop>
	<extensions>
		<gpxtpx:TrackPointExtension>
			<gpxtpx:course>261.0</gpxtpx:course>
		</gpxtpx:TrackPointExtension>
	</extensions>
</trkpt>
<trkpt lat="46.0860320" lon="14.3522225">
	<ele>733.88</ele>
	<time>2026-10-01T11:23:46.010Z</time>
	<hdop>3.79</hdop>
	<extensions>
		<gpxtpx:TrackPointExtension>
			<gpxtpx:course>291.0</gpxtpx:course>
		</gpxtpx:TrackPointExtension>
	</extensions>
</trkpt>
<trkpt lat="46.0860468" lon="14.3520557">
	<ele>733.10</ele>
	<time>2026-10-01T11:23:51.010Z</time>
	<hdop>3.79</hdop>
	<extensions>
		<gpxtpx:TrackPointExtension>
			<gpxtpx:course>273.0</gpxtpx:course>
		</gpxtpx:TrackPointExtension>
	</extensions>
</trkpt>
<trkpt lat="46.0860932" lon="14.3518350">
	<ele>732.93</ele>
	<time>2026-10-01T11:23:57.009Z</time>
	<hdop>3.79</hdop>
	<extensions>
		<gpxtpx:TrackPointExtension>
			<gpxtpx:course>296.0</gpxtpx:course>
		</gpxtpx:TrackPointExtension>
	</extensions>
</trkpt>
<trkpt lat="46.0861381" lon="14.3516522">
	<ele>733.87</ele>
	<time>2026-10-01T11:24:02.009Z</time>
	<hdop>3.79</hdop>
	<extensions>
		<gpxtpx:TrackPointExtension>
			<gpxtpx:course>250.0</gpxtpx:course>
		</gpxtpx:TrackPointExtension>
	</extensions>
</trkpt>
<trkpt lat="46.0861435" lon="14.3514358">
	<ele>736.11</ele>
	<time>2026-10-01T11:24:07.010Z</time>
	<hdop>3.79</hdop>
	<extensions>
		<gpxtpx:TrackPointExtension>
			<gpxtpx:course>252.0</gpxtpx:course>
		</gpxtpx:TrackPointExtension>
	</extensions>
</trkpt>
<trkpt lat="46.0861787" lon="14.3512200">
	<ele>739.91</ele>
	<time>2026-10-01T11:24:12.010Z</time>
	<hdop>3.79</hdop>
	<extensions>
		<gpxtpx:TrackPointExtension>
			<gpxtpx:course>267.0</gpxtpx:course>
		</gpxtpx:TrackPointExtension>
	</extensions>
</trkpt>
<trkpt lat="46.0861425" lon="14.3510588">
	<ele>740.77</ele>
	<time>2026-10-01T11:24:17.010Z</time>
	<hdop>3.79</hdop>
	<extensions>
		<gpxtpx:TrackPointExtension>
			<gpxtpx:course>252.0</gpxtpx:course>
		</gpxtpx:TrackPointExtension>
	</extensions>
</trkpt>
<trkpt lat="46.0861998" lon="14.3509061">
	<ele>742.90</ele>
	<time>2026-10-01T11:24:22.010Z</time>
	<hdop>3.79</hdop>
	<extensions>
		<gpxtpx:TrackPointExtension>
			<gpxtpx:course>306.0</gpxtpx:course>
		</gpxtpx:TrackPointExtension>
	</extensions>
</trkpt>
<trkpt lat="46.0863191" lon="14.3507544">
	<ele>746.58</ele>
	<time>2026-10-01T11:24:28.010Z</time>
	<hdop>3.79</hdop>
	<extensions>
		<gpxtpx:TrackPointExtension>
			<gpxtpx:course>324.0</gpxtpx:course>
		</gpxtpx:TrackPointExtension>
	</extensions>
</trkpt>
<trkpt lat="46.0864448" lon="14.3505968">
	<ele>749.27</ele>
	<time>2026-10-01T11:24:34.010Z</time>
	<hdop>3.79</hdop>
	<extensions>
		<gpxtpx:TrackPointExtension>
			<gpxtpx:course>329.0</gpxtpx:course>
		</gpxtpx:TrackPointExtension>
	</extensions>
</trkpt>
<trkpt lat="46.0865356" lon="14.3504492">
	<ele>749.71</ele>
	<time>2026-10-01T11:24:39.010Z</time>
	<hdop>3.79</hdop>
	<extensions>
		<gpxtpx:TrackPointExtension>
			<gpxtpx:course>312.0</gpxtpx:course>
		</gpxtpx:TrackPointExtension>
	</extensions>
</trkpt>
<trkpt lat="46.0865848" lon="14.3502555">
	<ele>747.96</ele>
	<time>2026-10-01T11:24:44.010Z</time>
	<hdop>3.84</hdop>
	<extensions>
		<gpxtpx:TrackPointExtension>
			<gpxtpx:course>276.0</gpxtpx:course>
		</gpxtpx:TrackPointExtension>
	</extensions>
</trkpt>
<trkpt lat="46.0865931" lon="14.3500456">
	<ele>745.10</ele>
	<time>2026-10-01T11:24:49.010Z</time>
	<hdop>3.79</hdop>
	<extensions>
		<gpxtpx:TrackPointExtension>
			<gpxtpx:course>282.0</gpxtpx:course>
		</gpxtpx:TrackPointExtension>
	</extensions>
</trkpt>
<trkpt lat="46.0865940" lon="14.3498728">
	<ele>744.12</ele>
	<time>2026-10-01T11:25:17.010Z</time>
	<hdop>4.41</hdop>
	<extensions>
		<gpxtpx:TrackPointExtension>
			<gpxtpx:course>276.0</gpxtpx:course>
		</gpxtpx:TrackPointExtension>
	</extensions>
</trkpt>
<trkpt lat="46.0866348" lon="14.3496839">
	<ele>745.38</ele>
	<time>2026-10-01T11:25:22.010Z</time>
	<hdop>3.79</hdop>
	<extensions>
		<gpxtpx:TrackPointExtension>
			<gpxtpx:course>271.0</gpxtpx:course>
		</gpxtpx:TrackPointExtension>
	</extensions>
</trkpt>
<trkpt lat="46.0865489" lon="14.3494688">
	<ele>742.34</ele>
	<time>2026-10-01T11:25:27.011Z</time>
	<hdop>3.79</hdop>
	<extensions>
		<gpxtpx:TrackPointExtension>
			<gpxtpx:course>236.0</gpxtpx:course>
		</gpxtpx:TrackPointExtension>
	</extensions>
</trkpt>
<trkpt lat="46.0865000" lon="14.3492068">
	<ele>738.39</ele>
	<time>2026-10-01T11:25:33.010Z</time>
	<hdop>3.79</hdop>
	<extensions>
		<gpxtpx:TrackPointExtension>
			<gpxtpx:course>269.0</gpxtpx:course>
		</gpxtpx:TrackPointExtension>
	</extensions>
</trkpt>
<trkpt lat="46.0864939" lon="14.3489400">
	<ele>733.65</ele>
	<time>2026-10-01T11:25:39.010Z</time>
	<hdop>3.79</hdop>
	<extensions>
		<gpxtpx:TrackPointExtension>
			<gpxtpx:course>252.0</gpxtpx:course>
		</gpxtpx:TrackPointExtension>
	</extensions>
</trkpt>
<trkpt lat="46.0864376" lon="14.3487370">
	<ele>725.93</ele>
	<time>2026-10-01T11:26:02.010Z</time>
	<hdop>3.79</hdop>
	<extensions>
		<gpxtpx:TrackPointExtension>
			<gpxtpx:course>255.0</gpxtpx:course>
		</gpxtpx:TrackPointExtension>
	</extensions>
</trkpt>
<trkpt lat="46.0865291" lon="14.3486966">
	<ele>727.50</ele>
	<time>2026-10-01T11:26:33.009Z</time>
	<hdop>3.79</hdop>
	<extensions>
		<gpxtpx:TrackPointExtension>
			<gpxtpx:course>334.0</gpxtpx:course>
		</gpxtpx:TrackPointExtension>
	</extensions>
</trkpt>
<trkpt lat="46.0866809" lon="14.3486656">
	<ele>728.12</ele>
	<time>2026-10-01T11:26:38.009Z</time>
	<hdop>3.79</hdop>
	<extensions>
		<gpxtpx:TrackPointExtension>
			<gpxtpx:course>0.0</gpxtpx:course>
		</gpxtpx:TrackPointExtension>
	</extensions>
</trkpt>
<trkpt lat="46.0868297" lon="14.3486004">
	<ele>724.51</ele>
	<time>2026-10-01T11:26:43.010Z</time>
	<hdop>3.79</hdop>
	<extensions>
		<gpxtpx:TrackPointExtension>
			<gpxtpx:course>338.0</gpxtpx:course>
		</gpxtpx:TrackPointExtension>
	</extensions>
</trkpt>
<trkpt lat="46.0870087" lon="14.3484873">
	<ele>717.10</ele>
	<time>2026-10-01T11:26:48.010Z</time>
	<hdop>3.79</hdop>
	<extensions>
		<gpxtpx:TrackPointExtension>
			<gpxtpx:course>328.0</gpxtpx:course>
		</gpxtpx:TrackPointExtension>
	</extensions>
</trkpt>
<trkpt lat="46.0871862" lon="14.3484438">
	<ele>710.53</ele>
	<time>2026-10-01T11:26:54.010Z</time>
	<hdop>3.79</hdop>
	<extensions>
		<gpxtpx:TrackPointExtension>
			<gpxtpx:course>0.0</gpxtpx:course>
		</gpxtpx:TrackPointExtension>
	</extensions>
</trkpt>
<trkpt lat="46.0872715" lon="14.3483789">
	<ele>707.17</ele>
	<time>2026-10-01T11:26:59.010Z</time>
	<hdop>3.79</hdop>
	<extensions>
		<gpxtpx:TrackPointExtension>
			<gpxtpx:course>299.0</gpxtpx:course>
		</gpxtpx:TrackPointExtension>
	</extensions>
</trkpt>
<trkpt lat="46.0872841" lon="14.3482415">
	<ele>706.18</ele>
	<time>2026-10-01T11:27:06.011Z</time>
	<hdop>3.79</hdop>
	<extensions>
		<gpxtpx:TrackPointExtension>
			<gpxtpx:course>274.0</gpxtpx:course>
		</gpxtpx:TrackPointExtension>
	</extensions>
</trkpt>
<trkpt lat="46.0872769" lon="14.3479732">
	<ele>707.85</ele>
	<time>2026-10-01T11:27:12.009Z</time>
	<hdop>3.79</hdop>
	<extensions>
		<gpxtpx:TrackPointExtension>
			<gpxtpx:course>273.0</gpxtpx:course>
		</gpxtpx:TrackPointExtension>
	</extensions>
</trkpt>
<trkpt lat="46.0873387" lon="14.3478071">
	<ele>708.49</ele>
	<time>2026-10-01T11:27:17.009Z</time>
	<hdop>3.79</hdop>
	<extensions>
		<gpxtpx:TrackPointExtension>
			<gpxtpx:course>296.0</gpxtpx:course>
		</gpxtpx:TrackPointExtension>
	</extensions>
</trkpt>
<trkpt lat="46.0874406" lon="14.3476624">
	<ele>708.00</ele>
	<time>2026-10-01T11:27:22.009Z</time>
	<hdop>3.79</hdop>
	<extensions>
		<gpxtpx:TrackPointExtension>
			<gpxtpx:course>321.0</gpxtpx:course>
		</gpxtpx:TrackPointExtension>
	</extensions>
</trkpt>
<trkpt lat="46.0875435" lon="14.3475527">
	<ele>706.11</ele>
	<time>2026-10-01T11:27:27.011Z</time>
	<hdop>3.79</hdop>
	<extensions>
		<gpxtpx:TrackPointExtension>
			<gpxtpx:course>323.0</gpxtpx:course>
		</gpxtpx:TrackPointExtension>
	</extensions>
</trkpt>
<trkpt lat="46.0876705" lon="14.3473689">
	<ele>701.29</ele>
	<time>2026-10-01T11:27:33.010Z</time>
	<hdop>3.79</hdop>
	<extensions>
		<gpxtpx:TrackPointExtension>
			<gpxtpx:course>319.0</gpxtpx:course>
		</gpxtpx:TrackPointExtension>
	</extensions>
</trkpt>
<trkpt lat="46.0877782" lon="14.3472644">
	<ele>697.75</ele>
	<time>2026-10-01T11:27:39.011Z</time>
	<hdop>3.79</hdop>
	<extensions>
		<gpxtpx:TrackPointExtension>
			<gpxtpx:course>320.0</gpxtpx:course>
		</gpxtpx:TrackPointExtension>
	</extensions>
</trkpt>
<trkpt lat="46.0878654" lon="14.3471277">
	<ele>694.77</ele>
	<time>2026-10-01T11:27:44.011Z</time>
	<hdop>3.79</hdop>
	<extensions>
		<gpxtpx:TrackPointExtension>
			<gpxtpx:course>310.0</gpxtpx:course>
		</gpxtpx:TrackPointExtension>
	</extensions>
</trkpt>
<trkpt lat="46.0879571" lon="14.3470390">
	<ele>693.50</ele>
	<time>2026-10-01T11:27:49.012Z</time>
	<hdop>3.79</hdop>
	<extensions>
		<gpxtpx:TrackPointExtension>
			<gpxtpx:course>327.0</gpxtpx:course>
		</gpxtpx:TrackPointExtension>
	</extensions>
</trkpt>
<trkpt lat="46.0880517" lon="14.3469603">
	<ele>693.13</ele>
	<time>2026-10-01T11:28:34.010Z</time>
	<hdop>3.79</hdop>
	<extensions>
		<gpxtpx:TrackPointExtension>
			<gpxtpx:course>337.0</gpxtpx:course>
		</gpxtpx:TrackPointExtension>
	</extensions>
</trkpt>
<trkpt lat="46.0881570" lon="14.3468418">
	<ele>692.80</ele>
	<time>2026-10-01T11:28:39.010Z</time>
	<hdop>3.79</hdop>
	<extensions>
		<gpxtpx:TrackPointExtension>
			<gpxtpx:course>309.0</gpxtpx:course>
		</gpxtpx:TrackPointExtension>
	</extensions>
</trkpt>
<trkpt lat="46.0882577" lon="14.3467225">
	<ele>691.73</ele>
	<time>2026-10-01T11:28:44.012Z</time>
	<hdop>3.79</hdop>
	<extensions>
		<gpxtpx:TrackPointExtension>
			<gpxtpx:course>323.0</gpxtpx:course>
		</gpxtpx:TrackPointExtension>
	</extensions>
</trkpt>
<trkpt lat="46.0883706" lon="14.3466432">
	<ele>689.03</ele>
	<time>2026-10-01T11:28:50.010Z</time>
	<hdop>3.79</hdop>
	<extensions>
		<gpxtpx:TrackPointExtension>
			<gpxtpx:course>344.0</gpxtpx:course>
		</gpxtpx:TrackPointExtension>
	</extensions>
</trkpt>
<trkpt lat="46.0884684" lon="14.3467162">
	<ele>686.58</ele>
	<time>2026-10-01T11:28:56.010Z</time>
	<hdop>3.79</hdop>
	<extensions>
		<gpxtpx:TrackPointExtension>
			<gpxtpx:course>81.0</gpxtpx:course>
		</gpxtpx:TrackPointExtension>
	</extensions>
</trkpt>
<trkpt lat="46.0884610" lon="14.3468982">
	<ele>686.13</ele>
	<time>2026-10-01T11:29:02.009Z</time>
	<hdop>3.79</hdop>
	<extensions>
		<gpxtpx:TrackPointExtension>
			<gpxtpx:course>87.0</gpxtpx:course>
		</gpxtpx:TrackPointExtension>
	</extensions>
</trkpt>
<trkpt lat="46.0884674" lon="14.3470419">
	<ele>683.43</ele>
	<time>2026-10-01T11:29:07.009Z</time>
	<hdop>3.79</hdop>
	<extensions>
		<gpxtpx:TrackPointExtension>
			<gpxtpx:course>79.0</gpxtpx:course>
		</gpxtpx:TrackPointExtension>
	</extensions>
</trkpt>
<trkpt lat="46.0885268" lon="14.3471703">
	<ele>677.19</ele>
	<time>2026-10-01T11:29:12.010Z</time>
	<hdop>3.79</hdop>
	<extensions>
		<gpxtpx:TrackPointExtension>
			<gpxtpx:course>56.0</gpxtpx:course>
		</gpxtpx:TrackPointExtension>
	</extensions>
</trkpt>
<trkpt lat="46.0885727" lon="14.3473659">
	<ele>669.66</ele>
	<time>2026-10-01T11:29:18.011Z</time>
	<hdop>3.79</hdop>
	<extensions>
		<gpxtpx:TrackPointExtension>
			<gpxtpx:course>82.0</gpxtpx:course>
		</gpxtpx:TrackPointExtension>
	</extensions>
</trkpt>
<trkpt lat="46.0885157" lon="14.3475895">
	<ele>669.83</ele>
	<time>2026-10-01T11:29:24.011Z</time>
	<hdop>3.79</hdop>
	<extensions>
		<gpxtpx:TrackPointExtension>
			<gpxtpx:course>132.0</gpxtpx:course>
		</gpxtpx:TrackPointExtension>
	</extensions>
</trkpt>
<trkpt lat="46.0884163" lon="14.3476995">
	<ele>673.67</ele>
	<time>2026-10-01T11:29:30.010Z</time>
	<hdop>3.79</hdop>
	<extensions>
		<gpxtpx:TrackPointExtension>
			<gpxtpx:course>139.0</gpxtpx:course>
		</gpxtpx:TrackPointExtension>
	</extensions>
</trkpt>
<trkpt lat="46.0883483" lon="14.3478266">
	<ele>674.22</ele>
	<time>2026-10-01T11:29:35.011Z</time>
	<hdop>3.79</hdop>
	<extensions>
		<gpxtpx:TrackPointExtension>
			<gpxtpx:course>123.0</gpxtpx:course>
		</gpxtpx:TrackPointExtension>
	</extensions>
</trkpt>
<trkpt lat="46.0882663" lon="14.3480114">
	<ele>673.25</ele>
	<time>2026-10-01T11:29:41.011Z</time>
	<hdop>3.79</hdop>
	<extensions>
		<gpxtpx:TrackPointExtension>
			<gpxtpx:course>122.0</gpxtpx:course>
		</gpxtpx:TrackPointExtension>
	</extensions>
</trkpt>
<trkpt lat="46.0882009" lon="14.3481326">
	<ele>673.56</ele>
	<time>2026-10-01T11:29:46.012Z</time>
	<hdop>3.79</hdop>
	<extensions>
		<gpxtpx:TrackPointExtension>
			<gpxtpx:course>112.0</gpxtpx:course>
		</gpxtpx:TrackPointExtension>
	</extensions>
</trkpt>
<trkpt lat="46.0881382" lon="14.3482765">
	<ele>674.87</ele>
	<time>2026-10-01T11:29:52.011Z</time>
	<hdop>3.79</hdop>
	<extensions>
		<gpxtpx:TrackPointExtension>
			<gpxtpx:course>107.0</gpxtpx:course>
		</gpxtpx:TrackPointExtension>
	</extensions>
</trkpt>
<trkpt lat="46.0881890" lon="14.3483960">
	<ele>674.62</ele>
	<time>2026-10-01T11:30:03.010Z</time>
	<hdop>3.79</hdop>
	<extensions>
		<gpxtpx:TrackPointExtension>
			<gpxtpx:course>39.0</gpxtpx:course>
		</gpxtpx:TrackPointExtension>
	</extensions>
</trkpt>
<trkpt lat="46.0883231" lon="14.3483931">
	<ele>671.50</ele>
	<time>2026-10-01T11:30:09.010Z</time>
	<hdop>3.79</hdop>
	<extensions>
		<gpxtpx:TrackPointExtension>
			<gpxtpx:course>0.0</gpxtpx:course>
		</gpxtpx:TrackPointExtension>
	</extensions>
</trkpt>
<trkpt lat="46.0884578" lon="14.3483762">
	<ele>669.26</ele>
	<time>2026-10-01T11:30:14.010Z</time>
	<hdop>3.79</hdop>
	<extensions>
		<gpxtpx:TrackPointExtension>
			<gpxtpx:course>358.0</gpxtpx:course>
		</gpxtpx:TrackPointExtension>
	</extensions>
</trkpt>
<trkpt lat="46.0886031" lon="14.3483583">
	<ele>668.34</ele>
	<time>2026-10-01T11:30:19.011Z</time>
	<hdop>4.33</hdop>
	<extensions>
		<gpxtpx:TrackPointExtension>
			<gpxtpx:course>359.0</gpxtpx:course>
		</gpxtpx:TrackPointExtension>
	</extensions>
</trkpt>
<trkpt lat="46.0887922" lon="14.3484469">
	<ele>670.71</ele>
	<time>2026-10-01T11:30:25.010Z</time>
	<hdop>3.79</hdop>
	<extensions>
		<gpxtpx:TrackPointExtension>
			<gpxtpx:course>27.0</gpxtpx:course>
		</gpxtpx:TrackPointExtension>
	</extensions>
</trkpt>
<trkpt lat="46.0889256" lon="14.3485292">
	<ele>673.29</ele>
	<time>2026-10-01T11:30:30.010Z</time>
	<hdop>3.79</hdop>
	<extensions>
		<gpxtpx:TrackPointExtension>
			<gpxtpx:course>354.0</gpxtpx:course>
		</gpxtpx:TrackPointExtension>
	</extensions>
</trkpt>
<trkpt lat="46.0890306" lon="14.3484024">
	<ele>671.30</ele>
	<time>2026-10-01T11:30:35.011Z</time>
	<hdop>3.79</hdop>
	<extensions>
		<gpxtpx:TrackPointExtension>
			<gpxtpx:course>311.0</gpxtpx:course>
		</gpxtpx:TrackPointExtension>
	</extensions>
</trkpt>
<trkpt lat="46.0891703" lon="14.3482169">
	<ele>664.94</ele>
	<time>2026-10-01T11:30:41.011Z</time>
	<hdop>3.79</hdop>
	<extensions>
		<gpxtpx:TrackPointExtension>
			<gpxtpx:course>332.0</gpxtpx:course>
		</gpxtpx:TrackPointExtension>
	</extensions>
</trkpt>
<trkpt lat="46.0893395" lon="14.3481878">
	<ele>660.97</ele>
	<time>2026-10-01T11:30:47.010Z</time>
	<hdop>3.79</hdop>
	<extensions>
		<gpxtpx:TrackPointExtension>
			<gpxtpx:course>7.0</gpxtpx:course>
		</gpxtpx:TrackPointExtension>
	</extensions>
</trkpt>
<trkpt lat="46.0894644" lon="14.3482700">
	<ele>662.98</ele>
	<time>2026-10-01T11:30:52.010Z</time>
	<hdop>3.79</hdop>
	<extensions>
		<gpxtpx:TrackPointExtension>
			<gpxtpx:course>26.0</gpxtpx:course>
		</gpxtpx:TrackPointExtension>
	</extensions>
</trkpt>
<trkpt lat="46.0895709" lon="14.3484052">
	<ele>667.18</ele>
	<time>2026-10-01T11:30:57.011Z</time>
	<hdop>3.79</hdop>
	<extensions>
		<gpxtpx:TrackPointExtension>
			<gpxtpx:course>47.0</gpxtpx:course>
		</gpxtpx:TrackPointExtension>
	</extensions>
</trkpt>
<trkpt lat="46.0896672" lon="14.3485466">
	<ele>672.53</ele>
	<time>2026-10-01T11:31:02.011Z</time>
	<hdop>3.79</hdop>
	<extensions>
		<gpxtpx:TrackPointExtension>
			<gpxtpx:course>40.0</gpxtpx:course>
		</gpxtpx:TrackPointExtension>
	</extensions>
</trkpt>
<trkpt lat="46.0898497" lon="14.3485641">
	<ele>673.68</ele>
	<time>2026-10-01T11:31:08.011Z</time>
	<hdop>3.79</hdop>
	<extensions>
		<gpxtpx:TrackPointExtension>
			<gpxtpx:course>349.0</gpxtpx:course>
		</gpxtpx:TrackPointExtension>
	</extensions>
</trkpt>
<trkpt lat="46.0899737" lon="14.3484661">
	<ele>667.82</ele>
	<time>2026-10-01T11:31:13.011Z</time>
	<hdop>3.79</hdop>
	<extensions>
		<gpxtpx:TrackPointExtension>
			<gpxtpx:course>338.0</gpxtpx:course>
		</gpxtpx:TrackPointExtension>
	</extensions>
</trkpt>
<trkpt lat="46.0901479" lon="14.3483560">
	<ele>661.03</ele>
	<time>2026-10-01T11:31:19.010Z</time>
	<hdop>3.79</hdop>
	<extensions>
		<gpxtpx:TrackPointExtension>
			<gpxtpx:course>349.0</gpxtpx:course>
		</gpxtpx:TrackPointExtension>
	</extensions>
</trkpt>
<trkpt lat="46.0902814" lon="14.3482574">
	<ele>656.78</ele>
	<time>2026-10-01T11:31:24.011Z</time>
	<hdop>3.79</hdop>
	<extensions>
		<gpxtpx:TrackPointExtension>
			<gpxtpx:course>338.0</gpxtpx:course>
		</gpxtpx:TrackPointExtension>
	</extensions>
</trkpt>
<trkpt lat="46.0904356" lon="14.3483195">
	<ele>659.69</ele>
	<time>2026-10-01T11:31:29.011Z</time>
	<hdop>3.79</hdop>
	<extensions>
		<gpxtpx:TrackPointExtension>
			<gpxtpx:course>20.0</gpxtpx:course>
		</gpxtpx:TrackPointExtension>
	</extensions>
</trkpt>
<trkpt lat="46.0906580" lon="14.3483623">
	<ele>662.47</ele>
	<time>2026-10-01T11:31:35.010Z</time>
	<hdop>3.79</hdop>
	<extensions>
		<gpxtpx:TrackPointExtension>
			<gpxtpx:course>358.0</gpxtpx:course>
		</gpxtpx:TrackPointExtension>
	</extensions>
</trkpt>
<trkpt lat="46.0908663" lon="14.3482246">
	<ele>659.73</ele>
	<time>2026-10-01T11:31:41.010Z</time>
	<hdop>3.79</hdop>
	<extensions>
		<gpxtpx:TrackPointExtension>
			<gpxtpx:course>324.0</gpxtpx:course>
		</gpxtpx:TrackPointExtension>
	</extensions>
</trkpt>
<trkpt lat="46.0909805" lon="14.3479286">
	<ele>652.45</ele>
	<time>2026-10-01T11:31:46.010Z</time>
	<hdop>3.79</hdop>
	<extensions>
		<gpxtpx:TrackPointExtension>
			<gpxtpx:course>287.0</gpxtpx:course>
		</gpxtpx:TrackPointExtension>
	</extensions>
</trkpt>
<trkpt lat="46.0911270" lon="14.3477660">
	<ele>648.64</ele>
	<time>2026-10-01T11:31:51.010Z</time>
	<hdop>3.79</hdop>
	<extensions>
		<gpxtpx:TrackPointExtension>
			<gpxtpx:course>11.0</gpxtpx:course>
		</gpxtpx:TrackPointExtension>
	</extensions>
</trkpt>
<trkpt lat="46.0912966" lon="14.3478226">
	<ele>653.33</ele>
	<time>2026-10-01T11:31:56.010Z</time>
	<hdop>3.86</hdop>
	<extensions>
		<gpxtpx:TrackPointExtension>
			<gpxtpx:course>352.0</gpxtpx:course>
		</gpxtpx:TrackPointExtension>
	</extensions>
</trkpt>
<trkpt lat="46.0914864" lon="14.3476868">
	<ele>650.75</ele>
	<time>2026-10-01T11:32:01.010Z</time>
	<hdop>3.79</hdop>
	<extensions>
		<gpxtpx:TrackPointExtension>
			<gpxtpx:course>336.0</gpxtpx:course>
		</gpxtpx:TrackPointExtension>
	</extensions>
</trkpt>
<trkpt lat="46.0916809" lon="14.3475674">
	<ele>646.18</ele>
	<time>2026-10-01T11:32:06.010Z</time>
	<hdop>3.79</hdop>
	<extensions>
		<gpxtpx:TrackPointExtension>
			<gpxtpx:course>342.0</gpxtpx:course>
		</gpxtpx:TrackPointExtension>
	</extensions>
</trkpt>
<trkpt lat="46.0918942" lon="14.3475626">
	<ele>642.26</ele>
	<time>2026-10-01T11:32:11.011Z</time>
	<hdop>3.79</hdop>
	<extensions>
		<gpxtpx:TrackPointExtension>
			<gpxtpx:course>354.0</gpxtpx:course>
		</gpxtpx:TrackPointExtension>
	</extensions>
</trkpt>
<trkpt lat="46.0921052" lon="14.3475116">
	<ele>635.45</ele>
	<time>2026-10-01T11:32:17.011Z</time>
	<hdop>3.99</hdop>
	<extensions>
		<gpxtpx:TrackPointExtension>
			<gpxtpx:course>352.0</gpxtpx:course>
		</gpxtpx:TrackPointExtension>
	</extensions>
</trkpt>
<trkpt lat="46.0922415" lon="14.3475840">
	<ele>630.83</ele>
	<time>2026-10-01T11:32:22.012Z</time>
	<hdop>3.79</hdop>
	<extensions>
		<gpxtpx:TrackPointExtension>
			<gpxtpx:course>45.0</gpxtpx:course>
		</gpxtpx:TrackPointExtension>
	</extensions>
</trkpt>
<trkpt lat="46.0922669" lon="14.3478727">
	<ele>627.21</ele>
	<time>2026-10-01T11:32:28.011Z</time>
	<hdop>3.79</hdop>
	<extensions>
		<gpxtpx:TrackPointExtension>
			<gpxtpx:course>97.0</gpxtpx:course>
		</gpxtpx:TrackPointExtension>
	</extensions>
</trkpt>
<trkpt lat="46.0922290" lon="14.3481600">
	<ele>624.26</ele>
	<time>2026-10-01T11:32:34.011Z</time>
	<hdop>3.79</hdop>
	<extensions>
		<gpxtpx:TrackPointExtension>
			<gpxtpx:course>125.0</gpxtpx:course>
		</gpxtpx:TrackPointExtension>
	</extensions>
</trkpt>
<trkpt lat="46.0921493" lon="14.3483550">
	<ele>627.28</ele>
	<time>2026-10-01T11:32:39.011Z</time>
	<hdop>3.79</hdop>
	<extensions>
		<gpxtpx:TrackPointExtension>
			<gpxtpx:course>108.0</gpxtpx:course>
		</gpxtpx:TrackPointExtension>
	</extensions>
</trkpt>
<trkpt lat="46.0921251" lon="14.3486366">
	<ele>621.58</ele>
	<time>2026-10-01T11:32:45.011Z</time>
	<hdop>3.79</hdop>
	<extensions>
		<gpxtpx:TrackPointExtension>
			<gpxtpx:course>117.0</gpxtpx:course>
		</gpxtpx:TrackPointExtension>
	</extensions>
</trkpt>
<trkpt lat="46.0920632" lon="14.3488657">
	<ele>617.75</ele>
	<time>2026-10-01T11:32:50.011Z</time>
	<hdop>3.79</hdop>
	<extensions>
		<gpxtpx:TrackPointExtension>
			<gpxtpx:course>97.0</gpxtpx:course>
		</gpxtpx:TrackPointExtension>
	</extensions>
</trkpt>
<trkpt lat="46.0920160" lon="14.3490355">
	<ele>615.25</ele>
	<time>2026-10-01T11:32:55.011Z</time>
	<hdop>3.79</hdop>
	<extensions>
		<gpxtpx:TrackPointExtension>
			<gpxtpx:course>115.0</gpxtpx:course>
		</gpxtpx:TrackPointExtension>
	</extensions>
</trkpt>
<trkpt lat="46.0918916" lon="14.3492288">
	<ele>619.31</ele>
	<time>2026-10-01T11:33:01.011Z</time>
	<hdop>3.79</hdop>
	<extensions>
		<gpxtpx:TrackPointExtension>
			<gpxtpx:course>125.0</gpxtpx:course>
		</gpxtpx:TrackPointExtension>
	</extensions>
</trkpt>
<trkpt lat="46.0918485" lon="14.3494487">
	<ele>625.56</ele>
	<time>2026-10-01T11:33:06.011Z</time>
	<hdop>3.79</hdop>
	<extensions>
		<gpxtpx:TrackPointExtension>
			<gpxtpx:course>73.0</gpxtpx:course>
		</gpxtpx:TrackPointExtension>
	</extensions>
</trkpt>
<trkpt lat="46.0919936" lon="14.3495704">
	<ele>622.09</ele>
	<time>2026-10-01T11:33:12.011Z</time>
	<hdop>3.79</hdop>
	<extensions>
		<gpxtpx:TrackPointExtension>
			<gpxtpx:course>29.0</gpxtpx:course>
		</gpxtpx:TrackPointExtension>
	</extensions>
</trkpt>
<trkpt lat="46.0921246" lon="14.3496272">
	<ele>616.34</ele>
	<time>2026-10-01T11:33:17.011Z</time>
	<hdop>3.79</hdop>
	<extensions>
		<gpxtpx:TrackPointExtension>
			<gpxtpx:course>16.0</gpxtpx:course>
		</gpxtpx:TrackPointExtension>
	</extensions>
</trkpt>
<trkpt lat="46.0922750" lon="14.3496764">
	<ele>608.56</ele>
	<time>2026-10-01T11:33:23.010Z</time>
	<hdop>4.07</hdop>
	<extensions>
		<gpxtpx:TrackPointExtension>
			<gpxtpx:course>16.0</gpxtpx:course>
		</gpxtpx:TrackPointExtension>
	</extensions>
</trkpt>
<trkpt lat="46.0923533" lon="14.3497909">
	<ele>606.08</ele>
	<time>2026-10-01T11:33:28.010Z</time>
	<hdop>3.79</hdop>
	<extensions>
		<gpxtpx:TrackPointExtension>
			<gpxtpx:course>68.0</gpxtpx:course>
		</gpxtpx:TrackPointExtension>
	</extensions>
</trkpt>
<trkpt lat="46.0923735" lon="14.3500137">
	<ele>607.43</ele>
	<time>2026-10-01T11:33:33.010Z</time>
	<hdop>3.79</hdop>
	<extensions>
		<gpxtpx:TrackPointExtension>
			<gpxtpx:course>81.0</gpxtpx:course>
		</gpxtpx:TrackPointExtension>
	</extensions>
</trkpt>
<trkpt lat="46.0924082" lon="14.3501634">
	<ele>605.66</ele>
	<time>2026-10-01T11:33:55.010Z</time>
	<hdop>3.79</hdop>
	<extensions>
		<gpxtpx:TrackPointExtension>
			<gpxtpx:course>95.0</gpxtpx:course>
		</gpxtpx:TrackPointExtension>
	</extensions>
</trkpt>
<trkpt lat="46.0923803" lon="14.3503482">
	<ele>606.12</ele>
	<time>2026-10-01T11:34:00.011Z</time>
	<hdop>3.79</hdop>
	<extensions>
		<gpxtpx:TrackPointExtension>
			<gpxtpx:course>107.0</gpxtpx:course>
		</gpxtpx:TrackPointExtension>
	</extensions>
</trkpt>
<trkpt lat="46.0923106" lon="14.3505423">
	<ele>607.96</ele>
	<time>2026-10-01T11:34:05.012Z</time>
	<hdop>3.79</hdop>
	<extensions>
		<gpxtpx:TrackPointExtension>
			<gpxtpx:course>111.0</gpxtpx:course>
		</gpxtpx:TrackPointExtension>
	</extensions>
</trkpt>
<trkpt lat="46.0923547" lon="14.3504091">
	<ele>607.13</ele>
	<time>2026-10-01T11:34:29.010Z</time>
	<hdop>3.79</hdop>
	<extensions>
		<gpxtpx:TrackPointExtension>
			<gpxtpx:course>298.0</gpxtpx:course>
		</gpxtpx:TrackPointExtension>
	</extensions>
</trkpt>
<trkpt lat="46.0923939" lon="14.3501718">
	<ele>606.41</ele>
	<time>2026-10-01T11:34:34.010Z</time>
	<hdop>3.79</hdop>
	<extensions>
		<gpxtpx:TrackPointExtension>
			<gpxtpx:course>283.0</gpxtpx:course>
		</gpxtpx:TrackPointExtension>
	</extensions>
</trkpt>
<trkpt lat="46.0924301" lon="14.3500534">
	<ele>604.83</ele>
	<time>2026-10-01T11:34:39.010Z</time>
	<hdop>3.79</hdop>
	<extensions>
		<gpxtpx:TrackPointExtension>
			<gpxtpx:course>353.0</gpxtpx:course>
		</gpxtpx:TrackPointExtension>
	</extensions>
</trkpt>
<trkpt lat="46.0924934" lon="14.3499339">
	<ele>601.05</ele>
	<time>2026-10-01T11:34:44.011Z</time>
	<hdop>3.79</hdop>
	<extensions>
		<gpxtpx:TrackPointExtension>
			<gpxtpx:course>289.0</gpxtpx:course>
		</gpxtpx:TrackPointExtension>
	</extensions>
</trkpt>
<trkpt lat="46.0925569" lon="14.3496720">
	<ele>594.92</ele>
	<time>2026-10-01T11:34:50.010Z</time>
	<hdop>3.79</hdop>
	<extensions>
		<gpxtpx:TrackPointExtension>
			<gpxtpx:course>302.0</gpxtpx:course>
		</gpxtpx:TrackPointExtension>
	</extensions>
</trkpt>
<trkpt lat="46.0926345" lon="14.3495963">
	<ele>590.63</ele>
	<time>2026-10-01T11:34:55.010Z</time>
	<hdop>3.79</hdop>
	<extensions>
		<gpxtpx:TrackPointExtension>
			<gpxtpx:course>11.0</gpxtpx:course>
		</gpxtpx:TrackPointExtension>
	</extensions>
</trkpt>
<trkpt lat="46.0927161" lon="14.3497856">
	<ele>590.47</ele>
	<time>2026-10-01T11:35:00.011Z</time>
	<hdop>3.79</hdop>
	<extensions>
		<gpxtpx:TrackPointExtension>
			<gpxtpx:course>68.0</gpxtpx:course>
		</gpxtpx:TrackPointExtension>
	</extensions>
</trkpt>
<trkpt lat="46.0927973" lon="14.3500673">
	<ele>590.79</ele>
	<time>2026-10-01T11:35:06.011Z</time>
	<hdop>3.79</hdop>
	<extensions>
		<gpxtpx:TrackPointExtension>
			<gpxtpx:course>68.0</gpxtpx:course>
		</gpxtpx:TrackPointExtension>
	</extensions>
</trkpt>
<trkpt lat="46.0928824" lon="14.3503088">
	<ele>589.63</ele>
	<time>2026-10-01T11:35:11.011Z</time>
	<hdop>3.79</hdop>
	<extensions>
		<gpxtpx:TrackPointExtension>
			<gpxtpx:course>59.0</gpxtpx:course>
		</gpxtpx:TrackPointExtension>
	</extensions>
</trkpt>
<trkpt lat="46.0929222" lon="14.3505848">
	<ele>589.81</ele>
	<time>2026-10-01T11:35:17.011Z</time>
	<hdop>4.57</hdop>
	<extensions>
		<gpxtpx:TrackPointExtension>
			<gpxtpx:course>87.0</gpxtpx:course>
		</gpxtpx:TrackPointExtension>
	</extensions>
</trkpt>
<trkpt lat="46.0929206" lon="14.3507274">
	<ele>590.94</ele>
	<time>2026-10-01T11:35:59.010Z</time>
	<hdop>3.79</hdop>
	<extensions>
		<gpxtpx:TrackPointExtension>
			<gpxtpx:course>63.0</gpxtpx:course>
		</gpxtpx:TrackPointExtension>
	</extensions>
</trkpt>
<trkpt lat="46.0929940" lon="14.3508343">
	<ele>591.12</ele>
	<time>2026-10-01T11:36:05.011Z</time>
	<hdop>3.79</hdop>
	<extensions>
		<gpxtpx:TrackPointExtension>
			<gpxtpx:course>59.0</gpxtpx:course>
		</gpxtpx:TrackPointExtension>
	</extensions>
</trkpt>
<trkpt lat="46.0930987" lon="14.3509601">
	<ele>591.82</ele>
	<time>2026-10-01T11:36:11.010Z</time>
	<hdop>3.79</hdop>
	<extensions>
		<gpxtpx:TrackPointExtension>
			<gpxtpx:course>42.0</gpxtpx:course>
		</gpxtpx:TrackPointExtension>
	</extensions>
</trkpt>
<trkpt lat="46.0932012" lon="14.3510715">
	<ele>592.74</ele>
	<time>2026-10-01T11:36:16.011Z</time>
	<hdop>3.79</hdop>
	<extensions>
		<gpxtpx:TrackPointExtension>
			<gpxtpx:course>34.0</gpxtpx:course>
		</gpxtpx:TrackPointExtension>
	</extensions>
</trkpt>
<trkpt lat="46.0933024" lon="14.3511710">
	<ele>593.56</ele>
	<time>2026-10-01T11:36:22.011Z</time>
	<hdop>3.79</hdop>
	<extensions>
		<gpxtpx:TrackPointExtension>
			<gpxtpx:course>31.0</gpxtpx:course>
		</gpxtpx:TrackPointExtension>
	</extensions>
</trkpt>
<trkpt lat="46.0934088" lon="14.3512173">
	<ele>593.46</ele>
	<time>2026-10-01T11:38:34.010Z</time>
	<hdop>3.79</hdop>
	<extensions>
		<gpxtpx:TrackPointExtension>
			<gpxtpx:course>9.0</gpxtpx:course>
		</gpxtpx:TrackPointExtension>
	</extensions>
</trkpt>
<trkpt lat="46.0935390" lon="14.3511868">
	<ele>592.05</ele>
	<time>2026-10-01T11:38:39.010Z</time>
	<hdop>3.79</hdop>
	<extensions>
		<gpxtpx:TrackPointExtension>
			<gpxtpx:course>339.0</gpxtpx:course>
		</gpxtpx:TrackPointExtension>
	</extensions>
</trkpt>
<trkpt lat="46.0936496" lon="14.3511478">
	<ele>590.43</ele>
	<time>2026-10-01T11:38:44.012Z</time>
	<hdop>3.79</hdop>
	<extensions>
		<gpxtpx:TrackPointExtension>
			<gpxtpx:course>351.0</gpxtpx:course>
		</gpxtpx:TrackPointExtension>
	</extensions>
</trkpt>
<trkpt lat="46.0937918" lon="14.3511600">
	<ele>589.87</ele>
	<time>2026-10-01T11:38:50.011Z</time>
	<hdop>3.79</hdop>
	<extensions>
		<gpxtpx:TrackPointExtension>
			<gpxtpx:course>3.0</gpxtpx:course>
		</gpxtpx:TrackPointExtension>
	</extensions>
</trkpt>
<trkpt lat="46.0939217" lon="14.3511801">
	<ele>589.45</ele>
	<time>2026-10-01T11:38:55.011Z</time>
	<hdop>3.79</hdop>
	<extensions>
		<gpxtpx:TrackPointExtension>
			<gpxtpx:course>6.0</gpxtpx:course>
		</gpxtpx:TrackPointExtension>
	</extensions>
</trkpt>
<trkpt lat="46.0940805" lon="14.3512143">
	<ele>588.57</ele>
	<time>2026-10-01T11:39:01.011Z</time>
	<hdop>3.79</hdop>
	<extensions>
		<gpxtpx:TrackPointExtension>
			<gpxtpx:course>5.0</gpxtpx:course>
		</gpxtpx:TrackPointExtension>
	</extensions>
</trkpt>
<trkpt lat="46.0942113" lon="14.3512406">
	<ele>586.82</ele>
	<time>2026-10-01T11:39:06.011Z</time>
	<hdop>3.79</hdop>
	<extensions>
		<gpxtpx:TrackPointExtension>
			<gpxtpx:course>7.0</gpxtpx:course>
		</gpxtpx:TrackPointExtension>
	</extensions>
</trkpt>
<trkpt lat="46.0943091" lon="14.3512451">
	<ele>584.27</ele>
	<time>2026-10-01T11:40:09.010Z</time>
	<hdop>3.79</hdop>
	<extensions>
		<gpxtpx:TrackPointExtension>
			<gpxtpx:course>6.0</gpxtpx:course>
		</gpxtpx:TrackPointExtension>
	</extensions>
</trkpt>
<trkpt lat="46.0944612" lon="14.3513895">
	<ele>583.10</ele>
	<time>2026-10-01T11:40:14.011Z</time>
	<hdop>3.79</hdop>
	<extensions>
		<gpxtpx:TrackPointExtension>
			<gpxtpx:course>39.0</gpxtpx:course>
		</gpxtpx:TrackPointExtension>
	</extensions>
</trkpt>
<trkpt lat="46.0946163" lon="14.3516315">
	<ele>581.78</ele>
	<time>2026-10-01T11:40:20.010Z</time>
	<hdop>3.83</hdop>
	<extensions>
		<gpxtpx:TrackPointExtension>
			<gpxtpx:course>57.0</gpxtpx:course>
		</gpxtpx:TrackPointExtension>
	</extensions>
</trkpt>
<trkpt lat="46.0946959" lon="14.3518109">
	<ele>580.94</ele>
	<time>2026-10-01T11:40:25.010Z</time>
	<hdop>3.79</hdop>
	<extensions>
		<gpxtpx:TrackPointExtension>
			<gpxtpx:course>62.0</gpxtpx:course>
		</gpxtpx:TrackPointExtension>
	</extensions>
</trkpt>
<trkpt lat="46.0947547" lon="14.3520158">
	<ele>580.92</ele>
	<time>2026-10-01T11:40:30.011Z</time>
	<hdop>3.79</hdop>
	<extensions>
		<gpxtpx:TrackPointExtension>
			<gpxtpx:course>79.0</gpxtpx:course>
		</gpxtpx:TrackPointExtension>
	</extensions>
</trkpt>
<trkpt lat="46.0948067" lon="14.3522513">
	<ele>581.50</ele>
	<time>2026-10-01T11:40:35.011Z</time>
	<hdop>3.79</hdop>
	<extensions>
		<gpxtpx:TrackPointExtension>
			<gpxtpx:course>73.0</gpxtpx:course>
		</gpxtpx:TrackPointExtension>
	</extensions>
</trkpt>
<trkpt lat="46.0948945" lon="14.3525639">
	<ele>582.55</ele>
	<time>2026-10-01T11:40:41.010Z</time>
	<hdop>3.79</hdop>
	<extensions>
		<gpxtpx:TrackPointExtension>
			<gpxtpx:course>65.0</gpxtpx:course>
		</gpxtpx:TrackPointExtension>
	</extensions>
</trkpt>
<trkpt lat="46.0949600" lon="14.3527231">
	<ele>582.87</ele>
	<time>2026-10-01T11:40:46.011Z</time>
	<hdop>3.79</hdop>
	<extensions>
		<gpxtpx:TrackPointExtension>
			<gpxtpx:course>69.0</gpxtpx:course>
		</gpxtpx:TrackPointExtension>
	</extensions>
</trkpt>
<trkpt lat="46.0950142" lon="14.3529733">
	<ele>586.45</ele>
	<time>2026-10-01T11:40:52.013Z</time>
	<hdop>3.79</hdop>
	<extensions>
		<gpxtpx:TrackPointExtension>
			<gpxtpx:course>53.0</gpxtpx:course>
		</gpxtpx:TrackPointExtension>
	</extensions>
</trkpt>
<trkpt lat="46.0952041" lon="14.3530669">
	<ele>584.13</ele>
	<time>2026-10-01T11:40:58.010Z</time>
	<hdop>3.79</hdop>
	<extensions>
		<gpxtpx:TrackPointExtension>
			<gpxtpx:course>2.0</gpxtpx:course>
		</gpxtpx:TrackPointExtension>
	</extensions>
</trkpt>
<trkpt lat="46.0953755" lon="14.3530621">
	<ele>580.48</ele>
	<time>2026-10-01T11:41:03.010Z</time>
	<hdop>3.79</hdop>
	<extensions>
		<gpxtpx:TrackPointExtension>
			<gpxtpx:course>358.0</gpxtpx:course>
		</gpxtpx:TrackPointExtension>
	</extensions>
</trkpt>
<trkpt lat="46.0955266" lon="14.3530893">
	<ele>578.46</ele>
	<time>2026-10-01T11:41:08.010Z</time>
	<hdop>3.79</hdop>
	<extensions>
		<gpxtpx:TrackPointExtension>
			<gpxtpx:course>11.0</gpxtpx:course>
		</gpxtpx:TrackPointExtension>
	</extensions>
</trkpt>
<trkpt lat="46.0956795" lon="14.3532462">
	<ele>578.69</ele>
	<time>2026-10-01T11:41:13.011Z</time>
	<hdop>3.79</hdop>
	<extensions>
		<gpxtpx:TrackPointExtension>
			<gpxtpx:course>58.0</gpxtpx:course>
		</gpxtpx:TrackPointExtension>
	</extensions>
</trkpt>
<trkpt lat="46.0957230" lon="14.3535063">
	<ele>579.82</ele>
	<time>2026-10-01T11:41:18.011Z</time>
	<hdop>3.79</hdop>
	<extensions>
		<gpxtpx:TrackPointExtension>
			<gpxtpx:course>77.0</gpxtpx:course>
		</gpxtpx:TrackPointExtension>
	</extensions>
</trkpt>
<trkpt lat="46.0957310" lon="14.3537749">
	<ele>577.79</ele>
	<time>2026-10-01T11:41:23.011Z</time>
	<hdop>3.79</hdop>
	<extensions>
		<gpxtpx:TrackPointExtension>
			<gpxtpx:course>97.0</gpxtpx:course>
		</gpxtpx:TrackPointExtension>
	</extensions>
</trkpt>
<trkpt lat="46.0956864" lon="14.3541522">
	<ele>576.11</ele>
	<time>2026-10-01T11:41:29.011Z</time>
	<hdop>3.79</hdop>
	<extensions>
		<gpxtpx:TrackPointExtension>
			<gpxtpx:course>95.0</gpxtpx:course>
		</gpxtpx:TrackPointExtension>
	</extensions>
</trkpt>
<trkpt lat="46.0957048" lon="14.3545362">
	<ele>573.60</ele>
	<time>2026-10-01T11:41:35.011Z</time>
	<hdop>3.79</hdop>
	<extensions>
		<gpxtpx:TrackPointExtension>
			<gpxtpx:course>88.0</gpxtpx:course>
		</gpxtpx:TrackPointExtension>
	</extensions>
</trkpt>
<trkpt lat="46.0956628" lon="14.3548113">
	<ele>574.07</ele>
	<time>2026-10-01T11:41:41.012Z</time>
	<hdop>3.79</hdop>
	<extensions>
		<gpxtpx:TrackPointExtension>
			<gpxtpx:course>109.0</gpxtpx:course>
		</gpxtpx:TrackPointExtension>
	</extensions>
</trkpt>
<trkpt lat="46.0955758" lon="14.3550533">
	<ele>575.87</ele>
	<time>2026-10-01T11:41:47.011Z</time>
	<hdop>3.79</hdop>
	<extensions>
		<gpxtpx:TrackPointExtension>
			<gpxtpx:course>115.0</gpxtpx:course>
		</gpxtpx:TrackPointExtension>
	</extensions>
</trkpt>
<trkpt lat="46.0955048" lon="14.3552742">
	<ele>576.65</ele>
	<time>2026-10-01T11:41:52.011Z</time>
	<hdop>3.79</hdop>
	<extensions>
		<gpxtpx:TrackPointExtension>
			<gpxtpx:course>109.0</gpxtpx:course>
		</gpxtpx:TrackPointExtension>
	</extensions>
</trkpt>
<trkpt lat="46.0954467" lon="14.3554973">
	<ele>575.98</ele>
	<time>2026-10-01T11:41:57.012Z</time>
	<hdop>3.90</hdop>
	<extensions>
		<gpxtpx:TrackPointExtension>
			<gpxtpx:course>113.0</gpxtpx:course>
		</gpxtpx:TrackPointExtension>
	</extensions>
</trkpt>
<trkpt lat="46.0953684" lon="14.3557480">
	<ele>573.90</ele>
	<time>2026-10-01T11:42:03.010Z</time>
	<hdop>3.79</hdop>
	<extensions>
		<gpxtpx:TrackPointExtension>
			<gpxtpx:course>119.0</gpxtpx:course>
		</gpxtpx:TrackPointExtension>
	</extensions>
</trkpt>
<trkpt lat="46.0953024" lon="14.3559266">
	<ele>571.27</ele>
	<time>2026-10-01T11:42:08.011Z</time>
	<hdop>3.79</hdop>
	<extensions>
		<gpxtpx:TrackPointExtension>
			<gpxtpx:course>124.0</gpxtpx:course>
		</gpxtpx:TrackPointExtension>
	</extensions>
</trkpt>
<trkpt lat="46.0951837" lon="14.3560777">
	<ele>570.57</ele>
	<time>2026-10-01T11:42:13.011Z</time>
	<hdop>3.79</hdop>
	<extensions>
		<gpxtpx:TrackPointExtension>
			<gpxtpx:course>133.0</gpxtpx:course>
		</gpxtpx:TrackPointExtension>
	</extensions>
</trkpt>
<trkpt lat="46.0950780" lon="14.3561584">
	<ele>571.65</ele>
	<time>2026-10-01T11:42:18.011Z</time>
	<hdop>3.79</hdop>
	<extensions>
		<gpxtpx:TrackPointExtension>
			<gpxtpx:course>146.0</gpxtpx:course>
		</gpxtpx:TrackPointExtension>
	</extensions>
</trkpt>
<trkpt lat="46.0950007" lon="14.3562560">
	<ele>570.89</ele>
	<time>2026-10-01T11:44:13.010Z</time>
	<hdop>3.79</hdop>
	<extensions>
		<gpxtpx:TrackPointExtension>
			<gpxtpx:course>125.0</gpxtpx:course>
		</gpxtpx:TrackPointExtension>
	</extensions>
</trkpt>
<trkpt lat="46.0949132" lon="14.3563891">
	<ele>568.32</ele>
	<time>2026-10-01T11:44:18.012Z</time>
	<hdop>3.79</hdop>
	<extensions>
		<gpxtpx:TrackPointExtension>
			<gpxtpx:course>137.0</gpxtpx:course>
		</gpxtpx:TrackPointExtension>
	</extensions>
</trkpt>
<trkpt lat="46.0948092" lon="14.3565801">
	<ele>562.65</ele>
	<time>2026-10-01T11:44:24.011Z</time>
	<hdop>3.79</hdop>
	<extensions>
		<gpxtpx:TrackPointExtension>
			<gpxtpx:course>132.0</gpxtpx:course>
		</gpxtpx:TrackPointExtension>
	</extensions>
</trkpt>
<trkpt lat="46.0946706" lon="14.3567768">
	<ele>555.11</ele>
	<time>2026-10-01T11:44:30.011Z</time>
	<hdop>3.79</hdop>
	<extensions>
		<gpxtpx:TrackPointExtension>
			<gpxtpx:course>136.0</gpxtpx:course>
		</gpxtpx:TrackPointExtension>
	</extensions>
</trkpt>
<trkpt lat="46.0944754" lon="14.3569476">
	<ele>547.96</ele>
	<time>2026-10-01T11:44:36.011Z</time>
	<hdop>3.79</hdop>
	<extensions>
		<gpxtpx:TrackPointExtension>
			<gpxtpx:course>163.0</gpxtpx:course>
		</gpxtpx:TrackPointExtension>
	</extensions>
</trkpt>
<trkpt lat="46.0942956" lon="14.3568755">
	<ele>551.56</ele>
	<time>2026-10-01T11:44:42.012Z</time>
	<hdop>3.79</hdop>
	<extensions>
		<gpxtpx:TrackPointExtension>
			<gpxtpx:course>209.0</gpxtpx:course>
		</gpxtpx:TrackPointExtension>
	</extensions>
</trkpt>
<trkpt lat="46.0941064" lon="14.3567024">
	<ele>556.98</ele>
	<time>2026-10-01T11:44:48.010Z</time>
	<hdop>3.79</hdop>
	<extensions>
		<gpxtpx:TrackPointExtension>
			<gpxtpx:course>202.0</gpxtpx:course>
		</gpxtpx:TrackPointExtension>
	</extensions>
</trkpt>
<trkpt lat="46.0939330" lon="14.3566683">
	<ele>555.99</ele>
	<time>2026-10-01T11:44:53.011Z</time>
	<hdop>3.79</hdop>
	<extensions>
		<gpxtpx:TrackPointExtension>
			<gpxtpx:course>188.0</gpxtpx:course>
		</gpxtpx:TrackPointExtension>
	</extensions>
</trkpt>
<trkpt lat="46.0937432" lon="14.3567744">
	<ele>549.57</ele>
	<time>2026-10-01T11:44:59.012Z</time>
	<hdop>3.79</hdop>
	<extensions>
		<gpxtpx:TrackPointExtension>
			<gpxtpx:course>140.0</gpxtpx:course>
		</gpxtpx:TrackPointExtension>
	</extensions>
</trkpt>
<trkpt lat="46.0936134" lon="14.3569527">
	<ele>543.17</ele>
	<time>2026-10-01T11:45:05.012Z</time>
	<hdop>3.79</hdop>
	<extensions>
		<gpxtpx:TrackPointExtension>
			<gpxtpx:course>153.0</gpxtpx:course>
		</gpxtpx:TrackPointExtension>
	</extensions>
</trkpt>
<trkpt lat="46.0934409" lon="14.3569160">
	<ele>540.70</ele>
	<time>2026-10-01T11:45:11.010Z</time>
	<hdop>3.79</hdop>
	<extensions>
		<gpxtpx:TrackPointExtension>
			<gpxtpx:course>204.0</gpxtpx:course>
		</gpxtpx:TrackPointExtension>
	</extensions>
</trkpt>
<trkpt lat="46.0933348" lon="14.3569123">
	<ele>539.52</ele>
	<time>2026-10-01T11:45:16.011Z</time>
	<hdop>3.79</hdop>
	<extensions>
		<gpxtpx:TrackPointExtension>
			<gpxtpx:course>129.0</gpxtpx:course>
		</gpxtpx:TrackPointExtension>
	</extensions>
</trkpt>
<trkpt lat="46.0933231" lon="14.3570420">
	<ele>537.77</ele>
	<time>2026-10-01T11:46:11.011Z</time>
	<hdop>3.79</hdop>
	<extensions>
		<gpxtpx:TrackPointExtension>
			<gpxtpx:course>94.0</gpxtpx:course>
		</gpxtpx:TrackPointExtension>
	</extensions>
</trkpt>
<trkpt lat="46.0933342" lon="14.3569092">
	<ele>539.32</ele>
	<time>2026-10-01T11:46:27.011Z</time>
	<hdop>3.79</hdop>
	<extensions>
		<gpxtpx:TrackPointExtension>
			<gpxtpx:course>258.0</gpxtpx:course>
		</gpxtpx:TrackPointExtension>
	</extensions>
</trkpt>
<trkpt lat="46.0933653" lon="14.3567324">
	<ele>542.21</ele>
	<time>2026-10-01T11:46:32.011Z</time>
	<hdop>3.79</hdop>
	<extensions>
		<gpxtpx:TrackPointExtension>
			<gpxtpx:course>279.0</gpxtpx:course>
		</gpxtpx:TrackPointExtension>
	</extensions>
</trkpt>
<trkpt lat="46.0933333" lon="14.3565610">
	<ele>544.81</ele>
	<time>2026-10-01T11:46:37.012Z</time>
	<hdop>3.79</hdop>
	<extensions>
		<gpxtpx:TrackPointExtension>
			<gpxtpx:course>243.0</gpxtpx:course>
		</gpxtpx:TrackPointExtension>
	</extensions>
</trkpt>
<trkpt lat="46.0931986" lon="14.3564245">
	<ele>544.98</ele>
	<time>2026-10-01T11:46:43.011Z</time>
	<hdop>3.79</hdop>
	<extensions>
		<gpxtpx:TrackPointExtension>
			<gpxtpx:course>204.0</gpxtpx:course>
		</gpxtpx:TrackPointExtension>
	</extensions>
</trkpt>
<trkpt lat="46.0930373" lon="14.3562723">
	<ele>544.45</ele>
	<time>2026-10-01T11:46:49.012Z</time>
	<hdop>3.79</hdop>
	<extensions>
		<gpxtpx:TrackPointExtension>
			<gpxtpx:course>216.0</gpxtpx:course>
		</gpxtpx:TrackPointExtension>
	</extensions>
</trkpt>
<trkpt lat="46.0929358" lon="14.3560635">
	<ele>547.28</ele>
	<time>2026-10-01T11:46:55.011Z</time>
	<hdop>3.79</hdop>
	<extensions>
		<gpxtpx:TrackPointExtension>
			<gpxtpx:course>256.0</gpxtpx:course>
		</gpxtpx:TrackPointExtension>
	</extensions>
</trkpt>
<trkpt lat="46.0929341" lon="14.3558802">
	<ele>551.47</ele>
	<time>2026-10-01T11:47:00.011Z</time>
	<hdop>3.79</hdop>
	<extensions>
		<gpxtpx:TrackPointExtension>
			<gpxtpx:course>275.0</gpxtpx:course>
		</gpxtpx:TrackPointExtension>
	</extensions>
</trkpt>
<trkpt lat="46.0928848" lon="14.3556455">
	<ele>554.38</ele>
	<time>2026-10-01T11:47:06.011Z</time>
	<hdop>3.79</hdop>
	<extensions>
		<gpxtpx:TrackPointExtension>
			<gpxtpx:course>247.0</gpxtpx:course>
		</gpxtpx:TrackPointExtension>
	</extensions>
</trkpt>
<trkpt lat="46.0928031" lon="14.3554624">
	<ele>555.36</ele>
	<time>2026-10-01T11:47:11.011Z</time>
	<hdop>3.79</hdop>
	<extensions>
		<gpxtpx:TrackPointExtension>
			<gpxtpx:course>237.0</gpxtpx:course>
		</gpxtpx:TrackPointExtension>
	</extensions>
</trkpt>
<trkpt lat="46.0926708" lon="14.3553013">
	<ele>555.47</ele>
	<time>2026-10-01T11:47:17.011Z</time>
	<hdop>3.79</hdop>
	<extensions>
		<gpxtpx:TrackPointExtension>
			<gpxtpx:course>207.0</gpxtpx:course>
		</gpxtpx:TrackPointExtension>
	</extensions>
</trkpt>
<trkpt lat="46.0925460" lon="14.3552402">
	<ele>554.66</ele>
	<time>2026-10-01T11:47:22.011Z</time>
	<hdop>3.79</hdop>
	<extensions>
		<gpxtpx:TrackPointExtension>
			<gpxtpx:course>179.0</gpxtpx:course>
		</gpxtpx:TrackPointExtension>
	</extensions>
</trkpt>
<trkpt lat="46.0924556" lon="14.3551641">
	<ele>554.26</ele>
	<time>2026-10-01T11:57:17.805Z</time>
	<hdop>4.02</hdop>
	<extensions>
		<gpxtpx:TrackPointExtension>
			<gpxtpx:course>234.21832</gpxtpx:course>
		</gpxtpx:TrackPointExtension>
	</extensions>
</trkpt>
<trkpt lat="46.0922747" lon="14.3550966">
	<ele>552.71</ele>
	<time>2026-10-01T11:57:23.011Z</time>
	<hdop>3.48</hdop>
	<extensions>
		<gpxtpx:TrackPointExtension>
			<gpxtpx:course>186.92911</gpxtpx:course>
		</gpxtpx:TrackPointExtension>
	</extensions>
</trkpt>
<trkpt lat="46.0921128" lon="14.3550354">
	<ele>551.37</ele>
	<time>2026-10-01T11:57:29.010Z</time>
	<hdop>3.52</hdop>
	<extensions>
		<gpxtpx:TrackPointExtension>
			<gpxtpx:course>212.0</gpxtpx:course>
		</gpxtpx:TrackPointExtension>
	</extensions>
</trkpt>
<trkpt lat="46.0920206" lon="14.3548239">
	<ele>553.49</ele>
	<time>2026-10-01T11:57:34.010Z</time>
	<hdop>3.79</hdop>
	<extensions>
		<gpxtpx:TrackPointExtension>
			<gpxtpx:course>241.0</gpxtpx:course>
		</gpxtpx:TrackPointExtension>
	</extensions>
</trkpt>
<trkpt lat="46.0919821" lon="14.3545732">
	<ele>558.44</ele>
	<time>2026-10-01T11:57:39.010Z</time>
	<hdop>3.79</hdop>
	<extensions>
		<gpxtpx:TrackPointExtension>
			<gpxtpx:course>259.0</gpxtpx:course>
		</gpxtpx:TrackPointExtension>
	</extensions>
</trkpt>
<trkpt lat="46.0919224" lon="14.3543647">
	<ele>563.24</ele>
	<time>2026-10-01T11:57:44.011Z</time>
	<hdop>3.79</hdop>
	<extensions>
		<gpxtpx:TrackPointExtension>
			<gpxtpx:course>229.0</gpxtpx:course>
		</gpxtpx:TrackPointExtension>
	</extensions>
</trkpt>
<trkpt lat="46.0917440" lon="14.3542358">
	<ele>566.79</ele>
	<time>2026-10-01T11:57:50.010Z</time>
	<hdop>3.79</hdop>
	<extensions>
		<gpxtpx:TrackPointExtension>
			<gpxtpx:course>189.0</gpxtpx:course>
		</gpxtpx:TrackPointExtension>
	</extensions>
</trkpt>
<trkpt lat="46.0915714" lon="14.3542672">
	<ele>568.19</ele>
	<time>2026-10-01T11:57:55.010Z</time>
	<hdop>3.79</hdop>
	<extensions>
		<gpxtpx:TrackPointExtension>
			<gpxtpx:course>171.0</gpxtpx:course>
		</gpxtpx:TrackPointExtension>
	</extensions>
</trkpt>
<trkpt lat="46.0914396" lon="14.3544114">
	<ele>568.10</ele>
	<time>2026-10-01T11:58:00.010Z</time>
	<hdop>3.79</hdop>
	<extensions>
		<gpxtpx:TrackPointExtension>
			<gpxtpx:course>138.0</gpxtpx:course>
		</gpxtpx:TrackPointExtension>
	</extensions>
</trkpt>
<trkpt lat="46.0913180" lon="14.3546036">
	<ele>567.58</ele>
	<time>2026-10-01T11:58:05.010Z</time>
	<hdop>3.79</hdop>
	<extensions>
		<gpxtpx:TrackPointExtension>
			<gpxtpx:course>129.0</gpxtpx:course>
		</gpxtpx:TrackPointExtension>
	</extensions>
</trkpt>
<trkpt lat="46.0911947" lon="14.3547849">
	<ele>568.24</ele>
	<time>2026-10-01T11:58:10.011Z</time>
	<hdop>3.79</hdop>
	<extensions>
		<gpxtpx:TrackPointExtension>
			<gpxtpx:course>138.0</gpxtpx:course>
		</gpxtpx:TrackPointExtension>
	</extensions>
</trkpt>
<trkpt lat="46.0911110" lon="14.3549202">
	<ele>568.82</ele>
	<time>2026-10-01T11:58:15.011Z</time>
	<hdop>3.79</hdop>
	<extensions>
		<gpxtpx:TrackPointExtension>
			<gpxtpx:course>137.0</gpxtpx:course>
		</gpxtpx:TrackPointExtension>
	</extensions>
</trkpt>
<trkpt lat="46.0910059" lon="14.3550091">
	<ele>570.48</ele>
	<time>2026-10-01T11:58:20.011Z</time>
	<hdop>3.79</hdop>
	<extensions>
		<gpxtpx:TrackPointExtension>
			<gpxtpx:course>166.0</gpxtpx:course>
		</gpxtpx:TrackPointExtension>
	</extensions>
</trkpt>
<trkpt lat="46.0908724" lon="14.3549569">
	<ele>574.83</ele>
	<time>2026-10-01T11:58:26.011Z</time>
	<hdop>3.79</hdop>
	<extensions>
		<gpxtpx:TrackPointExtension>
			<gpxtpx:course>201.0</gpxtpx:course>
		</gpxtpx:TrackPointExtension>
	</extensions>
</trkpt>
<trkpt lat="46.0907399" lon="14.3548889">
	<ele>578.33</ele>
	<time>2026-10-01T11:58:31.011Z</time>
	<hdop>3.79</hdop>
	<extensions>
		<gpxtpx:TrackPointExtension>
			<gpxtpx:course>206.0</gpxtpx:course>
		</gpxtpx:TrackPointExtension>
	</extensions>
</trkpt>
<trkpt lat="46.0905975" lon="14.3548174">
	<ele>580.87</ele>
	<time>2026-10-01T11:58:37.011Z</time>
	<hdop>3.79</hdop>
	<extensions>
		<gpxtpx:TrackPointExtension>
			<gpxtpx:course>198.0</gpxtpx:course>
		</gpxtpx:TrackPointExtension>
	</extensions>
</trkpt>
<trkpt lat="46.0904765" lon="14.3547528">
	<ele>582.81</ele>
	<time>2026-10-01T11:58:42.011Z</time>
	<hdop>3.83</hdop>
	<extensions>
		<gpxtpx:TrackPointExtension>
			<gpxtpx:course>192.0</gpxtpx:course>
		</gpxtpx:TrackPointExtension>
	</extensions>
</trkpt>
<trkpt lat="46.0903776" lon="14.3547122">
	<ele>584.07</ele>
	<time>2026-10-01T11:58:47.011Z</time>
	<hdop>3.79</hdop>
	<extensions>
		<gpxtpx:TrackPointExtension>
			<gpxtpx:course>192.0</gpxtpx:course>
		</gpxtpx:TrackPointExtension>
	</extensions>
</trkpt>
<trkpt lat="46.0902323" lon="14.3546553">
	<ele>586.21</ele>
	<time>2026-10-01T11:58:53.010Z</time>
	<hdop>3.79</hdop>
	<extensions>
		<gpxtpx:TrackPointExtension>
			<gpxtpx:course>195.0</gpxtpx:course>
		</gpxtpx:TrackPointExtension>
	</extensions>
</trkpt>
<trkpt lat="46.0901325" lon="14.3546827">
	<ele>586.14</ele>
	<time>2026-10-01T11:58:58.010Z</time>
	<hdop>3.79</hdop>
	<extensions>
		<gpxtpx:TrackPointExtension>
			<gpxtpx:course>163.0</gpxtpx:course>
		</gpxtpx:TrackPointExtension>
	</extensions>
</trkpt>
<trkpt lat="46.0899816" lon="14.3547644">
	<ele>585.07</ele>
	<time>2026-10-01T11:59:03.010Z</time>
	<hdop>3.79</hdop>
	<extensions>
		<gpxtpx:TrackPointExtension>
			<gpxtpx:course>165.0</gpxtpx:course>
		</gpxtpx:TrackPointExtension>
	</extensions>
</trkpt>
<trkpt lat="46.0898030" lon="14.3548184">
	<ele>586.14</ele>
	<time>2026-10-01T11:59:08.010Z</time>
	<hdop>3.79</hdop>
	<extensions>
		<gpxtpx:TrackPointExtension>
			<gpxtpx:course>172.0</gpxtpx:course>
		</gpxtpx:TrackPointExtension>
	</extensions>
</trkpt>
<trkpt lat="46.0896550" lon="14.3548115">
	<ele>588.74</ele>
	<time>2026-10-01T11:59:13.011Z</time>
	<hdop>3.79</hdop>
	<extensions>
		<gpxtpx:TrackPointExtension>
			<gpxtpx:course>192.0</gpxtpx:course>
		</gpxtpx:TrackPointExtension>
	</extensions>
</trkpt>
<trkpt lat="46.0895089" lon="14.3547337">
	<ele>592.71</ele>
	<time>2026-10-01T11:59:18.011Z</time>
	<hdop>3.79</hdop>
	<extensions>
		<gpxtpx:TrackPointExtension>
			<gpxtpx:course>201.0</gpxtpx:course>
		</gpxtpx:TrackPointExtension>
	</extensions>
</trkpt>
<trkpt lat="46.0893864" lon="14.3546558">
	<ele>596.32</ele>
	<time>2026-10-01T11:59:23.012Z</time>
	<hdop>3.79</hdop>
	<extensions>
		<gpxtpx:TrackPointExtension>
			<gpxtpx:course>187.0</gpxtpx:course>
		</gpxtpx:TrackPointExtension>
	</extensions>
</trkpt>
<trkpt lat="46.0893410" lon="14.3547881">
	<ele>596.51</ele>
	<time>2026-10-01T12:00:09.011Z</time>
	<hdop>3.79</hdop>
	<extensions>
		<gpxtpx:TrackPointExtension>
			<gpxtpx:course>64.0</gpxtpx:course>
		</gpxtpx:TrackPointExtension>
	</extensions>
</trkpt>
<trkpt lat="46.0893682" lon="14.3549472">
	<ele>595.25</ele>
	<time>2026-10-01T12:00:14.011Z</time>
	<hdop>3.92</hdop>
	<extensions>
		<gpxtpx:TrackPointExtension>
			<gpxtpx:course>89.0</gpxtpx:course>
		</gpxtpx:TrackPointExtension>
	</extensions>
</trkpt>
<trkpt lat="46.0893701" lon="14.3550895">
	<ele>595.76</ele>
	<time>2026-10-01T12:00:19.011Z</time>
	<hdop>3.79</hdop>
	<extensions>
		<gpxtpx:TrackPointExtension>
			<gpxtpx:course>94.0</gpxtpx:course>
		</gpxtpx:TrackPointExtension>
	</extensions>
</trkpt>
<trkpt lat="46.0894033" lon="14.3552625">
	<ele>597.58</ele>
	<time>2026-10-01T12:00:25.010Z</time>
	<hdop>3.79</hdop>
	<extensions>
		<gpxtpx:TrackPointExtension>
			<gpxtpx:course>41.0</gpxtpx:course>
		</gpxtpx:TrackPointExtension>
	</extensions>
</trkpt>
<trkpt lat="46.0895013" lon="14.3554260">
	<ele>596.04</ele>
	<time>2026-10-01T12:00:30.010Z</time>
	<hdop>3.79</hdop>
	<extensions>
		<gpxtpx:TrackPointExtension>
			<gpxtpx:course>59.0</gpxtpx:course>
		</gpxtpx:TrackPointExtension>
	</extensions>
</trkpt>
<trkpt lat="46.0895633" lon="14.3556458">
	<ele>596.28</ele>
	<time>2026-10-01T12:00:35.011Z</time>
	<hdop>3.79</hdop>
	<extensions>
		<gpxtpx:TrackPointExtension>
			<gpxtpx:course>75.0</gpxtpx:course>
		</gpxtpx:TrackPointExtension>
	</extensions>
</trkpt>
<trkpt lat="46.0895833" lon="14.3559074">
	<ele>598.04</ele>
	<time>2026-10-01T12:00:40.011Z</time>
	<hdop>3.79</hdop>
	<extensions>
		<gpxtpx:TrackPointExtension>
			<gpxtpx:course>79.0</gpxtpx:course>
		</gpxtpx:TrackPointExtension>
	</extensions>
</trkpt>
<trkpt lat="46.0895094" lon="14.3561787">
	<ele>602.28</ele>
	<time>2026-10-01T12:00:46.010Z</time>
	<hdop>3.79</hdop>
	<extensions>
		<gpxtpx:TrackPointExtension>
			<gpxtpx:course>118.0</gpxtpx:course>
		</gpxtpx:TrackPointExtension>
	</extensions>
</trkpt>
<trkpt lat="46.0894767" lon="14.3563640">
	<ele>602.79</ele>
	<time>2026-10-01T12:00:51.010Z</time>
	<hdop>3.79</hdop>
	<extensions>
		<gpxtpx:TrackPointExtension>
			<gpxtpx:course>78.0</gpxtpx:course>
		</gpxtpx:TrackPointExtension>
	</extensions>
</trkpt>
<trkpt lat="46.0895545" lon="14.3564334">
	<ele>601.34</ele>
	<time>2026-10-01T12:00:56.013Z</time>
	<hdop>3.79</hdop>
	<extensions>
		<gpxtpx:TrackPointExtension>
			<gpxtpx:course>351.0</gpxtpx:course>
		</gpxtpx:TrackPointExtension>
	</extensions>
</trkpt>
<trkpt lat="46.0897258" lon="14.3564737">
	<ele>599.60</ele>
	<time>2026-10-01T12:01:02.010Z</time>
	<hdop>3.79</hdop>
	<extensions>
		<gpxtpx:TrackPointExtension>
			<gpxtpx:course>19.0</gpxtpx:course>
		</gpxtpx:TrackPointExtension>
	</extensions>
</trkpt>
<trkpt lat="46.0898540" lon="14.3565079">
	<ele>599.13</ele>
	<time>2026-10-01T12:01:07.010Z</time>
	<hdop>3.79</hdop>
	<extensions>
		<gpxtpx:TrackPointExtension>
			<gpxtpx:course>349.0</gpxtpx:course>
		</gpxtpx:TrackPointExtension>
	</extensions>
</trkpt>
<trkpt lat="46.0900017" lon="14.3566033">
	<ele>600.03</ele>
	<time>2026-10-01T12:01:12.010Z</time>
	<hdop>3.79</hdop>
	<extensions>
		<gpxtpx:TrackPointExtension>
			<gpxtpx:course>29.0</gpxtpx:course>
		</gpxtpx:TrackPointExtension>
	</extensions>
</trkpt>
<trkpt lat="46.0901121" lon="14.3567729">
	<ele>602.58</ele>
	<time>2026-10-01T12:01:17.010Z</time>
	<hdop>3.79</hdop>
	<extensions>
		<gpxtpx:TrackPointExtension>
			<gpxtpx:course>52.0</gpxtpx:course>
		</gpxtpx:TrackPointExtension>
	</extensions>
</trkpt>
<trkpt lat="46.0902047" lon="14.3569655">
	<ele>604.91</ele>
	<time>2026-10-01T12:01:22.011Z</time>
	<hdop>3.79</hdop>
	<extensions>
		<gpxtpx:TrackPointExtension>
			<gpxtpx:course>73.0</gpxtpx:course>
		</gpxtpx:TrackPointExtension>
	</extensions>
</trkpt>
<trkpt lat="46.0902854" lon="14.3572242">
	<ele>606.65</ele>
	<time>2026-10-01T12:01:28.010Z</time>
	<hdop>3.79</hdop>
	<extensions>
		<gpxtpx:TrackPointExtension>
			<gpxtpx:course>63.0</gpxtpx:course>
		</gpxtpx:TrackPointExtension>
	</extensions>
</trkpt>
<trkpt lat="46.0903129" lon="14.3574426">
	<ele>607.57</ele>
	<time>2026-10-01T12:01:33.010Z</time>
	<hdop>3.79</hdop>
	<extensions>
		<gpxtpx:TrackPointExtension>
			<gpxtpx:course>86.0</gpxtpx:course>
		</gpxtpx:TrackPointExtension>
	</extensions>
</trkpt>
<trkpt lat="46.0903174" lon="14.3576611">
	<ele>608.37</ele>
	<time>2026-10-01T12:01:38.010Z</time>
	<hdop>3.79</hdop>
	<extensions>
		<gpxtpx:TrackPointExtension>
			<gpxtpx:course>95.0</gpxtpx:course>
		</gpxtpx:TrackPointExtension>
	</extensions>
</trkpt>
<trkpt lat="46.0903691" lon="14.3578816">
	<ele>605.62</ele>
	<time>2026-10-01T12:01:43.010Z</time>
	<hdop>3.79</hdop>
	<extensions>
		<gpxtpx:TrackPointExtension>
			<gpxtpx:course>60.0</gpxtpx:course>
		</gpxtpx:TrackPointExtension>
	</extensions>
</trkpt>
<trkpt lat="46.0904365" lon="14.3581239">
	<ele>600.66</ele>
	<time>2026-10-01T12:01:48.010Z</time>
	<hdop>3.79</hdop>
	<extensions>
		<gpxtpx:TrackPointExtension>
			<gpxtpx:course>83.0</gpxtpx:course>
		</gpxtpx:TrackPointExtension>
	</extensions>
</trkpt>
<trkpt lat="46.0904474" lon="14.3583496">
	<ele>599.66</ele>
	<time>2026-10-01T12:01:53.012Z</time>
	<hdop>3.79</hdop>
	<extensions>
		<gpxtpx:TrackPointExtension>
			<gpxtpx:course>96.0</gpxtpx:course>
		</gpxtpx:TrackPointExtension>
	</extensions>
</trkpt>
<trkpt lat="46.0903875" lon="14.3585862">
	<ele>603.85</ele>
	<time>2026-10-01T12:01:59.012Z</time>
	<hdop>3.79</hdop>
	<extensions>
		<gpxtpx:TrackPointExtension>
			<gpxtpx:course>116.0</gpxtpx:course>
		</gpxtpx:TrackPointExtension>
	</extensions>
</trkpt>
<trkpt lat="46.0902390" lon="14.3587844">
	<ele>611.03</ele>
	<time>2026-10-01T12:02:05.011Z</time>
	<hdop>3.79</hdop>
	<extensions>
		<gpxtpx:TrackPointExtension>
			<gpxtpx:course>144.0</gpxtpx:course>
		</gpxtpx:TrackPointExtension>
	</extensions>
</trkpt>
<trkpt lat="46.0900803" lon="14.3588911">
	<ele>616.77</ele>
	<time>2026-10-01T12:02:11.011Z</time>
	<hdop>3.79</hdop>
	<extensions>
		<gpxtpx:TrackPointExtension>
			<gpxtpx:course>169.0</gpxtpx:course>
		</gpxtpx:TrackPointExtension>
	</extensions>
</trkpt>
<trkpt lat="46.0900805" lon="14.3590391">
	<ele>617.37</ele>
	<time>2026-10-01T12:02:17.010Z</time>
	<hdop>3.79</hdop>
	<extensions>
		<gpxtpx:TrackPointExtension>
			<gpxtpx:course>30.0</gpxtpx:course>
		</gpxtpx:TrackPointExtension>
	</extensions>
</trkpt>
<trkpt lat="46.0902061" lon="14.3591634">
	<ele>615.11</ele>
	<time>2026-10-01T12:02:22.010Z</time>
	<hdop>3.79</hdop>
	<extensions>
		<gpxtpx:TrackPointExtension>
			<gpxtpx:course>28.0</gpxtpx:course>
		</gpxtpx:TrackPointExtension>
	</extensions>
</trkpt>
<trkpt lat="46.0903595" lon="14.3592849">
	<ele>612.81</ele>
	<time>2026-10-01T12:02:27.010Z</time>
	<hdop>3.79</hdop>
	<extensions>
		<gpxtpx:TrackPointExtension>
			<gpxtpx:course>27.0</gpxtpx:course>
		</gpxtpx:TrackPointExtension>
	</extensions>
</trkpt>
<trkpt lat="46.0904560" lon="14.3594508">
	<ele>612.51</ele>
	<time>2026-10-01T12:02:32.011Z</time>
	<hdop>3.79</hdop>
	<extensions>
		<gpxtpx:TrackPointExtension>
			<gpxtpx:course>60.0</gpxtpx:course>
		</gpxtpx:TrackPointExtension>
	</extensions>
</trkpt>
<trkpt lat="46.0904849" lon="14.3596807">
	<ele>615.15</ele>
	<time>2026-10-01T12:02:38.010Z</time>
	<hdop>3.79</hdop>
	<extensions>
		<gpxtpx:TrackPointExtension>
			<gpxtpx:course>90.94369</gpxtpx:course>
		</gpxtpx:TrackPointExtension>
	</extensions>
</trkpt>
<trkpt lat="46.0905082" lon="14.3599118">
	<ele>618.00</ele>
	<time>2026-10-01T12:02:43.011Z</time>
	<hdop>3.79</hdop>
	<extensions>
		<gpxtpx:TrackPointExtension>
			<gpxtpx:course>60.0</gpxtpx:course>
		</gpxtpx:TrackPointExtension>
	</extensions>
</trkpt>
<trkpt lat="46.0906617" lon="14.3601157">
	<ele>613.81</ele>
	<time>2026-10-01T12:02:49.011Z</time>
	<hdop>3.79</hdop>
	<extensions>
		<gpxtpx:TrackPointExtension>
			<gpxtpx:course>64.0</gpxtpx:course>
		</gpxtpx:TrackPointExtension>
	</extensions>
</trkpt>
<trkpt lat="46.0907797" lon="14.3603662">
	<ele>612.57</ele>
	<time>2026-10-01T12:02:55.010Z</time>
	<hdop>3.81</hdop>
	<extensions>
		<gpxtpx:TrackPointExtension>
			<gpxtpx:course>63.0</gpxtpx:course>
		</gpxtpx:TrackPointExtension>
	</extensions>
</trkpt>
<trkpt lat="46.0908191" lon="14.3606345">
	<ele>614.57</ele>
	<time>2026-10-01T12:03:00.011Z</time>
	<hdop>3.79</hdop>
	<extensions>
		<gpxtpx:TrackPointExtension>
			<gpxtpx:course>89.0</gpxtpx:course>
		</gpxtpx:TrackPointExtension>
	</extensions>
</trkpt>
<trkpt lat="46.0908535" lon="14.3608740">
	<ele>615.61</ele>
	<time>2026-10-01T12:03:05.011Z</time>
	<hdop>3.79</hdop>
	<extensions>
		<gpxtpx:TrackPointExtension>
			<gpxtpx:course>77.0</gpxtpx:course>
		</gpxtpx:TrackPointExtension>
	</extensions>
</trkpt>
<trkpt lat="46.0909046" lon="14.3609969">
	<ele>614.50</ele>
	<time>2026-10-01T12:03:13.010Z</time>
	<hdop>3.83</hdop>
	<extensions>
		<gpxtpx:TrackPointExtension>
			<gpxtpx:course>76.0</gpxtpx:course>
		</gpxtpx:TrackPointExtension>
	</extensions>
</trkpt>
<trkpt lat="46.0909426" lon="14.3611197">
	<ele>613.41</ele>
	<time>2026-10-01T12:03:18.010Z</time>
	<hdop>3.79</hdop>
	<extensions>
		<gpxtpx:TrackPointExtension>
			<gpxtpx:course>352.0</gpxtpx:course>
		</gpxtpx:TrackPointExtension>
	</extensions>
</trkpt>
<trkpt lat="46.0908925" lon="14.3612276">
	<ele>614.34</ele>
	<time>2026-10-01T12:03:27.010Z</time>
	<hdop>3.79</hdop>
	<extensions>
		<gpxtpx:TrackPointExtension>
			<gpxtpx:course>93.0</gpxtpx:course>
		</gpxtpx:TrackPointExtension>
	</extensions>
</trkpt>
<trkpt lat="46.0908735" lon="14.3616274">
	<ele>613.33</ele>
	<time>2026-10-01T12:03:32.011Z</time>
	<hdop>3.79</hdop>
	<extensions>
		<gpxtpx:TrackPointExtension>
			<gpxtpx:course>105.0</gpxtpx:course>
		</gpxtpx:TrackPointExtension>
	</extensions>
</trkpt>
<trkpt lat="46.0907869" lon="14.3620736">
	<ele>615.73</ele>
	<time>2026-10-01T12:03:38.010Z</time>
	<hdop>3.79</hdop>
	<extensions>
		<gpxtpx:TrackPointExtension>
			<gpxtpx:course>113.0</gpxtpx:course>
		</gpxtpx:TrackPointExtension>
	</extensions>
</trkpt>
<trkpt lat="46.0907235" lon="14.3623115">
	<ele>617.61</ele>
	<time>2026-10-01T12:03:43.010Z</time>
	<hdop>3.86</hdop>
	<extensions>
		<gpxtpx:TrackPointExtension>
			<gpxtpx:course>111.0</gpxtpx:course>
		</gpxtpx:TrackPointExtension>
	</extensions>
</trkpt>
<trkpt lat="46.0906802" lon="14.3625476">
	<ele>619.14</ele>
	<time>2026-10-01T12:03:48.010Z</time>
	<hdop>3.79</hdop>
	<extensions>
		<gpxtpx:TrackPointExtension>
			<gpxtpx:course>94.0</gpxtpx:course>
		</gpxtpx:TrackPointExtension>
	</extensions>
</trkpt>
<trkpt lat="46.0907236" lon="14.3626711">
	<ele>617.42</ele>
	<time>2026-10-01T12:03:58.011Z</time>
	<hdop>3.82</hdop>
	<extensions>
		<gpxtpx:TrackPointExtension>
			<gpxtpx:course>61.0</gpxtpx:course>
		</gpxtpx:TrackPointExtension>
	</extensions>
</trkpt>
<trkpt lat="46.0907290" lon="14.3628689">
	<ele>617.29</ele>
	<time>2026-10-01T12:04:03.011Z</time>
	<hdop>3.79</hdop>
	<extensions>
		<gpxtpx:TrackPointExtension>
			<gpxtpx:course>94.0</gpxtpx:course>
		</gpxtpx:TrackPointExtension>
	</extensions>
</trkpt>
<trkpt lat="46.0907046" lon="14.3631934">
	<ele>619.78</ele>
	<time>2026-10-01T12:04:09.010Z</time>
	<hdop>3.84</hdop>
	<extensions>
		<gpxtpx:TrackPointExtension>
			<gpxtpx:course>89.0</gpxtpx:course>
		</gpxtpx:TrackPointExtension>
	</extensions>
</trkpt>
<trkpt lat="46.0907302" lon="14.3634608">
	<ele>622.26</ele>
	<time>2026-10-01T12:04:14.010Z</time>
	<hdop>4.18</hdop>
	<extensions>
		<gpxtpx:TrackPointExtension>
			<gpxtpx:course>68.0</gpxtpx:course>
		</gpxtpx:TrackPointExtension>
	</extensions>
</trkpt>
<trkpt lat="46.0908254" lon="14.3636901">
	<ele>623.71</ele>
	<time>2026-10-01T12:04:19.010Z</time>
	<hdop>3.84</hdop>
	<extensions>
		<gpxtpx:TrackPointExtension>
			<gpxtpx:course>66.0</gpxtpx:course>
		</gpxtpx:TrackPointExtension>
	</extensions>
</trkpt>
<trkpt lat="46.0909097" lon="14.3638787">
	<ele>625.25</ele>
	<time>2026-10-01T12:04:24.011Z</time>
	<hdop>3.79</hdop>
	<extensions>
		<gpxtpx:TrackPointExtension>
			<gpxtpx:course>66.0</gpxtpx:course>
		</gpxtpx:TrackPointExtension>
	</extensions>
</trkpt>
<trkpt lat="46.0909282" lon="14.3640800">
	<ele>628.49</ele>
	<time>2026-10-01T12:04:30.010Z</time>
	<hdop>3.79</hdop>
	<extensions>
		<gpxtpx:TrackPointExtension>
			<gpxtpx:course>96.0</gpxtpx:course>
		</gpxtpx:TrackPointExtension>
	</extensions>
</trkpt>
<trkpt lat="46.0909080" lon="14.3642371">
	<ele>631.15</ele>
	<time>2026-10-01T12:04:35.010Z</time>
	<hdop>4.56</hdop>
	<extensions>
		<gpxtpx:TrackPointExtension>
			<gpxtpx:course>103.0</gpxtpx:course>
		</gpxtpx:TrackPointExtension>
	</extensions>
</trkpt>
<trkpt lat="46.0908640" lon="14.3644529">
	<ele>633.73</ele>
	<time>2026-10-01T12:04:40.012Z</time>
	<hdop>3.79</hdop>
	<extensions>
		<gpxtpx:TrackPointExtension>
			<gpxtpx:course>107.0</gpxtpx:course>
		</gpxtpx:TrackPointExtension>
	</extensions>
</trkpt>
<trkpt lat="46.0908256" lon="14.3648148">
	<ele>634.51</ele>
	<time>2026-10-01T12:04:46.012Z</time>
	<hdop>3.79</hdop>
	<extensions>
		<gpxtpx:TrackPointExtension>
			<gpxtpx:course>83.0</gpxtpx:course>
		</gpxtpx:TrackPointExtension>
	</extensions>
</trkpt>
<trkpt lat="46.0908624" lon="14.3650450">
	<ele>633.07</ele>
	<time>2026-10-01T12:04:52.011Z</time>
	<hdop>3.79</hdop>
	<extensions>
		<gpxtpx:TrackPointExtension>
			<gpxtpx:course>70.0</gpxtpx:course>
		</gpxtpx:TrackPointExtension>
	</extensions>
</trkpt>
<trkpt lat="46.0909443" lon="14.3652572">
	<ele>630.52</ele>
	<time>2026-10-01T12:04:57.011Z</time>
	<hdop>3.79</hdop>
	<extensions>
		<gpxtpx:TrackPointExtension>
			<gpxtpx:course>61.0</gpxtpx:course>
		</gpxtpx:TrackPointExtension>
	</extensions>
</trkpt>
<trkpt lat="46.0910275" lon="14.3656330">
	<ele>628.65</ele>
	<time>2026-10-01T12:05:03.010Z</time>
	<hdop>3.79</hdop>
	<extensions>
		<gpxtpx:TrackPointExtension>
			<gpxtpx:course>74.0</gpxtpx:course>
		</gpxtpx:TrackPointExtension>
	</extensions>
</trkpt>
<trkpt lat="46.0910564" lon="14.3659170">
	<ele>629.08</ele>
	<time>2026-10-01T12:05:08.011Z</time>
	<hdop>3.79</hdop>
	<extensions>
		<gpxtpx:TrackPointExtension>
			<gpxtpx:course>84.0</gpxtpx:course>
		</gpxtpx:TrackPointExtension>
	</extensions>
</trkpt>
<trkpt lat="46.0910348" lon="14.3661217">
	<ele>631.09</ele>
	<time>2026-10-01T12:05:13.011Z</time>
	<hdop>3.79</hdop>
	<extensions>
		<gpxtpx:TrackPointExtension>
			<gpxtpx:course>103.0</gpxtpx:course>
		</gpxtpx:TrackPointExtension>
	</extensions>
</trkpt>
<trkpt lat="46.0910047" lon="14.3664395">
	<ele>634.41</ele>
	<time>2026-10-01T12:05:18.011Z</time>
	<hdop>3.79</hdop>
	<extensions>
		<gpxtpx:TrackPointExtension>
			<gpxtpx:course>112.0</gpxtpx:course>
		</gpxtpx:TrackPointExtension>
	</extensions>
</trkpt>
<trkpt lat="46.0909808" lon="14.3667086">
	<ele>637.71</ele>
	<time>2026-10-01T12:05:24.011Z</time>
	<hdop>3.79</hdop>
	<extensions>
		<gpxtpx:TrackPointExtension>
			<gpxtpx:course>88.0</gpxtpx:course>
		</gpxtpx:TrackPointExtension>
	</extensions>
</trkpt>
<trkpt lat="46.0910492" lon="14.3669745">
	<ele>638.49</ele>
	<time>2026-10-01T12:05:29.011Z</time>
	<hdop>3.79</hdop>
	<extensions>
		<gpxtpx:TrackPointExtension>
			<gpxtpx:course>68.0</gpxtpx:course>
		</gpxtpx:TrackPointExtension>
	</extensions>
</trkpt>
<trkpt lat="46.0911187" lon="14.3672285">
	<ele>639.42</ele>
	<time>2026-10-01T12:05:34.011Z</time>
	<hdop>3.79</hdop>
	<extensions>
		<gpxtpx:TrackPointExtension>
			<gpxtpx:course>65.0</gpxtpx:course>
		</gpxtpx:TrackPointExtension>
	</extensions>
</trkpt>
<trkpt lat="46.0911946" lon="14.3674123">
	<ele>639.32</ele>
	<time>2026-10-01T12:05:39.011Z</time>
	<hdop>3.79</hdop>
	<extensions>
		<gpxtpx:TrackPointExtension>
			<gpxtpx:course>68.0</gpxtpx:course>
		</gpxtpx:TrackPointExtension>
	</extensions>
</trkpt>
<trkpt lat="46.0912179" lon="14.3676347">
	<ele>640.85</ele>
	<time>2026-10-01T12:05:45.010Z</time>
	<hdop>3.79</hdop>
	<extensions>
		<gpxtpx:TrackPointExtension>
			<gpxtpx:course>94.0</gpxtpx:course>
		</gpxtpx:TrackPointExtension>
	</extensions>
</trkpt>
<trkpt lat="46.0912092" lon="14.3678273">
	<ele>643.21</ele>
	<time>2026-10-01T12:05:50.010Z</time>
	<hdop>3.79</hdop>
	<extensions>
		<gpxtpx:TrackPointExtension>
			<gpxtpx:course>88.0</gpxtpx:course>
		</gpxtpx:TrackPointExtension>
	</extensions>
</trkpt>
<trkpt lat="46.0912277" lon="14.3680056">
	<ele>644.34</ele>
	<time>2026-10-01T12:05:55.010Z</time>
	<hdop>3.79</hdop>
	<extensions>
		<gpxtpx:TrackPointExtension>
			<gpxtpx:course>84.0</gpxtpx:course>
		</gpxtpx:TrackPointExtension>
	</extensions>
</trkpt>
<trkpt lat="46.0912428" lon="14.3681997">
	<ele>645.55</ele>
	<time>2026-10-01T12:06:00.012Z</time>
	<hdop>3.79</hdop>
	<extensions>
		<gpxtpx:TrackPointExtension>
			<gpxtpx:course>90.0</gpxtpx:course>
		</gpxtpx:TrackPointExtension>
	</extensions>
</trkpt>
<trkpt lat="46.0912548" lon="14.3684510">
	<ele>647.47</ele>
	<time>2026-10-01T12:06:06.010Z</time>
	<hdop>3.79</hdop>
	<extensions>
		<gpxtpx:TrackPointExtension>
			<gpxtpx:course>82.0</gpxtpx:course>
		</gpxtpx:TrackPointExtension>
	</extensions>
</trkpt>
<trkpt lat="46.0912535" lon="14.3686413">
	<ele>649.74</ele>
	<time>2026-10-01T12:06:11.011Z</time>
	<hdop>3.79</hdop>
	<extensions>
		<gpxtpx:TrackPointExtension>
			<gpxtpx:course>97.0</gpxtpx:course>
		</gpxtpx:TrackPointExtension>
	</extensions>
</trkpt>
<trkpt lat="46.0912615" lon="14.3687832">
	<ele>651.41</ele>
	<time>2026-10-01T12:06:20.010Z</time>
	<hdop>3.79</hdop>
	<extensions>
		<gpxtpx:TrackPointExtension>
			<gpxtpx:course>80.0</gpxtpx:course>
		</gpxtpx:TrackPointExtension>
	</extensions>
</trkpt>
<trkpt lat="46.0913280" lon="14.3689044">
	<ele>652.00</ele>
	<time>2026-10-01T12:11:54.010Z</time>
	<hdop>3.79</hdop>
	<extensions>
		<gpxtpx:TrackPointExtension>
			<gpxtpx:course>53.0</gpxtpx:course>
		</gpxtpx:TrackPointExtension>
	</extensions>
</trkpt>
<trkpt lat="46.0914317" lon="14.3689965">
	<ele>652.42</ele>
	<time>2026-10-01T12:11:59.011Z</time>
	<hdop>3.79</hdop>
	<extensions>
		<gpxtpx:TrackPointExtension>
			<gpxtpx:course>36.0</gpxtpx:course>
		</gpxtpx:TrackPointExtension>
	</extensions>
</trkpt>
<trkpt lat="46.0915344" lon="14.3690750">
	<ele>652.85</ele>
	<time>2026-10-01T12:12:04.012Z</time>
	<hdop>3.79</hdop>
	<extensions>
		<gpxtpx:TrackPointExtension>
			<gpxtpx:course>32.0</gpxtpx:course>
		</gpxtpx:TrackPointExtension>
	</extensions>
</trkpt>
<trkpt lat="46.0916336" lon="14.3692482">
	<ele>653.16</ele>
	<time>2026-10-01T12:12:10.011Z</time>
	<hdop>3.79</hdop>
	<extensions>
		<gpxtpx:TrackPointExtension>
			<gpxtpx:course>61.0</gpxtpx:course>
		</gpxtpx:TrackPointExtension>
	</extensions>
</trkpt>
<trkpt lat="46.0917058" lon="14.3693511">
	<ele>652.51</ele>
	<time>2026-10-01T12:12:16.011Z</time>
	<hdop>3.79</hdop>
	<extensions>
		<gpxtpx:TrackPointExtension>
			<gpxtpx:course>20.0</gpxtpx:course>
		</gpxtpx:TrackPointExtension>
	</extensions>
</trkpt>
<trkpt lat="46.0916147" lon="14.3693131">
	<ele>652.78</ele>
	<time>2026-10-01T12:12:29.011Z</time>
	<hdop>3.79</hdop>
	<extensions>
		<gpxtpx:TrackPointExtension>
			<gpxtpx:course>202.0</gpxtpx:course>
		</gpxtpx:TrackPointExtension>
	</extensions>
</trkpt>
<trkpt lat="46.0914868" lon="14.3692464">
	<ele>653.02</ele>
	<time>2026-10-01T12:12:34.011Z</time>
	<hdop>3.79</hdop>
	<extensions>
		<gpxtpx:TrackPointExtension>
			<gpxtpx:course>192.0</gpxtpx:course>
		</gpxtpx:TrackPointExtension>
	</extensions>
</trkpt>
<trkpt lat="46.0913428" lon="14.3691767">
	<ele>652.92</ele>
	<time>2026-10-01T12:12:39.011Z</time>
	<hdop>3.79</hdop>
	<extensions>
		<gpxtpx:TrackPointExtension>
			<gpxtpx:course>197.0</gpxtpx:course>
		</gpxtpx:TrackPointExtension>
	</extensions>
</trkpt>
<trkpt lat="46.0911709" lon="14.3691450">
	<ele>652.43</ele>
	<time>2026-10-01T12:12:44.012Z</time>
	<hdop>3.79</hdop>
	<extensions>
		<gpxtpx:TrackPointExtension>
			<gpxtpx:course>184.0</gpxtpx:course>
		</gpxtpx:TrackPointExtension>
	</extensions>
</trkpt>
<trkpt lat="46.0909218" lon="14.3691668">
	<ele>651.29</ele>
	<time>2026-10-01T12:12:50.011Z</time>
	<hdop>3.79</hdop>
	<extensions>
		<gpxtpx:TrackPointExtension>
			<gpxtpx:course>170.0</gpxtpx:course>
		</gpxtpx:TrackPointExtension>
	</extensions>
</trkpt>
<trkpt lat="46.0906965" lon="14.3693887">
	<ele>646.23</ele>
	<time>2026-10-01T12:12:55.012Z</time>
	<hdop>3.79</hdop>
	<extensions>
		<gpxtpx:TrackPointExtension>
			<gpxtpx:course>125.0</gpxtpx:course>
		</gpxtpx:TrackPointExtension>
	</extensions>
</trkpt>
<trkpt lat="46.0904425" lon="14.3696265">
	<ele>637.97</ele>
	<time>2026-10-01T12:13:01.013Z</time>
	<hdop>3.79</hdop>
	<extensions>
		<gpxtpx:TrackPointExtension>
			<gpxtpx:course>184.0</gpxtpx:course>
		</gpxtpx:TrackPointExtension>
	</extensions>
</trkpt>
<trkpt lat="46.0900871" lon="14.3695223">
	<ele>642.13</ele>
	<time>2026-10-01T12:13:07.011Z</time>
	<hdop>3.79</hdop>
	<extensions>
		<gpxtpx:TrackPointExtension>
			<gpxtpx:course>156.0</gpxtpx:course>
		</gpxtpx:TrackPointExtension>
	</extensions>
</trkpt>
<trkpt lat="46.0898046" lon="14.3698095">
	<ele>630.81</ele>
	<time>2026-10-01T12:13:12.012Z</time>
	<hdop>3.79</hdop>
	<extensions>
		<gpxtpx:TrackPointExtension>
			<gpxtpx:course>150.0</gpxtpx:course>
		</gpxtpx:TrackPointExtension>
	</extensions>
</trkpt>
<trkpt lat="46.0894799" lon="14.3700059">
	<ele>626.54</ele>
	<time>2026-10-01T12:13:17.012Z</time>
	<hdop>3.79</hdop>
	<extensions>
		<gpxtpx:TrackPointExtension>
			<gpxtpx:course>169.0</gpxtpx:course>
		</gpxtpx:TrackPointExtension>
	</extensions>
</trkpt>
<trkpt lat="46.0890543" lon="14.3699309">
	<ele>625.69</ele>
	<time>2026-10-01T12:13:23.011Z</time>
	<hdop>3.79</hdop>
	<extensions>
		<gpxtpx:TrackPointExtension>
			<gpxtpx:course>194.0</gpxtpx:course>
		</gpxtpx:TrackPointExtension>
	</extensions>
</trkpt>
<trkpt lat="46.0887131" lon="14.3699774">
	<ele>617.69</ele>
	<time>2026-10-01T12:13:28.012Z</time>
	<hdop>3.79</hdop>
	<extensions>
		<gpxtpx:TrackPointExtension>
			<gpxtpx:course>153.0</gpxtpx:course>
		</gpxtpx:TrackPointExtension>
	</extensions>
</trkpt>
<trkpt lat="46.0883808" lon="14.3702359">
	<ele>609.16</ele>
	<time>2026-10-01T12:13:33.012Z</time>
	<hdop>3.79</hdop>
	<extensions>
		<gpxtpx:TrackPointExtension>
			<gpxtpx:course>152.0</gpxtpx:course>
		</gpxtpx:TrackPointExtension>
	</extensions>
</trkpt>
<trkpt lat="46.0882472" lon="14.3706579">
	<ele>606.65</ele>
	<time>2026-10-01T12:13:39.012Z</time>
	<hdop>3.79</hdop>
	<extensions>
		<gpxtpx:TrackPointExtension>
			<gpxtpx:course>80.0</gpxtpx:course>
		</gpxtpx:TrackPointExtension>
	</extensions>
</trkpt>
<trkpt lat="46.0884063" lon="14.3711827">
	<ele>600.09</ele>
	<time>2026-10-01T12:13:45.010Z</time>
	<hdop>3.79</hdop>
	<extensions>
		<gpxtpx:TrackPointExtension>
			<gpxtpx:course>62.0</gpxtpx:course>
		</gpxtpx:TrackPointExtension>
	</extensions>
</trkpt>
<trkpt lat="46.0886534" lon="14.3716356">
	<ele>587.73</ele>
	<time>2026-10-01T12:13:50.011Z</time>
	<hdop>3.79</hdop>
	<extensions>
		<gpxtpx:TrackPointExtension>
			<gpxtpx:course>42.0</gpxtpx:course>
		</gpxtpx:TrackPointExtension>
	</extensions>
</trkpt>
<trkpt lat="46.0888693" lon="14.3719616">
	<ele>581.64</ele>
	<time>2026-10-01T12:13:55.011Z</time>
	<hdop>3.79</hdop>
	<extensions>
		<gpxtpx:TrackPointExtension>
			<gpxtpx:course>84.0</gpxtpx:course>
		</gpxtpx:TrackPointExtension>
	</extensions>
</trkpt>
<trkpt lat="46.0885920" lon="14.3720500">
	<ele>579.19</ele>
	<time>2026-10-01T12:14:00.013Z</time>
	<hdop>3.79</hdop>
	<extensions>
		<gpxtpx:TrackPointExtension>
			<gpxtpx:course>188.0</gpxtpx:course>
		</gpxtpx:TrackPointExtension>
	</extensions>
</trkpt>
<trkpt lat="46.0881845" lon="14.3718666">
	<ele>582.12</ele>
	<time>2026-10-01T12:14:06.012Z</time>
	<hdop>3.79</hdop>
	<extensions>
		<gpxtpx:TrackPointExtension>
			<gpxtpx:course>178.0</gpxtpx:course>
		</gpxtpx:TrackPointExtension>
	</extensions>
</trkpt>
<trkpt lat="46.0878204" lon="14.3719485">
	<ele>580.13</ele>
	<time>2026-10-01T12:14:11.012Z</time>
	<hdop>3.79</hdop>
	<extensions>
		<gpxtpx:TrackPointExtension>
			<gpxtpx:course>145.0</gpxtpx:course>
		</gpxtpx:TrackPointExtension>
	</extensions>
</trkpt>
<trkpt lat="46.0874639" lon="14.3724227">
	<ele>566.28</ele>
	<time>2026-10-01T12:14:17.011Z</time>
	<hdop>3.79</hdop>
	<extensions>
		<gpxtpx:TrackPointExtension>
			<gpxtpx:course>124.0</gpxtpx:course>
		</gpxtpx:TrackPointExtension>
	</extensions>
</trkpt>
<trkpt lat="46.0873715" lon="14.3729806">
	<ele>556.07</ele>
	<time>2026-10-01T12:14:22.012Z</time>
	<hdop>3.79</hdop>
	<extensions>
		<gpxtpx:TrackPointExtension>
			<gpxtpx:course>100.0</gpxtpx:course>
		</gpxtpx:TrackPointExtension>
	</extensions>
</trkpt>
<trkpt lat="46.0872231" lon="14.3734419">
	<ele>550.06</ele>
	<time>2026-10-01T12:14:27.012Z</time>
	<hdop>3.79</hdop>
	<extensions>
		<gpxtpx:TrackPointExtension>
			<gpxtpx:course>128.0</gpxtpx:course>
		</gpxtpx:TrackPointExtension>
	</extensions>
</trkpt>
<trkpt lat="46.0869884" lon="14.3739552">
	<ele>550.58</ele>
	<time>2026-10-01T12:14:32.013Z</time>
	<hdop>3.79</hdop>
	<extensions>
		<gpxtpx:TrackPointExtension>
			<gpxtpx:course>115.0</gpxtpx:course>
		</gpxtpx:TrackPointExtension>
	</extensions>
</trkpt>
<trkpt lat="46.0867563" lon="14.3746227">
	<ele>548.41</ele>
	<time>2026-10-01T12:14:38.012Z</time>
	<hdop>3.79</hdop>
	<extensions>
		<gpxtpx:TrackPointExtension>
			<gpxtpx:course>125.0</gpxtpx:course>
		</gpxtpx:TrackPointExtension>
	</extensions>
</trkpt>
<trkpt lat="46.0864504" lon="14.3751427">
	<ele>539.84</ele>
	<time>2026-10-01T12:14:44.011Z</time>
	<hdop>3.79</hdop>
	<extensions>
		<gpxtpx:TrackPointExtension>
			<gpxtpx:course>144.0</gpxtpx:course>
		</gpxtpx:TrackPointExtension>
	</extensions>
</trkpt>
<trkpt lat="46.0860863" lon="14.3754305">
	<ele>535.69</ele>
	<time>2026-10-01T12:14:49.012Z</time>
	<hdop>3.79</hdop>
	<extensions>
		<gpxtpx:TrackPointExtension>
			<gpxtpx:course>149.0</gpxtpx:course>
		</gpxtpx:TrackPointExtension>
	</extensions>
</trkpt>
<trkpt lat="46.0856262" lon="14.3755391">
	<ele>533.56</ele>
	<time>2026-10-01T12:14:55.012Z</time>
	<hdop>3.79</hdop>
	<extensions>
		<gpxtpx:TrackPointExtension>
			<gpxtpx:course>147.0</gpxtpx:course>
		</gpxtpx:TrackPointExtension>
	</extensions>
</trkpt>
<trkpt lat="46.0853745" lon="14.3759481">
	<ele>525.44</ele>
	<time>2026-10-01T12:15:00.012Z</time>
	<hdop>3.79</hdop>
	<extensions>
		<gpxtpx:TrackPointExtension>
			<gpxtpx:course>133.0</gpxtpx:course>
		</gpxtpx:TrackPointExtension>
	</extensions>
</trkpt>
<trkpt lat="46.0849733" lon="14.3762228">
	<ele>519.01</ele>
	<time>2026-10-01T12:15:06.012Z</time>
	<hdop>3.79</hdop>
	<extensions>
		<gpxtpx:TrackPointExtension>
			<gpxtpx:course>163.0</gpxtpx:course>
		</gpxtpx:TrackPointExtension>
	</extensions>
</trkpt>
<trkpt lat="46.0846609" lon="14.3762229">
	<ele>514.78</ele>
	<time>2026-10-01T12:15:11.012Z</time>
	<hdop>3.79</hdop>
	<extensions>
		<gpxtpx:TrackPointExtension>
			<gpxtpx:course>229.0</gpxtpx:course>
		</gpxtpx:TrackPointExtension>
	</extensions>
</trkpt>
<trkpt lat="46.0845886" lon="14.3757135">
	<ele>519.06</ele>
	<time>2026-10-01T12:15:16.012Z</time>
	<hdop>3.79</hdop>
	<extensions>
		<gpxtpx:TrackPointExtension>
			<gpxtpx:course>261.0</gpxtpx:course>
		</gpxtpx:TrackPointExtension>
	</extensions>
</trkpt>
<trkpt lat="46.0844737" lon="14.3751355">
	<ele>513.23</ele>
	<time>2026-10-01T12:15:22.014Z</time>
	<hdop>3.79</hdop>
	<extensions>
		<gpxtpx:TrackPointExtension>
			<gpxtpx:course>235.0</gpxtpx:course>
		</gpxtpx:TrackPointExtension>
	</extensions>
</trkpt>
<trkpt lat="46.0842136" lon="14.3752102">
	<ele>509.01</ele>
	<time>2026-10-01T12:15:28.011Z</time>
	<hdop>3.79</hdop>
	<extensions>
		<gpxtpx:TrackPointExtension>
			<gpxtpx:course>115.0</gpxtpx:course>
		</gpxtpx:TrackPointExtension>
	</extensions>
</trkpt>
<trkpt lat="46.0840564" lon="14.3757340">
	<ele>503.26</ele>
	<time>2026-10-01T12:15:33.012Z</time>
	<hdop>3.79</hdop>
	<extensions>
		<gpxtpx:TrackPointExtension>
			<gpxtpx:course>113.0</gpxtpx:course>
		</gpxtpx:TrackPointExtension>
	</extensions>
</trkpt>
<trkpt lat="46.0838905" lon="14.3763826">
	<ele>498.48</ele>
	<time>2026-10-01T12:15:39.013Z</time>
	<hdop>3.79</hdop>
	<extensions>
		<gpxtpx:TrackPointExtension>
			<gpxtpx:course>109.0</gpxtpx:course>
		</gpxtpx:TrackPointExtension>
	</extensions>
</trkpt>
<trkpt lat="46.0836702" lon="14.3769728">
	<ele>495.72</ele>
	<time>2026-10-01T12:15:45.011Z</time>
	<hdop>3.79</hdop>
	<extensions>
		<gpxtpx:TrackPointExtension>
			<gpxtpx:course>131.0</gpxtpx:course>
		</gpxtpx:TrackPointExtension>
	</extensions>
</trkpt>
<trkpt lat="46.0833885" lon="14.3773316">
	<ele>492.13</ele>
	<time>2026-10-01T12:15:50.012Z</time>
	<hdop>3.79</hdop>
	<extensions>
		<gpxtpx:TrackPointExtension>
			<gpxtpx:course>137.0</gpxtpx:course>
		</gpxtpx:TrackPointExtension>
	</extensions>
</trkpt>
<trkpt lat="46.0830478" lon="14.3777358">
	<ele>484.39</ele>
	<time>2026-10-01T12:15:56.012Z</time>
	<hdop>3.79</hdop>
	<extensions>
		<gpxtpx:TrackPointExtension>
			<gpxtpx:course>138.0</gpxtpx:course>
		</gpxtpx:TrackPointExtension>
	</extensions>
</trkpt>
<trkpt lat="46.0827931" lon="14.3781189">
	<ele>479.31</ele>
	<time>2026-10-01T12:16:02.012Z</time>
	<hdop>3.79</hdop>
	<extensions>
		<gpxtpx:TrackPointExtension>
			<gpxtpx:course>109.0</gpxtpx:course>
		</gpxtpx:TrackPointExtension>
	</extensions>
</trkpt>
<trkpt lat="46.0829145" lon="14.3784376">
	<ele>477.32</ele>
	<time>2026-10-01T12:16:07.012Z</time>
	<hdop>3.79</hdop>
	<extensions>
		<gpxtpx:TrackPointExtension>
			<gpxtpx:course>19.0</gpxtpx:course>
		</gpxtpx:TrackPointExtension>
	</extensions>
</trkpt>
<trkpt lat="46.0833618" lon="14.3785624">
	<ele>473.67</ele>
	<time>2026-10-01T12:16:13.011Z</time>
	<hdop>3.79</hdop>
	<extensions>
		<gpxtpx:TrackPointExtension>
			<gpxtpx:course>5.0</gpxtpx:course>
		</gpxtpx:TrackPointExtension>
	</extensions>
</trkpt>
<trkpt lat="46.0837422" lon="14.3786093">
	<ele>469.26</ele>
	<time>2026-10-01T12:16:18.012Z</time>
	<hdop>3.79</hdop>
	<extensions>
		<gpxtpx:TrackPointExtension>
			<gpxtpx:course>4.0</gpxtpx:course>
		</gpxtpx:TrackPointExtension>
	</extensions>
</trkpt>
<trkpt lat="46.0841246" lon="14.3785855">
	<ele>465.72</ele>
	<time>2026-10-01T12:16:23.012Z</time>
	<hdop>3.79</hdop>
	<extensions>
		<gpxtpx:TrackPointExtension>
			<gpxtpx:course>349.0</gpxtpx:course>
		</gpxtpx:TrackPointExtension>
	</extensions>
</trkpt>
<trkpt lat="46.0845156" lon="14.3785333">
	<ele>463.96</ele>
	<time>2026-10-01T12:16:28.012Z</time>
	<hdop>3.79</hdop>
	<extensions>
		<gpxtpx:TrackPointExtension>
			<gpxtpx:course>357.0</gpxtpx:course>
		</gpxtpx:TrackPointExtension>
	</extensions>
</trkpt>
<trkpt lat="46.0849377" lon="14.3785635">
	<ele>458.39</ele>
	<time>2026-10-01T12:16:33.012Z</time>
	<hdop>3.79</hdop>
	<extensions>
		<gpxtpx:TrackPointExtension>
			<gpxtpx:course>4.0</gpxtpx:course>
		</gpxtpx:TrackPointExtension>
	</extensions>
</trkpt>
<trkpt lat="46.0853265" lon="14.3786190">
	<ele>454.15</ele>
	<time>2026-10-01T12:16:38.012Z</time>
	<hdop>3.79</hdop>
	<extensions>
		<gpxtpx:TrackPointExtension>
			<gpxtpx:course>1.0</gpxtpx:course>
		</gpxtpx:TrackPointExtension>
	</extensions>
</trkpt>
<trkpt lat="46.0857079" lon="14.3785086">
	<ele>453.26</ele>
	<time>2026-10-01T12:16:43.012Z</time>
	<hdop>3.79</hdop>
	<extensions>
		<gpxtpx:TrackPointExtension>
			<gpxtpx:course>351.0</gpxtpx:course>
		</gpxtpx:TrackPointExtension>
	</extensions>
</trkpt>
<trkpt lat="46.0860682" lon="14.3785196">
	<ele>449.78</ele>
	<time>2026-10-01T12:16:48.013Z</time>
	<hdop>3.79</hdop>
	<extensions>
		<gpxtpx:TrackPointExtension>
			<gpxtpx:course>8.0</gpxtpx:course>
		</gpxtpx:TrackPointExtension>
	</extensions>
</trkpt>
<trkpt lat="46.0865203" lon="14.3785868">
	<ele>441.76</ele>
	<time>2026-10-01T12:16:54.012Z</time>
	<hdop>3.79</hdop>
	<extensions>
		<gpxtpx:TrackPointExtension>
			<gpxtpx:course>352.0</gpxtpx:course>
		</gpxtpx:TrackPointExtension>
	</extensions>
</trkpt>
<trkpt lat="46.0868233" lon="14.3783591">
	<ele>446.38</ele>
	<time>2026-10-01T12:16:59.012Z</time>
	<hdop>3.79</hdop>
	<extensions>
		<gpxtpx:TrackPointExtension>
			<gpxtpx:course>325.0</gpxtpx:course>
		</gpxtpx:TrackPointExtension>
	</extensions>
</trkpt>
<trkpt lat="46.0871313" lon="14.3783210">
	<ele>445.31</ele>
	<time>2026-10-01T12:17:04.012Z</time>
	<hdop>3.79</hdop>
	<extensions>
		<gpxtpx:TrackPointExtension>
			<gpxtpx:course>30.0</gpxtpx:course>
		</gpxtpx:TrackPointExtension>
	</extensions>
</trkpt>
<trkpt lat="46.0874737" lon="14.3785970">
	<ele>434.66</ele>
	<time>2026-10-01T12:17:10.011Z</time>
	<hdop>3.79</hdop>
	<extensions>
		<gpxtpx:TrackPointExtension>
			<gpxtpx:course>46.0</gpxtpx:course>
		</gpxtpx:TrackPointExtension>
	</extensions>
</trkpt>
<trkpt lat="46.0873303" lon="14.3788793">
	<ele>425.20</ele>
	<time>2026-10-01T12:17:15.011Z</time>
	<hdop>3.79</hdop>
	<extensions>
		<gpxtpx:TrackPointExtension>
			<gpxtpx:course>163.0</gpxtpx:course>
		</gpxtpx:TrackPointExtension>
	</extensions>
</trkpt>
<trkpt lat="46.0869488" lon="14.3788081">
	<ele>427.83</ele>
	<time>2026-10-01T12:17:20.012Z</time>
	<hdop>3.79</hdop>
	<extensions>
		<gpxtpx:TrackPointExtension>
			<gpxtpx:course>172.0</gpxtpx:course>
		</gpxtpx:TrackPointExtension>
	</extensions>
</trkpt>
<trkpt lat="46.0865663" lon="14.3792526">
	<ele>419.08</ele>
	<time>2026-10-01T12:17:26.011Z</time>
	<hdop>3.79</hdop>
	<extensions>
		<gpxtpx:TrackPointExtension>
			<gpxtpx:course>132.0</gpxtpx:course>
		</gpxtpx:TrackPointExtension>
	</extensions>
</trkpt>
<trkpt lat="46.0862926" lon="14.3796825">
	<ele>416.51</ele>
	<time>2026-10-01T12:17:31.017Z</time>
	<hdop>3.79</hdop>
	<extensions>
		<gpxtpx:TrackPointExtension>
			<gpxtpx:course>130.0</gpxtpx:course>
		</gpxtpx:TrackPointExtension>
	</extensions>
</trkpt>
<trkpt lat="46.0859410" lon="14.3801118">
	<ele>412.97</ele>
	<time>2026-10-01T12:17:37.012Z</time>
	<hdop>3.79</hdop>
	<extensions>
		<gpxtpx:TrackPointExtension>
			<gpxtpx:course>159.0</gpxtpx:course>
		</gpxtpx:TrackPointExtension>
	</extensions>
</trkpt>
<trkpt lat="46.0855809" lon="14.3805217">
	<ele>409.70</ele>
	<time>2026-10-01T12:17:42.014Z</time>
	<hdop>3.79</hdop>
	<extensions>
		<gpxtpx:TrackPointExtension>
			<gpxtpx:course>140.0</gpxtpx:course>
		</gpxtpx:TrackPointExtension>
	</extensions>
</trkpt>
<trkpt lat="46.0852471" lon="14.3810417">
	<ele>404.36</ele>
	<time>2026-10-01T12:17:48.012Z</time>
	<hdop>3.79</hdop>
	<extensions>
		<gpxtpx:TrackPointExtension>
			<gpxtpx:course>129.0</gpxtpx:course>
		</gpxtpx:TrackPointExtension>
	</extensions>
</trkpt>
<trkpt lat="46.0849406" lon="14.3813848">
	<ele>390.31</ele>
	<time>2026-10-01T12:17:53.012Z</time>
	<hdop>3.79</hdop>
	<extensions>
		<gpxtpx:TrackPointExtension>
			<gpxtpx:course>157.0</gpxtpx:course>
		</gpxtpx:TrackPointExtension>
	</extensions>
</trkpt>
<trkpt lat="46.0845731" lon="14.3816480">
	<ele>382.43</ele>
	<time>2026-10-01T12:17:58.013Z</time>
	<hdop>3.79</hdop>
	<extensions>
		<gpxtpx:TrackPointExtension>
			<gpxtpx:course>160.0</gpxtpx:course>
		</gpxtpx:TrackPointExtension>
	</extensions>
</trkpt>
<trkpt lat="46.0840816" lon="14.3816049">
	<ele>381.85</ele>
	<time>2026-10-01T12:18:04.012Z</time>
	<hdop>3.79</hdop>
	<extensions>
		<gpxtpx:TrackPointExtension>
			<gpxtpx:course>186.0</gpxtpx:course>
		</gpxtpx:TrackPointExtension>
	</extensions>
</trkpt>
<trkpt lat="46.0836169" lon="14.3815747">
	<ele>373.68</ele>
	<time>2026-10-01T12:18:10.011Z</time>
	<hdop>3.79</hdop>
	<extensions>
		<gpxtpx:TrackPointExtension>
			<gpxtpx:course>204.0</gpxtpx:course>
		</gpxtpx:TrackPointExtension>
	</extensions>
</trkpt>
<trkpt lat="46.0831911" lon="14.3814424">
	<ele>369.96</ele>
	<time>2026-10-01T12:18:15.012Z</time>
	<hdop>3.79</hdop>
	<extensions>
		<gpxtpx:TrackPointExtension>
			<gpxtpx:course>169.0</gpxtpx:course>
		</gpxtpx:TrackPointExtension>
	</extensions>
</trkpt>
<trkpt lat="46.0827370" lon="14.3814963">
	<ele>364.53</ele>
	<time>2026-10-01T12:18:20.012Z</time>
	<hdop>3.79</hdop>
	<extensions>
		<gpxtpx:TrackPointExtension>
			<gpxtpx:course>178.0</gpxtpx:course>
		</gpxtpx:TrackPointExtension>
	</extensions>
</trkpt>
<trkpt lat="46.0822512" lon="14.3815854">
	<ele>362.43</ele>
	<time>2026-10-01T12:18:25.014Z</time>
	<hdop>3.79</hdop>
	<extensions>
		<gpxtpx:TrackPointExtension>
			<gpxtpx:course>165.0</gpxtpx:course>
		</gpxtpx:TrackPointExtension>
	</extensions>
</trkpt>
<trkpt lat="46.0816987" lon="14.3817972">
	<ele>359.88</ele>
	<time>2026-10-01T12:18:31.012Z</time>
	<hdop>3.79</hdop>
	<extensions>
		<gpxtpx:TrackPointExtension>
			<gpxtpx:course>163.0</gpxtpx:course>
		</gpxtpx:TrackPointExtension>
	</extensions>
</trkpt>
<trkpt lat="46.0812482" lon="14.3820227">
	<ele>355.13</ele>
	<time>2026-10-01T12:18:36.012Z</time>
	<hdop>3.79</hdop>
	<extensions>
		<gpxtpx:TrackPointExtension>
			<gpxtpx:course>157.0</gpxtpx:course>
		</gpxtpx:TrackPointExtension>
	</extensions>
</trkpt>
<trkpt lat="46.0808792" lon="14.3822134">
	<ele>351.02</ele>
	<time>2026-10-01T12:18:41.012Z</time>
	<hdop>3.79</hdop>
	<extensions>
		<gpxtpx:TrackPointExtension>
			<gpxtpx:course>166.0</gpxtpx:course>
		</gpxtpx:TrackPointExtension>
	</extensions>
</trkpt>
<trkpt lat="46.0804304" lon="14.3822307">
	<ele>345.66</ele>
	<time>2026-10-01T12:18:46.012Z</time>
	<hdop>3.79</hdop>
	<extensions>
		<gpxtpx:TrackPointExtension>
			<gpxtpx:course>176.0</gpxtpx:course>
		</gpxtpx:TrackPointExtension>
	</extensions>
</trkpt>
<trkpt lat="46.0800074" lon="14.3824976">
	<ele>339.40</ele>
	<time>2026-10-01T12:18:51.012Z</time>
	<hdop>3.79</hdop>
	<extensions>
		<gpxtpx:TrackPointExtension>
			<gpxtpx:course>153.0</gpxtpx:course>
		</gpxtpx:TrackPointExtension>
	</extensions>
</trkpt>
<trkpt lat="46.0795503" lon="14.3827309">
	<ele>336.21</ele>
	<time>2026-10-01T12:18:56.012Z</time>
	<hdop>3.79</hdop>
	<extensions>
		<gpxtpx:TrackPointExtension>
			<gpxtpx:course>163.0</gpxtpx:course>
		</gpxtpx:TrackPointExtension>
	</extensions>
</trkpt>
<trkpt lat="46.0791616" lon="14.3830274">
	<ele>335.05</ele>
	<time>2026-10-01T12:19:01.012Z</time>
	<hdop>3.79</hdop>
	<extensions>
		<gpxtpx:TrackPointExtension>
			<gpxtpx:course>134.0</gpxtpx:course>
		</gpxtpx:TrackPointExtension>
	</extensions>
</trkpt>
<trkpt lat="46.0790089" lon="14.3833646">
	<ele>337.50</ele>
	<time>2026-10-01T12:19:06.012Z</time>
	<hdop>3.79</hdop>
	<extensions>
		<gpxtpx:TrackPointExtension>
			<gpxtpx:course>138.0</gpxtpx:course>
		</gpxtpx:TrackPointExtension>
	</extensions>
</trkpt>
<trkpt lat="46.0786763" lon="14.3835592">
	<ele>338.25</ele>
	<time>2026-10-01T12:19:12.011Z</time>
	<hdop>3.79</hdop>
	<extensions>
		<gpxtpx:TrackPointExtension>
			<gpxtpx:course>166.0</gpxtpx:course>
		</gpxtpx:TrackPointExtension>
	</extensions>
</trkpt>
<trkpt lat="46.0783375" lon="14.3836158">
	<ele>335.39</ele>
	<time>2026-10-01T12:19:17.012Z</time>
	<hdop>3.79</hdop>
	<extensions>
		<gpxtpx:TrackPointExtension>
			<gpxtpx:course>176.0</gpxtpx:course>
		</gpxtpx:TrackPointExtension>
	</extensions>
</trkpt>
<trkpt lat="46.0779925" lon="14.3837048">
	<ele>334.88</ele>
	<time>2026-10-01T12:19:22.012Z</time>
	<hdop>3.79</hdop>
	<extensions>
		<gpxtpx:TrackPointExtension>
			<gpxtpx:course>165.0</gpxtpx:course>
		</gpxtpx:TrackPointExtension>
	</extensions>
</trkpt>
<trkpt lat="46.0776777" lon="14.3838860">
	<ele>333.01</ele>
	<time>2026-10-01T12:19:27.013Z</time>
	<hdop>3.79</hdop>
	<extensions>
		<gpxtpx:TrackPointExtension>
			<gpxtpx:course>159.0</gpxtpx:course>
		</gpxtpx:TrackPointExtension>
	</extensions>
</trkpt>
<trkpt lat="46.0773258" lon="14.3840668">
	<ele>328.73</ele>
	<time>2026-10-01T12:19:33.012Z</time>
	<hdop>3.79</hdop>
	<extensions>
		<gpxtpx:TrackPointExtension>
			<gpxtpx:course>165.0</gpxtpx:course>
		</gpxtpx:TrackPointExtension>
	</extensions>
</trkpt>
<trkpt lat="46.0770483" lon="14.3841667">
	<ele>327.86</ele>
	<time>2026-10-01T12:19:38.012Z</time>
	<hdop>3.79</hdop>
	<extensions>
		<gpxtpx:TrackPointExtension>
			<gpxtpx:course>165.0</gpxtpx:course>
		</gpxtpx:TrackPointExtension>
	</extensions>
</trkpt>
<trkpt lat="46.0768249" lon="14.3842597">
	<ele>327.66</ele>
	<time>2026-10-01T12:19:43.012Z</time>
	<hdop>3.79</hdop>
	<extensions>
		<gpxtpx:TrackPointExtension>
			<gpxtpx:course>161.0</gpxtpx:course>
		</gpxtpx:TrackPointExtension>
	</extensions>
</trkpt>
<trkpt lat="46.0767055" lon="14.3843227">
	<ele>327.13</ele>
	<time>2026-10-01T12:19:48.012Z</time>
	<hdop>3.79</hdop>
	<extensions>
		<gpxtpx:TrackPointExtension>
			<gpxtpx:course>145.0</gpxtpx:course>
		</gpxtpx:TrackPointExtension>
	</extensions>
</trkpt>
<trkpt lat="46.0766536" lon="14.3844738">
	<ele>326.22</ele>
	<time>2026-10-01T12:19:58.012Z</time>
	<hdop>3.79</hdop>
	<extensions>
		<gpxtpx:TrackPointExtension>
			<gpxtpx:course>83.0</gpxtpx:course>
		</gpxtpx:TrackPointExtension>
	</extensions>
</trkpt>
<trkpt lat="46.0766803" lon="14.3848367">
	<ele>326.56</ele>
	<time>2026-10-01T12:20:03.012Z</time>
	<hdop>3.79</hdop>
	<extensions>
		<gpxtpx:TrackPointExtension>
			<gpxtpx:course>98.0</gpxtpx:course>
		</gpxtpx:TrackPointExtension>
	</extensions>
</trkpt>
<trkpt lat="46.0765597" lon="14.3852699">
	<ele>331.22</ele>
	<time>2026-10-01T12:20:08.013Z</time>
	<hdop>3.79</hdop>
	<extensions>
		<gpxtpx:TrackPointExtension>
			<gpxtpx:course>118.0</gpxtpx:course>
		</gpxtpx:TrackPointExtension>
	</extensions>
</trkpt>
<trkpt lat="46.0763716" lon="14.3858587">
	<ele>338.86</ele>
	<time>2026-10-01T12:20:14.013Z</time>
	<hdop>3.79</hdop>
	<extensions>
		<gpxtpx:TrackPointExtension>
			<gpxtpx:course>110.0</gpxtpx:course>
		</gpxtpx:TrackPointExtension>
	</extensions>
</trkpt>
<trkpt lat="46.0763136" lon="14.3865475">
	<ele>339.01</ele>
	<time>2026-10-01T12:20:20.011Z</time>
	<hdop>3.79</hdop>
	<extensions>
		<gpxtpx:TrackPointExtension>
			<gpxtpx:course>87.0</gpxtpx:course>
		</gpxtpx:TrackPointExtension>
	</extensions>
</trkpt>
<trkpt lat="46.0764188" lon="14.3871600">
	<ele>333.43</ele>
	<time>2026-10-01T12:20:25.012Z</time>
	<hdop>3.79</hdop>
	<extensions>
		<gpxtpx:TrackPointExtension>
			<gpxtpx:course>70.0</gpxtpx:course>
		</gpxtpx:TrackPointExtension>
	</extensions>
</trkpt>
<trkpt lat="46.0766110" lon="14.3877456">
	<ele>325.13</ele>
	<time>2026-10-01T12:20:30.012Z</time>
	<hdop>3.79</hdop>
	<extensions>
		<gpxtpx:TrackPointExtension>
			<gpxtpx:course>67.0</gpxtpx:course>
		</gpxtpx:TrackPointExtension>
	</extensions>
</trkpt>
<trkpt lat="46.0765377" lon="14.3883292">
	<ele>323.39</ele>
	<time>2026-10-01T12:20:35.012Z</time>
	<hdop>3.79</hdop>
	<extensions>
		<gpxtpx:TrackPointExtension>
			<gpxtpx:course>121.0</gpxtpx:course>
		</gpxtpx:TrackPointExtension>
	</extensions>
</trkpt>
<trkpt lat="46.0760532" lon="14.3886473">
	<ele>329.06</ele>
	<time>2026-10-01T12:20:41.013Z</time>
	<hdop>3.79</hdop>
	<extensions>
		<gpxtpx:TrackPointExtension>
			<gpxtpx:course>159.0</gpxtpx:course>
		</gpxtpx:TrackPointExtension>
	</extensions>
</trkpt>
<trkpt lat="46.0755727" lon="14.3890101">
	<ele>332.89</ele>
	<time>2026-10-01T12:20:47.011Z</time>
	<hdop>3.79</hdop>
	<extensions>
		<gpxtpx:TrackPointExtension>
			<gpxtpx:course>143.0</gpxtpx:course>
		</gpxtpx:TrackPointExtension>
	</extensions>
</trkpt>
<trkpt lat="46.0752787" lon="14.3894634">
	<ele>329.54</ele>
	<time>2026-10-01T12:20:52.014Z</time>
	<hdop>3.79</hdop>
	<extensions>
		<gpxtpx:TrackPointExtension>
			<gpxtpx:course>125.0</gpxtpx:course>
		</gpxtpx:TrackPointExtension>
	</extensions>
</trkpt>
<trkpt lat="46.0751553" lon="14.3901519">
	<ele>326.78</ele>
	<time>2026-10-01T12:20:58.012Z</time>
	<hdop>3.79</hdop>
	<extensions>
		<gpxtpx:TrackPointExtension>
			<gpxtpx:course>100.0</gpxtpx:course>
		</gpxtpx:TrackPointExtension>
	</extensions>
</trkpt>
<trkpt lat="46.0750924" lon="14.3906995">
	<ele>324.88</ele>
	<time>2026-10-01T12:21:03.012Z</time>
	<hdop>3.79</hdop>
	<extensions>
		<gpxtpx:TrackPointExtension>
			<gpxtpx:course>96.0</gpxtpx:course>
		</gpxtpx:TrackPointExtension>
	</extensions>
</trkpt>
<trkpt lat="46.0750273" lon="14.3912213">
	<ele>323.13</ele>
	<time>2026-10-01T12:21:08.013Z</time>
	<hdop>3.79</hdop>
	<extensions>
		<gpxtpx:TrackPointExtension>
			<gpxtpx:course>101.0</gpxtpx:course>
		</gpxtpx:TrackPointExtension>
	</extensions>
</trkpt>
<trkpt lat="46.0749228" lon="14.3918708">
	<ele>323.09</ele>
	<time>2026-10-01T12:21:14.012Z</time>
	<hdop>3.79</hdop>
	<extensions>
		<gpxtpx:TrackPointExtension>
			<gpxtpx:course>104.0</gpxtpx:course>
		</gpxtpx:TrackPointExtension>
	</extensions>
</trkpt>
<trkpt lat="46.0748161" lon="14.3924048">
	<ele>327.30</ele>
	<time>2026-10-01T12:21:19.012Z</time>
	<hdop>3.79</hdop>
	<extensions>
		<gpxtpx:TrackPointExtension>
			<gpxtpx:course>106.0</gpxtpx:course>
		</gpxtpx:TrackPointExtension>
	</extensions>
</trkpt>
<trkpt lat="46.0747129" lon="14.3928973">
	<ele>329.59</ele>
	<time>2026-10-01T12:21:24.013Z</time>
	<hdop>3.79</hdop>
	<extensions>
		<gpxtpx:TrackPointExtension>
			<gpxtpx:course>105.0</gpxtpx:course>
		</gpxtpx:TrackPointExtension>
	</extensions>
</trkpt>
<trkpt lat="46.0746405" lon="14.3935136">
	<ele>331.09</ele>
	<time>2026-10-01T12:21:30.013Z</time>
	<hdop>3.79</hdop>
	<extensions>
		<gpxtpx:TrackPointExtension>
			<gpxtpx:course>99.0</gpxtpx:course>
		</gpxtpx:TrackPointExtension>
	</extensions>
</trkpt>
<trkpt lat="46.0745867" lon="14.3940708">
	<ele>331.48</ele>
	<time>2026-10-01T12:21:35.013Z</time>
	<hdop>3.79</hdop>
	<extensions>
		<gpxtpx:TrackPointExtension>
			<gpxtpx:course>97.0</gpxtpx:course>
		</gpxtpx:TrackPointExtension>
	</extensions>
</trkpt>
<trkpt lat="46.0745369" lon="14.3947782">
	<ele>328.74</ele>
	<time>2026-10-01T12:21:41.013Z</time>
	<hdop>3.79</hdop>
	<extensions>
		<gpxtpx:TrackPointExtension>
			<gpxtpx:course>97.0</gpxtpx:course>
		</gpxtpx:TrackPointExtension>
	</extensions>
</trkpt>
<trkpt lat="46.0745225" lon="14.3953319">
	<ele>328.08</ele>
	<time>2026-10-01T12:21:46.013Z</time>
	<hdop>3.79</hdop>
	<extensions>
		<gpxtpx:TrackPointExtension>
			<gpxtpx:course>92.0</gpxtpx:course>
		</gpxtpx:TrackPointExtension>
	</extensions>
</trkpt>
<trkpt lat="46.0744689" lon="14.3959758">
	<ele>328.50</ele>
	<time>2026-10-01T12:21:52.012Z</time>
	<hdop>3.79</hdop>
	<extensions>
		<gpxtpx:TrackPointExtension>
			<gpxtpx:course>104.0</gpxtpx:course>
		</gpxtpx:TrackPointExtension>
	</extensions>
</trkpt>
<trkpt lat="46.0743191" lon="14.3964141">
	<ele>326.33</ele>
	<time>2026-10-01T12:21:57.012Z</time>
	<hdop>3.79</hdop>
	<extensions>
		<gpxtpx:TrackPointExtension>
			<gpxtpx:course>119.0</gpxtpx:course>
		</gpxtpx:TrackPointExtension>
	</extensions>
</trkpt>
<trkpt lat="46.0741961" lon="14.3968677">
	<ele>324.20</ele>
	<time>2026-10-01T12:22:02.013Z</time>
	<hdop>3.79</hdop>
	<extensions>
		<gpxtpx:TrackPointExtension>
			<gpxtpx:course>103.0</gpxtpx:course>
		</gpxtpx:TrackPointExtension>
	</extensions>
</trkpt>
<trkpt lat="46.0740867" lon="14.3975124">
	<ele>321.88</ele>
	<time>2026-10-01T12:22:08.012Z</time>
	<hdop>3.79</hdop>
	<extensions>
		<gpxtpx:TrackPointExtension>
			<gpxtpx:course>109.0</gpxtpx:course>
		</gpxtpx:TrackPointExtension>
	</extensions>
</trkpt>
<trkpt lat="46.0739439" lon="14.3980433">
	<ele>322.64</ele>
	<time>2026-10-01T12:22:13.012Z</time>
	<hdop>3.79</hdop>
	<extensions>
		<gpxtpx:TrackPointExtension>
			<gpxtpx:course>111.0</gpxtpx:course>
		</gpxtpx:TrackPointExtension>
	</extensions>
</trkpt>
<trkpt lat="46.0737302" lon="14.3985180">
	<ele>323.36</ele>
	<time>2026-10-01T12:22:18.012Z</time>
	<hdop>3.79</hdop>
	<extensions>
		<gpxtpx:TrackPointExtension>
			<gpxtpx:course>134.0</gpxtpx:course>
		</gpxtpx:TrackPointExtension>
	</extensions>
</trkpt>
<trkpt lat="46.0733821" lon="14.3988405">
	<ele>322.41</ele>
	<time>2026-10-01T12:22:23.012Z</time>
	<hdop>3.79</hdop>
	<extensions>
		<gpxtpx:TrackPointExtension>
			<gpxtpx:course>148.0</gpxtpx:course>
		</gpxtpx:TrackPointExtension>
	</extensions>
</trkpt>
<trkpt lat="46.0731139" lon="14.3992665">
	<ele>324.22</ele>
	<time>2026-10-01T12:22:28.012Z</time>
	<hdop>3.79</hdop>
	<extensions>
		<gpxtpx:TrackPointExtension>
			<gpxtpx:course>118.0</gpxtpx:course>
		</gpxtpx:TrackPointExtension>
	</extensions>
</trkpt>
<trkpt lat="46.0729349" lon="14.3997907">
	<ele>327.69</ele>
	<time>2026-10-01T12:22:33.012Z</time>
	<hdop>3.79</hdop>
	<extensions>
		<gpxtpx:TrackPointExtension>
			<gpxtpx:course>117.0</gpxtpx:course>
		</gpxtpx:TrackPointExtension>
	</extensions>
</trkpt>
<trkpt lat="46.0727537" lon="14.4003106">
	<ele>325.32</ele>
	<time>2026-10-01T12:22:38.012Z</time>
	<hdop>3.79</hdop>
	<extensions>
		<gpxtpx:TrackPointExtension>
			<gpxtpx:course>121.0</gpxtpx:course>
		</gpxtpx:TrackPointExtension>
	</extensions>
</trkpt>
<trkpt lat="46.0725746" lon="14.4008284">
	<ele>321.69</ele>
	<time>2026-10-01T12:22:43.013Z</time>
	<hdop>3.79</hdop>
	<extensions>
		<gpxtpx:TrackPointExtension>
			<gpxtpx:course>114.0</gpxtpx:course>
		</gpxtpx:TrackPointExtension>
	</extensions>
</trkpt>
<trkpt lat="46.0723289" lon="14.4014171">
	<ele>323.43</ele>
	<time>2026-10-01T12:22:49.013Z</time>
	<hdop>3.79</hdop>
	<extensions>
		<gpxtpx:TrackPointExtension>
			<gpxtpx:course>130.0</gpxtpx:course>
		</gpxtpx:TrackPointExtension>
	</extensions>
</trkpt>
<trkpt lat="46.0719844" lon="14.4018633">
	<ele>321.56</ele>
	<time>2026-10-01T12:22:55.013Z</time>
	<hdop>3.79</hdop>
	<extensions>
		<gpxtpx:TrackPointExtension>
			<gpxtpx:course>139.0</gpxtpx:course>
		</gpxtpx:TrackPointExtension>
	</extensions>
</trkpt>
<trkpt lat="46.0716333" lon="14.4022817">
	<ele>318.29</ele>
	<time>2026-10-01T12:23:01.012Z</time>
	<hdop>3.79</hdop>
	<extensions>
		<gpxtpx:TrackPointExtension>
			<gpxtpx:course>137.0</gpxtpx:course>
		</gpxtpx:TrackPointExtension>
	</extensions>
</trkpt>
<trkpt lat="46.0713719" lon="14.4026752">
	<ele>321.29</ele>
	<time>2026-10-01T12:23:06.013Z</time>
	<hdop>3.79</hdop>
	<extensions>
		<gpxtpx:TrackPointExtension>
			<gpxtpx:course>128.0</gpxtpx:course>
		</gpxtpx:TrackPointExtension>
	</extensions>
</trkpt>
<trkpt lat="46.0710900" lon="14.4031908">
	<ele>323.92</ele>
	<time>2026-10-01T12:23:12.013Z</time>
	<hdop>3.79</hdop>
	<extensions>
		<gpxtpx:TrackPointExtension>
			<gpxtpx:course>125.0</gpxtpx:course>
		</gpxtpx:TrackPointExtension>
	</extensions>
</trkpt>
<trkpt lat="46.0708182" lon="14.4037145">
	<ele>316.86</ele>
	<time>2026-10-01T12:23:18.012Z</time>
	<hdop>3.79</hdop>
	<extensions>
		<gpxtpx:TrackPointExtension>
			<gpxtpx:course>129.0</gpxtpx:course>
		</gpxtpx:TrackPointExtension>
	</extensions>
</trkpt>
<trkpt lat="46.0705372" lon="14.4042654">
	<ele>315.23</ele>
	<time>2026-10-01T12:23:24.012Z</time>
	<hdop>3.79</hdop>
	<extensions>
		<gpxtpx:TrackPointExtension>
			<gpxtpx:course>126.0</gpxtpx:course>
		</gpxtpx:TrackPointExtension>
	</extensions>
</trkpt>
<trkpt lat="46.0702996" lon="14.4047259">
	<ele>316.12</ele>
	<time>2026-10-01T12:23:29.012Z</time>
	<hdop>3.79</hdop>
	<extensions>
		<gpxtpx:TrackPointExtension>
			<gpxtpx:course>121.0</gpxtpx:course>
		</gpxtpx:TrackPointExtension>
	</extensions>
</trkpt>
<trkpt lat="46.0700427" lon="14.4051676">
	<ele>316.19</ele>
	<time>2026-10-01T12:23:34.013Z</time>
	<hdop>3.79</hdop>
	<extensions>
		<gpxtpx:TrackPointExtension>
			<gpxtpx:course>128.0</gpxtpx:course>
		</gpxtpx:TrackPointExtension>
	</extensions>
</trkpt>
<trkpt lat="46.0697993" lon="14.4056289">
	<ele>315.70</ele>
	<time>2026-10-01T12:23:39.013Z</time>
	<hdop>3.79</hdop>
	<extensions>
		<gpxtpx:TrackPointExtension>
			<gpxtpx:course>124.0</gpxtpx:course>
		</gpxtpx:TrackPointExtension>
	</extensions>
</trkpt>
<trkpt lat="46.0695820" lon="14.4060851">
	<ele>315.96</ele>
	<time>2026-10-01T12:23:44.013Z</time>
	<hdop>3.79</hdop>
	<extensions>
		<gpxtpx:TrackPointExtension>
			<gpxtpx:course>124.0</gpxtpx:course>
		</gpxtpx:TrackPointExtension>
	</extensions>
</trkpt>
<trkpt lat="46.0693193" lon="14.4066044">
	<ele>315.62</ele>
	<time>2026-10-01T12:23:50.012Z</time>
	<hdop>3.79</hdop>
	<extensions>
		<gpxtpx:TrackPointExtension>
			<gpxtpx:course>122.0</gpxtpx:course>
		</gpxtpx:TrackPointExtension>
	</extensions>
</trkpt>
<trkpt lat="46.0690952" lon="14.4070464">
	<ele>316.34</ele>
	<time>2026-10-01T12:23:55.013Z</time>
	<hdop>3.79</hdop>
	<extensions>
		<gpxtpx:TrackPointExtension>
			<gpxtpx:course>125.0</gpxtpx:course>
		</gpxtpx:TrackPointExtension>
	</extensions>
</trkpt>
<trkpt lat="46.0688688" lon="14.4074974">
	<ele>317.43</ele>
	<time>2026-10-01T12:24:00.013Z</time>
	<hdop>3.79</hdop>
	<extensions>
		<gpxtpx:TrackPointExtension>
			<gpxtpx:course>123.0</gpxtpx:course>
		</gpxtpx:TrackPointExtension>
	</extensions>
</trkpt>
<trkpt lat="46.0685871" lon="14.4080402">
	<ele>316.24</ele>
	<time>2026-10-01T12:24:06.012Z</time>
	<hdop>3.79</hdop>
	<extensions>
		<gpxtpx:TrackPointExtension>
			<gpxtpx:course>127.0</gpxtpx:course>
		</gpxtpx:TrackPointExtension>
	</extensions>
</trkpt>
<trkpt lat="46.0683372" lon="14.4084718">
	<ele>315.17</ele>
	<time>2026-10-01T12:24:11.013Z</time>
	<hdop>3.79</hdop>
	<extensions>
		<gpxtpx:TrackPointExtension>
			<gpxtpx:course>133.0</gpxtpx:course>
		</gpxtpx:TrackPointExtension>
	</extensions>
</trkpt>
<trkpt lat="46.0680693" lon="14.4088749">
	<ele>315.24</ele>
	<time>2026-10-01T12:24:16.013Z</time>
	<hdop>3.79</hdop>
	<extensions>
		<gpxtpx:TrackPointExtension>
			<gpxtpx:course>138.0</gpxtpx:course>
		</gpxtpx:TrackPointExtension>
	</extensions>
</trkpt>
<trkpt lat="46.0676986" lon="14.4092601">
	<ele>315.22</ele>
	<time>2026-10-01T12:24:22.013Z</time>
	<hdop>3.79</hdop>
	<extensions>
		<gpxtpx:TrackPointExtension>
			<gpxtpx:course>147.0</gpxtpx:course>
		</gpxtpx:TrackPointExtension>
	</extensions>
</trkpt>
<trkpt lat="46.0674455" lon="14.4095953">
	<ele>314.81</ele>
	<time>2026-10-01T12:24:28.012Z</time>
	<hdop>3.79</hdop>
	<extensions>
		<gpxtpx:TrackPointExtension>
			<gpxtpx:course>145.0</gpxtpx:course>
		</gpxtpx:TrackPointExtension>
	</extensions>
</trkpt>
<trkpt lat="46.0671840" lon="14.4098357">
	<ele>314.17</ele>
	<time>2026-10-01T12:24:33.013Z</time>
	<hdop>3.79</hdop>
	<extensions>
		<gpxtpx:TrackPointExtension>
			<gpxtpx:course>148.0</gpxtpx:course>
		</gpxtpx:TrackPointExtension>
	</extensions>
</trkpt>
<trkpt lat="46.0668576" lon="14.4101303">
	<ele>313.61</ele>
	<time>2026-10-01T12:24:39.013Z</time>
	<hdop>3.79</hdop>
	<extensions>
		<gpxtpx:TrackPointExtension>
			<gpxtpx:course>146.0</gpxtpx:course>
		</gpxtpx:TrackPointExtension>
	</extensions>
</trkpt>
<trkpt lat="46.0665945" lon="14.4103458">
	<ele>313.95</ele>
	<time>2026-10-01T12:24:44.013Z</time>
	<hdop>3.79</hdop>
	<extensions>
		<gpxtpx:TrackPointExtension>
			<gpxtpx:course>150.0</gpxtpx:course>
		</gpxtpx:TrackPointExtension>
	</extensions>
</trkpt>
<trkpt lat="46.0663190" lon="14.4105819">
	<ele>314.77</ele>
	<time>2026-10-01T12:24:50.013Z</time>
	<hdop>3.79</hdop>
	<extensions>
		<gpxtpx:TrackPointExtension>
			<gpxtpx:course>148.0</gpxtpx:course>
		</gpxtpx:TrackPointExtension>
	</extensions>
</trkpt>
<trkpt lat="46.0660647" lon="14.4108114">
	<ele>315.29</ele>
	<time>2026-10-01T12:24:55.013Z</time>
	<hdop>3.79</hdop>
	<extensions>
		<gpxtpx:TrackPointExtension>
			<gpxtpx:course>150.0</gpxtpx:course>
		</gpxtpx:TrackPointExtension>
	</extensions>
</trkpt>
<trkpt lat="46.0657971" lon="14.4110418">
	<ele>315.29</ele>
	<time>2026-10-01T12:25:00.013Z</time>
	<hdop>3.79</hdop>
	<extensions>
		<gpxtpx:TrackPointExtension>
			<gpxtpx:course>152.0</gpxtpx:course>
		</gpxtpx:TrackPointExtension>
	</extensions>
</trkpt>
<trkpt lat="46.0654608" lon="14.4113370">
	<ele>315.41</ele>
	<time>2026-10-01T12:25:06.013Z</time>
	<hdop>3.79</hdop>
	<extensions>
		<gpxtpx:TrackPointExtension>
			<gpxtpx:course>150.0</gpxtpx:course>
		</gpxtpx:TrackPointExtension>
	</extensions>
</trkpt>
<trkpt lat="46.0651294" lon="14.4116343">
	<ele>316.03</ele>
	<time>2026-10-01T12:25:12.013Z</time>
	<hdop>3.79</hdop>
	<extensions>
		<gpxtpx:TrackPointExtension>
			<gpxtpx:course>149.0</gpxtpx:course>
		</gpxtpx:TrackPointExtension>
	</extensions>
</trkpt>
<trkpt lat="46.0648253" lon="14.4118611">
	<ele>315.81</ele>
	<time>2026-10-01T12:25:17.013Z</time>
	<hdop>3.79</hdop>
	<extensions>
		<gpxtpx:TrackPointExtension>
			<gpxtpx:course>154.0</gpxtpx:course>
		</gpxtpx:TrackPointExtension>
	</extensions>
</trkpt>
<trkpt lat="46.0644229" lon="14.4120634">
	<ele>315.01</ele>
	<time>2026-10-01T12:25:23.013Z</time>
	<hdop>3.79</hdop>
	<extensions>
		<gpxtpx:TrackPointExtension>
			<gpxtpx:course>164.0</gpxtpx:course>
		</gpxtpx:TrackPointExtension>
	</extensions>
</trkpt>
<trkpt lat="46.0640602" lon="14.4121862">
	<ele>314.65</ele>
	<time>2026-10-01T12:25:28.013Z</time>
	<hdop>3.79</hdop>
	<extensions>
		<gpxtpx:TrackPointExtension>
			<gpxtpx:course>170.0</gpxtpx:course>
		</gpxtpx:TrackPointExtension>
	</extensions>
</trkpt>
<trkpt lat="46.0637326" lon="14.4122953">
	<ele>314.58</ele>
	<time>2026-10-01T12:25:33.013Z</time>
	<hdop>3.79</hdop>
	<extensions>
		<gpxtpx:TrackPointExtension>
			<gpxtpx:course>167.0</gpxtpx:course>
		</gpxtpx:TrackPointExtension>
	</extensions>
</trkpt>
<trkpt lat="46.0636052" lon="14.4123324">
	<ele>314.62</ele>
	<time>2026-10-01T12:25:38.013Z</time>
	<hdop>3.79</hdop>
	<extensions>
		<gpxtpx:TrackPointExtension>
			<gpxtpx:course>139.0</gpxtpx:course>
		</gpxtpx:TrackPointExtension>
	</extensions>
</trkpt>
<trkpt lat="46.0635468" lon="14.4125102">
	<ele>315.01</ele>
	<time>2026-10-01T12:25:44.012Z</time>
	<hdop>3.79</hdop>
	<extensions>
		<gpxtpx:TrackPointExtension>
			<gpxtpx:course>178.0</gpxtpx:course>
		</gpxtpx:TrackPointExtension>
	</extensions>
</trkpt>
<trkpt lat="46.0633157" lon="14.4125464">
	<ele>315.04</ele>
	<time>2026-10-01T12:25:49.013Z</time>
	<hdop>3.79</hdop>
	<extensions>
		<gpxtpx:TrackPointExtension>
			<gpxtpx:course>171.0</gpxtpx:course>
		</gpxtpx:TrackPointExtension>
	</extensions>
</trkpt>
<trkpt lat="46.0630114" lon="14.4127183">
	<ele>314.90</ele>
	<time>2026-10-01T12:25:55.013Z</time>
	<hdop>3.79</hdop>
	<extensions>
		<gpxtpx:TrackPointExtension>
			<gpxtpx:course>150.0</gpxtpx:course>
		</gpxtpx:TrackPointExtension>
	</extensions>
</trkpt>
<trkpt lat="46.0627362" lon="14.4127522">
	<ele>314.59</ele>
	<time>2026-10-01T12:26:00.013Z</time>
	<hdop>3.79</hdop>
	<extensions>
		<gpxtpx:TrackPointExtension>
			<gpxtpx:course>164.0</gpxtpx:course>
		</gpxtpx:TrackPointExtension>
	</extensions>
</trkpt>
<trkpt lat="46.0623726" lon="14.4128800">
	<ele>313.57</ele>
	<time>2026-10-01T12:26:06.013Z</time>
	<hdop>3.79</hdop>
	<extensions>
		<gpxtpx:TrackPointExtension>
			<gpxtpx:course>164.0</gpxtpx:course>
		</gpxtpx:TrackPointExtension>
	</extensions>
</trkpt>
<trkpt lat="46.0620221" lon="14.4130034">
	<ele>312.41</ele>
	<time>2026-10-01T12:26:11.013Z</time>
	<hdop>3.79</hdop>
	<extensions>
		<gpxtpx:TrackPointExtension>
			<gpxtpx:course>166.0</gpxtpx:course>
		</gpxtpx:TrackPointExtension>
	</extensions>
</trkpt>
<trkpt lat="46.0615787" lon="14.4131637">
	<ele>311.38</ele>
	<time>2026-10-01T12:26:17.013Z</time>
	<hdop>3.79</hdop>
	<extensions>
		<gpxtpx:TrackPointExtension>
			<gpxtpx:course>166.0</gpxtpx:course>
		</gpxtpx:TrackPointExtension>
	</extensions>
</trkpt>
<trkpt lat="46.0612015" lon="14.4133082">
	<ele>311.07</ele>
	<time>2026-10-01T12:26:22.013Z</time>
	<hdop>3.79</hdop>
	<extensions>
		<gpxtpx:TrackPointExtension>
			<gpxtpx:course>165.0</gpxtpx:course>
		</gpxtpx:TrackPointExtension>
	</extensions>
</trkpt>
<trkpt lat="46.0608513" lon="14.4134394">
	<ele>310.86</ele>
	<time>2026-10-01T12:26:27.013Z</time>
	<hdop>3.79</hdop>
	<extensions>
		<gpxtpx:TrackPointExtension>
			<gpxtpx:course>166.0</gpxtpx:course>
		</gpxtpx:TrackPointExtension>
	</extensions>
</trkpt>
<trkpt lat="46.0605055" lon="14.4136022">
	<ele>310.19</ele>
	<time>2026-10-01T12:26:33.013Z</time>
	<hdop>3.79</hdop>
	<extensions>
		<gpxtpx:TrackPointExtension>
			<gpxtpx:course>167.0</gpxtpx:course>
		</gpxtpx:TrackPointExtension>
	</extensions>
</trkpt>
<trkpt lat="46.0601898" lon="14.4136850">
	<ele>309.69</ele>
	<time>2026-10-01T12:26:38.013Z</time>
	<hdop>3.79</hdop>
	<extensions>
		<gpxtpx:TrackPointExtension>
			<gpxtpx:course>172.0</gpxtpx:course>
		</gpxtpx:TrackPointExtension>
	</extensions>
</trkpt>
<trkpt lat="46.0597758" lon="14.4136688">
	<ele>309.72</ele>
	<time>2026-10-01T12:26:44.013Z</time>
	<hdop>3.79</hdop>
	<extensions>
		<gpxtpx:TrackPointExtension>
			<gpxtpx:course>183.0</gpxtpx:course>
		</gpxtpx:TrackPointExtension>
	</extensions>
</trkpt>
<trkpt lat="46.0594127" lon="14.4136123">
	<ele>310.23</ele>
	<time>2026-10-01T12:26:49.013Z</time>
	<hdop>3.79</hdop>
	<extensions>
		<gpxtpx:TrackPointExtension>
			<gpxtpx:course>189.0</gpxtpx:course>
		</gpxtpx:TrackPointExtension>
	</extensions>
</trkpt>
<trkpt lat="46.0589934" lon="14.4136047">
	<ele>310.33</ele>
	<time>2026-10-01T12:26:55.012Z</time>
	<hdop>3.79</hdop>
	<extensions>
		<gpxtpx:TrackPointExtension>
			<gpxtpx:course>172.0</gpxtpx:course>
		</gpxtpx:TrackPointExtension>
	</extensions>
</trkpt>
<trkpt lat="46.0586733" lon="14.4137156">
	<ele>309.26</ele>
	<time>2026-10-01T12:27:00.013Z</time>
	<hdop>3.79</hdop>
	<extensions>
		<gpxtpx:TrackPointExtension>
			<gpxtpx:course>167.0</gpxtpx:course>
		</gpxtpx:TrackPointExtension>
	</extensions>
</trkpt>
<trkpt lat="46.0583447" lon="14.4138384">
	<ele>309.60</ele>
	<time>2026-10-01T12:27:05.013Z</time>
	<hdop>3.79</hdop>
	<extensions>
		<gpxtpx:TrackPointExtension>
			<gpxtpx:course>158.0</gpxtpx:course>
		</gpxtpx:TrackPointExtension>
	</extensions>
</trkpt>
<trkpt lat="46.0580084" lon="14.4140736">
	<ele>311.60</ele>
	<time>2026-10-01T12:27:10.013Z</time>
	<hdop>3.79</hdop>
	<extensions>
		<gpxtpx:TrackPointExtension>
			<gpxtpx:course>148.0</gpxtpx:course>
		</gpxtpx:TrackPointExtension>
	</extensions>
</trkpt>
<trkpt lat="46.0576443" lon="14.4145092">
	<ele>311.12</ele>
	<time>2026-10-01T12:27:16.013Z</time>
	<hdop>3.79</hdop>
	<extensions>
		<gpxtpx:TrackPointExtension>
			<gpxtpx:course>138.0</gpxtpx:course>
		</gpxtpx:TrackPointExtension>
	</extensions>
</trkpt>
<trkpt lat="46.0573350" lon="14.4148390">
	<ele>309.46</ele>
	<time>2026-10-01T12:27:21.013Z</time>
	<hdop>3.79</hdop>
	<extensions>
		<gpxtpx:TrackPointExtension>
			<gpxtpx:course>146.0</gpxtpx:course>
		</gpxtpx:TrackPointExtension>
	</extensions>
</trkpt>
<trkpt lat="46.0570089" lon="14.4151063">
	<ele>307.21</ele>
	<time>2026-10-01T12:27:26.013Z</time>
	<hdop>3.79</hdop>
	<extensions>
		<gpxtpx:TrackPointExtension>
			<gpxtpx:course>155.0</gpxtpx:course>
		</gpxtpx:TrackPointExtension>
	</extensions>
</trkpt>
<trkpt lat="46.0566651" lon="14.4152938">
	<ele>307.35</ele>
	<time>2026-10-01T12:27:31.014Z</time>
	<hdop>3.79</hdop>
	<extensions>
		<gpxtpx:TrackPointExtension>
			<gpxtpx:course>159.0</gpxtpx:course>
		</gpxtpx:TrackPointExtension>
	</extensions>
</trkpt>
<trkpt lat="46.0562469" lon="14.4155249">
	<ele>309.24</ele>
	<time>2026-10-01T12:27:37.013Z</time>
	<hdop>3.79</hdop>
	<extensions>
		<gpxtpx:TrackPointExtension>
			<gpxtpx:course>154.0</gpxtpx:course>
		</gpxtpx:TrackPointExtension>
	</extensions>
</trkpt>
<trkpt lat="46.0559260" lon="14.4158042">
	<ele>307.81</ele>
	<time>2026-10-01T12:27:42.013Z</time>
	<hdop>3.79</hdop>
	<extensions>
		<gpxtpx:TrackPointExtension>
			<gpxtpx:course>144.0</gpxtpx:course>
		</gpxtpx:TrackPointExtension>
	</extensions>
</trkpt>
<trkpt lat="46.0556118" lon="14.4161765">
	<ele>308.42</ele>
	<time>2026-10-01T12:27:48.012Z</time>
	<hdop>3.79</hdop>
	<extensions>
		<gpxtpx:TrackPointExtension>
			<gpxtpx:course>134.0</gpxtpx:course>
		</gpxtpx:TrackPointExtension>
	</extensions>
</trkpt>
<trkpt lat="46.0554046" lon="14.4164666">
	<ele>308.63</ele>
	<time>2026-10-01T12:27:53.014Z</time>
	<hdop>3.79</hdop>
	<extensions>
		<gpxtpx:TrackPointExtension>
			<gpxtpx:course>133.0</gpxtpx:course>
		</gpxtpx:TrackPointExtension>
	</extensions>
</trkpt>
<trkpt lat="46.0552058" lon="14.4167641">
	<ele>307.13</ele>
	<time>2026-10-01T12:27:59.014Z</time>
	<hdop>3.79</hdop>
	<extensions>
		<gpxtpx:TrackPointExtension>
			<gpxtpx:course>153.0</gpxtpx:course>
		</gpxtpx:TrackPointExtension>
	</extensions>
</trkpt>
<trkpt lat="46.0549722" lon="14.4170300">
	<ele>306.76</ele>
	<time>2026-10-01T12:28:05.013Z</time>
	<hdop>3.79</hdop>
	<extensions>
		<gpxtpx:TrackPointExtension>
			<gpxtpx:course>132.0</gpxtpx:course>
		</gpxtpx:TrackPointExtension>
	</extensions>
</trkpt>
<trkpt lat="46.0547498" lon="14.4173577">
	<ele>307.36</ele>
	<time>2026-10-01T12:28:11.012Z</time>
	<hdop>3.79</hdop>
	<extensions>
		<gpxtpx:TrackPointExtension>
			<gpxtpx:course>138.0</gpxtpx:course>
		</gpxtpx:TrackPointExtension>
	</extensions>
</trkpt>
<trkpt lat="46.0545553" lon="14.4176336">
	<ele>307.33</ele>
	<time>2026-10-01T12:28:16.012Z</time>
	<hdop>3.79</hdop>
	<extensions>
		<gpxtpx:TrackPointExtension>
			<gpxtpx:course>133.0</gpxtpx:course>
		</gpxtpx:TrackPointExtension>
	</extensions>
</trkpt>
<trkpt lat="46.0543844" lon="14.4179559">
	<ele>306.71</ele>
	<time>2026-10-01T12:28:21.012Z</time>
	<hdop>3.79</hdop>
	<extensions>
		<gpxtpx:TrackPointExtension>
			<gpxtpx:course>120.0</gpxtpx:course>
		</gpxtpx:TrackPointExtension>
	</extensions>
</trkpt>
<trkpt lat="46.0541915" lon="14.4182284">
	<ele>306.16</ele>
	<time>2026-10-01T12:28:26.012Z</time>
	<hdop>3.79</hdop>
	<extensions>
		<gpxtpx:TrackPointExtension>
			<gpxtpx:course>142.0</gpxtpx:course>
		</gpxtpx:TrackPointExtension>
	</extensions>
</trkpt>
<trkpt lat="46.0539637" lon="14.4185171">
	<ele>306.10</ele>
	<time>2026-10-01T12:28:31.012Z</time>
	<hdop>3.79</hdop>
	<extensions>
		<gpxtpx:TrackPointExtension>
			<gpxtpx:course>133.0</gpxtpx:course>
		</gpxtpx:TrackPointExtension>
	</extensions>
</trkpt>
<trkpt lat="46.0537456" lon="14.4188115">
	<ele>306.53</ele>
	<time>2026-10-01T12:28:36.012Z</time>
	<hdop>3.79</hdop>
	<extensions>
		<gpxtpx:TrackPointExtension>
			<gpxtpx:course>136.0</gpxtpx:course>
		</gpxtpx:TrackPointExtension>
	</extensions>
</trkpt>
<trkpt lat="46.0535456" lon="14.4191174">
	<ele>306.87</ele>
	<time>2026-10-01T12:28:41.013Z</time>
	<hdop>3.79</hdop>
	<extensions>
		<gpxtpx:TrackPointExtension>
			<gpxtpx:course>132.0</gpxtpx:course>
		</gpxtpx:TrackPointExtension>
	</extensions>
</trkpt>
<trkpt lat="46.0533368" lon="14.4194343">
	<ele>306.74</ele>
	<time>2026-10-01T12:28:47.013Z</time>
	<hdop>3.79</hdop>
	<extensions>
		<gpxtpx:TrackPointExtension>
			<gpxtpx:course>128.0</gpxtpx:course>
		</gpxtpx:TrackPointExtension>
	</extensions>
</trkpt>
<trkpt lat="46.0531929" lon="14.4196041">
	<ele>306.45</ele>
	<time>2026-10-01T12:28:52.013Z</time>
	<hdop>3.79</hdop>
	<extensions>
		<gpxtpx:TrackPointExtension>
			<gpxtpx:course>166.0</gpxtpx:course>
		</gpxtpx:TrackPointExtension>
	</extensions>
</trkpt>
<trkpt lat="46.0530411" lon="14.4196337">
	<ele>306.34</ele>
	<time>2026-10-01T12:28:57.014Z</time>
	<hdop>3.79</hdop>
	<extensions>
		<gpxtpx:TrackPointExtension>
			<gpxtpx:course>139.0</gpxtpx:course>
		</gpxtpx:TrackPointExtension>
	</extensions>
</trkpt>
<trkpt lat="46.0528401" lon="14.4195853">
	<ele>306.21</ele>
	<time>2026-10-01T12:29:03.013Z</time>
	<hdop>3.79</hdop>
	<extensions>
		<gpxtpx:TrackPointExtension>
			<gpxtpx:course>208.0</gpxtpx:course>
		</gpxtpx:TrackPointExtension>
	</extensions>
</trkpt>
<trkpt lat="46.0527180" lon="14.4197298">
	<ele>306.07</ele>
	<time>2026-10-01T12:29:08.013Z</time>
	<hdop>3.79</hdop>
	<extensions>
		<gpxtpx:TrackPointExtension>
			<gpxtpx:course>101.0</gpxtpx:course>
		</gpxtpx:TrackPointExtension>
	</extensions>
</trkpt>
<trkpt lat="46.0526632" lon="14.4200447">
	<ele>306.00</ele>
	<time>2026-10-01T12:29:13.013Z</time>
	<hdop>3.79</hdop>
	<extensions>
		<gpxtpx:TrackPointExtension>
			<gpxtpx:course>100.0</gpxtpx:course>
		</gpxtpx:TrackPointExtension>
	</extensions>
</trkpt>
<trkpt lat="46.0525374" lon="14.4204150">
	<ele>306.06</ele>
	<time>2026-10-01T12:29:19.013Z</time>
	<hdop>3.79</hdop>
	<extensions>
		<gpxtpx:TrackPointExtension>
			<gpxtpx:course>121.0</gpxtpx:course>
		</gpxtpx:TrackPointExtension>
	</extensions>
</trkpt>
<trkpt lat="46.0523220" lon="14.4207409">
	<ele>306.03</ele>
	<time>2026-10-01T12:29:25.013Z</time>
	<hdop>3.79</hdop>
	<extensions>
		<gpxtpx:TrackPointExtension>
			<gpxtpx:course>135.0</gpxtpx:course>
		</gpxtpx:TrackPointExtension>
	</extensions>
</trkpt>
<trkpt lat="46.0520937" lon="14.4210710">
	<ele>305.92</ele>
	<time>2026-10-01T12:29:31.014Z</time>
	<hdop>3.79</hdop>
	<extensions>
		<gpxtpx:TrackPointExtension>
			<gpxtpx:course>131.0</gpxtpx:course>
		</gpxtpx:TrackPointExtension>
	</extensions>
</trkpt>
<trkpt lat="46.0518996" lon="14.4213663">
	<ele>305.85</ele>
	<time>2026-10-01T12:29:36.014Z</time>
	<hdop>3.79</hdop>
	<extensions>
		<gpxtpx:TrackPointExtension>
			<gpxtpx:course>132.0</gpxtpx:course>
		</gpxtpx:TrackPointExtension>
	</extensions>
</trkpt>
<trkpt lat="46.0516551" lon="14.4217317">
	<ele>306.00</ele>
	<time>2026-10-01T12:29:42.012Z</time>
	<hdop>3.79</hdop>
	<extensions>
		<gpxtpx:TrackPointExtension>
			<gpxtpx:course>135.0</gpxtpx:course>
		</gpxtpx:TrackPointExtension>
	</extensions>
</trkpt>
<trkpt lat="46.0514498" lon="14.4220260">
	<ele>305.41</ele>
	<time>2026-10-01T12:29:47.012Z</time>
	<hdop>3.79</hdop>
	<extensions>
		<gpxtpx:TrackPointExtension>
			<gpxtpx:course>134.0</gpxtpx:course>
		</gpxtpx:TrackPointExtension>
	</extensions>
</trkpt>
<trkpt lat="46.0512653" lon="14.4223499">
	<ele>304.39</ele>
	<time>2026-10-01T12:29:52.014Z</time>
	<hdop>3.79</hdop>
	<extensions>
		<gpxtpx:TrackPointExtension>
			<gpxtpx:course>121.0</gpxtpx:course>
		</gpxtpx:TrackPointExtension>
	</extensions>
</trkpt>
<trkpt lat="46.0511415" lon="14.4227976">
	<ele>304.65</ele>
	<time>2026-10-01T12:29:58.013Z</time>
	<hdop>3.79</hdop>
	<extensions>
		<gpxtpx:TrackPointExtension>
			<gpxtpx:course>104.0</gpxtpx:course>
		</gpxtpx:TrackPointExtension>
	</extensions>
</trkpt>
<trkpt lat="46.0510842" lon="14.4231332">
	<ele>305.86</ele>
	<time>2026-10-01T12:30:03.013Z</time>
	<hdop>3.79</hdop>
	<extensions>
		<gpxtpx:TrackPointExtension>
			<gpxtpx:course>102.0</gpxtpx:course>
		</gpxtpx:TrackPointExtension>
	</extensions>
</trkpt>
<trkpt lat="46.0510291" lon="14.4234903">
	<ele>306.79</ele>
	<time>2026-10-01T12:30:08.013Z</time>
	<hdop>3.79</hdop>
	<extensions>
		<gpxtpx:TrackPointExtension>
			<gpxtpx:course>102.0</gpxtpx:course>
		</gpxtpx:TrackPointExtension>
	</extensions>
</trkpt>
<trkpt lat="46.0509705" lon="14.4238173">
	<ele>306.97</ele>
	<time>2026-10-01T12:30:13.013Z</time>
	<hdop>3.79</hdop>
	<extensions>
		<gpxtpx:TrackPointExtension>
			<gpxtpx:course>104.0</gpxtpx:course>
		</gpxtpx:TrackPointExtension>
	</extensions>
</trkpt>
<trkpt lat="46.0508733" lon="14.4241646">
	<ele>306.84</ele>
	<time>2026-10-01T12:30:19.014Z</time>
	<hdop>3.79</hdop>
	<extensions>
		<gpxtpx:TrackPointExtension>
			<gpxtpx:course>110.0</gpxtpx:course>
		</gpxtpx:TrackPointExtension>
	</extensions>
</trkpt>
<trkpt lat="46.0506968" lon="14.4243633">
	<ele>307.08</ele>
	<time>2026-10-01T12:30:24.014Z</time>
	<hdop>3.79</hdop>
	<extensions>
		<gpxtpx:TrackPointExtension>
			<gpxtpx:course>163.0</gpxtpx:course>
		</gpxtpx:TrackPointExtension>
	</extensions>
</trkpt>
<trkpt lat="46.0503514" lon="14.4245144">
	<ele>307.90</ele>
	<time>2026-10-01T12:30:30.012Z</time>
	<hdop>3.79</hdop>
	<extensions>
		<gpxtpx:TrackPointExtension>
			<gpxtpx:course>166.0</gpxtpx:course>
		</gpxtpx:TrackPointExtension>
	</extensions>
</trkpt>
<trkpt lat="46.0500625" lon="14.4246404">
	<ele>308.66</ele>
	<time>2026-10-01T12:30:35.012Z</time>
	<hdop>3.79</hdop>
	<extensions>
		<gpxtpx:TrackPointExtension>
			<gpxtpx:course>162.0</gpxtpx:course>
		</gpxtpx:TrackPointExtension>
	</extensions>
</trkpt>
<trkpt lat="46.0497794" lon="14.4247593">
	<ele>309.70</ele>
	<time>2026-10-01T12:30:40.014Z</time>
	<hdop>3.79</hdop>
	<extensions>
		<gpxtpx:TrackPointExtension>
			<gpxtpx:course>162.0</gpxtpx:course>
		</gpxtpx:TrackPointExtension>
	</extensions>
</trkpt>
<trkpt lat="46.0494452" lon="14.4249568">
	<ele>309.55</ele>
	<time>2026-10-01T12:30:46.014Z</time>
	<hdop>3.79</hdop>
	<extensions>
		<gpxtpx:TrackPointExtension>
			<gpxtpx:course>154.0</gpxtpx:course>
		</gpxtpx:TrackPointExtension>
	</extensions>
</trkpt>
<trkpt lat="46.0491213" lon="14.4252165">
	<ele>308.46</ele>
	<time>2026-10-01T12:30:52.012Z</time>
	<hdop>3.79</hdop>
	<extensions>
		<gpxtpx:TrackPointExtension>
			<gpxtpx:course>150.0</gpxtpx:course>
		</gpxtpx:TrackPointExtension>
	</extensions>
</trkpt>
<trkpt lat="46.0488432" lon="14.4254332">
	<ele>309.27</ele>
	<time>2026-10-01T12:30:57.012Z</time>
	<hdop>3.79</hdop>
	<extensions>
		<gpxtpx:TrackPointExtension>
			<gpxtpx:course>153.0</gpxtpx:course>
		</gpxtpx:TrackPointExtension>
	</extensions>
</trkpt>
<trkpt lat="46.0485788" lon="14.4256537">
	<ele>311.45</ele>
	<time>2026-10-01T12:31:02.013Z</time>
	<hdop>3.79</hdop>
	<extensions>
		<gpxtpx:TrackPointExtension>
			<gpxtpx:course>151.0</gpxtpx:course>
		</gpxtpx:TrackPointExtension>
	</extensions>
</trkpt>
<trkpt lat="46.0483318" lon="14.4259067">
	<ele>312.50</ele>
	<time>2026-10-01T12:31:07.014Z</time>
	<hdop>3.79</hdop>
	<extensions>
		<gpxtpx:TrackPointExtension>
			<gpxtpx:course>138.0</gpxtpx:course>
		</gpxtpx:TrackPointExtension>
	</extensions>
</trkpt>
<trkpt lat="46.0480406" lon="14.4262443">
	<ele>311.94</ele>
	<time>2026-10-01T12:31:13.013Z</time>
	<hdop>3.79</hdop>
	<extensions>
		<gpxtpx:TrackPointExtension>
			<gpxtpx:course>141.0</gpxtpx:course>
		</gpxtpx:TrackPointExtension>
	</extensions>
</trkpt>
<trkpt lat="46.0478000" lon="14.4265444">
	<ele>312.86</ele>
	<time>2026-10-01T12:31:18.014Z</time>
	<hdop>3.79</hdop>
	<extensions>
		<gpxtpx:TrackPointExtension>
			<gpxtpx:course>142.0</gpxtpx:course>
		</gpxtpx:TrackPointExtension>
	</extensions>
</trkpt>
<trkpt lat="46.0475307" lon="14.4268638">
	<ele>314.23</ele>
	<time>2026-10-01T12:31:24.013Z</time>
	<hdop>3.79</hdop>
	<extensions>
		<gpxtpx:TrackPointExtension>
			<gpxtpx:course>141.0</gpxtpx:course>
		</gpxtpx:TrackPointExtension>
	</extensions>
</trkpt>
<trkpt lat="46.0473055" lon="14.4271162">
	<ele>314.39</ele>
	<time>2026-10-01T12:31:29.013Z</time>
	<hdop>3.79</hdop>
	<extensions>
		<gpxtpx:TrackPointExtension>
			<gpxtpx:course>148.0</gpxtpx:course>
		</gpxtpx:TrackPointExtension>
	</extensions>
</trkpt>
<trkpt lat="46.0471324" lon="14.4272237">
	<ele>314.61</ele>
	<time>2026-10-01T12:31:34.013Z</time>
	<hdop>3.79</hdop>
	<extensions>
		<gpxtpx:TrackPointExtension>
			<gpxtpx:course>179.0</gpxtpx:course>
		</gpxtpx:TrackPointExtension>
	</extensions>
</trkpt>
<trkpt lat="46.0470452" lon="14.4272736">
	<ele>314.77</ele>
	<time>2026-10-01T12:31:53.013Z</time>
	<hdop>3.79</hdop>
	<extensions>
		<gpxtpx:TrackPointExtension>
			<gpxtpx:course>134.0</gpxtpx:course>
		</gpxtpx:TrackPointExtension>
	</extensions>
</trkpt>
<trkpt lat="46.0468362" lon="14.4273716">
	<ele>315.03</ele>
	<time>2026-10-01T12:31:58.014Z</time>
	<hdop>3.79</hdop>
	<extensions>
		<gpxtpx:TrackPointExtension>
			<gpxtpx:course>158.0</gpxtpx:course>
		</gpxtpx:TrackPointExtension>
	</extensions>
</trkpt>
<trkpt lat="46.0465056" lon="14.4275217">
	<ele>315.12</ele>
	<time>2026-10-01T12:32:04.012Z</time>
	<hdop>3.79</hdop>
	<extensions>
		<gpxtpx:TrackPointExtension>
			<gpxtpx:course>161.0</gpxtpx:course>
		</gpxtpx:TrackPointExtension>
	</extensions>
</trkpt>
<trkpt lat="46.0461981" lon="14.4276966">
	<ele>314.39</ele>
	<time>2026-10-01T12:32:09.013Z</time>
	<hdop>3.79</hdop>
	<extensions>
		<gpxtpx:TrackPointExtension>
			<gpxtpx:course>155.0</gpxtpx:course>
		</gpxtpx:TrackPointExtension>
	</extensions>
</trkpt>
<trkpt lat="46.0458666" lon="14.4278436">
	<ele>313.72</ele>
	<time>2026-10-01T12:32:14.013Z</time>
	<hdop>3.79</hdop>
	<extensions>
		<gpxtpx:TrackPointExtension>
			<gpxtpx:course>162.0</gpxtpx:course>
		</gpxtpx:TrackPointExtension>
	</extensions>
</trkpt>
<trkpt lat="46.0455397" lon="14.4280129">
	<ele>313.13</ele>
	<time>2026-10-01T12:32:19.013Z</time>
	<hdop>3.79</hdop>
	<extensions>
		<gpxtpx:TrackPointExtension>
			<gpxtpx:course>157.0</gpxtpx:course>
		</gpxtpx:TrackPointExtension>
	</extensions>
</trkpt>
<trkpt lat="46.0451716" lon="14.4282634">
	<ele>312.22</ele>
	<time>2026-10-01T12:32:25.014Z</time>
	<hdop>3.79</hdop>
	<extensions>
		<gpxtpx:TrackPointExtension>
			<gpxtpx:course>151.0</gpxtpx:course>
		</gpxtpx:TrackPointExtension>
	</extensions>
</trkpt>
<trkpt lat="46.0448804" lon="14.4284867">
	<ele>311.68</ele>
	<time>2026-10-01T12:32:30.014Z</time>
	<hdop>3.79</hdop>
	<extensions>
		<gpxtpx:TrackPointExtension>
			<gpxtpx:course>149.0</gpxtpx:course>
		</gpxtpx:TrackPointExtension>
	</extensions>
</trkpt>
<trkpt lat="46.0445119" lon="14.4287267">
	<ele>311.65</ele>
	<time>2026-10-01T12:32:36.013Z</time>
	<hdop>3.79</hdop>
	<extensions>
		<gpxtpx:TrackPointExtension>
			<gpxtpx:course>158.0</gpxtpx:course>
		</gpxtpx:TrackPointExtension>
	</extensions>
</trkpt>
<trkpt lat="46.0441801" lon="14.4288271">
	<ele>312.19</ele>
	<time>2026-10-01T12:32:41.013Z</time>
	<hdop>3.79</hdop>
	<extensions>
		<gpxtpx:TrackPointExtension>
			<gpxtpx:course>177.0</gpxtpx:course>
		</gpxtpx:TrackPointExtension>
	</extensions>
</trkpt>
<trkpt lat="46.0438610" lon="14.4288398">
	<ele>312.88</ele>
	<time>2026-10-01T12:32:46.013Z</time>
	<hdop>3.79</hdop>
	<extensions>
		<gpxtpx:TrackPointExtension>
			<gpxtpx:course>177.0</gpxtpx:course>
		</gpxtpx:TrackPointExtension>
	</extensions>
</trkpt>
<trkpt lat="46.0435511" lon="14.4288903">
	<ele>313.46</ele>
	<time>2026-10-01T12:32:51.013Z</time>
	<hdop>3.79</hdop>
	<extensions>
		<gpxtpx:TrackPointExtension>
			<gpxtpx:course>173.0</gpxtpx:course>
		</gpxtpx:TrackPointExtension>
	</extensions>
</trkpt>
<trkpt lat="46.0432298" lon="14.4289373">
	<ele>313.96</ele>
	<time>2026-10-01T12:32:56.013Z</time>
	<hdop>3.79</hdop>
	<extensions>
		<gpxtpx:TrackPointExtension>
			<gpxtpx:course>178.0</gpxtpx:course>
		</gpxtpx:TrackPointExtension>
	</extensions>
</trkpt>
<trkpt lat="46.0428990" lon="14.4289162">
	<ele>314.80</ele>
	<time>2026-10-01T12:33:01.013Z</time>
	<hdop>3.79</hdop>
	<extensions>
		<gpxtpx:TrackPointExtension>
			<gpxtpx:course>183.0</gpxtpx:course>
		</gpxtpx:TrackPointExtension>
	</extensions>
</trkpt>
<trkpt lat="46.0425607" lon="14.4288721">
	<ele>315.66</ele>
	<time>2026-10-01T12:33:06.013Z</time>
	<hdop>3.79</hdop>
	<extensions>
		<gpxtpx:TrackPointExtension>
			<gpxtpx:course>182.0</gpxtpx:course>
		</gpxtpx:TrackPointExtension>
	</extensions>
</trkpt>
<trkpt lat="46.0421659" lon="14.4288344">
	<ele>316.43</ele>
	<time>2026-10-01T12:33:12.013Z</time>
	<hdop>3.79</hdop>
	<extensions>
		<gpxtpx:TrackPointExtension>
			<gpxtpx:course>186.0</gpxtpx:course>
		</gpxtpx:TrackPointExtension>
	</extensions>
</trkpt>
<trkpt lat="46.0418493" lon="14.4287769">
	<ele>317.09</ele>
	<time>2026-10-01T12:33:17.014Z</time>
	<hdop>3.79</hdop>
	<extensions>
		<gpxtpx:TrackPointExtension>
			<gpxtpx:course>187.0</gpxtpx:course>
		</gpxtpx:TrackPointExtension>
	</extensions>
</trkpt>
<trkpt lat="46.0414600" lon="14.4286613">
	<ele>318.03</ele>
	<time>2026-10-01T12:33:23.013Z</time>
	<hdop>3.79</hdop>
	<extensions>
		<gpxtpx:TrackPointExtension>
			<gpxtpx:course>195.0</gpxtpx:course>
		</gpxtpx:TrackPointExtension>
	</extensions>
</trkpt>
<trkpt lat="46.0411360" lon="14.4285358">
	<ele>318.81</ele>
	<time>2026-10-01T12:33:28.013Z</time>
	<hdop>3.79</hdop>
	<extensions>
		<gpxtpx:TrackPointExtension>
			<gpxtpx:course>197.0</gpxtpx:course>
		</gpxtpx:TrackPointExtension>
	</extensions>
</trkpt>
<trkpt lat="46.0408194" lon="14.4283943">
	<ele>319.73</ele>
	<time>2026-10-01T12:33:33.013Z</time>
	<hdop>3.79</hdop>
	<extensions>
		<gpxtpx:TrackPointExtension>
			<gpxtpx:course>200.0</gpxtpx:course>
		</gpxtpx:TrackPointExtension>
	</extensions>
</trkpt>
<trkpt lat="46.0404329" lon="14.4282707">
	<ele>320.97</ele>
	<time>2026-10-01T12:33:39.013Z</time>
	<hdop>3.79</hdop>
	<extensions>
		<gpxtpx:TrackPointExtension>
			<gpxtpx:course>186.0</gpxtpx:course>
		</gpxtpx:TrackPointExtension>
	</extensions>
</trkpt>
<trkpt lat="46.0401210" lon="14.4283556">
	<ele>321.56</ele>
	<time>2026-10-01T12:33:44.013Z</time>
	<hdop>3.79</hdop>
	<extensions>
		<gpxtpx:TrackPointExtension>
			<gpxtpx:course>160.0</gpxtpx:course>
		</gpxtpx:TrackPointExtension>
	</extensions>
</trkpt>
<trkpt lat="46.0398614" lon="14.4284661">
	<ele>321.94</ele>
	<time>2026-10-01T12:33:49.013Z</time>
	<hdop>3.79</hdop>
	<extensions>
		<gpxtpx:TrackPointExtension>
			<gpxtpx:course>164.0</gpxtpx:course>
		</gpxtpx:TrackPointExtension>
	</extensions>
</trkpt>
<trkpt lat="46.0396287" lon="14.4285735">
	<ele>322.09</ele>
	<time>2026-10-01T12:33:55.012Z</time>
	<hdop>3.79</hdop>
	<extensions>
		<gpxtpx:TrackPointExtension>
			<gpxtpx:course>163.0</gpxtpx:course>
		</gpxtpx:TrackPointExtension>
	</extensions>
</trkpt>
<trkpt lat="46.0394731" lon="14.4287048">
	<ele>321.70</ele>
	<time>2026-10-01T12:34:00.014Z</time>
	<hdop>3.79</hdop>
	<extensions>
		<gpxtpx:TrackPointExtension>
			<gpxtpx:course>146.0</gpxtpx:course>
		</gpxtpx:TrackPointExtension>
	</extensions>
</trkpt>
<trkpt lat="46.0393126" lon="14.4289664">
	<ele>320.44</ele>
	<time>2026-10-01T12:34:06.012Z</time>
	<hdop>3.79</hdop>
	<extensions>
		<gpxtpx:TrackPointExtension>
			<gpxtpx:course>130.0</gpxtpx:course>
		</gpxtpx:TrackPointExtension>
	</extensions>
</trkpt>
<trkpt lat="46.0391455" lon="14.4292314">
	<ele>319.89</ele>
	<time>2026-10-01T12:34:11.012Z</time>
	<hdop>3.79</hdop>
	<extensions>
		<gpxtpx:TrackPointExtension>
			<gpxtpx:course>133.0</gpxtpx:course>
		</gpxtpx:TrackPointExtension>
	</extensions>
</trkpt>
<trkpt lat="46.0390547" lon="14.4294867">
	<ele>319.66</ele>
	<time>2026-10-01T12:34:16.012Z</time>
	<hdop>3.79</hdop>
	<extensions>
		<gpxtpx:TrackPointExtension>
			<gpxtpx:course>145.0</gpxtpx:course>
		</gpxtpx:TrackPointExtension>
	</extensions>
</trkpt>
<trkpt lat="46.0389722" lon="14.4296807">
	<ele>319.49</ele>
	<time>2026-10-01T12:34:21.013Z</time>
	<hdop>3.79</hdop>
	<extensions>
		<gpxtpx:TrackPointExtension>
			<gpxtpx:course>98.0</gpxtpx:course>
		</gpxtpx:TrackPointExtension>
	</extensions>
</trkpt>
<trkpt lat="46.0389761" lon="14.4300390">
	<ele>318.04</ele>
	<time>2026-10-01T12:34:26.013Z</time>
	<hdop>3.79</hdop>
	<extensions>
		<gpxtpx:TrackPointExtension>
			<gpxtpx:course>92.0</gpxtpx:course>
		</gpxtpx:TrackPointExtension>
	</extensions>
</trkpt>
<trkpt lat="46.0389721" lon="14.4304466">
	<ele>316.58</ele>
	<time>2026-10-01T12:34:31.013Z</time>
	<hdop>3.79</hdop>
	<extensions>
		<gpxtpx:TrackPointExtension>
			<gpxtpx:course>89.0</gpxtpx:course>
		</gpxtpx:TrackPointExtension>
	</extensions>
</trkpt>
<trkpt lat="46.0389609" lon="14.4309444">
	<ele>314.89</ele>
	<time>2026-10-01T12:34:37.014Z</time>
	<hdop>3.79</hdop>
	<extensions>
		<gpxtpx:TrackPointExtension>
			<gpxtpx:course>92.0</gpxtpx:course>
		</gpxtpx:TrackPointExtension>
	</extensions>
</trkpt>
<trkpt lat="46.0389330" lon="14.4313991">
	<ele>313.35</ele>
	<time>2026-10-01T12:34:42.014Z</time>
	<hdop>3.79</hdop>
	<extensions>
		<gpxtpx:TrackPointExtension>
			<gpxtpx:course>101.0</gpxtpx:course>
		</gpxtpx:TrackPointExtension>
	</extensions>
</trkpt>
<trkpt lat="46.0388341" lon="14.4318580">
	<ele>312.08</ele>
	<time>2026-10-01T12:34:47.014Z</time>
	<hdop>3.79</hdop>
	<extensions>
		<gpxtpx:TrackPointExtension>
			<gpxtpx:course>107.0</gpxtpx:course>
		</gpxtpx:TrackPointExtension>
	</extensions>
</trkpt>
<trkpt lat="46.0387025" lon="14.4323906">
	<ele>310.53</ele>
	<time>2026-10-01T12:34:53.014Z</time>
	<hdop>3.79</hdop>
	<extensions>
		<gpxtpx:TrackPointExtension>
			<gpxtpx:course>105.0</gpxtpx:course>
		</gpxtpx:TrackPointExtension>
	</extensions>
</trkpt>
<trkpt lat="46.0385937" lon="14.4328048">
	<ele>309.90</ele>
	<time>2026-10-01T12:34:58.014Z</time>
	<hdop>3.79</hdop>
	<extensions>
		<gpxtpx:TrackPointExtension>
			<gpxtpx:course>113.0</gpxtpx:course>
		</gpxtpx:TrackPointExtension>
	</extensions>
</trkpt>
<trkpt lat="46.0384770" lon="14.4333312">
	<ele>309.99</ele>
	<time>2026-10-01T12:35:04.012Z</time>
	<hdop>3.79</hdop>
	<extensions>
		<gpxtpx:TrackPointExtension>
			<gpxtpx:course>106.0</gpxtpx:course>
		</gpxtpx:TrackPointExtension>
	</extensions>
</trkpt>
<trkpt lat="46.0384015" lon="14.4337721">
	<ele>309.72</ele>
	<time>2026-10-01T12:35:09.013Z</time>
	<hdop>3.79</hdop>
	<extensions>
		<gpxtpx:TrackPointExtension>
			<gpxtpx:course>102.0</gpxtpx:course>
		</gpxtpx:TrackPointExtension>
	</extensions>
</trkpt>
<trkpt lat="46.0382917" lon="14.4343231">
	<ele>308.57</ele>
	<time>2026-10-01T12:35:15.013Z</time>
	<hdop>3.79</hdop>
	<extensions>
		<gpxtpx:TrackPointExtension>
			<gpxtpx:course>107.0</gpxtpx:course>
		</gpxtpx:TrackPointExtension>
	</extensions>
</trkpt>
<trkpt lat="46.0382249" lon="14.4347969">
	<ele>306.61</ele>
	<time>2026-10-01T12:35:20.013Z</time>
	<hdop>3.79</hdop>
	<extensions>
		<gpxtpx:TrackPointExtension>
			<gpxtpx:course>105.0</gpxtpx:course>
		</gpxtpx:TrackPointExtension>
	</extensions>
</trkpt>
<trkpt lat="46.0381446" lon="14.4352515">
	<ele>305.38</ele>
	<time>2026-10-01T12:35:25.014Z</time>
	<hdop>3.79</hdop>
	<extensions>
		<gpxtpx:TrackPointExtension>
			<gpxtpx:course>101.0</gpxtpx:course>
		</gpxtpx:TrackPointExtension>
	</extensions>
</trkpt>
<trkpt lat="46.0380812" lon="14.4356890">
	<ele>304.87</ele>
	<time>2026-10-01T12:35:30.014Z</time>
	<hdop>3.79</hdop>
	<extensions>
		<gpxtpx:TrackPointExtension>
			<gpxtpx:course>102.0</gpxtpx:course>
		</gpxtpx:TrackPointExtension>
	</extensions>
</trkpt>
<trkpt lat="46.0380472" lon="14.4361865">
	<ele>304.64</ele>
	<time>2026-10-01T12:35:36.013Z</time>
	<hdop>3.79</hdop>
	<extensions>
		<gpxtpx:TrackPointExtension>
			<gpxtpx:course>89.0</gpxtpx:course>
		</gpxtpx:TrackPointExtension>
	</extensions>
</trkpt>
<trkpt lat="46.0381009" lon="14.4366158">
	<ele>304.75</ele>
	<time>2026-10-01T12:35:41.013Z</time>
	<hdop>3.79</hdop>
	<extensions>
		<gpxtpx:TrackPointExtension>
			<gpxtpx:course>75.0</gpxtpx:course>
		</gpxtpx:TrackPointExtension>
	</extensions>
</trkpt>
<trkpt lat="46.0381709" lon="14.4371580">
	<ele>305.43</ele>
	<time>2026-10-01T12:35:47.014Z</time>
	<hdop>3.79</hdop>
	<extensions>
		<gpxtpx:TrackPointExtension>
			<gpxtpx:course>80.0</gpxtpx:course>
		</gpxtpx:TrackPointExtension>
	</extensions>
</trkpt>
<trkpt lat="46.0382028" lon="14.4376802">
	<ele>305.78</ele>
	<time>2026-10-01T12:35:53.013Z</time>
	<hdop>3.79</hdop>
	<extensions>
		<gpxtpx:TrackPointExtension>
			<gpxtpx:course>83.0</gpxtpx:course>
		</gpxtpx:TrackPointExtension>
	</extensions>
</trkpt>
<trkpt lat="46.0382394" lon="14.4381565">
	<ele>305.22</ele>
	<time>2026-10-01T12:35:58.014Z</time>
	<hdop>3.79</hdop>
	<extensions>
		<gpxtpx:TrackPointExtension>
			<gpxtpx:course>80.0</gpxtpx:course>
		</gpxtpx:TrackPointExtension>
	</extensions>
</trkpt>
<trkpt lat="46.0382771" lon="14.4387166">
	<ele>304.99</ele>
	<time>2026-10-01T12:36:04.012Z</time>
	<hdop>3.79</hdop>
	<extensions>
		<gpxtpx:TrackPointExtension>
			<gpxtpx:course>87.0</gpxtpx:course>
		</gpxtpx:TrackPointExtension>
	</extensions>
</trkpt>
<trkpt lat="46.0383065" lon="14.4391859">
	<ele>305.00</ele>
	<time>2026-10-01T12:36:09.014Z</time>
	<hdop>3.79</hdop>
	<extensions>
		<gpxtpx:TrackPointExtension>
			<gpxtpx:course>85.0</gpxtpx:course>
		</gpxtpx:TrackPointExtension>
	</extensions>
</trkpt>
<trkpt lat="46.0383390" lon="14.4397299">
	<ele>304.33</ele>
	<time>2026-10-01T12:36:15.013Z</time>
	<hdop>3.79</hdop>
	<extensions>
		<gpxtpx:TrackPointExtension>
			<gpxtpx:course>86.0</gpxtpx:course>
		</gpxtpx:TrackPointExtension>
	</extensions>
</trkpt>
<trkpt lat="46.0383697" lon="14.4401932">
	<ele>303.98</ele>
	<time>2026-10-01T12:36:21.013Z</time>
	<hdop>3.79</hdop>
	<extensions>
		<gpxtpx:TrackPointExtension>
			<gpxtpx:course>84.0</gpxtpx:course>
		</gpxtpx:TrackPointExtension>
	</extensions>
</trkpt>
<trkpt lat="46.0383988" lon="14.4405217">
	<ele>304.06</ele>
	<time>2026-10-01T12:36:26.013Z</time>
	<hdop>3.79</hdop>
	<extensions>
		<gpxtpx:TrackPointExtension>
			<gpxtpx:course>90.0</gpxtpx:course>
		</gpxtpx:TrackPointExtension>
	</extensions>
</trkpt>
<trkpt lat="46.0383045" lon="14.4407636">
	<ele>304.02</ele>
	<time>2026-10-01T12:36:31.013Z</time>
	<hdop>3.79</hdop>
	<extensions>
		<gpxtpx:TrackPointExtension>
			<gpxtpx:course>149.0</gpxtpx:course>
		</gpxtpx:TrackPointExtension>
	</extensions>
</trkpt>
<trkpt lat="46.0380370" lon="14.4409050">
	<ele>303.67</ele>
	<time>2026-10-01T12:36:36.014Z</time>
	<hdop>3.79</hdop>
	<extensions>
		<gpxtpx:TrackPointExtension>
			<gpxtpx:course>155.0</gpxtpx:course>
		</gpxtpx:TrackPointExtension>
	</extensions>
</trkpt>
<trkpt lat="46.0376851" lon="14.4410626">
	<ele>303.19</ele>
	<time>2026-10-01T12:36:42.012Z</time>
	<hdop>3.79</hdop>
	<extensions>
		<gpxtpx:TrackPointExtension>
			<gpxtpx:course>161.0</gpxtpx:course>
		</gpxtpx:TrackPointExtension>
	</extensions>
</trkpt>
<trkpt lat="46.0373816" lon="14.4411996">
	<ele>302.99</ele>
	<time>2026-10-01T12:36:47.014Z</time>
	<hdop>3.79</hdop>
	<extensions>
		<gpxtpx:TrackPointExtension>
			<gpxtpx:course>162.0</gpxtpx:course>
		</gpxtpx:TrackPointExtension>
	</extensions>
</trkpt>
<trkpt lat="46.0370759" lon="14.4413334">
	<ele>302.74</ele>
	<time>2026-10-01T12:36:52.014Z</time>
	<hdop>3.79</hdop>
	<extensions>
		<gpxtpx:TrackPointExtension>
			<gpxtpx:course>158.0</gpxtpx:course>
		</gpxtpx:TrackPointExtension>
	</extensions>
</trkpt>
<trkpt lat="46.0367659" lon="14.4414630">
	<ele>302.30</ele>
	<time>2026-10-01T12:36:57.014Z</time>
	<hdop>3.79</hdop>
	<extensions>
		<gpxtpx:TrackPointExtension>
			<gpxtpx:course>163.0</gpxtpx:course>
		</gpxtpx:TrackPointExtension>
	</extensions>
</trkpt>
<trkpt lat="46.0364126" lon="14.4416163">
	<ele>301.99</ele>
	<time>2026-10-01T12:37:03.013Z</time>
	<hdop>3.79</hdop>
	<extensions>
		<gpxtpx:TrackPointExtension>
			<gpxtpx:course>166.0</gpxtpx:course>
		</gpxtpx:TrackPointExtension>
	</extensions>
</trkpt>
<trkpt lat="46.0361267" lon="14.4417534">
	<ele>302.02</ele>
	<time>2026-10-01T12:37:08.013Z</time>
	<hdop>3.79</hdop>
	<extensions>
		<gpxtpx:TrackPointExtension>
			<gpxtpx:course>162.0</gpxtpx:course>
		</gpxtpx:TrackPointExtension>
	</extensions>
</trkpt>
<trkpt lat="46.0358568" lon="14.4418725">
	<ele>302.02</ele>
	<time>2026-10-01T12:37:13.013Z</time>
	<hdop>3.79</hdop>
	<extensions>
		<gpxtpx:TrackPointExtension>
			<gpxtpx:course>162.0</gpxtpx:course>
		</gpxtpx:TrackPointExtension>
	</extensions>
</trkpt>
<trkpt lat="46.0355968" lon="14.4419815">
	<ele>301.80</ele>
	<time>2026-10-01T12:37:18.013Z</time>
	<hdop>3.79</hdop>
	<extensions>
		<gpxtpx:TrackPointExtension>
			<gpxtpx:course>165.0</gpxtpx:course>
		</gpxtpx:TrackPointExtension>
	</extensions>
</trkpt>
<trkpt lat="46.0353029" lon="14.4421012">
	<ele>301.43</ele>
	<time>2026-10-01T12:37:24.013Z</time>
	<hdop>3.79</hdop>
	<extensions>
		<gpxtpx:TrackPointExtension>
			<gpxtpx:course>162.0</gpxtpx:course>
		</gpxtpx:TrackPointExtension>
	</extensions>
</trkpt>
<trkpt lat="46.0350947" lon="14.4421942">
	<ele>301.15</ele>
	<time>2026-10-01T12:37:29.013Z</time>
	<hdop>3.79</hdop>
	<extensions>
		<gpxtpx:TrackPointExtension>
			<gpxtpx:course>167.0</gpxtpx:course>
		</gpxtpx:TrackPointExtension>
	</extensions>
</trkpt>
<trkpt lat="46.0348779" lon="14.4422910">
	<ele>300.83</ele>
	<time>2026-10-01T12:37:34.013Z</time>
	<hdop>3.79</hdop>
	<extensions>
		<gpxtpx:TrackPointExtension>
			<gpxtpx:course>164.0</gpxtpx:course>
		</gpxtpx:TrackPointExtension>
	</extensions>
</trkpt>
<trkpt lat="46.0346665" lon="14.4423727">
	<ele>300.40</ele>
	<time>2026-10-01T12:37:39.013Z</time>
	<hdop>3.79</hdop>
	<extensions>
		<gpxtpx:TrackPointExtension>
			<gpxtpx:course>165.0</gpxtpx:course>
		</gpxtpx:TrackPointExtension>
	</extensions>
</trkpt>
<trkpt lat="46.0344595" lon="14.4424744">
	<ele>299.81</ele>
	<time>2026-10-01T12:37:44.014Z</time>
	<hdop>3.79</hdop>
	<extensions>
		<gpxtpx:TrackPointExtension>
			<gpxtpx:course>163.0</gpxtpx:course>
		</gpxtpx:TrackPointExtension>
	</extensions>
</trkpt>
<trkpt lat="46.0341935" lon="14.4425826">
	<ele>299.03</ele>
	<time>2026-10-01T12:37:50.012Z</time>
	<hdop>3.79</hdop>
	<extensions>
		<gpxtpx:TrackPointExtension>
			<gpxtpx:course>162.0</gpxtpx:course>
		</gpxtpx:TrackPointExtension>
	</extensions>
</trkpt>
<trkpt lat="46.0339793" lon="14.4426961">
	<ele>298.46</ele>
	<time>2026-10-01T12:37:55.014Z</time>
	<hdop>3.79</hdop>
	<extensions>
		<gpxtpx:TrackPointExtension>
			<gpxtpx:course>145.0</gpxtpx:course>
		</gpxtpx:TrackPointExtension>
	</extensions>
</trkpt>
<trkpt lat="46.0337353" lon="14.4428652">
	<ele>297.90</ele>
	<time>2026-10-01T12:38:01.012Z</time>
	<hdop>3.79</hdop>
	<extensions>
		<gpxtpx:TrackPointExtension>
			<gpxtpx:course>179.0</gpxtpx:course>
		</gpxtpx:TrackPointExtension>
	</extensions>
</trkpt>
<trkpt lat="46.0334202" lon="14.4429194">
	<ele>297.21</ele>
	<time>2026-10-01T12:38:06.013Z</time>
	<hdop>3.79</hdop>
	<extensions>
		<gpxtpx:TrackPointExtension>
			<gpxtpx:course>174.0</gpxtpx:course>
		</gpxtpx:TrackPointExtension>
	</extensions>
</trkpt>
<trkpt lat="46.0331162" lon="14.4430097">
	<ele>296.68</ele>
	<time>2026-10-01T12:38:11.014Z</time>
	<hdop>3.79</hdop>
	<extensions>
		<gpxtpx:TrackPointExtension>
			<gpxtpx:course>163.0</gpxtpx:course>
		</gpxtpx:TrackPointExtension>
	</extensions>
</trkpt>
<trkpt lat="46.0327856" lon="14.4431454">
	<ele>296.26</ele>
	<time>2026-10-01T12:38:17.014Z</time>
	<hdop>3.79</hdop>
	<extensions>
		<gpxtpx:TrackPointExtension>
			<gpxtpx:course>159.0</gpxtpx:course>
		</gpxtpx:TrackPointExtension>
	</extensions>
</trkpt>
<trkpt lat="46.0325272" lon="14.4432582">
	<ele>296.03</ele>
	<time>2026-10-01T12:38:22.014Z</time>
	<hdop>3.79</hdop>
	<extensions>
		<gpxtpx:TrackPointExtension>
			<gpxtpx:course>158.0</gpxtpx:course>
		</gpxtpx:TrackPointExtension>
	</extensions>
</trkpt>
<trkpt lat="46.0322073" lon="14.4434090">
	<ele>295.90</ele>
	<time>2026-10-01T12:38:28.013Z</time>
	<hdop>3.79</hdop>
	<extensions>
		<gpxtpx:TrackPointExtension>
			<gpxtpx:course>162.0</gpxtpx:course>
		</gpxtpx:TrackPointExtension>
	</extensions>
</trkpt>
<trkpt lat="46.0319464" lon="14.4435176">
	<ele>295.91</ele>
	<time>2026-10-01T12:38:33.014Z</time>
	<hdop>3.79</hdop>
	<extensions>
		<gpxtpx:TrackPointExtension>
			<gpxtpx:course>163.0</gpxtpx:course>
		</gpxtpx:TrackPointExtension>
	</extensions>
</trkpt>
<trkpt lat="46.0316666" lon="14.4436343">
	<ele>296.02</ele>
	<time>2026-10-01T12:38:39.012Z</time>
	<hdop>3.79</hdop>
	<extensions>
		<gpxtpx:TrackPointExtension>
			<gpxtpx:course>161.0</gpxtpx:course>
		</gpxtpx:TrackPointExtension>
	</extensions>
</trkpt>
<trkpt lat="46.0314254" lon="14.4437447">
	<ele>296.26</ele>
	<time>2026-10-01T12:38:44.013Z</time>
	<hdop>3.79</hdop>
	<extensions>
		<gpxtpx:TrackPointExtension>
			<gpxtpx:course>162.0</gpxtpx:course>
		</gpxtpx:TrackPointExtension>
	</extensions>
</trkpt>
<trkpt lat="46.0312155" lon="14.4438357">
	<ele>296.56</ele>
	<time>2026-10-01T12:38:49.014Z</time>
	<hdop>3.79</hdop>
	<extensions>
		<gpxtpx:TrackPointExtension>
			<gpxtpx:course>161.0</gpxtpx:course>
		</gpxtpx:TrackPointExtension>
	</extensions>
</trkpt>
<trkpt lat="46.0310025" lon="14.4438842">
	<ele>296.84</ele>
	<time>2026-10-01T12:38:55.013Z</time>
	<hdop>3.79</hdop>
	<extensions>
		<gpxtpx:TrackPointExtension>
			<gpxtpx:course>185.0</gpxtpx:course>
		</gpxtpx:TrackPointExtension>
	</extensions>
</trkpt>
<trkpt lat="46.0308986" lon="14.4439710">
	<ele>296.92</ele>
	<time>2026-10-01T12:39:01.013Z</time>
	<hdop>3.79</hdop>
	<extensions>
		<gpxtpx:TrackPointExtension>
			<gpxtpx:course>87.0</gpxtpx:course>
		</gpxtpx:TrackPointExtension>
	</extensions>
</trkpt>
<trkpt lat="46.0310201" lon="14.4443423">
	<ele>296.85</ele>
	<time>2026-10-01T12:39:06.013Z</time>
	<hdop>3.79</hdop>
	<extensions>
		<gpxtpx:TrackPointExtension>
			<gpxtpx:course>64.0</gpxtpx:course>
		</gpxtpx:TrackPointExtension>
	</extensions>
</trkpt>
<trkpt lat="46.0311678" lon="14.4447603">
	<ele>296.78</ele>
	<time>2026-10-01T12:39:11.013Z</time>
	<hdop>3.79</hdop>
	<extensions>
		<gpxtpx:TrackPointExtension>
			<gpxtpx:course>63.0</gpxtpx:course>
		</gpxtpx:TrackPointExtension>
	</extensions>
</trkpt>
<trkpt lat="46.0313240" lon="14.4452109">
	<ele>297.94</ele>
	<time>2026-10-01T12:39:16.014Z</time>
	<hdop>3.79</hdop>
	<extensions>
		<gpxtpx:TrackPointExtension>
			<gpxtpx:course>65.0</gpxtpx:course>
		</gpxtpx:TrackPointExtension>
	</extensions>
</trkpt>
<trkpt lat="46.0314680" lon="14.4456507">
	<ele>299.10</ele>
	<time>2026-10-01T12:39:21.014Z</time>
	<hdop>3.79</hdop>
	<extensions>
		<gpxtpx:TrackPointExtension>
			<gpxtpx:course>66.0</gpxtpx:course>
		</gpxtpx:TrackPointExtension>
	</extensions>
</trkpt>
<trkpt lat="46.0316500" lon="14.4461862">
	<ele>298.18</ele>
	<time>2026-10-01T12:39:27.014Z</time>
	<hdop>3.79</hdop>
	<extensions>
		<gpxtpx:TrackPointExtension>
			<gpxtpx:course>63.0</gpxtpx:course>
		</gpxtpx:TrackPointExtension>
	</extensions>
</trkpt>
<trkpt lat="46.0318286" lon="14.4467190">
	<ele>298.92</ele>
	<time>2026-10-01T12:39:33.014Z</time>
	<hdop>3.79</hdop>
	<extensions>
		<gpxtpx:TrackPointExtension>
			<gpxtpx:course>64.0</gpxtpx:course>
		</gpxtpx:TrackPointExtension>
	</extensions>
</trkpt>
<trkpt lat="46.0319991" lon="14.4472467">
	<ele>298.73</ele>
	<time>2026-10-01T12:39:39.012Z</time>
	<hdop>3.79</hdop>
	<extensions>
		<gpxtpx:TrackPointExtension>
			<gpxtpx:course>62.0</gpxtpx:course>
		</gpxtpx:TrackPointExtension>
	</extensions>
</trkpt>
<trkpt lat="46.0321478" lon="14.4476886">
	<ele>297.89</ele>
	<time>2026-10-01T12:39:44.013Z</time>
	<hdop>3.79</hdop>
	<extensions>
		<gpxtpx:TrackPointExtension>
			<gpxtpx:course>62.0</gpxtpx:course>
		</gpxtpx:TrackPointExtension>
	</extensions>
</trkpt>
<trkpt lat="46.0323072" lon="14.4481886">
	<ele>297.79</ele>
	<time>2026-10-01T12:39:50.012Z</time>
	<hdop>3.79</hdop>
	<extensions>
		<gpxtpx:TrackPointExtension>
			<gpxtpx:course>65.0</gpxtpx:course>
		</gpxtpx:TrackPointExtension>
	</extensions>
</trkpt>
<trkpt lat="46.0322761" lon="14.4484614">
	<ele>297.90</ele>
	<time>2026-10-01T12:39:55.013Z</time>
	<hdop>3.79</hdop>
	<extensions>
		<gpxtpx:TrackPointExtension>
			<gpxtpx:course>171.0</gpxtpx:course>
		</gpxtpx:TrackPointExtension>
	</extensions>
</trkpt>
<trkpt lat="46.0320284" lon="14.4484649">
	<ele>297.64</ele>
	<time>2026-10-01T12:40:00.014Z</time>
	<hdop>3.79</hdop>
	<extensions>
		<gpxtpx:TrackPointExtension>
			<gpxtpx:course>193.0</gpxtpx:course>
		</gpxtpx:TrackPointExtension>
	</extensions>
</trkpt>
<trkpt lat="46.0317538" lon="14.4484963">
	<ele>297.41</ele>
	<time>2026-10-01T12:40:06.013Z</time>
	<hdop>3.79</hdop>
	<extensions>
		<gpxtpx:TrackPointExtension>
			<gpxtpx:course>184.0</gpxtpx:course>
		</gpxtpx:TrackPointExtension>
	</extensions>
</trkpt>
<trkpt lat="46.0315525" lon="14.4484947">
	<ele>297.27</ele>
	<time>2026-10-01T12:40:11.013Z</time>
	<hdop>3.79</hdop>
	<extensions>
		<gpxtpx:TrackPointExtension>
			<gpxtpx:course>187.0</gpxtpx:course>
		</gpxtpx:TrackPointExtension>
	</extensions>
</trkpt>
<trkpt lat="46.0313277" lon="14.4485130">
	<ele>297.19</ele>
	<time>2026-10-01T12:40:17.013Z</time>
	<hdop>3.79</hdop>
	<extensions>
		<gpxtpx:TrackPointExtension>
			<gpxtpx:course>176.0</gpxtpx:course>
		</gpxtpx:TrackPointExtension>
	</extensions>
</trkpt>
<trkpt lat="46.0311625" lon="14.4485365">
	<ele>297.16</ele>
	<time>2026-10-01T12:40:22.014Z</time>
	<hdop>3.79</hdop>
	<extensions>
		<gpxtpx:TrackPointExtension>
			<gpxtpx:course>174.0</gpxtpx:course>
		</gpxtpx:TrackPointExtension>
	</extensions>
</trkpt>
<trkpt lat="46.0310153" lon="14.4485652">
	<ele>297.12</ele>
	<time>2026-10-01T12:40:27.014Z</time>
	<hdop>3.79</hdop>
	<extensions>
		<gpxtpx:TrackPointExtension>
			<gpxtpx:course>175.0</gpxtpx:course>
		</gpxtpx:TrackPointExtension>
	</extensions>
</trkpt>
<trkpt lat="46.0308715" lon="14.4485615">
	<ele>297.05</ele>
	<time>2026-10-01T12:40:33.014Z</time>
	<hdop>3.79</hdop>
	<extensions>
		<gpxtpx:TrackPointExtension>
			<gpxtpx:course>179.0</gpxtpx:course>
		</gpxtpx:TrackPointExtension>
	</extensions>
</trkpt>
<trkpt lat="46.0307797" lon="14.4486018">
	<ele>297.01</ele>
	<time>2026-10-01T12:40:52.013Z</time>
	<hdop>3.79</hdop>
	<extensions>
		<gpxtpx:TrackPointExtension>
			<gpxtpx:course>186.0</gpxtpx:course>
		</gpxtpx:TrackPointExtension>
	</extensions>
</trkpt>
<trkpt lat="46.0306490" lon="14.4486860">
	<ele>296.93</ele>
	<time>2026-10-01T12:40:58.014Z</time>
	<hdop>3.79</hdop>
	<extensions>
		<gpxtpx:TrackPointExtension>
			<gpxtpx:course>52.0</gpxtpx:course>
		</gpxtpx:TrackPointExtension>
	</extensions>
</trkpt>
<trkpt lat="46.0308141" lon="14.4489990">
	<ele>297.02</ele>
	<time>2026-10-01T12:41:04.013Z</time>
	<hdop>3.79</hdop>
	<extensions>
		<gpxtpx:TrackPointExtension>
			<gpxtpx:course>41.0</gpxtpx:course>
		</gpxtpx:TrackPointExtension>
	</extensions>
</trkpt>
<trkpt lat="46.0309371" lon="14.4493447">
	<ele>297.06</ele>
	<time>2026-10-01T12:41:09.013Z</time>
	<hdop>3.79</hdop>
	<extensions>
		<gpxtpx:TrackPointExtension>
			<gpxtpx:course>57.0</gpxtpx:course>
		</gpxtpx:TrackPointExtension>
	</extensions>
</trkpt>
<trkpt lat="46.0310812" lon="14.4497135">
	<ele>296.77</ele>
	<time>2026-10-01T12:41:15.012Z</time>
	<hdop>3.79</hdop>
	<extensions>
		<gpxtpx:TrackPointExtension>
			<gpxtpx:course>58.0</gpxtpx:course>
		</gpxtpx:TrackPointExtension>
	</extensions>
</trkpt>
<trkpt lat="46.0311865" lon="14.4499782">
	<ele>296.45</ele>
	<time>2026-10-01T12:41:20.012Z</time>
	<hdop>3.79</hdop>
	<extensions>
		<gpxtpx:TrackPointExtension>
			<gpxtpx:course>64.0</gpxtpx:course>
		</gpxtpx:TrackPointExtension>
	</extensions>
</trkpt>
<trkpt lat="46.0312874" lon="14.4502677">
	<ele>296.32</ele>
	<time>2026-10-01T12:41:25.012Z</time>
	<hdop>3.79</hdop>
	<extensions>
		<gpxtpx:TrackPointExtension>
			<gpxtpx:course>62.0</gpxtpx:course>
		</gpxtpx:TrackPointExtension>
	</extensions>
</trkpt>
<trkpt lat="46.0314108" lon="14.4505530">
	<ele>296.50</ele>
	<time>2026-10-01T12:41:30.012Z</time>
	<hdop>3.79</hdop>
	<extensions>
		<gpxtpx:TrackPointExtension>
			<gpxtpx:course>63.0</gpxtpx:course>
		</gpxtpx:TrackPointExtension>
	</extensions>
</trkpt>
<trkpt lat="46.0315494" lon="14.4508294">
	<ele>296.79</ele>
	<time>2026-10-01T12:41:35.013Z</time>
	<hdop>3.79</hdop>
	<extensions>
		<gpxtpx:TrackPointExtension>
			<gpxtpx:course>76.0</gpxtpx:course>
		</gpxtpx:TrackPointExtension>
	</extensions>
</trkpt>
<trkpt lat="46.0316943" lon="14.4511249">
	<ele>296.73</ele>
	<time>2026-10-01T12:41:40.014Z</time>
	<hdop>3.79</hdop>
	<extensions>
		<gpxtpx:TrackPointExtension>
			<gpxtpx:course>83.0</gpxtpx:course>
		</gpxtpx:TrackPointExtension>
	</extensions>
</trkpt>
<trkpt lat="46.0318670" lon="14.4515199">
	<ele>296.31</ele>
	<time>2026-10-01T12:41:46.013Z</time>
	<hdop>3.79</hdop>
	<extensions>
		<gpxtpx:TrackPointExtension>
			<gpxtpx:course>59.0</gpxtpx:course>
		</gpxtpx:TrackPointExtension>
	</extensions>
</trkpt>
<trkpt lat="46.0320197" lon="14.4518808">
	<ele>296.30</ele>
	<time>2026-10-01T12:41:52.012Z</time>
	<hdop>3.79</hdop>
	<extensions>
		<gpxtpx:TrackPointExtension>
			<gpxtpx:course>62.0</gpxtpx:course>
		</gpxtpx:TrackPointExtension>
	</extensions>
</trkpt>
<trkpt lat="46.0321529" lon="14.4522038">
	<ele>296.54</ele>
	<time>2026-10-01T12:41:57.014Z</time>
	<hdop>3.79</hdop>
	<extensions>
		<gpxtpx:TrackPointExtension>
			<gpxtpx:course>55.0</gpxtpx:course>
		</gpxtpx:TrackPointExtension>
	</extensions>
</trkpt>
<trkpt lat="46.0322941" lon="14.4525338">
	<ele>296.71</ele>
	<time>2026-10-01T12:42:03.012Z</time>
	<hdop>3.79</hdop>
	<extensions>
		<gpxtpx:TrackPointExtension>
			<gpxtpx:course>64.0</gpxtpx:course>
		</gpxtpx:TrackPointExtension>
	</extensions>
</trkpt>
<trkpt lat="46.0324037" lon="14.4527698">
	<ele>296.61</ele>
	<time>2026-10-01T12:42:08.013Z</time>
	<hdop>3.79</hdop>
	<extensions>
		<gpxtpx:TrackPointExtension>
			<gpxtpx:course>60.0</gpxtpx:course>
		</gpxtpx:TrackPointExtension>
	</extensions>
</trkpt>
<trkpt lat="46.0325197" lon="14.4530316">
	<ele>296.37</ele>
	<time>2026-10-01T12:42:13.013Z</time>
	<hdop>3.79</hdop>
	<extensions>
		<gpxtpx:TrackPointExtension>
			<gpxtpx:course>59.0</gpxtpx:course>
		</gpxtpx:TrackPointExtension>
	</extensions>
</trkpt>
<trkpt lat="46.0326173" lon="14.4532945">
	<ele>296.22</ele>
	<time>2026-10-01T12:42:18.013Z</time>
	<hdop>3.79</hdop>
	<extensions>
		<gpxtpx:TrackPointExtension>
			<gpxtpx:course>66.0</gpxtpx:course>
		</gpxtpx:TrackPointExtension>
	</extensions>
</trkpt>
<trkpt lat="46.0327461" lon="14.4536095">
	<ele>296.44</ele>
	<time>2026-10-01T12:42:24.014Z</time>
	<hdop>3.79</hdop>
	<extensions>
		<gpxtpx:TrackPointExtension>
			<gpxtpx:course>64.0</gpxtpx:course>
		</gpxtpx:TrackPointExtension>
	</extensions>
</trkpt>
<trkpt lat="46.0328699" lon="14.4539120">
	<ele>296.88</ele>
	<time>2026-10-01T12:42:30.013Z</time>
	<hdop>3.79</hdop>
	<extensions>
		<gpxtpx:TrackPointExtension>
			<gpxtpx:course>54.0</gpxtpx:course>
		</gpxtpx:TrackPointExtension>
	</extensions>
</trkpt>
<trkpt lat="46.0329780" lon="14.4541536">
	<ele>297.18</ele>
	<time>2026-10-01T12:42:35.013Z</time>
	<hdop>3.79</hdop>
	<extensions>
		<gpxtpx:TrackPointExtension>
			<gpxtpx:course>55.0</gpxtpx:course>
		</gpxtpx:TrackPointExtension>
	</extensions>
</trkpt>
<trkpt lat="46.0330895" lon="14.4544061">
	<ele>297.13</ele>
	<time>2026-10-01T12:42:40.013Z</time>
	<hdop>3.79</hdop>
	<extensions>
		<gpxtpx:TrackPointExtension>
			<gpxtpx:course>57.0</gpxtpx:course>
		</gpxtpx:TrackPointExtension>
	</extensions>
</trkpt>
<trkpt lat="46.0332010" lon="14.4546438">
	<ele>296.73</ele>
	<time>2026-10-01T12:42:45.014Z</time>
	<hdop>3.79</hdop>
	<extensions>
		<gpxtpx:TrackPointExtension>
			<gpxtpx:course>61.0</gpxtpx:course>
		</gpxtpx:TrackPointExtension>
	</extensions>
</trkpt>
<trkpt lat="46.0333170" lon="14.4549137">
	<ele>296.15</ele>
	<time>2026-10-01T12:42:51.013Z</time>
	<hdop>3.79</hdop>
	<extensions>
		<gpxtpx:TrackPointExtension>
			<gpxtpx:course>55.0</gpxtpx:course>
		</gpxtpx:TrackPointExtension>
	</extensions>
</trkpt>
<trkpt lat="46.0334092" lon="14.4551262">
	<ele>295.95</ele>
	<time>2026-10-01T12:42:56.013Z</time>
	<hdop>3.79</hdop>
	<extensions>
		<gpxtpx:TrackPointExtension>
			<gpxtpx:course>54.0</gpxtpx:course>
		</gpxtpx:TrackPointExtension>
	</extensions>
</trkpt>
<trkpt lat="46.0335089" lon="14.4553690">
	<ele>296.03</ele>
	<time>2026-10-01T12:43:02.013Z</time>
	<hdop>3.79</hdop>
	<extensions>
		<gpxtpx:TrackPointExtension>
			<gpxtpx:course>47.0</gpxtpx:course>
		</gpxtpx:TrackPointExtension>
	</extensions>
</trkpt>
<trkpt lat="46.0335974" lon="14.4555742">
	<ele>296.22</ele>
	<time>2026-10-01T12:43:07.013Z</time>
	<hdop>3.79</hdop>
	<extensions>
		<gpxtpx:TrackPointExtension>
			<gpxtpx:course>53.0</gpxtpx:course>
		</gpxtpx:TrackPointExtension>
	</extensions>
</trkpt>
<trkpt lat="46.0336936" lon="14.4557694">
	<ele>296.41</ele>
	<time>2026-10-01T12:43:12.013Z</time>
	<hdop>3.79</hdop>
	<extensions>
		<gpxtpx:TrackPointExtension>
			<gpxtpx:course>56.0</gpxtpx:course>
		</gpxtpx:TrackPointExtension>
	</extensions>
</trkpt>
<trkpt lat="46.0337545" lon="14.4559336">
	<ele>296.49</ele>
	<time>2026-10-01T12:43:17.013Z</time>
	<hdop>3.79</hdop>
	<extensions>
		<gpxtpx:TrackPointExtension>
			<gpxtpx:course>68.0</gpxtpx:course>
		</gpxtpx:TrackPointExtension>
	</extensions>
</trkpt>
<trkpt lat="46.0337923" lon="14.4560615">
	<ele>296.54</ele>
	<time>2026-10-01T12:44:06.013Z</time>
	<hdop>3.79</hdop>
	<extensions>
		<gpxtpx:TrackPointExtension>
			<gpxtpx:course>70.0</gpxtpx:course>
		</gpxtpx:TrackPointExtension>
	</extensions>
</trkpt>
<trkpt lat="46.0338523" lon="14.4562723">
	<ele>296.60</ele>
	<time>2026-10-01T12:44:12.012Z</time>
	<hdop>3.79</hdop>
	<extensions>
		<gpxtpx:TrackPointExtension>
			<gpxtpx:course>69.0</gpxtpx:course>
		</gpxtpx:TrackPointExtension>
	</extensions>
</trkpt>
<trkpt lat="46.0339117" lon="14.4564405">
	<ele>296.66</ele>
	<time>2026-10-01T12:44:17.013Z</time>
	<hdop>3.79</hdop>
	<extensions>
		<gpxtpx:TrackPointExtension>
			<gpxtpx:course>68.0</gpxtpx:course>
		</gpxtpx:TrackPointExtension>
	</extensions>
</trkpt>
<trkpt lat="46.0339876" lon="14.4566001">
	<ele>296.73</ele>
	<time>2026-10-01T12:44:22.013Z</time>
	<hdop>3.79</hdop>
	<extensions>
		<gpxtpx:TrackPointExtension>
			<gpxtpx:course>60.0</gpxtpx:course>
		</gpxtpx:TrackPointExtension>
	</extensions>
</trkpt>
<trkpt lat="46.0340593" lon="14.4567337">
	<ele>296.77</ele>
	<time>2026-10-01T12:44:27.013Z</time>
	<hdop>3.79</hdop>
	<extensions>
		<gpxtpx:TrackPointExtension>
			<gpxtpx:course>63.0</gpxtpx:course>
		</gpxtpx:TrackPointExtension>
	</extensions>
</trkpt>
<trkpt lat="46.0341260" lon="14.4568276">
	<ele>296.79</ele>
	<time>2026-10-01T12:48:50.013Z</time>
	<hdop>3.79</hdop>
	<extensions>
		<gpxtpx:TrackPointExtension>
			<gpxtpx:course>359.0</gpxtpx:course>
		</gpxtpx:TrackPointExtension>
	</extensions>
</trkpt>
<trkpt lat="46.0341907" lon="14.4569681">
	<ele>296.72</ele>
	<time>2026-10-01T12:50:08.012Z</time>
	<hdop>3.79</hdop>
	<extensions>
		<gpxtpx:TrackPointExtension>
			<gpxtpx:course>63.0</gpxtpx:course>
		</gpxtpx:TrackPointExtension>
	</extensions>
</trkpt>
<trkpt lat="46.0342867" lon="14.4571780">
	<ele>296.55</ele>
	<time>2026-10-01T12:50:13.013Z</time>
	<hdop>3.79</hdop>
	<extensions>
		<gpxtpx:TrackPointExtension>
			<gpxtpx:course>52.0</gpxtpx:course>
		</gpxtpx:TrackPointExtension>
	</extensions>
</trkpt>
<trkpt lat="46.0344026" lon="14.4573801">
	<ele>296.40</ele>
	<time>2026-10-01T12:50:18.013Z</time>
	<hdop>3.79</hdop>
	<extensions>
		<gpxtpx:TrackPointExtension>
			<gpxtpx:course>59.0</gpxtpx:course>
		</gpxtpx:TrackPointExtension>
	</extensions>
</trkpt>
<trkpt lat="46.0344776" lon="14.4576396">
	<ele>296.26</ele>
	<time>2026-10-01T12:50:24.014Z</time>
	<hdop>3.79</hdop>
	<extensions>
		<gpxtpx:TrackPointExtension>
			<gpxtpx:course>66.0</gpxtpx:course>
		</gpxtpx:TrackPointExtension>
	</extensions>
</trkpt>
<trkpt lat="46.0345025" lon="14.4579033">
	<ele>296.30</ele>
	<time>2026-10-01T12:50:30.013Z</time>
	<hdop>3.79</hdop>
	<extensions>
		<gpxtpx:TrackPointExtension>
			<gpxtpx:course>99.0</gpxtpx:course>
		</gpxtpx:TrackPointExtension>
	</extensions>
</trkpt>
<trkpt lat="46.0345508" lon="14.4582435">
	<ele>296.46</ele>
	<time>2026-10-01T12:50:35.013Z</time>
	<hdop>3.79</hdop>
	<extensions>
		<gpxtpx:TrackPointExtension>
			<gpxtpx:course>81.0</gpxtpx:course>
		</gpxtpx:TrackPointExtension>
	</extensions>
</trkpt>
<trkpt lat="46.0345517" lon="14.4585439">
	<ele>296.39</ele>
	<time>2026-10-01T12:50:40.014Z</time>
	<hdop>3.79</hdop>
	<extensions>
		<gpxtpx:TrackPointExtension>
			<gpxtpx:course>78.0</gpxtpx:course>
		</gpxtpx:TrackPointExtension>
	</extensions>
</trkpt>
<trkpt lat="46.0345820" lon="14.4588079">
	<ele>296.29</ele>
	<time>2026-10-01T12:50:45.014Z</time>
	<hdop>3.79</hdop>
	<extensions>
		<gpxtpx:TrackPointExtension>
			<gpxtpx:course>80.0</gpxtpx:course>
		</gpxtpx:TrackPointExtension>
	</extensions>
</trkpt>
<trkpt lat="46.0343782" lon="14.4589532">
	<ele>296.08</ele>
	<time>2026-10-01T12:50:51.012Z</time>
	<hdop>3.79</hdop>
	<extensions>
		<gpxtpx:TrackPointExtension>
			<gpxtpx:course>184.0</gpxtpx:course>
		</gpxtpx:TrackPointExtension>
	</extensions>
</trkpt>
<trkpt lat="46.0341162" lon="14.4589705">
	<ele>295.99</ele>
	<time>2026-10-01T12:50:56.013Z</time>
	<hdop>3.79</hdop>
	<extensions>
		<gpxtpx:TrackPointExtension>
			<gpxtpx:course>179.0</gpxtpx:course>
		</gpxtpx:TrackPointExtension>
	</extensions>
</trkpt>
<trkpt lat="46.0338307" lon="14.4589880">
	<ele>295.97</ele>
	<time>2026-10-01T12:51:02.013Z</time>
	<hdop>3.79</hdop>
	<extensions>
		<gpxtpx:TrackPointExtension>
			<gpxtpx:course>177.0</gpxtpx:course>
		</gpxtpx:TrackPointExtension>
	</extensions>
</trkpt>
<trkpt lat="46.0335985" lon="14.4590074">
	<ele>295.99</ele>
	<time>2026-10-01T12:51:07.013Z</time>
	<hdop>3.79</hdop>
	<extensions>
		<gpxtpx:TrackPointExtension>
			<gpxtpx:course>177.0</gpxtpx:course>
		</gpxtpx:TrackPointExtension>
	</extensions>
</trkpt>
<trkpt lat="46.0333731" lon="14.4590319">
	<ele>296.00</ele>
	<time>2026-10-01T12:51:12.013Z</time>
	<hdop>3.79</hdop>
	<extensions>
		<gpxtpx:TrackPointExtension>
			<gpxtpx:course>179.0</gpxtpx:course>
		</gpxtpx:TrackPointExtension>
	</extensions>
</trkpt>
<trkpt lat="46.0331404" lon="14.4590685">
	<ele>296.02</ele>
	<time>2026-10-01T12:51:17.013Z</time>
	<hdop>3.79</hdop>
	<extensions>
		<gpxtpx:TrackPointExtension>
			<gpxtpx:course>175.0</gpxtpx:course>
		</gpxtpx:TrackPointExtension>
	</extensions>
</trkpt>
<trkpt lat="46.0329312" lon="14.4591248">
	<ele>296.06</ele>
	<time>2026-10-01T12:51:22.013Z</time>
	<hdop>3.79</hdop>
	<extensions>
		<gpxtpx:TrackPointExtension>
			<gpxtpx:course>152.0</gpxtpx:course>
		</gpxtpx:TrackPointExtension>
	</extensions>
</trkpt>
<trkpt lat="46.0329022" lon="14.4595322">
	<ele>296.09</ele>
	<time>2026-10-01T12:51:28.013Z</time>
	<hdop>3.79</hdop>
	<extensions>
		<gpxtpx:TrackPointExtension>
			<gpxtpx:course>85.0</gpxtpx:course>
		</gpxtpx:TrackPointExtension>
	</extensions>
</trkpt>
<trkpt lat="46.0329255" lon="14.4599540">
	<ele>296.08</ele>
	<time>2026-10-01T12:51:33.014Z</time>
	<hdop>3.79</hdop>
	<extensions>
		<gpxtpx:TrackPointExtension>
			<gpxtpx:course>84.0</gpxtpx:course>
		</gpxtpx:TrackPointExtension>
	</extensions>
</trkpt>
<trkpt lat="46.0329463" lon="14.4604358">
	<ele>295.84</ele>
	<time>2026-10-01T12:51:39.013Z</time>
	<hdop>3.79</hdop>
	<extensions>
		<gpxtpx:TrackPointExtension>
			<gpxtpx:course>95.0</gpxtpx:course>
		</gpxtpx:TrackPointExtension>
	</extensions>
</trkpt>
<trkpt lat="46.0329691" lon="14.4609290">
	<ele>295.53</ele>
	<time>2026-10-01T12:51:45.014Z</time>
	<hdop>3.79</hdop>
	<extensions>
		<gpxtpx:TrackPointExtension>
			<gpxtpx:course>85.0</gpxtpx:course>
		</gpxtpx:TrackPointExtension>
	</extensions>
</trkpt>
<trkpt lat="46.0329927" lon="14.4613994">
	<ele>295.17</ele>
	<time>2026-10-01T12:51:51.014Z</time>
	<hdop>3.79</hdop>
	<extensions>
		<gpxtpx:TrackPointExtension>
			<gpxtpx:course>86.0</gpxtpx:course>
		</gpxtpx:TrackPointExtension>
	</extensions>
</trkpt>
<trkpt lat="46.0330187" lon="14.4618629">
	<ele>294.98</ele>
	<time>2026-10-01T12:51:57.014Z</time>
	<hdop>3.79</hdop>
	<extensions>
		<gpxtpx:TrackPointExtension>
			<gpxtpx:course>86.0</gpxtpx:course>
		</gpxtpx:TrackPointExtension>
	</extensions>
</trkpt>
<trkpt lat="46.0329662" lon="14.4622076">
	<ele>295.07</ele>
	<time>2026-10-01T12:52:03.014Z</time>
	<hdop>3.79</hdop>
	<extensions>
		<gpxtpx:TrackPointExtension>
			<gpxtpx:course>143.0</gpxtpx:course>
		</gpxtpx:TrackPointExtension>
	</extensions>
</trkpt>
<trkpt lat="46.0326417" lon="14.4622421">
	<ele>295.02</ele>
	<time>2026-10-01T12:52:09.013Z</time>
	<hdop>3.79</hdop>
	<extensions>
		<gpxtpx:TrackPointExtension>
			<gpxtpx:course>177.0</gpxtpx:course>
		</gpxtpx:TrackPointExtension>
	</extensions>
</trkpt>
<trkpt lat="46.0323794" lon="14.4622673">
	<ele>295.00</ele>
	<time>2026-10-01T12:52:14.014Z</time>
	<hdop>3.79</hdop>
	<extensions>
		<gpxtpx:TrackPointExtension>
			<gpxtpx:course>176.0</gpxtpx:course>
		</gpxtpx:TrackPointExtension>
	</extensions>
</trkpt>
<trkpt lat="46.0320657" lon="14.4623381">
	<ele>295.00</ele>
	<time>2026-10-01T12:52:20.014Z</time>
	<hdop>3.79</hdop>
	<extensions>
		<gpxtpx:TrackPointExtension>
			<gpxtpx:course>154.0</gpxtpx:course>
		</gpxtpx:TrackPointExtension>
	</extensions>
</trkpt>
<trkpt lat="46.0320388" lon="14.4627720">
	<ele>295.00</ele>
	<time>2026-10-01T12:52:25.014Z</time>
	<hdop>3.79</hdop>
	<extensions>
		<gpxtpx:TrackPointExtension>
			<gpxtpx:course>75.0</gpxtpx:course>
		</gpxtpx:TrackPointExtension>
	</extensions>
</trkpt>
<trkpt lat="46.0321467" lon="14.4632977">
	<ele>295.00</ele>
	<time>2026-10-01T12:52:30.014Z</time>
	<hdop>3.79</hdop>
	<extensions>
		<gpxtpx:TrackPointExtension>
			<gpxtpx:course>76.0</gpxtpx:course>
		</gpxtpx:TrackPointExtension>
	</extensions>
</trkpt>
<trkpt lat="46.0322592" lon="14.4639069">
	<ele>295.05</ele>
	<time>2026-10-01T12:52:36.013Z</time>
	<hdop>3.79</hdop>
	<extensions>
		<gpxtpx:TrackPointExtension>
			<gpxtpx:course>78.0</gpxtpx:course>
		</gpxtpx:TrackPointExtension>
	</extensions>
</trkpt>
<trkpt lat="46.0323176" lon="14.4644201">
	<ele>294.81</ele>
	<time>2026-10-01T12:52:41.013Z</time>
	<hdop>3.79</hdop>
	<extensions>
		<gpxtpx:TrackPointExtension>
			<gpxtpx:course>85.0</gpxtpx:course>
		</gpxtpx:TrackPointExtension>
	</extensions>
</trkpt>
<trkpt lat="46.0323421" lon="14.4649959">
	<ele>294.22</ele>
	<time>2026-10-01T12:52:47.013Z</time>
	<hdop>3.79</hdop>
	<extensions>
		<gpxtpx:TrackPointExtension>
			<gpxtpx:course>86.0</gpxtpx:course>
		</gpxtpx:TrackPointExtension>
	</extensions>
</trkpt>
<trkpt lat="46.0323704" lon="14.4654006">
	<ele>294.56</ele>
	<time>2026-10-01T12:52:52.013Z</time>
	<hdop>3.79</hdop>
	<extensions>
		<gpxtpx:TrackPointExtension>
			<gpxtpx:course>79.0</gpxtpx:course>
		</gpxtpx:TrackPointExtension>
	</extensions>
</trkpt>
<trkpt lat="46.0324809" lon="14.4657669">
	<ele>294.98</ele>
	<time>2026-10-01T12:52:57.013Z</time>
	<hdop>3.79</hdop>
	<extensions>
		<gpxtpx:TrackPointExtension>
			<gpxtpx:course>57.0</gpxtpx:course>
		</gpxtpx:TrackPointExtension>
	</extensions>
</trkpt>
<trkpt lat="46.0326239" lon="14.4660518">
	<ele>294.79</ele>
	<time>2026-10-01T12:53:02.014Z</time>
	<hdop>3.79</hdop>
	<extensions>
		<gpxtpx:TrackPointExtension>
			<gpxtpx:course>53.0</gpxtpx:course>
		</gpxtpx:TrackPointExtension>
	</extensions>
</trkpt>
<trkpt lat="46.0327356" lon="14.4663150">
	<ele>294.43</ele>
	<time>2026-10-01T12:53:07.014Z</time>
	<hdop>3.79</hdop>
	<extensions>
		<gpxtpx:TrackPointExtension>
			<gpxtpx:course>61.0</gpxtpx:course>
		</gpxtpx:TrackPointExtension>
	</extensions>
</trkpt>
<trkpt lat="46.0328141" lon="14.4664961">
	<ele>294.26</ele>
	<time>2026-10-01T12:53:12.014Z</time>
	<hdop>3.79</hdop>
	<extensions>
		<gpxtpx:TrackPointExtension>
			<gpxtpx:course>39.0</gpxtpx:course>
		</gpxtpx:TrackPointExtension>
	</extensions>
</trkpt>
<trkpt lat="46.0329831" lon="14.4665809">
	<ele>294.37</ele>
	<time>2026-10-01T12:53:17.014Z</time>
	<hdop>3.79</hdop>
	<extensions>
		<gpxtpx:TrackPointExtension>
			<gpxtpx:course>45.0</gpxtpx:course>
		</gpxtpx:TrackPointExtension>
	</extensions>
</trkpt>
<trkpt lat="46.0332145" lon="14.4667832">
	<ele>294.59</ele>
	<time>2026-10-01T12:53:23.014Z</time>
	<hdop>3.79</hdop>
	<extensions>
		<gpxtpx:TrackPointExtension>
			<gpxtpx:course>353.0</gpxtpx:course>
		</gpxtpx:TrackPointExtension>
	</extensions>
</trkpt>
<trkpt lat="46.0335003" lon="14.4667604">
	<ele>295.35</ele>
	<time>2026-10-01T12:53:29.014Z</time>
	<hdop>3.79</hdop>
	<extensions>
		<gpxtpx:TrackPointExtension>
			<gpxtpx:course>8.0</gpxtpx:course>
		</gpxtpx:TrackPointExtension>
	</extensions>
</trkpt>
<trkpt lat="46.0337389" lon="14.4670292">
	<ele>295.20</ele>
	<time>2026-10-01T12:53:35.013Z</time>
	<hdop>3.79</hdop>
	<extensions>
		<gpxtpx:TrackPointExtension>
			<gpxtpx:course>57.0</gpxtpx:course>
		</gpxtpx:TrackPointExtension>
	</extensions>
</trkpt>
<trkpt lat="46.0338880" lon="14.4673595">
	<ele>293.50</ele>
	<time>2026-10-01T12:53:40.014Z</time>
	<hdop>3.79</hdop>
	<extensions>
		<gpxtpx:TrackPointExtension>
			<gpxtpx:course>57.0</gpxtpx:course>
		</gpxtpx:TrackPointExtension>
	</extensions>
</trkpt>
<trkpt lat="46.0340119" lon="14.4677082">
	<ele>292.77</ele>
	<time>2026-10-01T12:53:45.014Z</time>
	<hdop>3.79</hdop>
	<extensions>
		<gpxtpx:TrackPointExtension>
			<gpxtpx:course>61.0</gpxtpx:course>
		</gpxtpx:TrackPointExtension>
	</extensions>
</trkpt>
<trkpt lat="46.0341207" lon="14.4680107">
	<ele>293.33</ele>
	<time>2026-10-01T12:53:50.014Z</time>
	<hdop>3.79</hdop>
	<extensions>
		<gpxtpx:TrackPointExtension>
			<gpxtpx:course>32.0</gpxtpx:course>
		</gpxtpx:TrackPointExtension>
	</extensions>
</trkpt>
<trkpt lat="46.0343298" lon="14.4678827">
	<ele>293.24</ele>
	<time>2026-10-01T12:53:56.014Z</time>
	<hdop>3.79</hdop>
	<extensions>
		<gpxtpx:TrackPointExtension>
			<gpxtpx:course>334.0</gpxtpx:course>
		</gpxtpx:TrackPointExtension>
	</extensions>
</trkpt>
<trkpt lat="46.0345056" lon="14.4677087">
	<ele>293.20</ele>
	<time>2026-10-01T12:54:02.014Z</time>
	<hdop>3.79</hdop>
	<extensions>
		<gpxtpx:TrackPointExtension>
			<gpxtpx:course>307.0</gpxtpx:course>
		</gpxtpx:TrackPointExtension>
	</extensions>
</trkpt>
<trkpt lat="46.0345942" lon="14.4678660">
	<ele>293.42</ele>
	<time>2026-10-01T12:54:08.014Z</time>
	<hdop>3.98</hdop>
	<extensions>
		<gpxtpx:TrackPointExtension>
			<gpxtpx:course>95.0</gpxtpx:course>
		</gpxtpx:TrackPointExtension>
	</extensions>
</trkpt>
<trkpt lat="46.0346467" lon="14.4683388">
	<ele>294.03</ele>
	<time>2026-10-01T12:54:14.014Z</time>
	<hdop>3.79</hdop>
	<extensions>
		<gpxtpx:TrackPointExtension>
			<gpxtpx:course>67.0</gpxtpx:course>
		</gpxtpx:TrackPointExtension>
	</extensions>
</trkpt>
<trkpt lat="46.0347593" lon="14.4688261">
	<ele>294.49</ele>
	<time>2026-10-01T12:54:20.013Z</time>
	<hdop>3.79</hdop>
	<extensions>
		<gpxtpx:TrackPointExtension>
			<gpxtpx:course>71.0</gpxtpx:course>
		</gpxtpx:TrackPointExtension>
	</extensions>
</trkpt>
<trkpt lat="46.0348451" lon="14.4692434">
	<ele>294.81</ele>
	<time>2026-10-01T12:54:25.013Z</time>
	<hdop>3.79</hdop>
	<extensions>
		<gpxtpx:TrackPointExtension>
			<gpxtpx:course>74.0</gpxtpx:course>
		</gpxtpx:TrackPointExtension>
	</extensions>
</trkpt>
<trkpt lat="46.0349157" lon="14.4697029">
	<ele>294.55</ele>
	<time>2026-10-01T12:54:30.013Z</time>
	<hdop>3.79</hdop>
	<extensions>
		<gpxtpx:TrackPointExtension>
			<gpxtpx:course>88.0</gpxtpx:course>
		</gpxtpx:TrackPointExtension>
	</extensions>
</trkpt>
<trkpt lat="46.0349929" lon="14.4701569">
	<ele>293.60</ele>
	<time>2026-10-01T12:54:35.014Z</time>
	<hdop>3.79</hdop>
	<extensions>
		<gpxtpx:TrackPointExtension>
			<gpxtpx:course>73.0</gpxtpx:course>
		</gpxtpx:TrackPointExtension>
	</extensions>
</trkpt>
<trkpt lat="46.0351132" lon="14.4706025">
	<ele>291.93</ele>
	<time>2026-10-01T12:54:40.014Z</time>
	<hdop>3.79</hdop>
	<extensions>
		<gpxtpx:TrackPointExtension>
			<gpxtpx:course>69.0</gpxtpx:course>
		</gpxtpx:TrackPointExtension>
	</extensions>
</trkpt>
<trkpt lat="46.0352179" lon="14.4711185">
	<ele>291.23</ele>
	<time>2026-10-01T12:54:46.013Z</time>
	<hdop>3.79</hdop>
	<extensions>
		<gpxtpx:TrackPointExtension>
			<gpxtpx:course>80.0</gpxtpx:course>
		</gpxtpx:TrackPointExtension>
	</extensions>
</trkpt>
<trkpt lat="46.0352242" lon="14.4715869">
	<ele>291.36</ele>
	<time>2026-10-01T12:54:51.013Z</time>
	<hdop>3.79</hdop>
	<extensions>
		<gpxtpx:TrackPointExtension>
			<gpxtpx:course>89.0</gpxtpx:course>
		</gpxtpx:TrackPointExtension>
	</extensions>
</trkpt>
<trkpt lat="46.0351781" lon="14.4720433">
	<ele>292.01</ele>
	<time>2026-10-01T12:54:56.013Z</time>
	<hdop>3.79</hdop>
	<extensions>
		<gpxtpx:TrackPointExtension>
			<gpxtpx:course>106.0</gpxtpx:course>
		</gpxtpx:TrackPointExtension>
	</extensions>
</trkpt>
<trkpt lat="46.0350526" lon="14.4724882">
	<ele>292.96</ele>
	<time>2026-10-01T12:55:01.014Z</time>
	<hdop>3.79</hdop>
	<extensions>
		<gpxtpx:TrackPointExtension>
			<gpxtpx:course>118.0</gpxtpx:course>
		</gpxtpx:TrackPointExtension>
	</extensions>
</trkpt>
<trkpt lat="46.0348590" lon="14.4729779">
	<ele>293.58</ele>
	<time>2026-10-01T12:55:07.014Z</time>
	<hdop>3.79</hdop>
	<extensions>
		<gpxtpx:TrackPointExtension>
			<gpxtpx:course>122.0</gpxtpx:course>
		</gpxtpx:TrackPointExtension>
	</extensions>
</trkpt>
<trkpt lat="46.0346620" lon="14.4734633">
	<ele>293.54</ele>
	<time>2026-10-01T12:55:13.013Z</time>
	<hdop>3.79</hdop>
	<extensions>
		<gpxtpx:TrackPointExtension>
			<gpxtpx:course>118.0</gpxtpx:course>
		</gpxtpx:TrackPointExtension>
	</extensions>
</trkpt>
<trkpt lat="46.0345530" lon="14.4738728">
	<ele>292.25</ele>
	<time>2026-10-01T12:55:18.014Z</time>
	<hdop>3.79</hdop>
	<extensions>
		<gpxtpx:TrackPointExtension>
			<gpxtpx:course>113.0</gpxtpx:course>
		</gpxtpx:TrackPointExtension>
	</extensions>
</trkpt>
<trkpt lat="46.0344213" lon="14.4743730">
	<ele>290.96</ele>
	<time>2026-10-01T12:55:24.013Z</time>
	<hdop>3.79</hdop>
	<extensions>
		<gpxtpx:TrackPointExtension>
			<gpxtpx:course>109.0</gpxtpx:course>
		</gpxtpx:TrackPointExtension>
	</extensions>
</trkpt>
<trkpt lat="46.0343557" lon="14.4748193">
	<ele>291.75</ele>
	<time>2026-10-01T12:55:29.013Z</time>
	<hdop>3.79</hdop>
	<extensions>
		<gpxtpx:TrackPointExtension>
			<gpxtpx:course>94.0</gpxtpx:course>
		</gpxtpx:TrackPointExtension>
	</extensions>
</trkpt>
<trkpt lat="46.0343033" lon="14.4752571">
	<ele>292.76</ele>
	<time>2026-10-01T12:55:34.014Z</time>
	<hdop>3.79</hdop>
	<extensions>
		<gpxtpx:TrackPointExtension>
			<gpxtpx:course>113.0</gpxtpx:course>
		</gpxtpx:TrackPointExtension>
	</extensions>
</trkpt>
<trkpt lat="46.0342178" lon="14.4755866">
	<ele>293.53</ele>
	<time>2026-10-01T12:55:39.014Z</time>
	<hdop>3.79</hdop>
	<extensions>
		<gpxtpx:TrackPointExtension>
			<gpxtpx:course>101.0</gpxtpx:course>
		</gpxtpx:TrackPointExtension>
	</extensions>
</trkpt>
<trkpt lat="46.0342320" lon="14.4758981">
	<ele>294.09</ele>
	<time>2026-10-01T12:55:45.014Z</time>
	<hdop>3.79</hdop>
	<extensions>
		<gpxtpx:TrackPointExtension>
			<gpxtpx:course>72.0</gpxtpx:course>
		</gpxtpx:TrackPointExtension>
	</extensions>
</trkpt>
<trkpt lat="46.0343995" lon="14.4758867">
	<ele>294.12</ele>
	<time>2026-10-01T12:55:51.014Z</time>
	<hdop>3.79</hdop>
	<extensions>
		<gpxtpx:TrackPointExtension>
			<gpxtpx:course>351.0</gpxtpx:course>
		</gpxtpx:TrackPointExtension>
	</extensions>
</trkpt>
<trkpt lat="46.0346181" lon="14.4758397">
	<ele>294.07</ele>
	<time>2026-10-01T12:55:56.014Z</time>
	<hdop>3.79</hdop>
	<extensions>
		<gpxtpx:TrackPointExtension>
			<gpxtpx:course>354.0</gpxtpx:course>
		</gpxtpx:TrackPointExtension>
	</extensions>
</trkpt>
<trkpt lat="46.0348249" lon="14.4757884">
	<ele>294.01</ele>
	<time>2026-10-01T12:56:01.014Z</time>
	<hdop>3.79</hdop>
	<extensions>
		<gpxtpx:TrackPointExtension>
			<gpxtpx:course>349.0</gpxtpx:course>
		</gpxtpx:TrackPointExtension>
	</extensions>
</trkpt>
<trkpt lat="46.0350488" lon="14.4757385">
	<ele>294.00</ele>
	<time>2026-10-01T12:56:07.014Z</time>
	<hdop>3.79</hdop>
	<extensions>
		<gpxtpx:TrackPointExtension>
			<gpxtpx:course>351.0</gpxtpx:course>
		</gpxtpx:TrackPointExtension>
	</extensions>
</trkpt>
<trkpt lat="46.0352484" lon="14.4756383">
	<ele>294.02</ele>
	<time>2026-10-01T12:56:13.013Z</time>
	<hdop>3.79</hdop>
	<extensions>
		<gpxtpx:TrackPointExtension>
			<gpxtpx:course>333.0</gpxtpx:course>
		</gpxtpx:TrackPointExtension>
	</extensions>
</trkpt>
<trkpt lat="46.0354432" lon="14.4755699">
	<ele>294.03</ele>
	<time>2026-10-01T12:56:18.014Z</time>
	<hdop>3.79</hdop>
	<extensions>
		<gpxtpx:TrackPointExtension>
			<gpxtpx:course>353.0</gpxtpx:course>
		</gpxtpx:TrackPointExtension>
	</extensions>
</trkpt>
<trkpt lat="46.0356615" lon="14.4755182">
	<ele>294.01</ele>
	<time>2026-10-01T12:56:24.013Z</time>
	<hdop>3.79</hdop>
	<extensions>
		<gpxtpx:TrackPointExtension>
			<gpxtpx:course>349.0</gpxtpx:course>
		</gpxtpx:TrackPointExtension>
	</extensions>
</trkpt>
<trkpt lat="46.0358466" lon="14.4754601">
	<ele>294.00</ele>
	<time>2026-10-01T12:56:30.013Z</time>
	<hdop>3.79</hdop>
	<extensions>
		<gpxtpx:TrackPointExtension>
			<gpxtpx:course>340.0</gpxtpx:course>
		</gpxtpx:TrackPointExtension>
	</extensions>
</trkpt>
<trkpt lat="46.0358917" lon="14.4756020">
	<ele>294.00</ele>
	<time>2026-10-01T12:56:36.014Z</time>
	<hdop>3.79</hdop>
	<extensions>
		<gpxtpx:TrackPointExtension>
			<gpxtpx:course>73.0</gpxtpx:course>
		</gpxtpx:TrackPointExtension>
	</extensions>
</trkpt>
<trkpt lat="46.0359054" lon="14.4757996">
	<ele>294.00</ele>
	<time>2026-10-01T12:56:41.014Z</time>
	<hdop>4.05</hdop>
	<extensions>
		<gpxtpx:TrackPointExtension>
			<gpxtpx:course>89.0</gpxtpx:course>
		</gpxtpx:TrackPointExtension>
	</extensions>
</trkpt>
<trkpt lat="46.0358999" lon="14.4760090">
	<ele>294.00</ele>
	<time>2026-10-01T12:56:47.015Z</time>
	<hdop>3.79</hdop>
	<extensions>
		<gpxtpx:TrackPointExtension>
			<gpxtpx:course>96.0</gpxtpx:course>
		</gpxtpx:TrackPointExtension>
	</extensions>
</trkpt>
<trkpt lat="46.0357870" lon="14.4759843">
	<ele>294.00</ele>
	<time>2026-10-01T12:58:18.013Z</time>
	<hdop>6.94</hdop>
	<extensions>
		<gpxtpx:TrackPointExtension>
			<gpxtpx:course>219.0</gpxtpx:course>
		</gpxtpx:TrackPointExtension>
	</extensions>
</trkpt>
</trkseg>
</trk>
</gpx>
