<?xml version="1.0" encoding="utf-8" standalone="yes"?>
<gpx version="1.1" creator="Locus Map, Android"
 xmlns="http://www.topografix.com/GPX/1/1"
 xmlns:xsi="http://www.w3.org/2001/XMLSchema-instance"
 xsi:schemaLocation="http://www.topografix.com/GPX/1/1 http://www.topografix.com/GPX/1/1/gpx.xsd"
 xmlns:gpxx="http://www.garmin.com/xmlschemas/GpxExtensions/v3"
 xmlns:gpxtrkx="http://www.garmin.com/xmlschemas/TrackStatsExtension/v1"
 xmlns:gpxtpx="http://www.garmin.com/xmlschemas/TrackPointExtension/v2"
 xmlns:locus="http://www.locusmap.eu">
	<metadata>
		<desc>File with points/tracks from Locus Map Classic/3.70.20</desc>
		<time>2026-10-06T19:11:55.241Z</time>
	</metadata>
<trk>
<name>2026-07-21 10:14 Topolšica Štrekna Graška Gora </name>
<desc><![CDATA[<!-- desc_gen:start -->
<font color="black"><table width="100%"><tr><td><table width="100%"><tr><td align="left" valign="center"><small><b>Dejavnost</b></small></td><td align="center" valign="center">Kolesarjenje</td></tr>
<tr><td align="left" valign="center"><small><b>Razdalja</b></small></td><td align="center" valign="center">65,8 km</td></tr>
<tr><td align="left" valign="center"><small><b>Ustvarjen</b></small></td><td align="center" valign="center">2026-07-21 10:14:24</td></tr>
<tr><td align="left" valign="center"><small><b>Največja hitrost</b></small></td><td align="center" valign="center">57,9 km/h</td></tr>
<tr><td align="left" valign="center"><small><b>Ritem</b></small></td><td align="center" valign="center">04:17 min/km</td></tr>
<tr><td align="left" valign="center"><small><b>Energija</b></small></td><td align="center" valign="center">2832 kcal</td></tr>
<tr><td align="left" valign="center"><small><b>Točke</b></small></td><td align="center" valign="center">1994</td></tr>
</table></td></tr><tr><td colspan="1"><hr></td></tr><tr><td><table width="100%"><tr><td align="left" valign="center"><small><b></b></small></td><td align="center" valign="center">Vse</td><td align="center" valign="center">Hitrost > 0</td></tr>
<tr><td align="left" valign="center"><small><b>Pov. hitrost</b></small></td><td align="center" valign="center">14,0 km/h</td><td align="center" valign="center">21,0 km/h</td></tr>
<tr><td align="left" valign="center"><small><b>Čas sledi</b></small></td><td align="center" valign="center">4:42:04</td><td align="center" valign="center">3:07:19</td></tr>
</table></td></tr><tr><td colspan="1"><hr></td></tr><tr><td><table width="100%"><tr><td align="left" valign="center"><small><b>Najm. nadm. višina</b></small></td><td align="center" valign="center">354 m</td></tr>
<tr><td align="left" valign="center"><small><b>Najv. nadm. višina</b></small></td><td align="center" valign="center">796 m</td></tr>
</table></td></tr><tr><td colspan="1"><hr></td></tr><tr><td><table width="100%"><tr><td align="left" valign="center"><small><b></b></small></td><td align="center" valign="center">Nadm. višina</td><td align="center" valign="center">Razdalja</td></tr>
<tr><td align="left" valign="center"><small><b>Navzgor</b></small></td><td align="center" valign="center">1098 m</td><td align="center" valign="center">13220 m</td></tr>
<tr><td align="left" valign="center"><small><b>Navzdol</b></small></td><td align="center" valign="center">−1099 m</td><td align="center" valign="center">14459 m</td></tr>
<tr><td align="left" valign="center"><small><b>Plosko</b></small></td><td align="center" valign="center">0 m</td><td align="center" valign="center">315598 m</td></tr>
</table></td></tr></table></font>
<!-- desc_gen:end -->]]></desc>
	<extensions>
		<line xmlns="http://www.topografix.com/GPX/gpx_style/0/2">
			<color>FF0000</color>
			<opacity>0.59</opacity>
			<width>5.0</width>
			<extensions>
				<locus:lsColorBase>#96FF0000</locus:lsColorBase>
				<locus:lsWidth>5.0</locus:lsWidth>
				<locus:lsUnits>PIXELS</locus:lsUnits>
			</extensions>
		</line>
		<locus:activity>cycling</locus:activity>
	</extensions>
<trkseg>
<trkpt lat="46.4027028" lon="15.0163178">
	<ele>375.98</ele>
	<time>2026-07-21T08:14:24.602Z</time>
	<hdop>3.87</hdop>
	<extensions>
		<gpxtpx:TrackPointExtension>
			<gpxtpx:course>358.90884</gpxtpx:course>
		</gpxtpx:TrackPointExtension>
	</extensions>
</trkpt>
<trkpt lat="46.4026041" lon="15.0163953">
	<ele>375.20</ele>
	<time>2026-07-21T08:15:32.056Z</time>
	<hdop>8.90</hdop>
	<extensions>
		<gpxtpx:TrackPointExtension>
			<gpxtpx:course>138.54839</gpxtpx:course>
		</gpxtpx:TrackPointExtension>
	</extensions>
</trkpt>
<trkpt lat="46.4024730" lon="15.0166218">
	<ele>375.32</ele>
	<time>2026-07-21T08:15:37.753Z</time>
	<hdop>7.46</hdop>
	<extensions>
		<gpxtpx:TrackPointExtension>
			<gpxtpx:course>88.48018</gpxtpx:course>
		</gpxtpx:TrackPointExtension>
	</extensions>
</trkpt>
<trkpt lat="46.4024729" lon="15.0169193">
	<ele>374.17</ele>
	<time>2026-07-21T08:15:42.991Z</time>
	<hdop>6.67</hdop>
	<extensions>
		<gpxtpx:TrackPointExtension>
			<gpxtpx:course>88.84467</gpxtpx:course>
		</gpxtpx:TrackPointExtension>
	</extensions>
</trkpt>
<trkpt lat="46.4024127" lon="15.0172141">
	<ele>372.74</ele>
	<time>2026-07-21T08:15:47.993Z</time>
	<hdop>6.37</hdop>
	<extensions>
		<gpxtpx:TrackPointExtension>
			<gpxtpx:course>106.97434</gpxtpx:course>
		</gpxtpx:TrackPointExtension>
	</extensions>
</trkpt>
<trkpt lat="46.4024472" lon="15.0176383">
	<ele>371.31</ele>
	<time>2026-07-21T08:15:53.992Z</time>
	<hdop>3.79</hdop>
	<extensions>
		<gpxtpx:TrackPointExtension>
			<gpxtpx:course>90.95413</gpxtpx:course>
		</gpxtpx:TrackPointExtension>
	</extensions>
</trkpt>
<trkpt lat="46.4025052" lon="15.0179484">
	<ele>372.13</ele>
	<time>2026-07-21T08:15:58.992Z</time>
	<hdop>3.79</hdop>
	<extensions>
		<gpxtpx:TrackPointExtension>
			<gpxtpx:course>73.000084</gpxtpx:course>
		</gpxtpx:TrackPointExtension>
	</extensions>
</trkpt>
<trkpt lat="46.4025568" lon="15.0182716">
	<ele>373.83</ele>
	<time>2026-07-21T08:16:03.992Z</time>
	<hdop>3.79</hdop>
	<extensions>
		<gpxtpx:TrackPointExtension>
			<gpxtpx:course>70.0</gpxtpx:course>
		</gpxtpx:TrackPointExtension>
	</extensions>
</trkpt>
<trkpt lat="46.4026275" lon="15.0185612">
	<ele>375.20</ele>
	<time>2026-07-21T08:16:08.992Z</time>
	<hdop>3.79</hdop>
	<extensions>
		<gpxtpx:TrackPointExtension>
			<gpxtpx:course>64.0</gpxtpx:course>
		</gpxtpx:TrackPointExtension>
	</extensions>
</trkpt>
<trkpt lat="46.4026847" lon="15.0189081">
	<ele>377.05</ele>
	<time>2026-07-21T08:16:14.992Z</time>
	<hdop>3.79</hdop>
	<extensions>
		<gpxtpx:TrackPointExtension>
			<gpxtpx:course>67.0</gpxtpx:course>
		</gpxtpx:TrackPointExtension>
	</extensions>
</trkpt>
<trkpt lat="46.4026513" lon="15.0191493">
	<ele>378.49</ele>
	<time>2026-07-21T08:16:19.992Z</time>
	<hdop>3.79</hdop>
	<extensions>
		<gpxtpx:TrackPointExtension>
			<gpxtpx:course>138.0</gpxtpx:course>
		</gpxtpx:TrackPointExtension>
	</extensions>
</trkpt>
<trkpt lat="46.4024481" lon="15.0193233">
	<ele>378.23</ele>
	<time>2026-07-21T08:16:24.992Z</time>
	<hdop>3.79</hdop>
	<extensions>
		<gpxtpx:TrackPointExtension>
			<gpxtpx:course>144.0</gpxtpx:course>
		</gpxtpx:TrackPointExtension>
	</extensions>
</trkpt>
<trkpt lat="46.4021840" lon="15.0195688">
	<ele>379.11</ele>
	<time>2026-07-21T08:16:30.993Z</time>
	<hdop>3.79</hdop>
	<extensions>
		<gpxtpx:TrackPointExtension>
			<gpxtpx:course>149.0</gpxtpx:course>
		</gpxtpx:TrackPointExtension>
	</extensions>
</trkpt>
<trkpt lat="46.4019045" lon="15.0198259">
	<ele>379.45</ele>
	<time>2026-07-21T08:16:36.992Z</time>
	<hdop>3.79</hdop>
	<extensions>
		<gpxtpx:TrackPointExtension>
			<gpxtpx:course>146.0</gpxtpx:course>
		</gpxtpx:TrackPointExtension>
	</extensions>
</trkpt>
<trkpt lat="46.4016007" lon="15.0200886">
	<ele>377.90</ele>
	<time>2026-07-21T08:16:42.991Z</time>
	<hdop>3.79</hdop>
	<extensions>
		<gpxtpx:TrackPointExtension>
			<gpxtpx:course>151.0</gpxtpx:course>
		</gpxtpx:TrackPointExtension>
	</extensions>
</trkpt>
<trkpt lat="46.4013380" lon="15.0203297">
	<ele>376.07</ele>
	<time>2026-07-21T08:16:47.991Z</time>
	<hdop>3.79</hdop>
	<extensions>
		<gpxtpx:TrackPointExtension>
			<gpxtpx:course>150.0</gpxtpx:course>
		</gpxtpx:TrackPointExtension>
	</extensions>
</trkpt>
<trkpt lat="46.4010597" lon="15.0205811">
	<ele>374.93</ele>
	<time>2026-07-21T08:16:52.991Z</time>
	<hdop>3.79</hdop>
	<extensions>
		<gpxtpx:TrackPointExtension>
			<gpxtpx:course>143.0</gpxtpx:course>
		</gpxtpx:TrackPointExtension>
	</extensions>
</trkpt>
<trkpt lat="46.4008189" lon="15.0208982">
	<ele>375.34</ele>
	<time>2026-07-21T08:16:57.991Z</time>
	<hdop>3.79</hdop>
	<extensions>
		<gpxtpx:TrackPointExtension>
			<gpxtpx:course>135.0</gpxtpx:course>
		</gpxtpx:TrackPointExtension>
	</extensions>
</trkpt>
<trkpt lat="46.4005862" lon="15.0212505">
	<ele>376.29</ele>
	<time>2026-07-21T08:17:02.991Z</time>
	<hdop>3.79</hdop>
	<extensions>
		<gpxtpx:TrackPointExtension>
			<gpxtpx:course>135.0</gpxtpx:course>
		</gpxtpx:TrackPointExtension>
	</extensions>
</trkpt>
<trkpt lat="46.4003420" lon="15.0216091">
	<ele>375.87</ele>
	<time>2026-07-21T08:17:07.992Z</time>
	<hdop>3.79</hdop>
	<extensions>
		<gpxtpx:TrackPointExtension>
			<gpxtpx:course>133.0</gpxtpx:course>
		</gpxtpx:TrackPointExtension>
	</extensions>
</trkpt>
<trkpt lat="46.4000691" lon="15.0219144">
	<ele>373.74</ele>
	<time>2026-07-21T08:17:12.993Z</time>
	<hdop>3.79</hdop>
	<extensions>
		<gpxtpx:TrackPointExtension>
			<gpxtpx:course>152.0</gpxtpx:course>
		</gpxtpx:TrackPointExtension>
	</extensions>
</trkpt>
<trkpt lat="46.3996484" lon="15.0221946">
	<ele>370.96</ele>
	<time>2026-07-21T08:17:18.991Z</time>
	<hdop>3.79</hdop>
	<extensions>
		<gpxtpx:TrackPointExtension>
			<gpxtpx:course>153.0</gpxtpx:course>
		</gpxtpx:TrackPointExtension>
	</extensions>
</trkpt>
<trkpt lat="46.3993287" lon="15.0225739">
	<ele>370.24</ele>
	<time>2026-07-21T08:17:23.992Z</time>
	<hdop>3.79</hdop>
	<extensions>
		<gpxtpx:TrackPointExtension>
			<gpxtpx:course>130.0</gpxtpx:course>
		</gpxtpx:TrackPointExtension>
	</extensions>
</trkpt>
<trkpt lat="46.3991265" lon="15.0231478">
	<ele>369.46</ele>
	<time>2026-07-21T08:17:28.992Z</time>
	<hdop>3.79</hdop>
	<extensions>
		<gpxtpx:TrackPointExtension>
			<gpxtpx:course>109.0</gpxtpx:course>
		</gpxtpx:TrackPointExtension>
	</extensions>
</trkpt>
<trkpt lat="46.3989534" lon="15.0238603">
	<ele>368.69</ele>
	<time>2026-07-21T08:17:34.991Z</time>
	<hdop>3.79</hdop>
	<extensions>
		<gpxtpx:TrackPointExtension>
			<gpxtpx:course>108.0</gpxtpx:course>
		</gpxtpx:TrackPointExtension>
	</extensions>
</trkpt>
<trkpt lat="46.3988184" lon="15.0244549">
	<ele>368.79</ele>
	<time>2026-07-21T08:17:39.992Z</time>
	<hdop>3.79</hdop>
	<extensions>
		<gpxtpx:TrackPointExtension>
			<gpxtpx:course>107.0</gpxtpx:course>
		</gpxtpx:TrackPointExtension>
	</extensions>
</trkpt>
<trkpt lat="46.3986870" lon="15.0250319">
	<ele>369.14</ele>
	<time>2026-07-21T08:17:44.992Z</time>
	<hdop>3.79</hdop>
	<extensions>
		<gpxtpx:TrackPointExtension>
			<gpxtpx:course>104.0</gpxtpx:course>
		</gpxtpx:TrackPointExtension>
	</extensions>
</trkpt>
<trkpt lat="46.3985891" lon="15.0256233">
	<ele>369.27</ele>
	<time>2026-07-21T08:17:49.992Z</time>
	<hdop>3.79</hdop>
	<extensions>
		<gpxtpx:TrackPointExtension>
			<gpxtpx:course>102.0</gpxtpx:course>
		</gpxtpx:TrackPointExtension>
	</extensions>
</trkpt>
<trkpt lat="46.3984569" lon="15.0263335">
	<ele>366.88</ele>
	<time>2026-07-21T08:17:55.992Z</time>
	<hdop>3.79</hdop>
	<extensions>
		<gpxtpx:TrackPointExtension>
			<gpxtpx:course>109.0</gpxtpx:course>
		</gpxtpx:TrackPointExtension>
	</extensions>
</trkpt>
<trkpt lat="46.3982163" lon="15.0269421">
	<ele>365.47</ele>
	<time>2026-07-21T08:18:01.990Z</time>
	<hdop>3.79</hdop>
	<extensions>
		<gpxtpx:TrackPointExtension>
			<gpxtpx:course>122.0</gpxtpx:course>
		</gpxtpx:TrackPointExtension>
	</extensions>
</trkpt>
<trkpt lat="46.3980081" lon="15.0273940">
	<ele>364.13</ele>
	<time>2026-07-21T08:18:06.992Z</time>
	<hdop>3.79</hdop>
	<extensions>
		<gpxtpx:TrackPointExtension>
			<gpxtpx:course>127.0</gpxtpx:course>
		</gpxtpx:TrackPointExtension>
	</extensions>
</trkpt>
<trkpt lat="46.3978768" lon="15.0279164">
	<ele>364.15</ele>
	<time>2026-07-21T08:18:11.992Z</time>
	<hdop>3.79</hdop>
	<extensions>
		<gpxtpx:TrackPointExtension>
			<gpxtpx:course>111.0</gpxtpx:course>
		</gpxtpx:TrackPointExtension>
	</extensions>
</trkpt>
<trkpt lat="46.3976652" lon="15.0284153">
	<ele>365.13</ele>
	<time>2026-07-21T08:18:16.993Z</time>
	<hdop>3.79</hdop>
	<extensions>
		<gpxtpx:TrackPointExtension>
			<gpxtpx:course>131.0</gpxtpx:course>
		</gpxtpx:TrackPointExtension>
	</extensions>
</trkpt>
<trkpt lat="46.3973528" lon="15.0289594">
	<ele>366.40</ele>
	<time>2026-07-21T08:18:22.992Z</time>
	<hdop>3.79</hdop>
	<extensions>
		<gpxtpx:TrackPointExtension>
			<gpxtpx:course>127.0</gpxtpx:course>
		</gpxtpx:TrackPointExtension>
	</extensions>
</trkpt>
<trkpt lat="46.3970591" lon="15.0294881">
	<ele>368.68</ele>
	<time>2026-07-21T08:18:28.992Z</time>
	<hdop>3.79</hdop>
	<extensions>
		<gpxtpx:TrackPointExtension>
			<gpxtpx:course>128.0</gpxtpx:course>
		</gpxtpx:TrackPointExtension>
	</extensions>
</trkpt>
<trkpt lat="46.3968352" lon="15.0299289">
	<ele>370.63</ele>
	<time>2026-07-21T08:18:33.992Z</time>
	<hdop>3.79</hdop>
	<extensions>
		<gpxtpx:TrackPointExtension>
			<gpxtpx:course>128.0</gpxtpx:course>
		</gpxtpx:TrackPointExtension>
	</extensions>
</trkpt>
<trkpt lat="46.3965969" lon="15.0303533">
	<ele>370.49</ele>
	<time>2026-07-21T08:18:38.993Z</time>
	<hdop>3.79</hdop>
	<extensions>
		<gpxtpx:TrackPointExtension>
			<gpxtpx:course>129.0</gpxtpx:course>
		</gpxtpx:TrackPointExtension>
	</extensions>
</trkpt>
<trkpt lat="46.3962929" lon="15.0308571">
	<ele>367.61</ele>
	<time>2026-07-21T08:18:44.993Z</time>
	<hdop>3.79</hdop>
	<extensions>
		<gpxtpx:TrackPointExtension>
			<gpxtpx:course>133.0</gpxtpx:course>
		</gpxtpx:TrackPointExtension>
	</extensions>
</trkpt>
<trkpt lat="46.3959129" lon="15.0313322">
	<ele>366.60</ele>
	<time>2026-07-21T08:18:50.992Z</time>
	<hdop>3.79</hdop>
	<extensions>
		<gpxtpx:TrackPointExtension>
			<gpxtpx:course>142.0</gpxtpx:course>
		</gpxtpx:TrackPointExtension>
	</extensions>
</trkpt>
<trkpt lat="46.3955605" lon="15.0316564">
	<ele>368.05</ele>
	<time>2026-07-21T08:18:55.992Z</time>
	<hdop>3.79</hdop>
	<extensions>
		<gpxtpx:TrackPointExtension>
			<gpxtpx:course>150.0</gpxtpx:course>
		</gpxtpx:TrackPointExtension>
	</extensions>
</trkpt>
<trkpt lat="46.3951373" lon="15.0319804">
	<ele>368.97</ele>
	<time>2026-07-21T08:19:01.993Z</time>
	<hdop>3.79</hdop>
	<extensions>
		<gpxtpx:TrackPointExtension>
			<gpxtpx:course>155.0</gpxtpx:course>
		</gpxtpx:TrackPointExtension>
	</extensions>
</trkpt>
<trkpt lat="46.3947372" lon="15.0322362">
	<ele>369.48</ele>
	<time>2026-07-21T08:19:07.992Z</time>
	<hdop>3.79</hdop>
	<extensions>
		<gpxtpx:TrackPointExtension>
			<gpxtpx:course>165.0</gpxtpx:course>
		</gpxtpx:TrackPointExtension>
	</extensions>
</trkpt>
<trkpt lat="46.3944559" lon="15.0326047">
	<ele>369.23</ele>
	<time>2026-07-21T08:19:12.992Z</time>
	<hdop>3.79</hdop>
	<extensions>
		<gpxtpx:TrackPointExtension>
			<gpxtpx:course>136.0</gpxtpx:course>
		</gpxtpx:TrackPointExtension>
	</extensions>
</trkpt>
<trkpt lat="46.3941538" lon="15.0330111">
	<ele>367.54</ele>
	<time>2026-07-21T08:19:17.992Z</time>
	<hdop>3.79</hdop>
	<extensions>
		<gpxtpx:TrackPointExtension>
			<gpxtpx:course>139.0</gpxtpx:course>
		</gpxtpx:TrackPointExtension>
	</extensions>
</trkpt>
<trkpt lat="46.3938260" lon="15.0333960">
	<ele>365.54</ele>
	<time>2026-07-21T08:19:22.993Z</time>
	<hdop>3.79</hdop>
	<extensions>
		<gpxtpx:TrackPointExtension>
			<gpxtpx:course>141.0</gpxtpx:course>
		</gpxtpx:TrackPointExtension>
	</extensions>
</trkpt>
<trkpt lat="46.3934455" lon="15.0338355">
	<ele>365.32</ele>
	<time>2026-07-21T08:19:28.990Z</time>
	<hdop>3.79</hdop>
	<extensions>
		<gpxtpx:TrackPointExtension>
			<gpxtpx:course>136.0</gpxtpx:course>
		</gpxtpx:TrackPointExtension>
	</extensions>
</trkpt>
<trkpt lat="46.3931099" lon="15.0341914">
	<ele>366.19</ele>
	<time>2026-07-21T08:19:33.991Z</time>
	<hdop>3.79</hdop>
	<extensions>
		<gpxtpx:TrackPointExtension>
			<gpxtpx:course>135.0</gpxtpx:course>
		</gpxtpx:TrackPointExtension>
	</extensions>
</trkpt>
<trkpt lat="46.3927925" lon="15.0345749">
	<ele>366.05</ele>
	<time>2026-07-21T08:19:38.992Z</time>
	<hdop>3.79</hdop>
	<extensions>
		<gpxtpx:TrackPointExtension>
			<gpxtpx:course>139.0</gpxtpx:course>
		</gpxtpx:TrackPointExtension>
	</extensions>
</trkpt>
<trkpt lat="46.3923106" lon="15.0348169">
	<ele>363.96</ele>
	<time>2026-07-21T08:19:44.991Z</time>
	<hdop>3.79</hdop>
	<extensions>
		<gpxtpx:TrackPointExtension>
			<gpxtpx:course>179.0</gpxtpx:course>
		</gpxtpx:TrackPointExtension>
	</extensions>
</trkpt>
<trkpt lat="46.3918634" lon="15.0346814">
	<ele>362.70</ele>
	<time>2026-07-21T08:19:49.992Z</time>
	<hdop>3.79</hdop>
	<extensions>
		<gpxtpx:TrackPointExtension>
			<gpxtpx:course>199.0</gpxtpx:course>
		</gpxtpx:TrackPointExtension>
	</extensions>
</trkpt>
<trkpt lat="46.3912958" lon="15.0345462">
	<ele>361.12</ele>
	<time>2026-07-21T08:19:55.992Z</time>
	<hdop>3.79</hdop>
	<extensions>
		<gpxtpx:TrackPointExtension>
			<gpxtpx:course>178.0</gpxtpx:course>
		</gpxtpx:TrackPointExtension>
	</extensions>
</trkpt>
<trkpt lat="46.3908204" lon="15.0347944">
	<ele>357.73</ele>
	<time>2026-07-21T08:20:00.993Z</time>
	<hdop>3.79</hdop>
	<extensions>
		<gpxtpx:TrackPointExtension>
			<gpxtpx:course>150.0</gpxtpx:course>
		</gpxtpx:TrackPointExtension>
	</extensions>
</trkpt>
<trkpt lat="46.3902999" lon="15.0352220">
	<ele>356.20</ele>
	<time>2026-07-21T08:20:06.991Z</time>
	<hdop>3.79</hdop>
	<extensions>
		<gpxtpx:TrackPointExtension>
			<gpxtpx:course>151.0</gpxtpx:course>
		</gpxtpx:TrackPointExtension>
	</extensions>
</trkpt>
<trkpt lat="46.3898851" lon="15.0355715">
	<ele>355.87</ele>
	<time>2026-07-21T08:20:11.991Z</time>
	<hdop>3.79</hdop>
	<extensions>
		<gpxtpx:TrackPointExtension>
			<gpxtpx:course>148.0</gpxtpx:course>
		</gpxtpx:TrackPointExtension>
	</extensions>
</trkpt>
<trkpt lat="46.3894765" lon="15.0359373">
	<ele>355.46</ele>
	<time>2026-07-21T08:20:16.991Z</time>
	<hdop>3.79</hdop>
	<extensions>
		<gpxtpx:TrackPointExtension>
			<gpxtpx:course>146.0</gpxtpx:course>
		</gpxtpx:TrackPointExtension>
	</extensions>
</trkpt>
<trkpt lat="46.3891012" lon="15.0363348">
	<ele>355.97</ele>
	<time>2026-07-21T08:20:21.991Z</time>
	<hdop>3.79</hdop>
	<extensions>
		<gpxtpx:TrackPointExtension>
			<gpxtpx:course>141.0</gpxtpx:course>
		</gpxtpx:TrackPointExtension>
	</extensions>
</trkpt>
<trkpt lat="46.3887593" lon="15.0367008">
	<ele>357.10</ele>
	<time>2026-07-21T08:20:26.991Z</time>
	<hdop>3.79</hdop>
	<extensions>
		<gpxtpx:TrackPointExtension>
			<gpxtpx:course>143.0</gpxtpx:course>
		</gpxtpx:TrackPointExtension>
	</extensions>
</trkpt>
<trkpt lat="46.3883978" lon="15.0369974">
	<ele>357.93</ele>
	<time>2026-07-21T08:20:31.992Z</time>
	<hdop>3.79</hdop>
	<extensions>
		<gpxtpx:TrackPointExtension>
			<gpxtpx:course>154.0</gpxtpx:course>
		</gpxtpx:TrackPointExtension>
	</extensions>
</trkpt>
<trkpt lat="46.3880103" lon="15.0371990">
	<ele>358.61</ele>
	<time>2026-07-21T08:20:36.993Z</time>
	<hdop>3.79</hdop>
	<extensions>
		<gpxtpx:TrackPointExtension>
			<gpxtpx:course>163.0</gpxtpx:course>
		</gpxtpx:TrackPointExtension>
	</extensions>
</trkpt>
<trkpt lat="46.3876145" lon="15.0372755">
	<ele>358.90</ele>
	<time>2026-07-21T08:20:41.993Z</time>
	<hdop>3.79</hdop>
	<extensions>
		<gpxtpx:TrackPointExtension>
			<gpxtpx:course>180.0</gpxtpx:course>
		</gpxtpx:TrackPointExtension>
	</extensions>
</trkpt>
<trkpt lat="46.3871419" lon="15.0372493">
	<ele>358.34</ele>
	<time>2026-07-21T08:20:47.990Z</time>
	<hdop>3.79</hdop>
	<extensions>
		<gpxtpx:TrackPointExtension>
			<gpxtpx:course>176.0</gpxtpx:course>
		</gpxtpx:TrackPointExtension>
	</extensions>
</trkpt>
<trkpt lat="46.3867196" lon="15.0371705">
	<ele>357.89</ele>
	<time>2026-07-21T08:20:52.991Z</time>
	<hdop>3.79</hdop>
	<extensions>
		<gpxtpx:TrackPointExtension>
			<gpxtpx:course>191.0</gpxtpx:course>
		</gpxtpx:TrackPointExtension>
	</extensions>
</trkpt>
<trkpt lat="46.3863197" lon="15.0369938">
	<ele>359.00</ele>
	<time>2026-07-21T08:20:57.992Z</time>
	<hdop>3.79</hdop>
	<extensions>
		<gpxtpx:TrackPointExtension>
			<gpxtpx:course>201.0</gpxtpx:course>
		</gpxtpx:TrackPointExtension>
	</extensions>
</trkpt>
<trkpt lat="46.3859900" lon="15.0368823">
	<ele>360.19</ele>
	<time>2026-07-21T08:21:02.992Z</time>
	<hdop>3.79</hdop>
	<extensions>
		<gpxtpx:TrackPointExtension>
			<gpxtpx:course>194.0</gpxtpx:course>
		</gpxtpx:TrackPointExtension>
	</extensions>
</trkpt>
<trkpt lat="46.3857191" lon="15.0366971">
	<ele>359.54</ele>
	<time>2026-07-21T08:21:08.991Z</time>
	<hdop>3.79</hdop>
	<extensions>
		<gpxtpx:TrackPointExtension>
			<gpxtpx:course>158.0</gpxtpx:course>
		</gpxtpx:TrackPointExtension>
	</extensions>
</trkpt>
<trkpt lat="46.3855540" lon="15.0369633">
	<ele>361.92</ele>
	<time>2026-07-21T08:21:13.992Z</time>
	<hdop>3.79</hdop>
	<extensions>
		<gpxtpx:TrackPointExtension>
			<gpxtpx:course>155.0</gpxtpx:course>
		</gpxtpx:TrackPointExtension>
	</extensions>
</trkpt>
<trkpt lat="46.3852868" lon="15.0372277">
	<ele>362.28</ele>
	<time>2026-07-21T08:21:18.992Z</time>
	<hdop>3.79</hdop>
	<extensions>
		<gpxtpx:TrackPointExtension>
			<gpxtpx:course>134.0</gpxtpx:course>
		</gpxtpx:TrackPointExtension>
	</extensions>
</trkpt>
<trkpt lat="46.3850544" lon="15.0377849">
	<ele>360.80</ele>
	<time>2026-07-21T08:21:24.990Z</time>
	<hdop>3.79</hdop>
	<extensions>
		<gpxtpx:TrackPointExtension>
			<gpxtpx:course>115.0</gpxtpx:course>
		</gpxtpx:TrackPointExtension>
	</extensions>
</trkpt>
<trkpt lat="46.3848911" lon="15.0383328">
	<ele>359.95</ele>
	<time>2026-07-21T08:21:29.991Z</time>
	<hdop>3.79</hdop>
	<extensions>
		<gpxtpx:TrackPointExtension>
			<gpxtpx:course>110.0</gpxtpx:course>
		</gpxtpx:TrackPointExtension>
	</extensions>
</trkpt>
<trkpt lat="46.3847529" lon="15.0389015">
	<ele>358.56</ele>
	<time>2026-07-21T08:21:34.992Z</time>
	<hdop>3.79</hdop>
	<extensions>
		<gpxtpx:TrackPointExtension>
			<gpxtpx:course>109.0</gpxtpx:course>
		</gpxtpx:TrackPointExtension>
	</extensions>
</trkpt>
<trkpt lat="46.3845933" lon="15.0395983">
	<ele>357.89</ele>
	<time>2026-07-21T08:21:40.990Z</time>
	<hdop>3.79</hdop>
	<extensions>
		<gpxtpx:TrackPointExtension>
			<gpxtpx:course>113.0</gpxtpx:course>
		</gpxtpx:TrackPointExtension>
	</extensions>
</trkpt>
<trkpt lat="46.3844073" lon="15.0401502">
	<ele>357.73</ele>
	<time>2026-07-21T08:21:45.991Z</time>
	<hdop>3.79</hdop>
	<extensions>
		<gpxtpx:TrackPointExtension>
			<gpxtpx:course>122.0</gpxtpx:course>
		</gpxtpx:TrackPointExtension>
	</extensions>
</trkpt>
<trkpt lat="46.3841556" lon="15.0406245">
	<ele>357.50</ele>
	<time>2026-07-21T08:21:50.992Z</time>
	<hdop>3.79</hdop>
	<extensions>
		<gpxtpx:TrackPointExtension>
			<gpxtpx:course>130.0</gpxtpx:course>
		</gpxtpx:TrackPointExtension>
	</extensions>
</trkpt>
<trkpt lat="46.3838026" lon="15.0411166">
	<ele>356.68</ele>
	<time>2026-07-21T08:21:56.992Z</time>
	<hdop>3.79</hdop>
	<extensions>
		<gpxtpx:TrackPointExtension>
			<gpxtpx:course>140.0</gpxtpx:course>
		</gpxtpx:TrackPointExtension>
	</extensions>
</trkpt>
<trkpt lat="46.3833947" lon="15.0415917">
	<ele>355.19</ele>
	<time>2026-07-21T08:22:02.991Z</time>
	<hdop>3.79</hdop>
	<extensions>
		<gpxtpx:TrackPointExtension>
			<gpxtpx:course>142.0</gpxtpx:course>
		</gpxtpx:TrackPointExtension>
	</extensions>
</trkpt>
<trkpt lat="46.3830323" lon="15.0419150">
	<ele>354.77</ele>
	<time>2026-07-21T08:22:07.991Z</time>
	<hdop>3.79</hdop>
	<extensions>
		<gpxtpx:TrackPointExtension>
			<gpxtpx:course>154.0</gpxtpx:course>
		</gpxtpx:TrackPointExtension>
	</extensions>
</trkpt>
<trkpt lat="46.3826359" lon="15.0421431">
	<ele>354.27</ele>
	<time>2026-07-21T08:22:12.991Z</time>
	<hdop>3.79</hdop>
	<extensions>
		<gpxtpx:TrackPointExtension>
			<gpxtpx:course>157.0</gpxtpx:course>
		</gpxtpx:TrackPointExtension>
	</extensions>
</trkpt>
<trkpt lat="46.3822796" lon="15.0424894">
	<ele>353.82</ele>
	<time>2026-07-21T08:22:17.991Z</time>
	<hdop>3.79</hdop>
	<extensions>
		<gpxtpx:TrackPointExtension>
			<gpxtpx:course>135.0</gpxtpx:course>
		</gpxtpx:TrackPointExtension>
	</extensions>
</trkpt>
<trkpt lat="46.3820019" lon="15.0429467">
	<ele>353.88</ele>
	<time>2026-07-21T08:22:22.991Z</time>
	<hdop>3.79</hdop>
	<extensions>
		<gpxtpx:TrackPointExtension>
			<gpxtpx:course>131.0</gpxtpx:course>
		</gpxtpx:TrackPointExtension>
	</extensions>
</trkpt>
<trkpt lat="46.3818038" lon="15.0434838">
	<ele>354.14</ele>
	<time>2026-07-21T08:22:27.992Z</time>
	<hdop>3.79</hdop>
	<extensions>
		<gpxtpx:TrackPointExtension>
			<gpxtpx:course>106.0</gpxtpx:course>
		</gpxtpx:TrackPointExtension>
	</extensions>
</trkpt>
<trkpt lat="46.3817095" lon="15.0440880">
	<ele>354.92</ele>
	<time>2026-07-21T08:22:32.993Z</time>
	<hdop>3.79</hdop>
	<extensions>
		<gpxtpx:TrackPointExtension>
			<gpxtpx:course>101.0</gpxtpx:course>
		</gpxtpx:TrackPointExtension>
	</extensions>
</trkpt>
<trkpt lat="46.3815851" lon="15.0448126">
	<ele>355.00</ele>
	<time>2026-07-21T08:22:38.992Z</time>
	<hdop>3.79</hdop>
	<extensions>
		<gpxtpx:TrackPointExtension>
			<gpxtpx:course>105.0</gpxtpx:course>
		</gpxtpx:TrackPointExtension>
	</extensions>
</trkpt>
<trkpt lat="46.3814446" lon="15.0455445">
	<ele>354.84</ele>
	<time>2026-07-21T08:22:44.991Z</time>
	<hdop>3.79</hdop>
	<extensions>
		<gpxtpx:TrackPointExtension>
			<gpxtpx:course>104.0</gpxtpx:course>
		</gpxtpx:TrackPointExtension>
	</extensions>
</trkpt>
<trkpt lat="46.3813238" lon="15.0461404">
	<ele>355.53</ele>
	<time>2026-07-21T08:22:49.992Z</time>
	<hdop>3.79</hdop>
	<extensions>
		<gpxtpx:TrackPointExtension>
			<gpxtpx:course>106.0</gpxtpx:course>
		</gpxtpx:TrackPointExtension>
	</extensions>
</trkpt>
<trkpt lat="46.3811938" lon="15.0468139">
	<ele>356.81</ele>
	<time>2026-07-21T08:22:55.991Z</time>
	<hdop>3.79</hdop>
	<extensions>
		<gpxtpx:TrackPointExtension>
			<gpxtpx:course>107.0</gpxtpx:course>
		</gpxtpx:TrackPointExtension>
	</extensions>
</trkpt>
<trkpt lat="46.3810806" lon="15.0473191">
	<ele>357.59</ele>
	<time>2026-07-21T08:23:00.991Z</time>
	<hdop>3.79</hdop>
	<extensions>
		<gpxtpx:TrackPointExtension>
			<gpxtpx:course>106.0</gpxtpx:course>
		</gpxtpx:TrackPointExtension>
	</extensions>
</trkpt>
<trkpt lat="46.3809873" lon="15.0477340">
	<ele>358.21</ele>
	<time>2026-07-21T08:23:05.991Z</time>
	<hdop>3.79</hdop>
	<extensions>
		<gpxtpx:TrackPointExtension>
			<gpxtpx:course>118.0</gpxtpx:course>
		</gpxtpx:TrackPointExtension>
	</extensions>
</trkpt>
<trkpt lat="46.3807772" lon="15.0477648">
	<ele>358.33</ele>
	<time>2026-07-21T08:23:10.991Z</time>
	<hdop>3.79</hdop>
	<extensions>
		<gpxtpx:TrackPointExtension>
			<gpxtpx:course>206.0</gpxtpx:course>
		</gpxtpx:TrackPointExtension>
	</extensions>
</trkpt>
<trkpt lat="46.3804735" lon="15.0475309">
	<ele>358.70</ele>
	<time>2026-07-21T08:23:16.991Z</time>
	<hdop>3.79</hdop>
	<extensions>
		<gpxtpx:TrackPointExtension>
			<gpxtpx:course>216.0</gpxtpx:course>
		</gpxtpx:TrackPointExtension>
	</extensions>
</trkpt>
<trkpt lat="46.3802350" lon="15.0473147">
	<ele>358.23</ele>
	<time>2026-07-21T08:23:21.991Z</time>
	<hdop>3.79</hdop>
	<extensions>
		<gpxtpx:TrackPointExtension>
			<gpxtpx:course>209.0</gpxtpx:course>
		</gpxtpx:TrackPointExtension>
	</extensions>
</trkpt>
<trkpt lat="46.3799309" lon="15.0470849">
	<ele>356.48</ele>
	<time>2026-07-21T08:23:27.992Z</time>
	<hdop>3.79</hdop>
	<extensions>
		<gpxtpx:TrackPointExtension>
			<gpxtpx:course>207.0</gpxtpx:course>
		</gpxtpx:TrackPointExtension>
	</extensions>
</trkpt>
<trkpt lat="46.3796149" lon="15.0469714">
	<ele>355.54</ele>
	<time>2026-07-21T08:23:33.991Z</time>
	<hdop>3.79</hdop>
	<extensions>
		<gpxtpx:TrackPointExtension>
			<gpxtpx:course>180.0</gpxtpx:course>
		</gpxtpx:TrackPointExtension>
	</extensions>
</trkpt>
<trkpt lat="46.3793338" lon="15.0470274">
	<ele>355.54</ele>
	<time>2026-07-21T08:23:38.992Z</time>
	<hdop>3.79</hdop>
	<extensions>
		<gpxtpx:TrackPointExtension>
			<gpxtpx:course>174.0</gpxtpx:course>
		</gpxtpx:TrackPointExtension>
	</extensions>
</trkpt>
<trkpt lat="46.3790670" lon="15.0468771">
	<ele>355.87</ele>
	<time>2026-07-21T08:23:44.991Z</time>
	<hdop>3.79</hdop>
	<extensions>
		<gpxtpx:TrackPointExtension>
			<gpxtpx:course>222.0</gpxtpx:course>
		</gpxtpx:TrackPointExtension>
	</extensions>
</trkpt>
<trkpt lat="46.3789014" lon="15.0466110">
	<ele>356.10</ele>
	<time>2026-07-21T08:23:49.992Z</time>
	<hdop>3.79</hdop>
	<extensions>
		<gpxtpx:TrackPointExtension>
			<gpxtpx:course>232.0</gpxtpx:course>
		</gpxtpx:TrackPointExtension>
	</extensions>
</trkpt>
<trkpt lat="46.3787508" lon="15.0463257">
	<ele>355.36</ele>
	<time>2026-07-21T08:23:54.992Z</time>
	<hdop>3.79</hdop>
	<extensions>
		<gpxtpx:TrackPointExtension>
			<gpxtpx:course>236.0</gpxtpx:course>
		</gpxtpx:TrackPointExtension>
	</extensions>
</trkpt>
<trkpt lat="46.3785938" lon="15.0460601">
	<ele>354.38</ele>
	<time>2026-07-21T08:23:59.992Z</time>
	<hdop>3.79</hdop>
	<extensions>
		<gpxtpx:TrackPointExtension>
			<gpxtpx:course>226.0</gpxtpx:course>
		</gpxtpx:TrackPointExtension>
	</extensions>
</trkpt>
<trkpt lat="46.3783915" lon="15.0460127">
	<ele>354.19</ele>
	<time>2026-07-21T08:24:04.992Z</time>
	<hdop>3.79</hdop>
	<extensions>
		<gpxtpx:TrackPointExtension>
			<gpxtpx:course>152.0</gpxtpx:course>
		</gpxtpx:TrackPointExtension>
	</extensions>
</trkpt>
<trkpt lat="46.3781944" lon="15.0459548">
	<ele>354.34</ele>
	<time>2026-07-21T08:24:09.992Z</time>
	<hdop>3.79</hdop>
	<extensions>
		<gpxtpx:TrackPointExtension>
			<gpxtpx:course>222.0</gpxtpx:course>
		</gpxtpx:TrackPointExtension>
	</extensions>
</trkpt>
<trkpt lat="46.3780446" lon="15.0457423">
	<ele>354.49</ele>
	<time>2026-07-21T08:24:14.992Z</time>
	<hdop>3.79</hdop>
	<extensions>
		<gpxtpx:TrackPointExtension>
			<gpxtpx:course>224.0</gpxtpx:course>
		</gpxtpx:TrackPointExtension>
	</extensions>
</trkpt>
<trkpt lat="46.3778775" lon="15.0454937">
	<ele>355.11</ele>
	<time>2026-07-21T08:24:20.991Z</time>
	<hdop>3.79</hdop>
	<extensions>
		<gpxtpx:TrackPointExtension>
			<gpxtpx:course>229.0</gpxtpx:course>
		</gpxtpx:TrackPointExtension>
	</extensions>
</trkpt>
<trkpt lat="46.3777365" lon="15.0452733">
	<ele>355.78</ele>
	<time>2026-07-21T08:24:25.993Z</time>
	<hdop>3.79</hdop>
	<extensions>
		<gpxtpx:TrackPointExtension>
			<gpxtpx:course>228.0</gpxtpx:course>
		</gpxtpx:TrackPointExtension>
	</extensions>
</trkpt>
<trkpt lat="46.3775783" lon="15.0450156">
	<ele>356.62</ele>
	<time>2026-07-21T08:24:31.992Z</time>
	<hdop>3.79</hdop>
	<extensions>
		<gpxtpx:TrackPointExtension>
			<gpxtpx:course>227.0</gpxtpx:course>
		</gpxtpx:TrackPointExtension>
	</extensions>
</trkpt>
<trkpt lat="46.3774426" lon="15.0448209">
	<ele>357.45</ele>
	<time>2026-07-21T08:24:37.992Z</time>
	<hdop>3.79</hdop>
	<extensions>
		<gpxtpx:TrackPointExtension>
			<gpxtpx:course>228.0</gpxtpx:course>
		</gpxtpx:TrackPointExtension>
	</extensions>
</trkpt>
<trkpt lat="46.3774038" lon="15.0449465">
	<ele>357.47</ele>
	<time>2026-07-21T08:24:44.992Z</time>
	<hdop>3.79</hdop>
	<extensions>
		<gpxtpx:TrackPointExtension>
			<gpxtpx:course>61.0</gpxtpx:course>
		</gpxtpx:TrackPointExtension>
	</extensions>
</trkpt>
<trkpt lat="46.3775662" lon="15.0451207">
	<ele>356.61</ele>
	<time>2026-07-21T08:24:50.993Z</time>
	<hdop>3.79</hdop>
	<extensions>
		<gpxtpx:TrackPointExtension>
			<gpxtpx:course>39.0</gpxtpx:course>
		</gpxtpx:TrackPointExtension>
	</extensions>
</trkpt>
<trkpt lat="46.3777845" lon="15.0453647">
	<ele>355.62</ele>
	<time>2026-07-21T08:24:56.992Z</time>
	<hdop>3.79</hdop>
	<extensions>
		<gpxtpx:TrackPointExtension>
			<gpxtpx:course>44.0</gpxtpx:course>
		</gpxtpx:TrackPointExtension>
	</extensions>
</trkpt>
<trkpt lat="46.3779963" lon="15.0456508">
	<ele>354.73</ele>
	<time>2026-07-21T08:25:02.990Z</time>
	<hdop>3.79</hdop>
	<extensions>
		<gpxtpx:TrackPointExtension>
			<gpxtpx:course>54.0</gpxtpx:course>
		</gpxtpx:TrackPointExtension>
	</extensions>
</trkpt>
<trkpt lat="46.3781413" lon="15.0458625">
	<ele>354.33</ele>
	<time>2026-07-21T08:25:07.993Z</time>
	<hdop>3.97</hdop>
	<extensions>
		<gpxtpx:TrackPointExtension>
			<gpxtpx:course>41.0</gpxtpx:course>
		</gpxtpx:TrackPointExtension>
	</extensions>
</trkpt>
<trkpt lat="46.3782715" lon="15.0460548">
	<ele>354.41</ele>
	<time>2026-07-21T08:25:13.992Z</time>
	<hdop>3.79</hdop>
	<extensions>
		<gpxtpx:TrackPointExtension>
			<gpxtpx:course>49.0</gpxtpx:course>
		</gpxtpx:TrackPointExtension>
	</extensions>
</trkpt>
<trkpt lat="46.3782462" lon="15.0463203">
	<ele>355.14</ele>
	<time>2026-07-21T08:25:19.991Z</time>
	<hdop>3.79</hdop>
	<extensions>
		<gpxtpx:TrackPointExtension>
			<gpxtpx:course>113.0</gpxtpx:course>
		</gpxtpx:TrackPointExtension>
	</extensions>
</trkpt>
<trkpt lat="46.3781483" lon="15.0466036">
	<ele>355.88</ele>
	<time>2026-07-21T08:25:24.992Z</time>
	<hdop>3.79</hdop>
	<extensions>
		<gpxtpx:TrackPointExtension>
			<gpxtpx:course>114.0</gpxtpx:course>
		</gpxtpx:TrackPointExtension>
	</extensions>
</trkpt>
<trkpt lat="46.3780436" lon="15.0468999">
	<ele>356.15</ele>
	<time>2026-07-21T08:25:29.992Z</time>
	<hdop>3.96</hdop>
	<extensions>
		<gpxtpx:TrackPointExtension>
			<gpxtpx:course>114.0</gpxtpx:course>
		</gpxtpx:TrackPointExtension>
	</extensions>
</trkpt>
<trkpt lat="46.3779192" lon="15.0471409">
	<ele>356.20</ele>
	<time>2026-07-21T08:25:34.992Z</time>
	<hdop>3.79</hdop>
	<extensions>
		<gpxtpx:TrackPointExtension>
			<gpxtpx:course>116.0</gpxtpx:course>
		</gpxtpx:TrackPointExtension>
	</extensions>
</trkpt>
<trkpt lat="46.3778150" lon="15.0474289">
	<ele>356.24</ele>
	<time>2026-07-21T08:25:39.992Z</time>
	<hdop>3.79</hdop>
	<extensions>
		<gpxtpx:TrackPointExtension>
			<gpxtpx:course>117.0</gpxtpx:course>
		</gpxtpx:TrackPointExtension>
	</extensions>
</trkpt>
<trkpt lat="46.3777260" lon="15.0477027">
	<ele>356.32</ele>
	<time>2026-07-21T08:25:44.992Z</time>
	<hdop>3.79</hdop>
	<extensions>
		<gpxtpx:TrackPointExtension>
			<gpxtpx:course>113.0</gpxtpx:course>
		</gpxtpx:TrackPointExtension>
	</extensions>
</trkpt>
<trkpt lat="46.3776574" lon="15.0479201">
	<ele>356.48</ele>
	<time>2026-07-21T08:25:49.992Z</time>
	<hdop>3.79</hdop>
	<extensions>
		<gpxtpx:TrackPointExtension>
			<gpxtpx:course>104.0</gpxtpx:course>
		</gpxtpx:TrackPointExtension>
	</extensions>
</trkpt>
<trkpt lat="46.3777166" lon="15.0481639">
	<ele>356.58</ele>
	<time>2026-07-21T08:25:55.991Z</time>
	<hdop>3.79</hdop>
	<extensions>
		<gpxtpx:TrackPointExtension>
			<gpxtpx:course>93.0</gpxtpx:course>
		</gpxtpx:TrackPointExtension>
	</extensions>
</trkpt>
<trkpt lat="46.3777050" lon="15.0484138">
	<ele>356.78</ele>
	<time>2026-07-21T08:26:00.991Z</time>
	<hdop>3.79</hdop>
	<extensions>
		<gpxtpx:TrackPointExtension>
			<gpxtpx:course>78.0</gpxtpx:course>
		</gpxtpx:TrackPointExtension>
	</extensions>
</trkpt>
<trkpt lat="46.3777560" lon="15.0486407">
	<ele>356.98</ele>
	<time>2026-07-21T08:26:05.991Z</time>
	<hdop>3.79</hdop>
	<extensions>
		<gpxtpx:TrackPointExtension>
			<gpxtpx:course>58.0</gpxtpx:course>
		</gpxtpx:TrackPointExtension>
	</extensions>
</trkpt>
<trkpt lat="46.3778080" lon="15.0489432">
	<ele>357.55</ele>
	<time>2026-07-21T08:26:11.991Z</time>
	<hdop>3.79</hdop>
	<extensions>
		<gpxtpx:TrackPointExtension>
			<gpxtpx:course>103.0</gpxtpx:course>
		</gpxtpx:TrackPointExtension>
	</extensions>
</trkpt>
<trkpt lat="46.3777073" lon="15.0492240">
	<ele>357.61</ele>
	<time>2026-07-21T08:26:16.992Z</time>
	<hdop>3.79</hdop>
	<extensions>
		<gpxtpx:TrackPointExtension>
			<gpxtpx:course>123.0</gpxtpx:course>
		</gpxtpx:TrackPointExtension>
	</extensions>
</trkpt>
<trkpt lat="46.3775108" lon="15.0491792">
	<ele>357.05</ele>
	<time>2026-07-21T08:26:22.990Z</time>
	<hdop>3.79</hdop>
	<extensions>
		<gpxtpx:TrackPointExtension>
			<gpxtpx:course>197.0</gpxtpx:course>
		</gpxtpx:TrackPointExtension>
	</extensions>
</trkpt>
<trkpt lat="46.3773154" lon="15.0493362">
	<ele>357.04</ele>
	<time>2026-07-21T08:26:27.992Z</time>
	<hdop>3.79</hdop>
	<extensions>
		<gpxtpx:TrackPointExtension>
			<gpxtpx:course>129.0</gpxtpx:course>
		</gpxtpx:TrackPointExtension>
	</extensions>
</trkpt>
<trkpt lat="46.3770841" lon="15.0496851">
	<ele>357.22</ele>
	<time>2026-07-21T08:26:33.991Z</time>
	<hdop>3.79</hdop>
	<extensions>
		<gpxtpx:TrackPointExtension>
			<gpxtpx:course>136.0</gpxtpx:course>
		</gpxtpx:TrackPointExtension>
	</extensions>
</trkpt>
<trkpt lat="46.3768683" lon="15.0499828">
	<ele>357.02</ele>
	<time>2026-07-21T08:26:38.991Z</time>
	<hdop>3.79</hdop>
	<extensions>
		<gpxtpx:TrackPointExtension>
			<gpxtpx:course>135.0</gpxtpx:course>
		</gpxtpx:TrackPointExtension>
	</extensions>
</trkpt>
<trkpt lat="46.3766335" lon="15.0503312">
	<ele>357.24</ele>
	<time>2026-07-21T08:26:43.992Z</time>
	<hdop>3.79</hdop>
	<extensions>
		<gpxtpx:TrackPointExtension>
			<gpxtpx:course>134.0</gpxtpx:course>
		</gpxtpx:TrackPointExtension>
	</extensions>
</trkpt>
<trkpt lat="46.3763988" lon="15.0507043">
	<ele>357.85</ele>
	<time>2026-07-21T08:26:48.993Z</time>
	<hdop>3.79</hdop>
	<extensions>
		<gpxtpx:TrackPointExtension>
			<gpxtpx:course>133.0</gpxtpx:course>
		</gpxtpx:TrackPointExtension>
	</extensions>
</trkpt>
<trkpt lat="46.3761331" lon="15.0511771">
	<ele>357.76</ele>
	<time>2026-07-21T08:26:54.991Z</time>
	<hdop>3.79</hdop>
	<extensions>
		<gpxtpx:TrackPointExtension>
			<gpxtpx:course>130.0</gpxtpx:course>
		</gpxtpx:TrackPointExtension>
	</extensions>
</trkpt>
<trkpt lat="46.3759588" lon="15.0516147">
	<ele>357.23</ele>
	<time>2026-07-21T08:26:59.991Z</time>
	<hdop>3.79</hdop>
	<extensions>
		<gpxtpx:TrackPointExtension>
			<gpxtpx:course>135.0</gpxtpx:course>
		</gpxtpx:TrackPointExtension>
	</extensions>
</trkpt>
<trkpt lat="46.3757627" lon="15.0520550">
	<ele>357.22</ele>
	<time>2026-07-21T08:27:04.991Z</time>
	<hdop>3.79</hdop>
	<extensions>
		<gpxtpx:TrackPointExtension>
			<gpxtpx:course>113.0</gpxtpx:course>
		</gpxtpx:TrackPointExtension>
	</extensions>
</trkpt>
<trkpt lat="46.3755606" lon="15.0525159">
	<ele>357.76</ele>
	<time>2026-07-21T08:27:09.992Z</time>
	<hdop>3.79</hdop>
	<extensions>
		<gpxtpx:TrackPointExtension>
			<gpxtpx:course>116.0</gpxtpx:course>
		</gpxtpx:TrackPointExtension>
	</extensions>
</trkpt>
<trkpt lat="46.3753861" lon="15.0529964">
	<ele>357.92</ele>
	<time>2026-07-21T08:27:14.993Z</time>
	<hdop>3.79</hdop>
	<extensions>
		<gpxtpx:TrackPointExtension>
			<gpxtpx:course>116.0</gpxtpx:course>
		</gpxtpx:TrackPointExtension>
	</extensions>
</trkpt>
<trkpt lat="46.3751802" lon="15.0535435">
	<ele>358.56</ele>
	<time>2026-07-21T08:27:20.990Z</time>
	<hdop>3.79</hdop>
	<extensions>
		<gpxtpx:TrackPointExtension>
			<gpxtpx:course>106.0</gpxtpx:course>
		</gpxtpx:TrackPointExtension>
	</extensions>
</trkpt>
<trkpt lat="46.3751445" lon="15.0539299">
	<ele>360.30</ele>
	<time>2026-07-21T08:27:25.990Z</time>
	<hdop>3.79</hdop>
	<extensions>
		<gpxtpx:TrackPointExtension>
			<gpxtpx:course>100.0</gpxtpx:course>
		</gpxtpx:TrackPointExtension>
	</extensions>
</trkpt>
<trkpt lat="46.3751176" lon="15.0540683">
	<ele>360.84</ele>
	<time>2026-07-21T08:27:30.992Z</time>
	<hdop>3.79</hdop>
	<extensions>
		<gpxtpx:TrackPointExtension>
			<gpxtpx:course>123.0</gpxtpx:course>
		</gpxtpx:TrackPointExtension>
	</extensions>
</trkpt>
<trkpt lat="46.3750710" lon="15.0541857">
	<ele>361.06</ele>
	<time>2026-07-21T08:27:38.992Z</time>
	<hdop>3.83</hdop>
	<extensions>
		<gpxtpx:TrackPointExtension>
			<gpxtpx:course>129.0</gpxtpx:course>
		</gpxtpx:TrackPointExtension>
	</extensions>
</trkpt>
<trkpt lat="46.3749249" lon="15.0544468">
	<ele>360.84</ele>
	<time>2026-07-21T08:27:44.992Z</time>
	<hdop>3.79</hdop>
	<extensions>
		<gpxtpx:TrackPointExtension>
			<gpxtpx:course>122.0</gpxtpx:course>
		</gpxtpx:TrackPointExtension>
	</extensions>
</trkpt>
<trkpt lat="46.3747868" lon="15.0548176">
	<ele>360.15</ele>
	<time>2026-07-21T08:27:50.992Z</time>
	<hdop>3.79</hdop>
	<extensions>
		<gpxtpx:TrackPointExtension>
			<gpxtpx:course>125.0</gpxtpx:course>
		</gpxtpx:TrackPointExtension>
	</extensions>
</trkpt>
<trkpt lat="46.3746418" lon="15.0552062">
	<ele>359.91</ele>
	<time>2026-07-21T08:27:56.991Z</time>
	<hdop>3.79</hdop>
	<extensions>
		<gpxtpx:TrackPointExtension>
			<gpxtpx:course>120.0</gpxtpx:course>
		</gpxtpx:TrackPointExtension>
	</extensions>
</trkpt>
<trkpt lat="46.3745091" lon="15.0555291">
	<ele>359.47</ele>
	<time>2026-07-21T08:28:01.991Z</time>
	<hdop>3.79</hdop>
	<extensions>
		<gpxtpx:TrackPointExtension>
			<gpxtpx:course>120.0</gpxtpx:course>
		</gpxtpx:TrackPointExtension>
	</extensions>
</trkpt>
<trkpt lat="46.3743782" lon="15.0558768">
	<ele>359.18</ele>
	<time>2026-07-21T08:28:06.991Z</time>
	<hdop>3.79</hdop>
	<extensions>
		<gpxtpx:TrackPointExtension>
			<gpxtpx:course>117.0</gpxtpx:course>
		</gpxtpx:TrackPointExtension>
	</extensions>
</trkpt>
<trkpt lat="46.3742434" lon="15.0563116">
	<ele>360.66</ele>
	<time>2026-07-21T08:28:12.991Z</time>
	<hdop>3.79</hdop>
	<extensions>
		<gpxtpx:TrackPointExtension>
			<gpxtpx:course>113.0</gpxtpx:course>
		</gpxtpx:TrackPointExtension>
	</extensions>
</trkpt>
<trkpt lat="46.3741362" lon="15.0566932">
	<ele>361.98</ele>
	<time>2026-07-21T08:28:17.991Z</time>
	<hdop>3.79</hdop>
	<extensions>
		<gpxtpx:TrackPointExtension>
			<gpxtpx:course>111.0</gpxtpx:course>
		</gpxtpx:TrackPointExtension>
	</extensions>
</trkpt>
<trkpt lat="46.3740282" lon="15.0570980">
	<ele>361.64</ele>
	<time>2026-07-21T08:28:22.991Z</time>
	<hdop>3.79</hdop>
	<extensions>
		<gpxtpx:TrackPointExtension>
			<gpxtpx:course>110.0</gpxtpx:course>
		</gpxtpx:TrackPointExtension>
	</extensions>
</trkpt>
<trkpt lat="46.3739270" lon="15.0575085">
	<ele>361.02</ele>
	<time>2026-07-21T08:28:27.991Z</time>
	<hdop>3.79</hdop>
	<extensions>
		<gpxtpx:TrackPointExtension>
			<gpxtpx:course>108.0</gpxtpx:course>
		</gpxtpx:TrackPointExtension>
	</extensions>
</trkpt>
<trkpt lat="46.3738217" lon="15.0579278">
	<ele>360.88</ele>
	<time>2026-07-21T08:28:32.991Z</time>
	<hdop>3.79</hdop>
	<extensions>
		<gpxtpx:TrackPointExtension>
			<gpxtpx:course>110.0</gpxtpx:course>
		</gpxtpx:TrackPointExtension>
	</extensions>
</trkpt>
<trkpt lat="46.3737037" lon="15.0583552">
	<ele>360.87</ele>
	<time>2026-07-21T08:28:37.991Z</time>
	<hdop>3.79</hdop>
	<extensions>
		<gpxtpx:TrackPointExtension>
			<gpxtpx:course>112.0</gpxtpx:course>
		</gpxtpx:TrackPointExtension>
	</extensions>
</trkpt>
<trkpt lat="46.3735829" lon="15.0587916">
	<ele>361.11</ele>
	<time>2026-07-21T08:28:42.991Z</time>
	<hdop>3.79</hdop>
	<extensions>
		<gpxtpx:TrackPointExtension>
			<gpxtpx:course>112.0</gpxtpx:course>
		</gpxtpx:TrackPointExtension>
	</extensions>
</trkpt>
<trkpt lat="46.3734720" lon="15.0592335">
	<ele>361.24</ele>
	<time>2026-07-21T08:28:47.991Z</time>
	<hdop>3.79</hdop>
	<extensions>
		<gpxtpx:TrackPointExtension>
			<gpxtpx:course>111.0</gpxtpx:course>
		</gpxtpx:TrackPointExtension>
	</extensions>
</trkpt>
<trkpt lat="46.3733530" lon="15.0596663">
	<ele>361.59</ele>
	<time>2026-07-21T08:28:52.992Z</time>
	<hdop>3.79</hdop>
	<extensions>
		<gpxtpx:TrackPointExtension>
			<gpxtpx:course>114.0</gpxtpx:course>
		</gpxtpx:TrackPointExtension>
	</extensions>
</trkpt>
<trkpt lat="46.3731844" lon="15.0601708">
	<ele>362.14</ele>
	<time>2026-07-21T08:28:58.991Z</time>
	<hdop>3.79</hdop>
	<extensions>
		<gpxtpx:TrackPointExtension>
			<gpxtpx:course>112.0</gpxtpx:course>
		</gpxtpx:TrackPointExtension>
	</extensions>
</trkpt>
<trkpt lat="46.3730745" lon="15.0605767">
	<ele>362.27</ele>
	<time>2026-07-21T08:29:03.992Z</time>
	<hdop>3.79</hdop>
	<extensions>
		<gpxtpx:TrackPointExtension>
			<gpxtpx:course>113.0</gpxtpx:course>
		</gpxtpx:TrackPointExtension>
	</extensions>
</trkpt>
<trkpt lat="46.3729749" lon="15.0608913">
	<ele>362.41</ele>
	<time>2026-07-21T08:29:08.992Z</time>
	<hdop>3.79</hdop>
	<extensions>
		<gpxtpx:TrackPointExtension>
			<gpxtpx:course>125.0</gpxtpx:course>
		</gpxtpx:TrackPointExtension>
	</extensions>
</trkpt>
<trkpt lat="46.3729787" lon="15.0611814">
	<ele>362.35</ele>
	<time>2026-07-21T08:29:14.991Z</time>
	<hdop>3.79</hdop>
	<extensions>
		<gpxtpx:TrackPointExtension>
			<gpxtpx:course>72.0</gpxtpx:course>
		</gpxtpx:TrackPointExtension>
	</extensions>
</trkpt>
<trkpt lat="46.3730566" lon="15.0613364">
	<ele>362.18</ele>
	<time>2026-07-21T08:29:19.992Z</time>
	<hdop>3.79</hdop>
	<extensions>
		<gpxtpx:TrackPointExtension>
			<gpxtpx:course>72.0</gpxtpx:course>
		</gpxtpx:TrackPointExtension>
	</extensions>
</trkpt>
<trkpt lat="46.3731736" lon="15.0616313">
	<ele>362.06</ele>
	<time>2026-07-21T08:29:25.992Z</time>
	<hdop>3.79</hdop>
	<extensions>
		<gpxtpx:TrackPointExtension>
			<gpxtpx:course>92.0</gpxtpx:course>
		</gpxtpx:TrackPointExtension>
	</extensions>
</trkpt>
<trkpt lat="46.3731727" lon="15.0621706">
	<ele>362.72</ele>
	<time>2026-07-21T08:29:31.992Z</time>
	<hdop>3.79</hdop>
	<extensions>
		<gpxtpx:TrackPointExtension>
			<gpxtpx:course>88.0</gpxtpx:course>
		</gpxtpx:TrackPointExtension>
	</extensions>
</trkpt>
<trkpt lat="46.3731782" lon="15.0627508">
	<ele>363.22</ele>
	<time>2026-07-21T08:29:37.993Z</time>
	<hdop>3.79</hdop>
	<extensions>
		<gpxtpx:TrackPointExtension>
			<gpxtpx:course>95.0</gpxtpx:course>
		</gpxtpx:TrackPointExtension>
	</extensions>
</trkpt>
<trkpt lat="46.3731611" lon="15.0633788">
	<ele>363.07</ele>
	<time>2026-07-21T08:29:43.992Z</time>
	<hdop>3.79</hdop>
	<extensions>
		<gpxtpx:TrackPointExtension>
			<gpxtpx:course>96.0</gpxtpx:course>
		</gpxtpx:TrackPointExtension>
	</extensions>
</trkpt>
<trkpt lat="46.3731308" lon="15.0639016">
	<ele>363.01</ele>
	<time>2026-07-21T08:29:48.992Z</time>
	<hdop>3.79</hdop>
	<extensions>
		<gpxtpx:TrackPointExtension>
			<gpxtpx:course>96.0</gpxtpx:course>
		</gpxtpx:TrackPointExtension>
	</extensions>
</trkpt>
<trkpt lat="46.3731299" lon="15.0645475">
	<ele>363.36</ele>
	<time>2026-07-21T08:29:54.992Z</time>
	<hdop>3.79</hdop>
	<extensions>
		<gpxtpx:TrackPointExtension>
			<gpxtpx:course>93.0</gpxtpx:course>
		</gpxtpx:TrackPointExtension>
	</extensions>
</trkpt>
<trkpt lat="46.3731402" lon="15.0650887">
	<ele>363.76</ele>
	<time>2026-07-21T08:29:59.992Z</time>
	<hdop>3.79</hdop>
	<extensions>
		<gpxtpx:TrackPointExtension>
			<gpxtpx:course>89.0</gpxtpx:course>
		</gpxtpx:TrackPointExtension>
	</extensions>
</trkpt>
<trkpt lat="46.3731483" lon="15.0657512">
	<ele>363.70</ele>
	<time>2026-07-21T08:30:05.993Z</time>
	<hdop>3.79</hdop>
	<extensions>
		<gpxtpx:TrackPointExtension>
			<gpxtpx:course>88.0</gpxtpx:course>
		</gpxtpx:TrackPointExtension>
	</extensions>
</trkpt>
<trkpt lat="46.3731600" lon="15.0664083">
	<ele>363.96</ele>
	<time>2026-07-21T08:30:11.991Z</time>
	<hdop>3.79</hdop>
	<extensions>
		<gpxtpx:TrackPointExtension>
			<gpxtpx:course>89.0</gpxtpx:course>
		</gpxtpx:TrackPointExtension>
	</extensions>
</trkpt>
<trkpt lat="46.3731682" lon="15.0669478">
	<ele>364.40</ele>
	<time>2026-07-21T08:30:16.992Z</time>
	<hdop>3.79</hdop>
	<extensions>
		<gpxtpx:TrackPointExtension>
			<gpxtpx:course>89.0</gpxtpx:course>
		</gpxtpx:TrackPointExtension>
	</extensions>
</trkpt>
<trkpt lat="46.3731663" lon="15.0675857">
	<ele>365.11</ele>
	<time>2026-07-21T08:30:22.990Z</time>
	<hdop>3.79</hdop>
	<extensions>
		<gpxtpx:TrackPointExtension>
			<gpxtpx:course>90.0</gpxtpx:course>
		</gpxtpx:TrackPointExtension>
	</extensions>
</trkpt>
<trkpt lat="46.3731690" lon="15.0680924">
	<ele>365.98</ele>
	<time>2026-07-21T08:30:27.990Z</time>
	<hdop>3.79</hdop>
	<extensions>
		<gpxtpx:TrackPointExtension>
			<gpxtpx:course>90.0</gpxtpx:course>
		</gpxtpx:TrackPointExtension>
	</extensions>
</trkpt>
<trkpt lat="46.3731816" lon="15.0686067">
	<ele>366.36</ele>
	<time>2026-07-21T08:30:32.991Z</time>
	<hdop>3.79</hdop>
	<extensions>
		<gpxtpx:TrackPointExtension>
			<gpxtpx:course>88.0</gpxtpx:course>
		</gpxtpx:TrackPointExtension>
	</extensions>
</trkpt>
<trkpt lat="46.3731856" lon="15.0691168">
	<ele>366.25</ele>
	<time>2026-07-21T08:30:37.991Z</time>
	<hdop>3.79</hdop>
	<extensions>
		<gpxtpx:TrackPointExtension>
			<gpxtpx:course>92.0</gpxtpx:course>
		</gpxtpx:TrackPointExtension>
	</extensions>
</trkpt>
<trkpt lat="46.3731753" lon="15.0696432">
	<ele>365.54</ele>
	<time>2026-07-21T08:30:42.992Z</time>
	<hdop>3.79</hdop>
	<extensions>
		<gpxtpx:TrackPointExtension>
			<gpxtpx:course>89.0</gpxtpx:course>
		</gpxtpx:TrackPointExtension>
	</extensions>
</trkpt>
<trkpt lat="46.3731910" lon="15.0701680">
	<ele>365.14</ele>
	<time>2026-07-21T08:30:47.992Z</time>
	<hdop>3.79</hdop>
	<extensions>
		<gpxtpx:TrackPointExtension>
			<gpxtpx:course>90.0</gpxtpx:course>
		</gpxtpx:TrackPointExtension>
	</extensions>
</trkpt>
<trkpt lat="46.3732022" lon="15.0707069">
	<ele>366.04</ele>
	<time>2026-07-21T08:30:52.992Z</time>
	<hdop>3.79</hdop>
	<extensions>
		<gpxtpx:TrackPointExtension>
			<gpxtpx:course>89.0</gpxtpx:course>
		</gpxtpx:TrackPointExtension>
	</extensions>
</trkpt>
<trkpt lat="46.3732066" lon="15.0713568">
	<ele>366.25</ele>
	<time>2026-07-21T08:30:58.992Z</time>
	<hdop>3.79</hdop>
	<extensions>
		<gpxtpx:TrackPointExtension>
			<gpxtpx:course>90.0</gpxtpx:course>
		</gpxtpx:TrackPointExtension>
	</extensions>
</trkpt>
<trkpt lat="46.3732116" lon="15.0719883">
	<ele>365.91</ele>
	<time>2026-07-21T08:31:04.992Z</time>
	<hdop>3.79</hdop>
	<extensions>
		<gpxtpx:TrackPointExtension>
			<gpxtpx:course>89.0</gpxtpx:course>
		</gpxtpx:TrackPointExtension>
	</extensions>
</trkpt>
<trkpt lat="46.3732224" lon="15.0725011">
	<ele>365.97</ele>
	<time>2026-07-21T08:31:09.992Z</time>
	<hdop>3.79</hdop>
	<extensions>
		<gpxtpx:TrackPointExtension>
			<gpxtpx:course>86.0</gpxtpx:course>
		</gpxtpx:TrackPointExtension>
	</extensions>
</trkpt>
<trkpt lat="46.3733478" lon="15.0727983">
	<ele>367.55</ele>
	<time>2026-07-21T08:31:15.992Z</time>
	<hdop>3.79</hdop>
	<extensions>
		<gpxtpx:TrackPointExtension>
			<gpxtpx:course>59.0</gpxtpx:course>
		</gpxtpx:TrackPointExtension>
	</extensions>
</trkpt>
<trkpt lat="46.3733238" lon="15.0729288">
	<ele>368.54</ele>
	<time>2026-07-21T08:31:27.991Z</time>
	<hdop>3.79</hdop>
	<extensions>
		<gpxtpx:TrackPointExtension>
			<gpxtpx:course>151.0</gpxtpx:course>
		</gpxtpx:TrackPointExtension>
	</extensions>
</trkpt>
<trkpt lat="46.3732186" lon="15.0729815">
	<ele>369.05</ele>
	<time>2026-07-21T08:31:32.991Z</time>
	<hdop>3.79</hdop>
	<extensions>
		<gpxtpx:TrackPointExtension>
			<gpxtpx:course>139.0</gpxtpx:course>
		</gpxtpx:TrackPointExtension>
	</extensions>
</trkpt>
<trkpt lat="46.3731421" lon="15.0730817">
	<ele>369.80</ele>
	<time>2026-07-21T08:31:37.991Z</time>
	<hdop>3.79</hdop>
	<extensions>
		<gpxtpx:TrackPointExtension>
			<gpxtpx:course>143.0</gpxtpx:course>
		</gpxtpx:TrackPointExtension>
	</extensions>
</trkpt>
<trkpt lat="46.3729690" lon="15.0730736">
	<ele>369.83</ele>
	<time>2026-07-21T08:31:42.991Z</time>
	<hdop>3.79</hdop>
	<extensions>
		<gpxtpx:TrackPointExtension>
			<gpxtpx:course>182.0</gpxtpx:course>
		</gpxtpx:TrackPointExtension>
	</extensions>
</trkpt>
<trkpt lat="46.3727249" lon="15.0730843">
	<ele>370.04</ele>
	<time>2026-07-21T08:31:47.992Z</time>
	<hdop>3.79</hdop>
	<extensions>
		<gpxtpx:TrackPointExtension>
			<gpxtpx:course>185.0</gpxtpx:course>
		</gpxtpx:TrackPointExtension>
	</extensions>
</trkpt>
<trkpt lat="46.3724559" lon="15.0730876">
	<ele>370.90</ele>
	<time>2026-07-21T08:31:53.991Z</time>
	<hdop>3.85</hdop>
	<extensions>
		<gpxtpx:TrackPointExtension>
			<gpxtpx:course>180.0</gpxtpx:course>
		</gpxtpx:TrackPointExtension>
	</extensions>
</trkpt>
<trkpt lat="46.3722571" lon="15.0730884">
	<ele>372.56</ele>
	<time>2026-07-21T08:31:58.991Z</time>
	<hdop>3.79</hdop>
	<extensions>
		<gpxtpx:TrackPointExtension>
			<gpxtpx:course>175.0</gpxtpx:course>
		</gpxtpx:TrackPointExtension>
	</extensions>
</trkpt>
<trkpt lat="46.3721234" lon="15.0732427">
	<ele>374.61</ele>
	<time>2026-07-21T08:32:03.991Z</time>
	<hdop>3.79</hdop>
	<extensions>
		<gpxtpx:TrackPointExtension>
			<gpxtpx:course>141.0</gpxtpx:course>
		</gpxtpx:TrackPointExtension>
	</extensions>
</trkpt>
<trkpt lat="46.3720809" lon="15.0735898">
	<ele>374.80</ele>
	<time>2026-07-21T08:32:09.993Z</time>
	<hdop>3.79</hdop>
	<extensions>
		<gpxtpx:TrackPointExtension>
			<gpxtpx:course>99.0</gpxtpx:course>
		</gpxtpx:TrackPointExtension>
	</extensions>
</trkpt>
<trkpt lat="46.3720317" lon="15.0739973">
	<ele>372.78</ele>
	<time>2026-07-21T08:32:15.992Z</time>
	<hdop>3.79</hdop>
	<extensions>
		<gpxtpx:TrackPointExtension>
			<gpxtpx:course>92.0</gpxtpx:course>
		</gpxtpx:TrackPointExtension>
	</extensions>
</trkpt>
<trkpt lat="46.3720223" lon="15.0744607">
	<ele>370.52</ele>
	<time>2026-07-21T08:32:21.993Z</time>
	<hdop>3.79</hdop>
	<extensions>
		<gpxtpx:TrackPointExtension>
			<gpxtpx:course>86.0</gpxtpx:course>
		</gpxtpx:TrackPointExtension>
	</extensions>
</trkpt>
<trkpt lat="46.3719514" lon="15.0749157">
	<ele>368.18</ele>
	<time>2026-07-21T08:32:27.991Z</time>
	<hdop>3.79</hdop>
	<extensions>
		<gpxtpx:TrackPointExtension>
			<gpxtpx:course>111.0</gpxtpx:course>
		</gpxtpx:TrackPointExtension>
	</extensions>
</trkpt>
<trkpt lat="46.3718489" lon="15.0752630">
	<ele>366.84</ele>
	<time>2026-07-21T08:32:32.991Z</time>
	<hdop>3.79</hdop>
	<extensions>
		<gpxtpx:TrackPointExtension>
			<gpxtpx:course>112.0</gpxtpx:course>
		</gpxtpx:TrackPointExtension>
	</extensions>
</trkpt>
<trkpt lat="46.3717653" lon="15.0756396">
	<ele>366.87</ele>
	<time>2026-07-21T08:32:37.992Z</time>
	<hdop>3.79</hdop>
	<extensions>
		<gpxtpx:TrackPointExtension>
			<gpxtpx:course>91.0</gpxtpx:course>
		</gpxtpx:TrackPointExtension>
	</extensions>
</trkpt>
<trkpt lat="46.3718283" lon="15.0761340">
	<ele>368.25</ele>
	<time>2026-07-21T08:32:43.992Z</time>
	<hdop>3.79</hdop>
	<extensions>
		<gpxtpx:TrackPointExtension>
			<gpxtpx:course>81.0</gpxtpx:course>
		</gpxtpx:TrackPointExtension>
	</extensions>
</trkpt>
<trkpt lat="46.3718561" lon="15.0765396">
	<ele>369.47</ele>
	<time>2026-07-21T08:32:48.992Z</time>
	<hdop>3.79</hdop>
	<extensions>
		<gpxtpx:TrackPointExtension>
			<gpxtpx:course>90.0</gpxtpx:course>
		</gpxtpx:TrackPointExtension>
	</extensions>
</trkpt>
<trkpt lat="46.3718696" lon="15.0770743">
	<ele>368.94</ele>
	<time>2026-07-21T08:32:54.992Z</time>
	<hdop>3.79</hdop>
	<extensions>
		<gpxtpx:TrackPointExtension>
			<gpxtpx:course>89.0</gpxtpx:course>
		</gpxtpx:TrackPointExtension>
	</extensions>
</trkpt>
<trkpt lat="46.3718708" lon="15.0776251">
	<ele>367.68</ele>
	<time>2026-07-21T08:33:00.993Z</time>
	<hdop>3.79</hdop>
	<extensions>
		<gpxtpx:TrackPointExtension>
			<gpxtpx:course>90.0</gpxtpx:course>
		</gpxtpx:TrackPointExtension>
	</extensions>
</trkpt>
<trkpt lat="46.3719463" lon="15.0782532">
	<ele>368.14</ele>
	<time>2026-07-21T08:33:06.991Z</time>
	<hdop>3.79</hdop>
	<extensions>
		<gpxtpx:TrackPointExtension>
			<gpxtpx:course>75.0</gpxtpx:course>
		</gpxtpx:TrackPointExtension>
	</extensions>
</trkpt>
<trkpt lat="46.3719670" lon="15.0786686">
	<ele>368.32</ele>
	<time>2026-07-21T08:33:11.991Z</time>
	<hdop>3.79</hdop>
	<extensions>
		<gpxtpx:TrackPointExtension>
			<gpxtpx:course>114.0</gpxtpx:course>
		</gpxtpx:TrackPointExtension>
	</extensions>
</trkpt>
<trkpt lat="46.3718024" lon="15.0789046">
	<ele>367.52</ele>
	<time>2026-07-21T08:33:16.993Z</time>
	<hdop>3.79</hdop>
	<extensions>
		<gpxtpx:TrackPointExtension>
			<gpxtpx:course>134.0</gpxtpx:course>
		</gpxtpx:TrackPointExtension>
	</extensions>
</trkpt>
<trkpt lat="46.3715952" lon="15.0792412">
	<ele>366.88</ele>
	<time>2026-07-21T08:33:22.991Z</time>
	<hdop>3.79</hdop>
	<extensions>
		<gpxtpx:TrackPointExtension>
			<gpxtpx:course>126.0</gpxtpx:course>
		</gpxtpx:TrackPointExtension>
	</extensions>
</trkpt>
<trkpt lat="46.3714390" lon="15.0796213">
	<ele>367.43</ele>
	<time>2026-07-21T08:33:27.991Z</time>
	<hdop>3.79</hdop>
	<extensions>
		<gpxtpx:TrackPointExtension>
			<gpxtpx:course>116.0</gpxtpx:course>
		</gpxtpx:TrackPointExtension>
	</extensions>
</trkpt>
<trkpt lat="46.3712913" lon="15.0800213">
	<ele>368.28</ele>
	<time>2026-07-21T08:33:32.992Z</time>
	<hdop>3.79</hdop>
	<extensions>
		<gpxtpx:TrackPointExtension>
			<gpxtpx:course>124.0</gpxtpx:course>
		</gpxtpx:TrackPointExtension>
	</extensions>
</trkpt>
<trkpt lat="46.3710763" lon="15.0805009">
	<ele>367.49</ele>
	<time>2026-07-21T08:33:38.992Z</time>
	<hdop>3.79</hdop>
	<extensions>
		<gpxtpx:TrackPointExtension>
			<gpxtpx:course>122.0</gpxtpx:course>
		</gpxtpx:TrackPointExtension>
	</extensions>
</trkpt>
<trkpt lat="46.3709095" lon="15.0809240">
	<ele>366.87</ele>
	<time>2026-07-21T08:33:43.992Z</time>
	<hdop>3.79</hdop>
	<extensions>
		<gpxtpx:TrackPointExtension>
			<gpxtpx:course>116.0</gpxtpx:course>
		</gpxtpx:TrackPointExtension>
	</extensions>
</trkpt>
<trkpt lat="46.3707279" lon="15.0814849">
	<ele>367.17</ele>
	<time>2026-07-21T08:33:49.991Z</time>
	<hdop>3.79</hdop>
	<extensions>
		<gpxtpx:TrackPointExtension>
			<gpxtpx:course>113.0</gpxtpx:course>
		</gpxtpx:TrackPointExtension>
	</extensions>
</trkpt>
<trkpt lat="46.3705932" lon="15.0819666">
	<ele>367.13</ele>
	<time>2026-07-21T08:33:54.991Z</time>
	<hdop>3.79</hdop>
	<extensions>
		<gpxtpx:TrackPointExtension>
			<gpxtpx:course>112.0</gpxtpx:course>
		</gpxtpx:TrackPointExtension>
	</extensions>
</trkpt>
<trkpt lat="46.3704855" lon="15.0824616">
	<ele>367.22</ele>
	<time>2026-07-21T08:33:59.993Z</time>
	<hdop>3.79</hdop>
	<extensions>
		<gpxtpx:TrackPointExtension>
			<gpxtpx:course>102.0</gpxtpx:course>
		</gpxtpx:TrackPointExtension>
	</extensions>
</trkpt>
<trkpt lat="46.3703755" lon="15.0830704">
	<ele>368.10</ele>
	<time>2026-07-21T08:34:05.991Z</time>
	<hdop>3.79</hdop>
	<extensions>
		<gpxtpx:TrackPointExtension>
			<gpxtpx:course>110.0</gpxtpx:course>
		</gpxtpx:TrackPointExtension>
	</extensions>
</trkpt>
<trkpt lat="46.3702250" lon="15.0836579">
	<ele>369.22</ele>
	<time>2026-07-21T08:34:11.993Z</time>
	<hdop>3.79</hdop>
	<extensions>
		<gpxtpx:TrackPointExtension>
			<gpxtpx:course>110.0</gpxtpx:course>
		</gpxtpx:TrackPointExtension>
	</extensions>
</trkpt>
<trkpt lat="46.3700862" lon="15.0842226">
	<ele>369.73</ele>
	<time>2026-07-21T08:34:17.992Z</time>
	<hdop>3.79</hdop>
	<extensions>
		<gpxtpx:TrackPointExtension>
			<gpxtpx:course>107.0</gpxtpx:course>
		</gpxtpx:TrackPointExtension>
	</extensions>
</trkpt>
<trkpt lat="46.3699869" lon="15.0847890">
	<ele>369.27</ele>
	<time>2026-07-21T08:34:23.992Z</time>
	<hdop>3.79</hdop>
	<extensions>
		<gpxtpx:TrackPointExtension>
			<gpxtpx:course>103.0</gpxtpx:course>
		</gpxtpx:TrackPointExtension>
	</extensions>
</trkpt>
<trkpt lat="46.3699141" lon="15.0852737">
	<ele>369.13</ele>
	<time>2026-07-21T08:34:28.992Z</time>
	<hdop>3.79</hdop>
	<extensions>
		<gpxtpx:TrackPointExtension>
			<gpxtpx:course>100.0</gpxtpx:course>
		</gpxtpx:TrackPointExtension>
	</extensions>
</trkpt>
<trkpt lat="46.3698515" lon="15.0857659">
	<ele>369.41</ele>
	<time>2026-07-21T08:34:33.993Z</time>
	<hdop>3.79</hdop>
	<extensions>
		<gpxtpx:TrackPointExtension>
			<gpxtpx:course>103.0</gpxtpx:course>
		</gpxtpx:TrackPointExtension>
	</extensions>
</trkpt>
<trkpt lat="46.3697645" lon="15.0863323">
	<ele>369.88</ele>
	<time>2026-07-21T08:34:39.991Z</time>
	<hdop>3.79</hdop>
	<extensions>
		<gpxtpx:TrackPointExtension>
			<gpxtpx:course>104.0</gpxtpx:course>
		</gpxtpx:TrackPointExtension>
	</extensions>
</trkpt>
<trkpt lat="46.3697156" lon="15.0867353">
	<ele>370.11</ele>
	<time>2026-07-21T08:34:44.992Z</time>
	<hdop>3.79</hdop>
	<extensions>
		<gpxtpx:TrackPointExtension>
			<gpxtpx:course>95.0</gpxtpx:course>
		</gpxtpx:TrackPointExtension>
	</extensions>
</trkpt>
<trkpt lat="46.3695523" lon="15.0869599">
	<ele>370.60</ele>
	<time>2026-07-21T08:34:50.992Z</time>
	<hdop>3.79</hdop>
	<extensions>
		<gpxtpx:TrackPointExtension>
			<gpxtpx:course>156.0</gpxtpx:course>
		</gpxtpx:TrackPointExtension>
	</extensions>
</trkpt>
<trkpt lat="46.3693581" lon="15.0870189">
	<ele>371.40</ele>
	<time>2026-07-21T08:34:56.992Z</time>
	<hdop>3.79</hdop>
	<extensions>
		<gpxtpx:TrackPointExtension>
			<gpxtpx:course>177.0</gpxtpx:course>
		</gpxtpx:TrackPointExtension>
	</extensions>
</trkpt>
<trkpt lat="46.3692086" lon="15.0869527">
	<ele>371.95</ele>
	<time>2026-07-21T08:35:01.992Z</time>
	<hdop>3.79</hdop>
	<extensions>
		<gpxtpx:TrackPointExtension>
			<gpxtpx:course>225.0</gpxtpx:course>
		</gpxtpx:TrackPointExtension>
	</extensions>
</trkpt>
<trkpt lat="46.3690326" lon="15.0867808">
	<ele>372.22</ele>
	<time>2026-07-21T08:35:06.993Z</time>
	<hdop>3.79</hdop>
	<extensions>
		<gpxtpx:TrackPointExtension>
			<gpxtpx:course>198.0</gpxtpx:course>
		</gpxtpx:TrackPointExtension>
	</extensions>
</trkpt>
<trkpt lat="46.3687676" lon="15.0867072">
	<ele>372.18</ele>
	<time>2026-07-21T08:35:12.991Z</time>
	<hdop>3.79</hdop>
	<extensions>
		<gpxtpx:TrackPointExtension>
			<gpxtpx:course>179.0</gpxtpx:course>
		</gpxtpx:TrackPointExtension>
	</extensions>
</trkpt>
<trkpt lat="46.3685737" lon="15.0868707">
	<ele>372.24</ele>
	<time>2026-07-21T08:35:17.992Z</time>
	<hdop>3.79</hdop>
	<extensions>
		<gpxtpx:TrackPointExtension>
			<gpxtpx:course>125.0</gpxtpx:course>
		</gpxtpx:TrackPointExtension>
	</extensions>
</trkpt>
<trkpt lat="46.3685108" lon="15.0873592">
	<ele>372.77</ele>
	<time>2026-07-21T08:35:23.991Z</time>
	<hdop>3.79</hdop>
	<extensions>
		<gpxtpx:TrackPointExtension>
			<gpxtpx:course>101.0</gpxtpx:course>
		</gpxtpx:TrackPointExtension>
	</extensions>
</trkpt>
<trkpt lat="46.3684558" lon="15.0879153">
	<ele>373.04</ele>
	<time>2026-07-21T08:35:29.992Z</time>
	<hdop>3.79</hdop>
	<extensions>
		<gpxtpx:TrackPointExtension>
			<gpxtpx:course>100.0</gpxtpx:course>
		</gpxtpx:TrackPointExtension>
	</extensions>
</trkpt>
<trkpt lat="46.3683909" lon="15.0885075">
	<ele>372.96</ele>
	<time>2026-07-21T08:35:35.992Z</time>
	<hdop>3.79</hdop>
	<extensions>
		<gpxtpx:TrackPointExtension>
			<gpxtpx:course>100.0</gpxtpx:course>
		</gpxtpx:TrackPointExtension>
	</extensions>
</trkpt>
<trkpt lat="46.3683286" lon="15.0891130">
	<ele>372.97</ele>
	<time>2026-07-21T08:35:41.991Z</time>
	<hdop>3.79</hdop>
	<extensions>
		<gpxtpx:TrackPointExtension>
			<gpxtpx:course>98.0</gpxtpx:course>
		</gpxtpx:TrackPointExtension>
	</extensions>
</trkpt>
<trkpt lat="46.3682758" lon="15.0896120">
	<ele>373.71</ele>
	<time>2026-07-21T08:35:46.991Z</time>
	<hdop>3.79</hdop>
	<extensions>
		<gpxtpx:TrackPointExtension>
			<gpxtpx:course>98.0</gpxtpx:course>
		</gpxtpx:TrackPointExtension>
	</extensions>
</trkpt>
<trkpt lat="46.3682604" lon="15.0900567">
	<ele>374.18</ele>
	<time>2026-07-21T08:35:51.992Z</time>
	<hdop>3.79</hdop>
	<extensions>
		<gpxtpx:TrackPointExtension>
			<gpxtpx:course>74.0</gpxtpx:course>
		</gpxtpx:TrackPointExtension>
	</extensions>
</trkpt>
<trkpt lat="46.3683178" lon="15.0906048">
	<ele>373.35</ele>
	<time>2026-07-21T08:35:57.991Z</time>
	<hdop>3.79</hdop>
	<extensions>
		<gpxtpx:TrackPointExtension>
			<gpxtpx:course>97.0</gpxtpx:course>
		</gpxtpx:TrackPointExtension>
	</extensions>
</trkpt>
<trkpt lat="46.3682624" lon="15.0911216">
	<ele>373.09</ele>
	<time>2026-07-21T08:36:02.991Z</time>
	<hdop>3.79</hdop>
	<extensions>
		<gpxtpx:TrackPointExtension>
			<gpxtpx:course>98.0</gpxtpx:course>
		</gpxtpx:TrackPointExtension>
	</extensions>
</trkpt>
<trkpt lat="46.3682024" lon="15.0916298">
	<ele>373.29</ele>
	<time>2026-07-21T08:36:07.991Z</time>
	<hdop>3.79</hdop>
	<extensions>
		<gpxtpx:TrackPointExtension>
			<gpxtpx:course>100.0</gpxtpx:course>
		</gpxtpx:TrackPointExtension>
	</extensions>
</trkpt>
<trkpt lat="46.3681381" lon="15.0921349">
	<ele>374.03</ele>
	<time>2026-07-21T08:36:12.991Z</time>
	<hdop>3.79</hdop>
	<extensions>
		<gpxtpx:TrackPointExtension>
			<gpxtpx:course>97.0</gpxtpx:course>
		</gpxtpx:TrackPointExtension>
	</extensions>
</trkpt>
<trkpt lat="46.3681158" lon="15.0925801">
	<ele>374.49</ele>
	<time>2026-07-21T08:36:17.992Z</time>
	<hdop>3.79</hdop>
	<extensions>
		<gpxtpx:TrackPointExtension>
			<gpxtpx:course>84.0</gpxtpx:course>
		</gpxtpx:TrackPointExtension>
	</extensions>
</trkpt>
<trkpt lat="46.3680270" lon="15.0928963">
	<ele>374.44</ele>
	<time>2026-07-21T08:36:22.993Z</time>
	<hdop>3.79</hdop>
	<extensions>
		<gpxtpx:TrackPointExtension>
			<gpxtpx:course>154.0</gpxtpx:course>
		</gpxtpx:TrackPointExtension>
	</extensions>
</trkpt>
<trkpt lat="46.3679798" lon="15.0933377">
	<ele>374.52</ele>
	<time>2026-07-21T08:36:28.992Z</time>
	<hdop>3.79</hdop>
	<extensions>
		<gpxtpx:TrackPointExtension>
			<gpxtpx:course>75.0</gpxtpx:course>
		</gpxtpx:TrackPointExtension>
	</extensions>
</trkpt>
<trkpt lat="46.3680210" lon="15.0938780">
	<ele>375.23</ele>
	<time>2026-07-21T08:36:34.991Z</time>
	<hdop>3.79</hdop>
	<extensions>
		<gpxtpx:TrackPointExtension>
			<gpxtpx:course>88.0</gpxtpx:course>
		</gpxtpx:TrackPointExtension>
	</extensions>
</trkpt>
<trkpt lat="46.3679785" lon="15.0943439">
	<ele>375.95</ele>
	<time>2026-07-21T08:36:39.991Z</time>
	<hdop>3.79</hdop>
	<extensions>
		<gpxtpx:TrackPointExtension>
			<gpxtpx:course>98.0</gpxtpx:course>
		</gpxtpx:TrackPointExtension>
	</extensions>
</trkpt>
<trkpt lat="46.3678763" lon="15.0948960">
	<ele>376.10</ele>
	<time>2026-07-21T08:36:45.992Z</time>
	<hdop>3.79</hdop>
	<extensions>
		<gpxtpx:TrackPointExtension>
			<gpxtpx:course>113.0</gpxtpx:course>
		</gpxtpx:TrackPointExtension>
	</extensions>
</trkpt>
<trkpt lat="46.3676978" lon="15.0954228">
	<ele>377.07</ele>
	<time>2026-07-21T08:36:51.993Z</time>
	<hdop>3.79</hdop>
	<extensions>
		<gpxtpx:TrackPointExtension>
			<gpxtpx:course>115.0</gpxtpx:course>
		</gpxtpx:TrackPointExtension>
	</extensions>
</trkpt>
<trkpt lat="46.3675271" lon="15.0959441">
	<ele>377.98</ele>
	<time>2026-07-21T08:36:57.992Z</time>
	<hdop>3.79</hdop>
	<extensions>
		<gpxtpx:TrackPointExtension>
			<gpxtpx:course>116.0</gpxtpx:course>
		</gpxtpx:TrackPointExtension>
	</extensions>
</trkpt>
<trkpt lat="46.3673468" lon="15.0964781">
	<ele>378.13</ele>
	<time>2026-07-21T08:37:03.992Z</time>
	<hdop>3.79</hdop>
	<extensions>
		<gpxtpx:TrackPointExtension>
			<gpxtpx:course>117.0</gpxtpx:course>
		</gpxtpx:TrackPointExtension>
	</extensions>
</trkpt>
<trkpt lat="46.3671854" lon="15.0970155">
	<ele>378.62</ele>
	<time>2026-07-21T08:37:09.992Z</time>
	<hdop>3.79</hdop>
	<extensions>
		<gpxtpx:TrackPointExtension>
			<gpxtpx:course>115.0</gpxtpx:course>
		</gpxtpx:TrackPointExtension>
	</extensions>
</trkpt>
<trkpt lat="46.3670154" lon="15.0975533">
	<ele>379.06</ele>
	<time>2026-07-21T08:37:15.991Z</time>
	<hdop>3.79</hdop>
	<extensions>
		<gpxtpx:TrackPointExtension>
			<gpxtpx:course>115.0</gpxtpx:course>
		</gpxtpx:TrackPointExtension>
	</extensions>
</trkpt>
<trkpt lat="46.3668429" lon="15.0979772">
	<ele>379.59</ele>
	<time>2026-07-21T08:37:20.991Z</time>
	<hdop>3.79</hdop>
	<extensions>
		<gpxtpx:TrackPointExtension>
			<gpxtpx:course>123.0</gpxtpx:course>
		</gpxtpx:TrackPointExtension>
	</extensions>
</trkpt>
<trkpt lat="46.3666688" lon="15.0984051">
	<ele>380.02</ele>
	<time>2026-07-21T08:37:25.991Z</time>
	<hdop>3.79</hdop>
	<extensions>
		<gpxtpx:TrackPointExtension>
			<gpxtpx:course>119.0</gpxtpx:course>
		</gpxtpx:TrackPointExtension>
	</extensions>
</trkpt>
<trkpt lat="46.3664716" lon="15.0989026">
	<ele>379.99</ele>
	<time>2026-07-21T08:37:31.991Z</time>
	<hdop>3.79</hdop>
	<extensions>
		<gpxtpx:TrackPointExtension>
			<gpxtpx:course>117.0</gpxtpx:course>
		</gpxtpx:TrackPointExtension>
	</extensions>
</trkpt>
<trkpt lat="46.3662965" lon="15.0993161">
	<ele>380.58</ele>
	<time>2026-07-21T08:37:36.991Z</time>
	<hdop>3.79</hdop>
	<extensions>
		<gpxtpx:TrackPointExtension>
			<gpxtpx:course>118.0</gpxtpx:course>
		</gpxtpx:TrackPointExtension>
	</extensions>
</trkpt>
<trkpt lat="46.3661187" lon="15.0997456">
	<ele>382.00</ele>
	<time>2026-07-21T08:37:41.991Z</time>
	<hdop>3.79</hdop>
	<extensions>
		<gpxtpx:TrackPointExtension>
			<gpxtpx:course>119.0</gpxtpx:course>
		</gpxtpx:TrackPointExtension>
	</extensions>
</trkpt>
<trkpt lat="46.3659699" lon="15.1001795">
	<ele>382.98</ele>
	<time>2026-07-21T08:37:46.991Z</time>
	<hdop>3.79</hdop>
	<extensions>
		<gpxtpx:TrackPointExtension>
			<gpxtpx:course>121.0</gpxtpx:course>
		</gpxtpx:TrackPointExtension>
	</extensions>
</trkpt>
<trkpt lat="46.3658251" lon="15.1005757">
	<ele>383.00</ele>
	<time>2026-07-21T08:37:51.992Z</time>
	<hdop>3.79</hdop>
	<extensions>
		<gpxtpx:TrackPointExtension>
			<gpxtpx:course>117.0</gpxtpx:course>
		</gpxtpx:TrackPointExtension>
	</extensions>
</trkpt>
<trkpt lat="46.3656979" lon="15.1010250">
	<ele>383.14</ele>
	<time>2026-07-21T08:37:57.992Z</time>
	<hdop>3.79</hdop>
	<extensions>
		<gpxtpx:TrackPointExtension>
			<gpxtpx:course>100.0</gpxtpx:course>
		</gpxtpx:TrackPointExtension>
	</extensions>
</trkpt>
<trkpt lat="46.3655739" lon="15.1012972">
	<ele>383.38</ele>
	<time>2026-07-21T08:38:02.992Z</time>
	<hdop>3.79</hdop>
	<extensions>
		<gpxtpx:TrackPointExtension>
			<gpxtpx:course>128.0</gpxtpx:course>
		</gpxtpx:TrackPointExtension>
	</extensions>
</trkpt>
<trkpt lat="46.3654880" lon="15.1014609">
	<ele>383.59</ele>
	<time>2026-07-21T08:38:07.992Z</time>
	<hdop>3.79</hdop>
	<extensions>
		<gpxtpx:TrackPointExtension>
			<gpxtpx:course>188.0</gpxtpx:course>
		</gpxtpx:TrackPointExtension>
	</extensions>
</trkpt>
<trkpt lat="46.3654089" lon="15.1016532">
	<ele>383.84</ele>
	<time>2026-07-21T08:38:12.992Z</time>
	<hdop>3.79</hdop>
	<extensions>
		<gpxtpx:TrackPointExtension>
			<gpxtpx:course>75.0</gpxtpx:course>
		</gpxtpx:TrackPointExtension>
	</extensions>
</trkpt>
<trkpt lat="46.3654488" lon="15.1021034">
	<ele>384.78</ele>
	<time>2026-07-21T08:38:18.993Z</time>
	<hdop>3.79</hdop>
	<extensions>
		<gpxtpx:TrackPointExtension>
			<gpxtpx:course>87.0</gpxtpx:course>
		</gpxtpx:TrackPointExtension>
	</extensions>
</trkpt>
<trkpt lat="46.3654812" lon="15.1025698">
	<ele>385.96</ele>
	<time>2026-07-21T08:38:24.991Z</time>
	<hdop>3.79</hdop>
	<extensions>
		<gpxtpx:TrackPointExtension>
			<gpxtpx:course>95.0</gpxtpx:course>
		</gpxtpx:TrackPointExtension>
	</extensions>
</trkpt>
<trkpt lat="46.3655013" lon="15.1029573">
	<ele>386.49</ele>
	<time>2026-07-21T08:38:29.991Z</time>
	<hdop>3.79</hdop>
	<extensions>
		<gpxtpx:TrackPointExtension>
			<gpxtpx:course>87.0</gpxtpx:course>
		</gpxtpx:TrackPointExtension>
	</extensions>
</trkpt>
<trkpt lat="46.3654025" lon="15.1033419">
	<ele>386.78</ele>
	<time>2026-07-21T08:38:34.991Z</time>
	<hdop>3.79</hdop>
	<extensions>
		<gpxtpx:TrackPointExtension>
			<gpxtpx:course>123.0</gpxtpx:course>
		</gpxtpx:TrackPointExtension>
	</extensions>
</trkpt>
<trkpt lat="46.3652572" lon="15.1037196">
	<ele>387.43</ele>
	<time>2026-07-21T08:38:39.991Z</time>
	<hdop>3.79</hdop>
	<extensions>
		<gpxtpx:TrackPointExtension>
			<gpxtpx:course>117.0</gpxtpx:course>
		</gpxtpx:TrackPointExtension>
	</extensions>
</trkpt>
<trkpt lat="46.3651123" lon="15.1040776">
	<ele>388.65</ele>
	<time>2026-07-21T08:38:44.993Z</time>
	<hdop>3.79</hdop>
	<extensions>
		<gpxtpx:TrackPointExtension>
			<gpxtpx:course>120.0</gpxtpx:course>
		</gpxtpx:TrackPointExtension>
	</extensions>
</trkpt>
<trkpt lat="46.3649449" lon="15.1044800">
	<ele>390.28</ele>
	<time>2026-07-21T08:38:50.993Z</time>
	<hdop>3.79</hdop>
	<extensions>
		<gpxtpx:TrackPointExtension>
			<gpxtpx:course>126.0</gpxtpx:course>
		</gpxtpx:TrackPointExtension>
	</extensions>
</trkpt>
<trkpt lat="46.3647762" lon="15.1048035">
	<ele>390.97</ele>
	<time>2026-07-21T08:38:55.993Z</time>
	<hdop>3.79</hdop>
	<extensions>
		<gpxtpx:TrackPointExtension>
			<gpxtpx:course>131.0</gpxtpx:course>
		</gpxtpx:TrackPointExtension>
	</extensions>
</trkpt>
<trkpt lat="46.3645561" lon="15.1052112">
	<ele>390.59</ele>
	<time>2026-07-21T08:39:01.991Z</time>
	<hdop>3.79</hdop>
	<extensions>
		<gpxtpx:TrackPointExtension>
			<gpxtpx:course>120.0</gpxtpx:course>
		</gpxtpx:TrackPointExtension>
	</extensions>
</trkpt>
<trkpt lat="46.3644092" lon="15.1055773">
	<ele>390.63</ele>
	<time>2026-07-21T08:39:06.991Z</time>
	<hdop>3.79</hdop>
	<extensions>
		<gpxtpx:TrackPointExtension>
			<gpxtpx:course>115.0</gpxtpx:course>
		</gpxtpx:TrackPointExtension>
	</extensions>
</trkpt>
<trkpt lat="46.3642620" lon="15.1059806">
	<ele>391.21</ele>
	<time>2026-07-21T08:39:12.990Z</time>
	<hdop>3.79</hdop>
	<extensions>
		<gpxtpx:TrackPointExtension>
			<gpxtpx:course>116.0</gpxtpx:course>
		</gpxtpx:TrackPointExtension>
	</extensions>
</trkpt>
<trkpt lat="46.3640772" lon="15.1062047">
	<ele>391.33</ele>
	<time>2026-07-21T08:39:17.990Z</time>
	<hdop>3.79</hdop>
	<extensions>
		<gpxtpx:TrackPointExtension>
			<gpxtpx:course>182.0</gpxtpx:course>
		</gpxtpx:TrackPointExtension>
	</extensions>
</trkpt>
<trkpt lat="46.3638156" lon="15.1061802">
	<ele>389.33</ele>
	<time>2026-07-21T08:39:22.990Z</time>
	<hdop>3.79</hdop>
	<extensions>
		<gpxtpx:TrackPointExtension>
			<gpxtpx:course>188.0</gpxtpx:course>
		</gpxtpx:TrackPointExtension>
	</extensions>
</trkpt>
<trkpt lat="46.3635500" lon="15.1061938">
	<ele>387.36</ele>
	<time>2026-07-21T08:39:27.991Z</time>
	<hdop>3.79</hdop>
	<extensions>
		<gpxtpx:TrackPointExtension>
			<gpxtpx:course>169.0</gpxtpx:course>
		</gpxtpx:TrackPointExtension>
	</extensions>
</trkpt>
<trkpt lat="46.3633252" lon="15.1062857">
	<ele>386.46</ele>
	<time>2026-07-21T08:39:32.991Z</time>
	<hdop>3.79</hdop>
	<extensions>
		<gpxtpx:TrackPointExtension>
			<gpxtpx:course>165.0</gpxtpx:course>
		</gpxtpx:TrackPointExtension>
	</extensions>
</trkpt>
<trkpt lat="46.3631538" lon="15.1063565">
	<ele>386.21</ele>
	<time>2026-07-21T08:39:37.991Z</time>
	<hdop>3.79</hdop>
	<extensions>
		<gpxtpx:TrackPointExtension>
			<gpxtpx:course>171.0</gpxtpx:course>
		</gpxtpx:TrackPointExtension>
	</extensions>
</trkpt>
<trkpt lat="46.3630636" lon="15.1063780">
	<ele>386.10</ele>
	<time>2026-07-21T08:40:03.990Z</time>
	<hdop>3.79</hdop>
	<extensions>
		<gpxtpx:TrackPointExtension>
			<gpxtpx:course>169.0</gpxtpx:course>
		</gpxtpx:TrackPointExtension>
	</extensions>
</trkpt>
<trkpt lat="46.3629377" lon="15.1063784">
	<ele>385.94</ele>
	<time>2026-07-21T08:40:08.991Z</time>
	<hdop>3.79</hdop>
	<extensions>
		<gpxtpx:TrackPointExtension>
			<gpxtpx:course>142.0</gpxtpx:course>
		</gpxtpx:TrackPointExtension>
	</extensions>
</trkpt>
<trkpt lat="46.3629031" lon="15.1065112">
	<ele>386.25</ele>
	<time>2026-07-21T08:40:48.991Z</time>
	<hdop>3.79</hdop>
	<extensions>
		<gpxtpx:TrackPointExtension>
			<gpxtpx:course>109.0</gpxtpx:course>
		</gpxtpx:TrackPointExtension>
	</extensions>
</trkpt>
<trkpt lat="46.3628972" lon="15.1066585">
	<ele>386.62</ele>
	<time>2026-07-21T08:40:53.992Z</time>
	<hdop>3.79</hdop>
	<extensions>
		<gpxtpx:TrackPointExtension>
			<gpxtpx:course>148.0</gpxtpx:course>
		</gpxtpx:TrackPointExtension>
	</extensions>
</trkpt>
<trkpt lat="46.3629169" lon="15.1068453">
	<ele>387.12</ele>
	<time>2026-07-21T08:40:58.993Z</time>
	<hdop>3.79</hdop>
	<extensions>
		<gpxtpx:TrackPointExtension>
			<gpxtpx:course>78.0</gpxtpx:course>
		</gpxtpx:TrackPointExtension>
	</extensions>
</trkpt>
<trkpt lat="46.3629171" lon="15.1072336">
	<ele>388.24</ele>
	<time>2026-07-21T08:41:04.991Z</time>
	<hdop>3.79</hdop>
	<extensions>
		<gpxtpx:TrackPointExtension>
			<gpxtpx:course>97.0</gpxtpx:course>
		</gpxtpx:TrackPointExtension>
	</extensions>
</trkpt>
<trkpt lat="46.3628670" lon="15.1076601">
	<ele>388.54</ele>
	<time>2026-07-21T08:41:10.992Z</time>
	<hdop>3.79</hdop>
	<extensions>
		<gpxtpx:TrackPointExtension>
			<gpxtpx:course>102.0</gpxtpx:course>
		</gpxtpx:TrackPointExtension>
	</extensions>
</trkpt>
<trkpt lat="46.3627945" lon="15.1081082">
	<ele>387.82</ele>
	<time>2026-07-21T08:41:16.991Z</time>
	<hdop>3.79</hdop>
	<extensions>
		<gpxtpx:TrackPointExtension>
			<gpxtpx:course>108.0</gpxtpx:course>
		</gpxtpx:TrackPointExtension>
	</extensions>
</trkpt>
<trkpt lat="46.3626834" lon="15.1084945">
	<ele>387.57</ele>
	<time>2026-07-21T08:41:21.991Z</time>
	<hdop>3.79</hdop>
	<extensions>
		<gpxtpx:TrackPointExtension>
			<gpxtpx:course>115.0</gpxtpx:course>
		</gpxtpx:TrackPointExtension>
	</extensions>
</trkpt>
<trkpt lat="46.3625419" lon="15.1088825">
	<ele>387.79</ele>
	<time>2026-07-21T08:41:26.992Z</time>
	<hdop>3.79</hdop>
	<extensions>
		<gpxtpx:TrackPointExtension>
			<gpxtpx:course>119.0</gpxtpx:course>
		</gpxtpx:TrackPointExtension>
	</extensions>
</trkpt>
<trkpt lat="46.3624254" lon="15.1092785">
	<ele>387.83</ele>
	<time>2026-07-21T08:41:31.992Z</time>
	<hdop>3.79</hdop>
	<extensions>
		<gpxtpx:TrackPointExtension>
			<gpxtpx:course>112.0</gpxtpx:course>
		</gpxtpx:TrackPointExtension>
	</extensions>
</trkpt>
<trkpt lat="46.3623307" lon="15.1096843">
	<ele>387.51</ele>
	<time>2026-07-21T08:41:36.992Z</time>
	<hdop>3.79</hdop>
	<extensions>
		<gpxtpx:TrackPointExtension>
			<gpxtpx:course>106.0</gpxtpx:course>
		</gpxtpx:TrackPointExtension>
	</extensions>
</trkpt>
<trkpt lat="46.3622753" lon="15.1102118">
	<ele>387.69</ele>
	<time>2026-07-21T08:41:42.993Z</time>
	<hdop>3.79</hdop>
	<extensions>
		<gpxtpx:TrackPointExtension>
			<gpxtpx:course>100.0</gpxtpx:course>
		</gpxtpx:TrackPointExtension>
	</extensions>
</trkpt>
<trkpt lat="46.3622200" lon="15.1106765">
	<ele>388.46</ele>
	<time>2026-07-21T08:41:48.990Z</time>
	<hdop>3.79</hdop>
	<extensions>
		<gpxtpx:TrackPointExtension>
			<gpxtpx:course>98.0</gpxtpx:course>
		</gpxtpx:TrackPointExtension>
	</extensions>
</trkpt>
<trkpt lat="46.3621883" lon="15.1110906">
	<ele>388.99</ele>
	<time>2026-07-21T08:41:53.992Z</time>
	<hdop>3.79</hdop>
	<extensions>
		<gpxtpx:TrackPointExtension>
			<gpxtpx:course>94.0</gpxtpx:course>
		</gpxtpx:TrackPointExtension>
	</extensions>
</trkpt>
<trkpt lat="46.3621740" lon="15.1115486">
	<ele>389.31</ele>
	<time>2026-07-21T08:41:58.992Z</time>
	<hdop>3.79</hdop>
	<extensions>
		<gpxtpx:TrackPointExtension>
			<gpxtpx:course>90.0</gpxtpx:course>
		</gpxtpx:TrackPointExtension>
	</extensions>
</trkpt>
<trkpt lat="46.3621776" lon="15.1120196">
	<ele>389.55</ele>
	<time>2026-07-21T08:42:03.992Z</time>
	<hdop>3.79</hdop>
	<extensions>
		<gpxtpx:TrackPointExtension>
			<gpxtpx:course>90.0</gpxtpx:course>
		</gpxtpx:TrackPointExtension>
	</extensions>
</trkpt>
<trkpt lat="46.3622073" lon="15.1125824">
	<ele>389.77</ele>
	<time>2026-07-21T08:42:09.992Z</time>
	<hdop>3.79</hdop>
	<extensions>
		<gpxtpx:TrackPointExtension>
			<gpxtpx:course>82.0</gpxtpx:course>
		</gpxtpx:TrackPointExtension>
	</extensions>
</trkpt>
<trkpt lat="46.3622694" lon="15.1131386">
	<ele>390.13</ele>
	<time>2026-07-21T08:42:15.991Z</time>
	<hdop>3.79</hdop>
	<extensions>
		<gpxtpx:TrackPointExtension>
			<gpxtpx:course>75.0</gpxtpx:course>
		</gpxtpx:TrackPointExtension>
	</extensions>
</trkpt>
<trkpt lat="46.3623519" lon="15.1135926">
	<ele>390.75</ele>
	<time>2026-07-21T08:42:20.992Z</time>
	<hdop>3.79</hdop>
	<extensions>
		<gpxtpx:TrackPointExtension>
			<gpxtpx:course>71.0</gpxtpx:course>
		</gpxtpx:TrackPointExtension>
	</extensions>
</trkpt>
<trkpt lat="46.3624358" lon="15.1141261">
	<ele>391.66</ele>
	<time>2026-07-21T08:42:26.992Z</time>
	<hdop>3.79</hdop>
	<extensions>
		<gpxtpx:TrackPointExtension>
			<gpxtpx:course>76.0</gpxtpx:course>
		</gpxtpx:TrackPointExtension>
	</extensions>
</trkpt>
<trkpt lat="46.3625207" lon="15.1146435">
	<ele>392.54</ele>
	<time>2026-07-21T08:42:32.992Z</time>
	<hdop>3.79</hdop>
	<extensions>
		<gpxtpx:TrackPointExtension>
			<gpxtpx:course>80.0</gpxtpx:course>
		</gpxtpx:TrackPointExtension>
	</extensions>
</trkpt>
<trkpt lat="46.3625918" lon="15.1150586">
	<ele>393.49</ele>
	<time>2026-07-21T08:42:37.992Z</time>
	<hdop>3.79</hdop>
	<extensions>
		<gpxtpx:TrackPointExtension>
			<gpxtpx:course>77.0</gpxtpx:course>
		</gpxtpx:TrackPointExtension>
	</extensions>
</trkpt>
<trkpt lat="46.3626665" lon="15.1155582">
	<ele>395.23</ele>
	<time>2026-07-21T08:42:43.992Z</time>
	<hdop>3.79</hdop>
	<extensions>
		<gpxtpx:TrackPointExtension>
			<gpxtpx:course>76.0</gpxtpx:course>
		</gpxtpx:TrackPointExtension>
	</extensions>
</trkpt>
<trkpt lat="46.3627412" lon="15.1159929">
	<ele>396.21</ele>
	<time>2026-07-21T08:42:49.992Z</time>
	<hdop>3.79</hdop>
	<extensions>
		<gpxtpx:TrackPointExtension>
			<gpxtpx:course>77.0</gpxtpx:course>
		</gpxtpx:TrackPointExtension>
	</extensions>
</trkpt>
<trkpt lat="46.3627548" lon="15.1163610">
	<ele>396.08</ele>
	<time>2026-07-21T08:42:55.991Z</time>
	<hdop>3.79</hdop>
	<extensions>
		<gpxtpx:TrackPointExtension>
			<gpxtpx:course>96.0</gpxtpx:course>
		</gpxtpx:TrackPointExtension>
	</extensions>
</trkpt>
<trkpt lat="46.3627935" lon="15.1165836">
	<ele>395.94</ele>
	<time>2026-07-21T08:43:00.992Z</time>
	<hdop>3.79</hdop>
	<extensions>
		<gpxtpx:TrackPointExtension>
			<gpxtpx:course>76.0</gpxtpx:course>
		</gpxtpx:TrackPointExtension>
	</extensions>
</trkpt>
<trkpt lat="46.3628227" lon="15.1168228">
	<ele>395.79</ele>
	<time>2026-07-21T08:43:06.992Z</time>
	<hdop>3.79</hdop>
	<extensions>
		<gpxtpx:TrackPointExtension>
			<gpxtpx:course>83.0</gpxtpx:course>
		</gpxtpx:TrackPointExtension>
	</extensions>
</trkpt>
<trkpt lat="46.3628254" lon="15.1170195">
	<ele>395.57</ele>
	<time>2026-07-21T08:43:12.991Z</time>
	<hdop>3.79</hdop>
	<extensions>
		<gpxtpx:TrackPointExtension>
			<gpxtpx:course>83.0</gpxtpx:course>
		</gpxtpx:TrackPointExtension>
	</extensions>
</trkpt>
<trkpt lat="46.3628789" lon="15.1172270">
	<ele>395.50</ele>
	<time>2026-07-21T08:43:17.991Z</time>
	<hdop>3.79</hdop>
	<extensions>
		<gpxtpx:TrackPointExtension>
			<gpxtpx:course>63.0</gpxtpx:course>
		</gpxtpx:TrackPointExtension>
	</extensions>
</trkpt>
<trkpt lat="46.3629863" lon="15.1174135">
	<ele>395.78</ele>
	<time>2026-07-21T08:43:23.992Z</time>
	<hdop>3.79</hdop>
	<extensions>
		<gpxtpx:TrackPointExtension>
			<gpxtpx:course>54.0</gpxtpx:course>
		</gpxtpx:TrackPointExtension>
	</extensions>
</trkpt>
<trkpt lat="46.3630272" lon="15.1177305">
	<ele>395.89</ele>
	<time>2026-07-21T08:43:29.992Z</time>
	<hdop>3.79</hdop>
	<extensions>
		<gpxtpx:TrackPointExtension>
			<gpxtpx:course>78.0</gpxtpx:course>
		</gpxtpx:TrackPointExtension>
	</extensions>
</trkpt>
<trkpt lat="46.3630838" lon="15.1181170">
	<ele>396.15</ele>
	<time>2026-07-21T08:43:35.990Z</time>
	<hdop>3.79</hdop>
	<extensions>
		<gpxtpx:TrackPointExtension>
			<gpxtpx:course>81.0</gpxtpx:course>
		</gpxtpx:TrackPointExtension>
	</extensions>
</trkpt>
<trkpt lat="46.3631392" lon="15.1184611">
	<ele>396.27</ele>
	<time>2026-07-21T08:43:40.991Z</time>
	<hdop>3.79</hdop>
	<extensions>
		<gpxtpx:TrackPointExtension>
			<gpxtpx:course>77.0</gpxtpx:course>
		</gpxtpx:TrackPointExtension>
	</extensions>
</trkpt>
<trkpt lat="46.3632022" lon="15.1188074">
	<ele>396.19</ele>
	<time>2026-07-21T08:43:45.992Z</time>
	<hdop>3.79</hdop>
	<extensions>
		<gpxtpx:TrackPointExtension>
			<gpxtpx:course>76.0</gpxtpx:course>
		</gpxtpx:TrackPointExtension>
	</extensions>
</trkpt>
<trkpt lat="46.3632493" lon="15.1192723">
	<ele>396.05</ele>
	<time>2026-07-21T08:43:51.992Z</time>
	<hdop>3.79</hdop>
	<extensions>
		<gpxtpx:TrackPointExtension>
			<gpxtpx:course>81.0</gpxtpx:course>
		</gpxtpx:TrackPointExtension>
	</extensions>
</trkpt>
<trkpt lat="46.3632784" lon="15.1196684">
	<ele>396.31</ele>
	<time>2026-07-21T08:43:56.993Z</time>
	<hdop>3.79</hdop>
	<extensions>
		<gpxtpx:TrackPointExtension>
			<gpxtpx:course>88.0</gpxtpx:course>
		</gpxtpx:TrackPointExtension>
	</extensions>
</trkpt>
<trkpt lat="46.3633082" lon="15.1201366">
	<ele>396.53</ele>
	<time>2026-07-21T08:44:02.991Z</time>
	<hdop>3.79</hdop>
	<extensions>
		<gpxtpx:TrackPointExtension>
			<gpxtpx:course>93.0</gpxtpx:course>
		</gpxtpx:TrackPointExtension>
	</extensions>
</trkpt>
<trkpt lat="46.3632536" lon="15.1205112">
	<ele>395.47</ele>
	<time>2026-07-21T08:44:07.991Z</time>
	<hdop>3.79</hdop>
	<extensions>
		<gpxtpx:TrackPointExtension>
			<gpxtpx:course>110.0</gpxtpx:course>
		</gpxtpx:TrackPointExtension>
	</extensions>
</trkpt>
<trkpt lat="46.3631525" lon="15.1208631">
	<ele>394.39</ele>
	<time>2026-07-21T08:44:12.993Z</time>
	<hdop>3.79</hdop>
	<extensions>
		<gpxtpx:TrackPointExtension>
			<gpxtpx:course>110.0</gpxtpx:course>
		</gpxtpx:TrackPointExtension>
	</extensions>
</trkpt>
<trkpt lat="46.3630759" lon="15.1212619">
	<ele>394.11</ele>
	<time>2026-07-21T08:44:18.991Z</time>
	<hdop>3.79</hdop>
	<extensions>
		<gpxtpx:TrackPointExtension>
			<gpxtpx:course>100.0</gpxtpx:course>
		</gpxtpx:TrackPointExtension>
	</extensions>
</trkpt>
<trkpt lat="46.3630305" lon="15.1215958">
	<ele>394.28</ele>
	<time>2026-07-21T08:44:23.991Z</time>
	<hdop>3.79</hdop>
	<extensions>
		<gpxtpx:TrackPointExtension>
			<gpxtpx:course>92.0</gpxtpx:course>
		</gpxtpx:TrackPointExtension>
	</extensions>
</trkpt>
<trkpt lat="46.3630125" lon="15.1218860">
	<ele>394.54</ele>
	<time>2026-07-21T08:44:28.991Z</time>
	<hdop>3.79</hdop>
	<extensions>
		<gpxtpx:TrackPointExtension>
			<gpxtpx:course>116.0</gpxtpx:course>
		</gpxtpx:TrackPointExtension>
	</extensions>
</trkpt>
<trkpt lat="46.3629826" lon="15.1221505">
	<ele>394.82</ele>
	<time>2026-07-21T08:44:33.991Z</time>
	<hdop>3.79</hdop>
	<extensions>
		<gpxtpx:TrackPointExtension>
			<gpxtpx:course>74.0</gpxtpx:course>
		</gpxtpx:TrackPointExtension>
	</extensions>
</trkpt>
<trkpt lat="46.3630438" lon="15.1225024">
	<ele>395.31</ele>
	<time>2026-07-21T08:44:38.991Z</time>
	<hdop>3.79</hdop>
	<extensions>
		<gpxtpx:TrackPointExtension>
			<gpxtpx:course>77.0</gpxtpx:course>
		</gpxtpx:TrackPointExtension>
	</extensions>
</trkpt>
<trkpt lat="46.3630949" lon="15.1228736">
	<ele>396.26</ele>
	<time>2026-07-21T08:44:43.992Z</time>
	<hdop>3.79</hdop>
	<extensions>
		<gpxtpx:TrackPointExtension>
			<gpxtpx:course>75.0</gpxtpx:course>
		</gpxtpx:TrackPointExtension>
	</extensions>
</trkpt>
<trkpt lat="46.3631665" lon="15.1233324">
	<ele>397.42</ele>
	<time>2026-07-21T08:44:49.991Z</time>
	<hdop>3.79</hdop>
	<extensions>
		<gpxtpx:TrackPointExtension>
			<gpxtpx:course>77.0</gpxtpx:course>
		</gpxtpx:TrackPointExtension>
	</extensions>
</trkpt>
<trkpt lat="46.3632440" lon="15.1237277">
	<ele>397.81</ele>
	<time>2026-07-21T08:44:54.991Z</time>
	<hdop>3.79</hdop>
	<extensions>
		<gpxtpx:TrackPointExtension>
			<gpxtpx:course>71.0</gpxtpx:course>
		</gpxtpx:TrackPointExtension>
	</extensions>
</trkpt>
<trkpt lat="46.3633675" lon="15.1240940">
	<ele>398.07</ele>
	<time>2026-07-21T08:44:59.991Z</time>
	<hdop>3.79</hdop>
	<extensions>
		<gpxtpx:TrackPointExtension>
			<gpxtpx:course>63.0</gpxtpx:course>
		</gpxtpx:TrackPointExtension>
	</extensions>
</trkpt>
<trkpt lat="46.3635073" lon="15.1244391">
	<ele>398.32</ele>
	<time>2026-07-21T08:45:04.992Z</time>
	<hdop>3.79</hdop>
	<extensions>
		<gpxtpx:TrackPointExtension>
			<gpxtpx:course>56.0</gpxtpx:course>
		</gpxtpx:TrackPointExtension>
	</extensions>
</trkpt>
<trkpt lat="46.3637245" lon="15.1248279">
	<ele>398.76</ele>
	<time>2026-07-21T08:45:10.992Z</time>
	<hdop>3.79</hdop>
	<extensions>
		<gpxtpx:TrackPointExtension>
			<gpxtpx:course>55.0</gpxtpx:course>
		</gpxtpx:TrackPointExtension>
	</extensions>
</trkpt>
<trkpt lat="46.3639085" lon="15.1251833">
	<ele>399.27</ele>
	<time>2026-07-21T08:45:15.992Z</time>
	<hdop>3.79</hdop>
	<extensions>
		<gpxtpx:TrackPointExtension>
			<gpxtpx:course>50.0</gpxtpx:course>
		</gpxtpx:TrackPointExtension>
	</extensions>
</trkpt>
<trkpt lat="46.3641442" lon="15.1255938">
	<ele>399.76</ele>
	<time>2026-07-21T08:45:21.991Z</time>
	<hdop>3.79</hdop>
	<extensions>
		<gpxtpx:TrackPointExtension>
			<gpxtpx:course>43.0</gpxtpx:course>
		</gpxtpx:TrackPointExtension>
	</extensions>
</trkpt>
<trkpt lat="46.3643607" lon="15.1259084">
	<ele>400.07</ele>
	<time>2026-07-21T08:45:26.992Z</time>
	<hdop>3.79</hdop>
	<extensions>
		<gpxtpx:TrackPointExtension>
			<gpxtpx:course>47.0</gpxtpx:course>
		</gpxtpx:TrackPointExtension>
	</extensions>
</trkpt>
<trkpt lat="46.3646035" lon="15.1262098">
	<ele>400.36</ele>
	<time>2026-07-21T08:45:31.992Z</time>
	<hdop>3.79</hdop>
	<extensions>
		<gpxtpx:TrackPointExtension>
			<gpxtpx:course>36.0</gpxtpx:course>
		</gpxtpx:TrackPointExtension>
	</extensions>
</trkpt>
<trkpt lat="46.3649352" lon="15.1265248">
	<ele>400.73</ele>
	<time>2026-07-21T08:45:37.991Z</time>
	<hdop>3.79</hdop>
	<extensions>
		<gpxtpx:TrackPointExtension>
			<gpxtpx:course>34.0</gpxtpx:course>
		</gpxtpx:TrackPointExtension>
	</extensions>
</trkpt>
<trkpt lat="46.3652173" lon="15.1267855">
	<ele>401.18</ele>
	<time>2026-07-21T08:45:42.991Z</time>
	<hdop>3.79</hdop>
	<extensions>
		<gpxtpx:TrackPointExtension>
			<gpxtpx:course>32.0</gpxtpx:course>
		</gpxtpx:TrackPointExtension>
	</extensions>
</trkpt>
<trkpt lat="46.3655048" lon="15.1270117">
	<ele>401.37</ele>
	<time>2026-07-21T08:45:47.991Z</time>
	<hdop>3.79</hdop>
	<extensions>
		<gpxtpx:TrackPointExtension>
			<gpxtpx:course>24.0</gpxtpx:course>
		</gpxtpx:TrackPointExtension>
	</extensions>
</trkpt>
<trkpt lat="46.3658040" lon="15.1272191">
	<ele>402.56</ele>
	<time>2026-07-21T08:45:52.991Z</time>
	<hdop>3.79</hdop>
	<extensions>
		<gpxtpx:TrackPointExtension>
			<gpxtpx:course>27.0</gpxtpx:course>
		</gpxtpx:TrackPointExtension>
	</extensions>
</trkpt>
<trkpt lat="46.3660836" lon="15.1274531">
	<ele>403.71</ele>
	<time>2026-07-21T08:45:57.993Z</time>
	<hdop>3.79</hdop>
	<extensions>
		<gpxtpx:TrackPointExtension>
			<gpxtpx:course>33.0</gpxtpx:course>
		</gpxtpx:TrackPointExtension>
	</extensions>
</trkpt>
<trkpt lat="46.3663855" lon="15.1277893">
	<ele>402.79</ele>
	<time>2026-07-21T08:46:03.990Z</time>
	<hdop>3.79</hdop>
	<extensions>
		<gpxtpx:TrackPointExtension>
			<gpxtpx:course>47.0</gpxtpx:course>
		</gpxtpx:TrackPointExtension>
	</extensions>
</trkpt>
<trkpt lat="46.3666158" lon="15.1280185">
	<ele>402.85</ele>
	<time>2026-07-21T08:46:08.991Z</time>
	<hdop>3.79</hdop>
	<extensions>
		<gpxtpx:TrackPointExtension>
			<gpxtpx:course>15.0</gpxtpx:course>
		</gpxtpx:TrackPointExtension>
	</extensions>
</trkpt>
<trkpt lat="46.3668916" lon="15.1282554">
	<ele>403.78</ele>
	<time>2026-07-21T08:46:13.991Z</time>
	<hdop>3.79</hdop>
	<extensions>
		<gpxtpx:TrackPointExtension>
			<gpxtpx:course>34.0</gpxtpx:course>
		</gpxtpx:TrackPointExtension>
	</extensions>
</trkpt>
<trkpt lat="46.3671877" lon="15.1285368">
	<ele>404.73</ele>
	<time>2026-07-21T08:46:18.992Z</time>
	<hdop>3.79</hdop>
	<extensions>
		<gpxtpx:TrackPointExtension>
			<gpxtpx:course>33.0</gpxtpx:course>
		</gpxtpx:TrackPointExtension>
	</extensions>
</trkpt>
<trkpt lat="46.3675721" lon="15.1289132">
	<ele>405.42</ele>
	<time>2026-07-21T08:46:24.990Z</time>
	<hdop>3.79</hdop>
	<extensions>
		<gpxtpx:TrackPointExtension>
			<gpxtpx:course>35.0</gpxtpx:course>
		</gpxtpx:TrackPointExtension>
	</extensions>
</trkpt>
<trkpt lat="46.3678949" lon="15.1292476">
	<ele>405.01</ele>
	<time>2026-07-21T08:46:29.990Z</time>
	<hdop>3.79</hdop>
	<extensions>
		<gpxtpx:TrackPointExtension>
			<gpxtpx:course>35.0</gpxtpx:course>
		</gpxtpx:TrackPointExtension>
	</extensions>
</trkpt>
<trkpt lat="46.3682218" lon="15.1295616">
	<ele>404.40</ele>
	<time>2026-07-21T08:46:34.991Z</time>
	<hdop>3.79</hdop>
	<extensions>
		<gpxtpx:TrackPointExtension>
			<gpxtpx:course>33.0</gpxtpx:course>
		</gpxtpx:TrackPointExtension>
	</extensions>
</trkpt>
<trkpt lat="46.3685302" lon="15.1298766">
	<ele>404.34</ele>
	<time>2026-07-21T08:46:39.992Z</time>
	<hdop>3.79</hdop>
	<extensions>
		<gpxtpx:TrackPointExtension>
			<gpxtpx:course>33.0</gpxtpx:course>
		</gpxtpx:TrackPointExtension>
	</extensions>
</trkpt>
<trkpt lat="46.3689158" lon="15.1302481">
	<ele>405.10</ele>
	<time>2026-07-21T08:46:45.992Z</time>
	<hdop>3.79</hdop>
	<extensions>
		<gpxtpx:TrackPointExtension>
			<gpxtpx:course>34.0</gpxtpx:course>
		</gpxtpx:TrackPointExtension>
	</extensions>
</trkpt>
<trkpt lat="46.3692250" lon="15.1305692">
	<ele>405.13</ele>
	<time>2026-07-21T08:46:50.993Z</time>
	<hdop>3.79</hdop>
	<extensions>
		<gpxtpx:TrackPointExtension>
			<gpxtpx:course>34.0</gpxtpx:course>
		</gpxtpx:TrackPointExtension>
	</extensions>
</trkpt>
<trkpt lat="46.3695735" lon="15.1309556">
	<ele>405.71</ele>
	<time>2026-07-21T08:46:56.993Z</time>
	<hdop>3.79</hdop>
	<extensions>
		<gpxtpx:TrackPointExtension>
			<gpxtpx:course>31.0</gpxtpx:course>
		</gpxtpx:TrackPointExtension>
	</extensions>
</trkpt>
<trkpt lat="46.3698785" lon="15.1312790">
	<ele>407.07</ele>
	<time>2026-07-21T08:47:01.993Z</time>
	<hdop>3.79</hdop>
	<extensions>
		<gpxtpx:TrackPointExtension>
			<gpxtpx:course>40.0</gpxtpx:course>
		</gpxtpx:TrackPointExtension>
	</extensions>
</trkpt>
<trkpt lat="46.3701970" lon="15.1317537">
	<ele>407.94</ele>
	<time>2026-07-21T08:47:07.991Z</time>
	<hdop>3.79</hdop>
	<extensions>
		<gpxtpx:TrackPointExtension>
			<gpxtpx:course>55.0</gpxtpx:course>
		</gpxtpx:TrackPointExtension>
	</extensions>
</trkpt>
<trkpt lat="46.3703803" lon="15.1322428">
	<ele>409.48</ele>
	<time>2026-07-21T08:47:12.996Z</time>
	<hdop>3.79</hdop>
	<extensions>
		<gpxtpx:TrackPointExtension>
			<gpxtpx:course>67.0</gpxtpx:course>
		</gpxtpx:TrackPointExtension>
	</extensions>
</trkpt>
<trkpt lat="46.3704847" lon="15.1327845">
	<ele>412.40</ele>
	<time>2026-07-21T08:47:18.992Z</time>
	<hdop>3.79</hdop>
	<extensions>
		<gpxtpx:TrackPointExtension>
			<gpxtpx:course>81.0</gpxtpx:course>
		</gpxtpx:TrackPointExtension>
	</extensions>
</trkpt>
<trkpt lat="46.3705782" lon="15.1332874">
	<ele>415.11</ele>
	<time>2026-07-21T08:47:23.992Z</time>
	<hdop>3.79</hdop>
	<extensions>
		<gpxtpx:TrackPointExtension>
			<gpxtpx:course>78.0</gpxtpx:course>
		</gpxtpx:TrackPointExtension>
	</extensions>
</trkpt>
<trkpt lat="46.3705815" lon="15.1338407">
	<ele>415.13</ele>
	<time>2026-07-21T08:47:28.992Z</time>
	<hdop>3.79</hdop>
	<extensions>
		<gpxtpx:TrackPointExtension>
			<gpxtpx:course>94.0</gpxtpx:course>
		</gpxtpx:TrackPointExtension>
	</extensions>
</trkpt>
<trkpt lat="46.3705529" lon="15.1343866">
	<ele>413.67</ele>
	<time>2026-07-21T08:47:33.992Z</time>
	<hdop>3.79</hdop>
	<extensions>
		<gpxtpx:TrackPointExtension>
			<gpxtpx:course>93.0</gpxtpx:course>
		</gpxtpx:TrackPointExtension>
	</extensions>
</trkpt>
<trkpt lat="46.3705837" lon="15.1350135">
	<ele>413.53</ele>
	<time>2026-07-21T08:47:39.990Z</time>
	<hdop>3.79</hdop>
	<extensions>
		<gpxtpx:TrackPointExtension>
			<gpxtpx:course>79.0</gpxtpx:course>
		</gpxtpx:TrackPointExtension>
	</extensions>
</trkpt>
<trkpt lat="46.3706957" lon="15.1354966">
	<ele>411.33</ele>
	<time>2026-07-21T08:47:44.992Z</time>
	<hdop>3.79</hdop>
	<extensions>
		<gpxtpx:TrackPointExtension>
			<gpxtpx:course>63.0</gpxtpx:course>
		</gpxtpx:TrackPointExtension>
	</extensions>
</trkpt>
<trkpt lat="46.3708366" lon="15.1359714">
	<ele>411.72</ele>
	<time>2026-07-21T08:47:49.992Z</time>
	<hdop>3.79</hdop>
	<extensions>
		<gpxtpx:TrackPointExtension>
			<gpxtpx:course>62.0</gpxtpx:course>
		</gpxtpx:TrackPointExtension>
	</extensions>
</trkpt>
<trkpt lat="46.3708709" lon="15.1364752">
	<ele>414.29</ele>
	<time>2026-07-21T08:47:54.992Z</time>
	<hdop>3.79</hdop>
	<extensions>
		<gpxtpx:TrackPointExtension>
			<gpxtpx:course>85.0</gpxtpx:course>
		</gpxtpx:TrackPointExtension>
	</extensions>
</trkpt>
<trkpt lat="46.3708924" lon="15.1370383">
	<ele>416.33</ele>
	<time>2026-07-21T08:48:00.992Z</time>
	<hdop>3.79</hdop>
	<extensions>
		<gpxtpx:TrackPointExtension>
			<gpxtpx:course>88.0</gpxtpx:course>
		</gpxtpx:TrackPointExtension>
	</extensions>
</trkpt>
<trkpt lat="46.3709260" lon="15.1372364">
	<ele>418.06</ele>
	<time>2026-07-21T08:48:06.992Z</time>
	<hdop>3.79</hdop>
	<extensions>
		<gpxtpx:TrackPointExtension>
			<gpxtpx:course>254.0</gpxtpx:course>
		</gpxtpx:TrackPointExtension>
	</extensions>
</trkpt>
<trkpt lat="46.3707373" lon="15.1371509">
	<ele>412.51</ele>
	<time>2026-07-21T08:48:12.993Z</time>
	<hdop>5.02</hdop>
	<extensions>
		<gpxtpx:TrackPointExtension>
			<gpxtpx:course>181.0</gpxtpx:course>
		</gpxtpx:TrackPointExtension>
	</extensions>
</trkpt>
<trkpt lat="46.3705572" lon="15.1371050">
	<ele>408.93</ele>
	<time>2026-07-21T08:48:18.991Z</time>
	<hdop>5.84</hdop>
	<extensions>
		<gpxtpx:TrackPointExtension>
			<gpxtpx:course>214.0</gpxtpx:course>
		</gpxtpx:TrackPointExtension>
	</extensions>
</trkpt>
<trkpt lat="46.3704716" lon="15.1370424">
	<ele>407.91</ele>
	<time>2026-07-21T08:48:59.992Z</time>
	<hdop>3.79</hdop>
	<extensions>
		<gpxtpx:TrackPointExtension>
			<gpxtpx:course>176.0</gpxtpx:course>
		</gpxtpx:TrackPointExtension>
	</extensions>
</trkpt>
<trkpt lat="46.3702181" lon="15.1370795">
	<ele>407.18</ele>
	<time>2026-07-21T08:49:05.992Z</time>
	<hdop>3.79</hdop>
	<extensions>
		<gpxtpx:TrackPointExtension>
			<gpxtpx:course>146.0</gpxtpx:course>
		</gpxtpx:TrackPointExtension>
	</extensions>
</trkpt>
<trkpt lat="46.3700267" lon="15.1375348">
	<ele>409.58</ele>
	<time>2026-07-21T08:49:11.991Z</time>
	<hdop>3.79</hdop>
	<extensions>
		<gpxtpx:TrackPointExtension>
			<gpxtpx:course>115.0</gpxtpx:course>
		</gpxtpx:TrackPointExtension>
	</extensions>
</trkpt>
<trkpt lat="46.3698788" lon="15.1379878">
	<ele>412.16</ele>
	<time>2026-07-21T08:49:16.993Z</time>
	<hdop>3.79</hdop>
	<extensions>
		<gpxtpx:TrackPointExtension>
			<gpxtpx:course>112.0</gpxtpx:course>
		</gpxtpx:TrackPointExtension>
	</extensions>
</trkpt>
<trkpt lat="46.3696702" lon="15.1385329">
	<ele>413.36</ele>
	<time>2026-07-21T08:49:22.992Z</time>
	<hdop>3.79</hdop>
	<extensions>
		<gpxtpx:TrackPointExtension>
			<gpxtpx:course>113.0</gpxtpx:course>
		</gpxtpx:TrackPointExtension>
	</extensions>
</trkpt>
<trkpt lat="46.3695250" lon="15.1391266">
	<ele>413.04</ele>
	<time>2026-07-21T08:49:28.992Z</time>
	<hdop>3.79</hdop>
	<extensions>
		<gpxtpx:TrackPointExtension>
			<gpxtpx:course>95.0</gpxtpx:course>
		</gpxtpx:TrackPointExtension>
	</extensions>
</trkpt>
<trkpt lat="46.3695364" lon="15.1397602">
	<ele>415.22</ele>
	<time>2026-07-21T08:49:34.991Z</time>
	<hdop>3.79</hdop>
	<extensions>
		<gpxtpx:TrackPointExtension>
			<gpxtpx:course>75.0</gpxtpx:course>
		</gpxtpx:TrackPointExtension>
	</extensions>
</trkpt>
<trkpt lat="46.3696752" lon="15.1402531">
	<ele>416.57</ele>
	<time>2026-07-21T08:49:39.991Z</time>
	<hdop>3.79</hdop>
	<extensions>
		<gpxtpx:TrackPointExtension>
			<gpxtpx:course>58.0</gpxtpx:course>
		</gpxtpx:TrackPointExtension>
	</extensions>
</trkpt>
<trkpt lat="46.3698320" lon="15.1407439">
	<ele>416.54</ele>
	<time>2026-07-21T08:49:44.992Z</time>
	<hdop>3.79</hdop>
	<extensions>
		<gpxtpx:TrackPointExtension>
			<gpxtpx:course>75.0</gpxtpx:course>
		</gpxtpx:TrackPointExtension>
	</extensions>
</trkpt>
<trkpt lat="46.3698380" lon="15.1412964">
	<ele>417.18</ele>
	<time>2026-07-21T08:49:49.992Z</time>
	<hdop>3.79</hdop>
	<extensions>
		<gpxtpx:TrackPointExtension>
			<gpxtpx:course>88.0</gpxtpx:course>
		</gpxtpx:TrackPointExtension>
	</extensions>
</trkpt>
<trkpt lat="46.3699388" lon="15.1418188">
	<ele>415.90</ele>
	<time>2026-07-21T08:49:54.992Z</time>
	<hdop>3.79</hdop>
	<extensions>
		<gpxtpx:TrackPointExtension>
			<gpxtpx:course>61.0</gpxtpx:course>
		</gpxtpx:TrackPointExtension>
	</extensions>
</trkpt>
<trkpt lat="46.3703106" lon="15.1421894">
	<ele>412.59</ele>
	<time>2026-07-21T08:50:00.992Z</time>
	<hdop>3.79</hdop>
	<extensions>
		<gpxtpx:TrackPointExtension>
			<gpxtpx:course>13.0</gpxtpx:course>
		</gpxtpx:TrackPointExtension>
	</extensions>
</trkpt>
<trkpt lat="46.3707308" lon="15.1422722">
	<ele>415.12</ele>
	<time>2026-07-21T08:50:06.991Z</time>
	<hdop>3.79</hdop>
	<extensions>
		<gpxtpx:TrackPointExtension>
			<gpxtpx:course>7.0</gpxtpx:course>
		</gpxtpx:TrackPointExtension>
	</extensions>
</trkpt>
<trkpt lat="46.3710448" lon="15.1423394">
	<ele>414.87</ele>
	<time>2026-07-21T08:50:11.992Z</time>
	<hdop>3.79</hdop>
	<extensions>
		<gpxtpx:TrackPointExtension>
			<gpxtpx:course>4.0</gpxtpx:course>
		</gpxtpx:TrackPointExtension>
	</extensions>
</trkpt>
<trkpt lat="46.3713952" lon="15.1424044">
	<ele>413.88</ele>
	<time>2026-07-21T08:50:16.992Z</time>
	<hdop>3.79</hdop>
	<extensions>
		<gpxtpx:TrackPointExtension>
			<gpxtpx:course>4.0</gpxtpx:course>
		</gpxtpx:TrackPointExtension>
	</extensions>
</trkpt>
<trkpt lat="46.3718257" lon="15.1424641">
	<ele>415.10</ele>
	<time>2026-07-21T08:50:22.991Z</time>
	<hdop>3.79</hdop>
	<extensions>
		<gpxtpx:TrackPointExtension>
			<gpxtpx:course>1.0</gpxtpx:course>
		</gpxtpx:TrackPointExtension>
	</extensions>
</trkpt>
<trkpt lat="46.3722569" lon="15.1423612">
	<ele>417.14</ele>
	<time>2026-07-21T08:50:28.992Z</time>
	<hdop>3.79</hdop>
	<extensions>
		<gpxtpx:TrackPointExtension>
			<gpxtpx:course>342.0</gpxtpx:course>
		</gpxtpx:TrackPointExtension>
	</extensions>
</trkpt>
<trkpt lat="46.3726737" lon="15.1421232">
	<ele>418.05</ele>
	<time>2026-07-21T08:50:34.991Z</time>
	<hdop>3.79</hdop>
	<extensions>
		<gpxtpx:TrackPointExtension>
			<gpxtpx:course>336.0</gpxtpx:course>
		</gpxtpx:TrackPointExtension>
	</extensions>
</trkpt>
<trkpt lat="46.3730319" lon="15.1419033">
	<ele>417.73</ele>
	<time>2026-07-21T08:50:39.992Z</time>
	<hdop>3.79</hdop>
	<extensions>
		<gpxtpx:TrackPointExtension>
			<gpxtpx:course>337.0</gpxtpx:course>
		</gpxtpx:TrackPointExtension>
	</extensions>
</trkpt>
<trkpt lat="46.3734435" lon="15.1416244">
	<ele>415.91</ele>
	<time>2026-07-21T08:50:45.992Z</time>
	<hdop>3.79</hdop>
	<extensions>
		<gpxtpx:TrackPointExtension>
			<gpxtpx:course>331.0</gpxtpx:course>
		</gpxtpx:TrackPointExtension>
	</extensions>
</trkpt>
<trkpt lat="46.3737900" lon="15.1413894">
	<ele>414.67</ele>
	<time>2026-07-21T08:50:50.992Z</time>
	<hdop>3.79</hdop>
	<extensions>
		<gpxtpx:TrackPointExtension>
			<gpxtpx:course>333.0</gpxtpx:course>
		</gpxtpx:TrackPointExtension>
	</extensions>
</trkpt>
<trkpt lat="46.3741344" lon="15.1411616">
	<ele>415.08</ele>
	<time>2026-07-21T08:50:55.992Z</time>
	<hdop>3.79</hdop>
	<extensions>
		<gpxtpx:TrackPointExtension>
			<gpxtpx:course>335.0</gpxtpx:course>
		</gpxtpx:TrackPointExtension>
	</extensions>
</trkpt>
<trkpt lat="46.3745560" lon="15.1409064">
	<ele>416.80</ele>
	<time>2026-07-21T08:51:01.992Z</time>
	<hdop>3.79</hdop>
	<extensions>
		<gpxtpx:TrackPointExtension>
			<gpxtpx:course>337.0</gpxtpx:course>
		</gpxtpx:TrackPointExtension>
	</extensions>
</trkpt>
<trkpt lat="46.3750021" lon="15.1407923">
	<ele>416.84</ele>
	<time>2026-07-21T08:51:07.992Z</time>
	<hdop>3.79</hdop>
	<extensions>
		<gpxtpx:TrackPointExtension>
			<gpxtpx:course>4.0</gpxtpx:course>
		</gpxtpx:TrackPointExtension>
	</extensions>
</trkpt>
<trkpt lat="46.3754760" lon="15.1408902">
	<ele>417.90</ele>
	<time>2026-07-21T08:51:13.992Z</time>
	<hdop>3.79</hdop>
	<extensions>
		<gpxtpx:TrackPointExtension>
			<gpxtpx:course>6.0</gpxtpx:course>
		</gpxtpx:TrackPointExtension>
	</extensions>
</trkpt>
<trkpt lat="46.3759427" lon="15.1409730">
	<ele>419.58</ele>
	<time>2026-07-21T08:51:19.992Z</time>
	<hdop>3.79</hdop>
	<extensions>
		<gpxtpx:TrackPointExtension>
			<gpxtpx:course>3.0</gpxtpx:course>
		</gpxtpx:TrackPointExtension>
	</extensions>
</trkpt>
<trkpt lat="46.3763299" lon="15.1410438">
	<ele>421.02</ele>
	<time>2026-07-21T08:51:24.992Z</time>
	<hdop>3.79</hdop>
	<extensions>
		<gpxtpx:TrackPointExtension>
			<gpxtpx:course>6.0</gpxtpx:course>
		</gpxtpx:TrackPointExtension>
	</extensions>
</trkpt>
<trkpt lat="46.3767348" lon="15.1411460">
	<ele>422.03</ele>
	<time>2026-07-21T08:51:30.991Z</time>
	<hdop>3.79</hdop>
	<extensions>
		<gpxtpx:TrackPointExtension>
			<gpxtpx:course>8.0</gpxtpx:course>
		</gpxtpx:TrackPointExtension>
	</extensions>
</trkpt>
<trkpt lat="46.3768214" lon="15.1414217">
	<ele>426.23</ele>
	<time>2026-07-21T08:51:35.991Z</time>
	<hdop>3.79</hdop>
	<extensions>
		<gpxtpx:TrackPointExtension>
			<gpxtpx:course>41.0</gpxtpx:course>
		</gpxtpx:TrackPointExtension>
	</extensions>
</trkpt>
<trkpt lat="46.3770916" lon="15.1415409">
	<ele>424.78</ele>
	<time>2026-07-21T08:51:40.992Z</time>
	<hdop>3.79</hdop>
	<extensions>
		<gpxtpx:TrackPointExtension>
			<gpxtpx:course>14.0</gpxtpx:course>
		</gpxtpx:TrackPointExtension>
	</extensions>
</trkpt>
<trkpt lat="46.3774251" lon="15.1416668">
	<ele>421.86</ele>
	<time>2026-07-21T08:51:45.992Z</time>
	<hdop>3.79</hdop>
	<extensions>
		<gpxtpx:TrackPointExtension>
			<gpxtpx:course>14.0</gpxtpx:course>
		</gpxtpx:TrackPointExtension>
	</extensions>
</trkpt>
<trkpt lat="46.3778439" lon="15.1417490">
	<ele>422.13</ele>
	<time>2026-07-21T08:51:51.993Z</time>
	<hdop>3.79</hdop>
	<extensions>
		<gpxtpx:TrackPointExtension>
			<gpxtpx:course>8.0</gpxtpx:course>
		</gpxtpx:TrackPointExtension>
	</extensions>
</trkpt>
<trkpt lat="46.3782701" lon="15.1417817">
	<ele>424.24</ele>
	<time>2026-07-21T08:51:57.992Z</time>
	<hdop>3.79</hdop>
	<extensions>
		<gpxtpx:TrackPointExtension>
			<gpxtpx:course>4.0</gpxtpx:course>
		</gpxtpx:TrackPointExtension>
	</extensions>
</trkpt>
<trkpt lat="46.3786136" lon="15.1418856">
	<ele>426.40</ele>
	<time>2026-07-21T08:52:02.992Z</time>
	<hdop>5.84</hdop>
	<extensions>
		<gpxtpx:TrackPointExtension>
			<gpxtpx:course>16.0</gpxtpx:course>
		</gpxtpx:TrackPointExtension>
	</extensions>
</trkpt>
<trkpt lat="46.3790317" lon="15.1420900">
	<ele>429.10</ele>
	<time>2026-07-21T08:52:08.992Z</time>
	<hdop>9.94</hdop>
	<extensions>
		<gpxtpx:TrackPointExtension>
			<gpxtpx:course>24.0</gpxtpx:course>
		</gpxtpx:TrackPointExtension>
	</extensions>
</trkpt>
<trkpt lat="46.3794181" lon="15.1424022">
	<ele>432.24</ele>
	<time>2026-07-21T08:52:14.992Z</time>
	<hdop>9.94</hdop>
	<extensions>
		<gpxtpx:TrackPointExtension>
			<gpxtpx:course>33.0</gpxtpx:course>
		</gpxtpx:TrackPointExtension>
	</extensions>
</trkpt>
<trkpt lat="46.3797131" lon="15.1427079">
	<ele>430.10</ele>
	<time>2026-07-21T08:52:19.992Z</time>
	<hdop>9.94</hdop>
	<extensions>
		<gpxtpx:TrackPointExtension>
			<gpxtpx:course>38.0</gpxtpx:course>
		</gpxtpx:TrackPointExtension>
	</extensions>
</trkpt>
<trkpt lat="46.3799714" lon="15.1430602">
	<ele>430.83</ele>
	<time>2026-07-21T08:52:24.993Z</time>
	<hdop>9.94</hdop>
	<extensions>
		<gpxtpx:TrackPointExtension>
			<gpxtpx:course>44.0</gpxtpx:course>
		</gpxtpx:TrackPointExtension>
	</extensions>
</trkpt>
<trkpt lat="46.3802885" lon="15.1434784">
	<ele>436.11</ele>
	<time>2026-07-21T08:52:30.992Z</time>
	<hdop>9.94</hdop>
	<extensions>
		<gpxtpx:TrackPointExtension>
			<gpxtpx:course>46.0</gpxtpx:course>
		</gpxtpx:TrackPointExtension>
	</extensions>
</trkpt>
<trkpt lat="46.3805855" lon="15.1439253">
	<ele>433.00</ele>
	<time>2026-07-21T08:52:36.991Z</time>
	<hdop>9.94</hdop>
	<extensions>
		<gpxtpx:TrackPointExtension>
			<gpxtpx:course>50.0</gpxtpx:course>
		</gpxtpx:TrackPointExtension>
	</extensions>
</trkpt>
<trkpt lat="46.3808323" lon="15.1443114">
	<ele>430.37</ele>
	<time>2026-07-21T08:52:41.991Z</time>
	<hdop>9.94</hdop>
	<extensions>
		<gpxtpx:TrackPointExtension>
			<gpxtpx:course>50.0</gpxtpx:course>
		</gpxtpx:TrackPointExtension>
	</extensions>
</trkpt>
<trkpt lat="46.3810557" lon="15.1447365">
	<ele>441.49</ele>
	<time>2026-07-21T08:52:46.992Z</time>
	<hdop>9.94</hdop>
	<extensions>
		<gpxtpx:TrackPointExtension>
			<gpxtpx:course>55.0</gpxtpx:course>
		</gpxtpx:TrackPointExtension>
	</extensions>
</trkpt>
<trkpt lat="46.3812516" lon="15.1451908">
	<ele>442.15</ele>
	<time>2026-07-21T08:52:51.992Z</time>
	<hdop>9.94</hdop>
	<extensions>
		<gpxtpx:TrackPointExtension>
			<gpxtpx:course>54.0</gpxtpx:course>
		</gpxtpx:TrackPointExtension>
	</extensions>
</trkpt>
<trkpt lat="46.3814485" lon="15.1457674">
	<ele>434.02</ele>
	<time>2026-07-21T08:52:57.991Z</time>
	<hdop>9.94</hdop>
	<extensions>
		<gpxtpx:TrackPointExtension>
			<gpxtpx:course>72.0</gpxtpx:course>
		</gpxtpx:TrackPointExtension>
	</extensions>
</trkpt>
<trkpt lat="46.3815374" lon="15.1463801">
	<ele>428.70</ele>
	<time>2026-07-21T08:53:03.992Z</time>
	<hdop>9.94</hdop>
	<extensions>
		<gpxtpx:TrackPointExtension>
			<gpxtpx:course>86.0</gpxtpx:course>
		</gpxtpx:TrackPointExtension>
	</extensions>
</trkpt>
<trkpt lat="46.3815428" lon="15.1469561">
	<ele>427.63</ele>
	<time>2026-07-21T08:53:09.993Z</time>
	<hdop>5.02</hdop>
	<extensions>
		<gpxtpx:TrackPointExtension>
			<gpxtpx:course>94.0</gpxtpx:course>
		</gpxtpx:TrackPointExtension>
	</extensions>
</trkpt>
<trkpt lat="46.3815897" lon="15.1473967">
	<ele>428.14</ele>
	<time>2026-07-21T08:53:14.993Z</time>
	<hdop>3.79</hdop>
	<extensions>
		<gpxtpx:TrackPointExtension>
			<gpxtpx:course>86.0</gpxtpx:course>
		</gpxtpx:TrackPointExtension>
	</extensions>
</trkpt>
<trkpt lat="46.3816728" lon="15.1479756">
	<ele>429.70</ele>
	<time>2026-07-21T08:53:20.991Z</time>
	<hdop>3.79</hdop>
	<extensions>
		<gpxtpx:TrackPointExtension>
			<gpxtpx:course>74.0</gpxtpx:course>
		</gpxtpx:TrackPointExtension>
	</extensions>
</trkpt>
<trkpt lat="46.3817937" lon="15.1484393">
	<ele>433.50</ele>
	<time>2026-07-21T08:53:25.992Z</time>
	<hdop>3.79</hdop>
	<extensions>
		<gpxtpx:TrackPointExtension>
			<gpxtpx:course>66.0</gpxtpx:course>
		</gpxtpx:TrackPointExtension>
	</extensions>
</trkpt>
<trkpt lat="46.3819176" lon="15.1488935">
	<ele>441.91</ele>
	<time>2026-07-21T08:53:30.993Z</time>
	<hdop>3.79</hdop>
	<extensions>
		<gpxtpx:TrackPointExtension>
			<gpxtpx:course>70.0</gpxtpx:course>
		</gpxtpx:TrackPointExtension>
	</extensions>
</trkpt>
<trkpt lat="46.3820663" lon="15.1494635">
	<ele>444.70</ele>
	<time>2026-07-21T08:53:36.990Z</time>
	<hdop>3.79</hdop>
	<extensions>
		<gpxtpx:TrackPointExtension>
			<gpxtpx:course>69.0</gpxtpx:course>
		</gpxtpx:TrackPointExtension>
	</extensions>
</trkpt>
<trkpt lat="46.3821973" lon="15.1499383">
	<ele>441.64</ele>
	<time>2026-07-21T08:53:41.992Z</time>
	<hdop>3.79</hdop>
	<extensions>
		<gpxtpx:TrackPointExtension>
			<gpxtpx:course>66.0</gpxtpx:course>
		</gpxtpx:TrackPointExtension>
	</extensions>
</trkpt>
<trkpt lat="46.3823589" lon="15.1505241">
	<ele>435.57</ele>
	<time>2026-07-21T08:53:47.993Z</time>
	<hdop>3.79</hdop>
	<extensions>
		<gpxtpx:TrackPointExtension>
			<gpxtpx:course>68.0</gpxtpx:course>
		</gpxtpx:TrackPointExtension>
	</extensions>
</trkpt>
<trkpt lat="46.3825159" lon="15.1510997">
	<ele>435.77</ele>
	<time>2026-07-21T08:53:53.992Z</time>
	<hdop>3.79</hdop>
	<extensions>
		<gpxtpx:TrackPointExtension>
			<gpxtpx:course>67.0</gpxtpx:course>
		</gpxtpx:TrackPointExtension>
	</extensions>
</trkpt>
<trkpt lat="46.3826604" lon="15.1515855">
	<ele>440.48</ele>
	<time>2026-07-21T08:53:58.992Z</time>
	<hdop>3.79</hdop>
	<extensions>
		<gpxtpx:TrackPointExtension>
			<gpxtpx:course>66.0</gpxtpx:course>
		</gpxtpx:TrackPointExtension>
	</extensions>
</trkpt>
<trkpt lat="46.3828072" lon="15.1520759">
	<ele>440.52</ele>
	<time>2026-07-21T08:54:03.992Z</time>
	<hdop>3.79</hdop>
	<extensions>
		<gpxtpx:TrackPointExtension>
			<gpxtpx:course>65.0</gpxtpx:course>
		</gpxtpx:TrackPointExtension>
	</extensions>
</trkpt>
<trkpt lat="46.3829548" lon="15.1525646">
	<ele>436.42</ele>
	<time>2026-07-21T08:54:08.992Z</time>
	<hdop>3.79</hdop>
	<extensions>
		<gpxtpx:TrackPointExtension>
			<gpxtpx:course>72.0</gpxtpx:course>
		</gpxtpx:TrackPointExtension>
	</extensions>
</trkpt>
<trkpt lat="46.3830315" lon="15.1530969">
	<ele>440.25</ele>
	<time>2026-07-21T08:54:13.992Z</time>
	<hdop>3.79</hdop>
	<extensions>
		<gpxtpx:TrackPointExtension>
			<gpxtpx:course>84.0</gpxtpx:course>
		</gpxtpx:TrackPointExtension>
	</extensions>
</trkpt>
<trkpt lat="46.3830258" lon="15.1537564">
	<ele>443.72</ele>
	<time>2026-07-21T08:54:19.992Z</time>
	<hdop>3.79</hdop>
	<extensions>
		<gpxtpx:TrackPointExtension>
			<gpxtpx:course>96.0</gpxtpx:course>
		</gpxtpx:TrackPointExtension>
	</extensions>
</trkpt>
<trkpt lat="46.3829190" lon="15.1544104">
	<ele>446.96</ele>
	<time>2026-07-21T08:54:25.993Z</time>
	<hdop>3.79</hdop>
	<extensions>
		<gpxtpx:TrackPointExtension>
			<gpxtpx:course>110.0</gpxtpx:course>
		</gpxtpx:TrackPointExtension>
	</extensions>
</trkpt>
<trkpt lat="46.3827633" lon="15.1550364">
	<ele>449.40</ele>
	<time>2026-07-21T08:54:31.990Z</time>
	<hdop>9.94</hdop>
	<extensions>
		<gpxtpx:TrackPointExtension>
			<gpxtpx:course>108.0</gpxtpx:course>
		</gpxtpx:TrackPointExtension>
	</extensions>
</trkpt>
<trkpt lat="46.3826832" lon="15.1555607">
	<ele>452.05</ele>
	<time>2026-07-21T08:54:36.991Z</time>
	<hdop>9.94</hdop>
	<extensions>
		<gpxtpx:TrackPointExtension>
			<gpxtpx:course>97.0</gpxtpx:course>
		</gpxtpx:TrackPointExtension>
	</extensions>
</trkpt>
<trkpt lat="46.3826659" lon="15.1560961">
	<ele>454.29</ele>
	<time>2026-07-21T08:54:41.992Z</time>
	<hdop>9.94</hdop>
	<extensions>
		<gpxtpx:TrackPointExtension>
			<gpxtpx:course>87.0</gpxtpx:course>
		</gpxtpx:TrackPointExtension>
	</extensions>
</trkpt>
<trkpt lat="46.3827250" lon="15.1566295">
	<ele>454.60</ele>
	<time>2026-07-21T08:54:46.992Z</time>
	<hdop>9.94</hdop>
	<extensions>
		<gpxtpx:TrackPointExtension>
			<gpxtpx:course>74.0</gpxtpx:course>
		</gpxtpx:TrackPointExtension>
	</extensions>
</trkpt>
<trkpt lat="46.3828678" lon="15.1572630">
	<ele>453.36</ele>
	<time>2026-07-21T08:54:52.992Z</time>
	<hdop>9.94</hdop>
	<extensions>
		<gpxtpx:TrackPointExtension>
			<gpxtpx:course>69.0</gpxtpx:course>
		</gpxtpx:TrackPointExtension>
	</extensions>
</trkpt>
<trkpt lat="46.3830468" lon="15.1579032">
	<ele>451.43</ele>
	<time>2026-07-21T08:54:58.991Z</time>
	<hdop>9.94</hdop>
	<extensions>
		<gpxtpx:TrackPointExtension>
			<gpxtpx:course>62.0</gpxtpx:course>
		</gpxtpx:TrackPointExtension>
	</extensions>
</trkpt>
<trkpt lat="46.3832723" lon="15.1583871">
	<ele>446.40</ele>
	<time>2026-07-21T08:55:03.991Z</time>
	<hdop>9.94</hdop>
	<extensions>
		<gpxtpx:TrackPointExtension>
			<gpxtpx:course>53.0</gpxtpx:course>
		</gpxtpx:TrackPointExtension>
	</extensions>
</trkpt>
<trkpt lat="46.3835051" lon="15.1588010">
	<ele>441.09</ele>
	<time>2026-07-21T08:55:08.992Z</time>
	<hdop>9.94</hdop>
	<extensions>
		<gpxtpx:TrackPointExtension>
			<gpxtpx:course>51.0</gpxtpx:course>
		</gpxtpx:TrackPointExtension>
	</extensions>
</trkpt>
<trkpt lat="46.3838078" lon="15.1592285">
	<ele>441.33</ele>
	<time>2026-07-21T08:55:14.992Z</time>
	<hdop>9.94</hdop>
	<extensions>
		<gpxtpx:TrackPointExtension>
			<gpxtpx:course>52.0</gpxtpx:course>
		</gpxtpx:TrackPointExtension>
	</extensions>
</trkpt>
<trkpt lat="46.3840287" lon="15.1596328">
	<ele>444.66</ele>
	<time>2026-07-21T08:55:19.992Z</time>
	<hdop>9.94</hdop>
	<extensions>
		<gpxtpx:TrackPointExtension>
			<gpxtpx:course>51.0</gpxtpx:course>
		</gpxtpx:TrackPointExtension>
	</extensions>
</trkpt>
<trkpt lat="46.3843165" lon="15.1601242">
	<ele>447.23</ele>
	<time>2026-07-21T08:55:25.993Z</time>
	<hdop>9.94</hdop>
	<extensions>
		<gpxtpx:TrackPointExtension>
			<gpxtpx:course>45.0</gpxtpx:course>
		</gpxtpx:TrackPointExtension>
	</extensions>
</trkpt>
<trkpt lat="46.3846198" lon="15.1606719">
	<ele>448.88</ele>
	<time>2026-07-21T08:55:31.991Z</time>
	<hdop>9.94</hdop>
	<extensions>
		<gpxtpx:TrackPointExtension>
			<gpxtpx:course>48.0</gpxtpx:course>
		</gpxtpx:TrackPointExtension>
	</extensions>
</trkpt>
<trkpt lat="46.3848898" lon="15.1611197">
	<ele>449.02</ele>
	<time>2026-07-21T08:55:36.992Z</time>
	<hdop>9.94</hdop>
	<extensions>
		<gpxtpx:TrackPointExtension>
			<gpxtpx:course>47.0</gpxtpx:course>
		</gpxtpx:TrackPointExtension>
	</extensions>
</trkpt>
<trkpt lat="46.3852195" lon="15.1615590">
	<ele>450.99</ele>
	<time>2026-07-21T08:55:42.992Z</time>
	<hdop>9.94</hdop>
	<extensions>
		<gpxtpx:TrackPointExtension>
			<gpxtpx:course>32.0</gpxtpx:course>
		</gpxtpx:TrackPointExtension>
	</extensions>
</trkpt>
<trkpt lat="46.3854434" lon="15.1617405">
	<ele>450.81</ele>
	<time>2026-07-21T08:55:47.993Z</time>
	<hdop>9.94</hdop>
	<extensions>
		<gpxtpx:TrackPointExtension>
			<gpxtpx:course>27.0</gpxtpx:course>
		</gpxtpx:TrackPointExtension>
	</extensions>
</trkpt>
<trkpt lat="46.3857296" lon="15.1618874">
	<ele>454.27</ele>
	<time>2026-07-21T08:55:53.993Z</time>
	<hdop>9.94</hdop>
	<extensions>
		<gpxtpx:TrackPointExtension>
			<gpxtpx:course>19.0</gpxtpx:course>
		</gpxtpx:TrackPointExtension>
	</extensions>
</trkpt>
<trkpt lat="46.3861197" lon="15.1620522">
	<ele>458.89</ele>
	<time>2026-07-21T08:55:59.991Z</time>
	<hdop>9.94</hdop>
	<extensions>
		<gpxtpx:TrackPointExtension>
			<gpxtpx:course>15.0</gpxtpx:course>
		</gpxtpx:TrackPointExtension>
	</extensions>
</trkpt>
<trkpt lat="46.3864574" lon="15.1621798">
	<ele>457.89</ele>
	<time>2026-07-21T08:56:04.993Z</time>
	<hdop>9.94</hdop>
	<extensions>
		<gpxtpx:TrackPointExtension>
			<gpxtpx:course>12.0</gpxtpx:course>
		</gpxtpx:TrackPointExtension>
	</extensions>
</trkpt>
<trkpt lat="46.3867768" lon="15.1623376">
	<ele>458.76</ele>
	<time>2026-07-21T08:56:09.993Z</time>
	<hdop>9.94</hdop>
	<extensions>
		<gpxtpx:TrackPointExtension>
			<gpxtpx:course>24.0</gpxtpx:course>
		</gpxtpx:TrackPointExtension>
	</extensions>
</trkpt>
<trkpt lat="46.3871453" lon="15.1625745">
	<ele>455.10</ele>
	<time>2026-07-21T08:56:15.992Z</time>
	<hdop>9.94</hdop>
	<extensions>
		<gpxtpx:TrackPointExtension>
			<gpxtpx:course>19.0</gpxtpx:course>
		</gpxtpx:TrackPointExtension>
	</extensions>
</trkpt>
<trkpt lat="46.3873836" lon="15.1628514">
	<ele>450.36</ele>
	<time>2026-07-21T08:56:20.993Z</time>
	<hdop>9.94</hdop>
	<extensions>
		<gpxtpx:TrackPointExtension>
			<gpxtpx:course>70.0</gpxtpx:course>
		</gpxtpx:TrackPointExtension>
	</extensions>
</trkpt>
<trkpt lat="46.3876403" lon="15.1633131">
	<ele>450.31</ele>
	<time>2026-07-21T08:56:26.991Z</time>
	<hdop>9.94</hdop>
	<extensions>
		<gpxtpx:TrackPointExtension>
			<gpxtpx:course>39.0</gpxtpx:course>
		</gpxtpx:TrackPointExtension>
	</extensions>
</trkpt>
<trkpt lat="46.3879355" lon="15.1636204">
	<ele>462.83</ele>
	<time>2026-07-21T08:56:31.991Z</time>
	<hdop>9.94</hdop>
	<extensions>
		<gpxtpx:TrackPointExtension>
			<gpxtpx:course>34.0</gpxtpx:course>
		</gpxtpx:TrackPointExtension>
	</extensions>
</trkpt>
<trkpt lat="46.3882299" lon="15.1638945">
	<ele>466.22</ele>
	<time>2026-07-21T08:56:36.991Z</time>
	<hdop>9.95</hdop>
	<extensions>
		<gpxtpx:TrackPointExtension>
			<gpxtpx:course>37.0</gpxtpx:course>
		</gpxtpx:TrackPointExtension>
	</extensions>
</trkpt>
<trkpt lat="46.3888584" lon="15.1641924">
	<ele>456.91</ele>
	<time>2026-07-21T08:56:45.991Z</time>
	<hdop>7.53</hdop>
	<extensions>
		<gpxtpx:TrackPointExtension>
			<gpxtpx:course>19.0</gpxtpx:course>
		</gpxtpx:TrackPointExtension>
	</extensions>
</trkpt>
<trkpt lat="46.3892231" lon="15.1644226">
	<ele>454.01</ele>
	<time>2026-07-21T08:56:50.991Z</time>
	<hdop>4.78</hdop>
	<extensions>
		<gpxtpx:TrackPointExtension>
			<gpxtpx:course>29.0</gpxtpx:course>
		</gpxtpx:TrackPointExtension>
	</extensions>
</trkpt>
<trkpt lat="46.3895383" lon="15.1646979">
	<ele>462.06</ele>
	<time>2026-07-21T08:56:55.991Z</time>
	<hdop>3.79</hdop>
	<extensions>
		<gpxtpx:TrackPointExtension>
			<gpxtpx:course>35.0</gpxtpx:course>
		</gpxtpx:TrackPointExtension>
	</extensions>
</trkpt>
<trkpt lat="46.3898398" lon="15.1650134">
	<ele>463.48</ele>
	<time>2026-07-21T08:57:00.992Z</time>
	<hdop>3.79</hdop>
	<extensions>
		<gpxtpx:TrackPointExtension>
			<gpxtpx:course>36.0</gpxtpx:course>
		</gpxtpx:TrackPointExtension>
	</extensions>
</trkpt>
<trkpt lat="46.3901633" lon="15.1652180">
	<ele>459.26</ele>
	<time>2026-07-21T08:57:05.992Z</time>
	<hdop>3.79</hdop>
	<extensions>
		<gpxtpx:TrackPointExtension>
			<gpxtpx:course>16.0</gpxtpx:course>
		</gpxtpx:TrackPointExtension>
	</extensions>
</trkpt>
<trkpt lat="46.3905216" lon="15.1653197">
	<ele>457.21</ele>
	<time>2026-07-21T08:57:10.992Z</time>
	<hdop>3.79</hdop>
	<extensions>
		<gpxtpx:TrackPointExtension>
			<gpxtpx:course>7.0</gpxtpx:course>
		</gpxtpx:TrackPointExtension>
	</extensions>
</trkpt>
<trkpt lat="46.3908838" lon="15.1654317">
	<ele>456.78</ele>
	<time>2026-07-21T08:57:15.992Z</time>
	<hdop>3.79</hdop>
	<extensions>
		<gpxtpx:TrackPointExtension>
			<gpxtpx:course>14.0</gpxtpx:course>
		</gpxtpx:TrackPointExtension>
	</extensions>
</trkpt>
<trkpt lat="46.3912851" lon="15.1655364">
	<ele>456.04</ele>
	<time>2026-07-21T08:57:21.992Z</time>
	<hdop>3.79</hdop>
	<extensions>
		<gpxtpx:TrackPointExtension>
			<gpxtpx:course>17.0</gpxtpx:course>
		</gpxtpx:TrackPointExtension>
	</extensions>
</trkpt>
<trkpt lat="46.3915909" lon="15.1657125">
	<ele>456.52</ele>
	<time>2026-07-21T08:57:26.992Z</time>
	<hdop>3.79</hdop>
	<extensions>
		<gpxtpx:TrackPointExtension>
			<gpxtpx:course>26.0</gpxtpx:course>
		</gpxtpx:TrackPointExtension>
	</extensions>
</trkpt>
<trkpt lat="46.3919331" lon="15.1660334">
	<ele>463.55</ele>
	<time>2026-07-21T08:57:32.992Z</time>
	<hdop>3.79</hdop>
	<extensions>
		<gpxtpx:TrackPointExtension>
			<gpxtpx:course>39.0</gpxtpx:course>
		</gpxtpx:TrackPointExtension>
	</extensions>
</trkpt>
<trkpt lat="46.3922509" lon="15.1664189">
	<ele>464.41</ele>
	<time>2026-07-21T08:57:38.992Z</time>
	<hdop>3.79</hdop>
	<extensions>
		<gpxtpx:TrackPointExtension>
			<gpxtpx:course>46.0</gpxtpx:course>
		</gpxtpx:TrackPointExtension>
	</extensions>
</trkpt>
<trkpt lat="46.3924738" lon="15.1667264">
	<ele>459.84</ele>
	<time>2026-07-21T08:57:43.993Z</time>
	<hdop>3.79</hdop>
	<extensions>
		<gpxtpx:TrackPointExtension>
			<gpxtpx:course>31.0</gpxtpx:course>
		</gpxtpx:TrackPointExtension>
	</extensions>
</trkpt>
<trkpt lat="46.3927169" lon="15.1668911">
	<ele>460.49</ele>
	<time>2026-07-21T08:57:49.993Z</time>
	<hdop>9.94</hdop>
	<extensions>
		<gpxtpx:TrackPointExtension>
			<gpxtpx:course>68.0</gpxtpx:course>
		</gpxtpx:TrackPointExtension>
	</extensions>
</trkpt>
<trkpt lat="46.3928518" lon="15.1673520">
	<ele>455.95</ele>
	<time>2026-07-21T08:57:55.992Z</time>
	<hdop>9.94</hdop>
	<extensions>
		<gpxtpx:TrackPointExtension>
			<gpxtpx:course>58.0</gpxtpx:course>
		</gpxtpx:TrackPointExtension>
	</extensions>
</trkpt>
<trkpt lat="46.3931685" lon="15.1677694">
	<ele>455.72</ele>
	<time>2026-07-21T08:58:01.993Z</time>
	<hdop>9.94</hdop>
	<extensions>
		<gpxtpx:TrackPointExtension>
			<gpxtpx:course>48.0</gpxtpx:course>
		</gpxtpx:TrackPointExtension>
	</extensions>
</trkpt>
<trkpt lat="46.3934144" lon="15.1681802">
	<ele>463.49</ele>
	<time>2026-07-21T08:58:06.993Z</time>
	<hdop>9.94</hdop>
	<extensions>
		<gpxtpx:TrackPointExtension>
			<gpxtpx:course>53.0</gpxtpx:course>
		</gpxtpx:TrackPointExtension>
	</extensions>
</trkpt>
<trkpt lat="46.3936719" lon="15.1687470">
	<ele>472.19</ele>
	<time>2026-07-21T08:58:12.991Z</time>
	<hdop>9.94</hdop>
	<extensions>
		<gpxtpx:TrackPointExtension>
			<gpxtpx:course>57.0</gpxtpx:course>
		</gpxtpx:TrackPointExtension>
	</extensions>
</trkpt>
<trkpt lat="46.3939269" lon="15.1691907">
	<ele>467.25</ele>
	<time>2026-07-21T08:58:17.991Z</time>
	<hdop>9.94</hdop>
	<extensions>
		<gpxtpx:TrackPointExtension>
			<gpxtpx:course>43.0</gpxtpx:course>
		</gpxtpx:TrackPointExtension>
	</extensions>
</trkpt>
<trkpt lat="46.3943066" lon="15.1696208">
	<ele>457.91</ele>
	<time>2026-07-21T08:58:23.991Z</time>
	<hdop>9.94</hdop>
	<extensions>
		<gpxtpx:TrackPointExtension>
			<gpxtpx:course>31.0</gpxtpx:course>
		</gpxtpx:TrackPointExtension>
	</extensions>
</trkpt>
<trkpt lat="46.3946538" lon="15.1699222">
	<ele>461.19</ele>
	<time>2026-07-21T08:58:28.991Z</time>
	<hdop>9.94</hdop>
	<extensions>
		<gpxtpx:TrackPointExtension>
			<gpxtpx:course>29.0</gpxtpx:course>
		</gpxtpx:TrackPointExtension>
	</extensions>
</trkpt>
<trkpt lat="46.3956176" lon="15.1712030">
	<ele>468.93</ele>
	<time>2026-07-21T08:58:45.991Z</time>
	<hdop>7.98</hdop>
	<extensions>
		<gpxtpx:TrackPointExtension>
			<gpxtpx:course>47.0</gpxtpx:course>
		</gpxtpx:TrackPointExtension>
	</extensions>
</trkpt>
<trkpt lat="46.3958352" lon="15.1717010">
	<ele>462.99</ele>
	<time>2026-07-21T08:58:50.991Z</time>
	<hdop>3.88</hdop>
	<extensions>
		<gpxtpx:TrackPointExtension>
			<gpxtpx:course>58.0</gpxtpx:course>
		</gpxtpx:TrackPointExtension>
	</extensions>
</trkpt>
<trkpt lat="46.3960817" lon="15.1722357">
	<ele>461.98</ele>
	<time>2026-07-21T08:58:55.992Z</time>
	<hdop>3.79</hdop>
	<extensions>
		<gpxtpx:TrackPointExtension>
			<gpxtpx:course>52.0</gpxtpx:course>
		</gpxtpx:TrackPointExtension>
	</extensions>
</trkpt>
<trkpt lat="46.3963906" lon="15.1728672">
	<ele>464.30</ele>
	<time>2026-07-21T08:59:01.991Z</time>
	<hdop>3.79</hdop>
	<extensions>
		<gpxtpx:TrackPointExtension>
			<gpxtpx:course>61.0</gpxtpx:course>
		</gpxtpx:TrackPointExtension>
	</extensions>
</trkpt>
<trkpt lat="46.3966560" lon="15.1733573">
	<ele>465.56</ele>
	<time>2026-07-21T08:59:06.992Z</time>
	<hdop>3.79</hdop>
	<extensions>
		<gpxtpx:TrackPointExtension>
			<gpxtpx:course>45.0</gpxtpx:course>
		</gpxtpx:TrackPointExtension>
	</extensions>
</trkpt>
<trkpt lat="46.3970086" lon="15.1738253">
	<ele>466.23</ele>
	<time>2026-07-21T08:59:12.991Z</time>
	<hdop>3.79</hdop>
	<extensions>
		<gpxtpx:TrackPointExtension>
			<gpxtpx:course>42.0</gpxtpx:course>
		</gpxtpx:TrackPointExtension>
	</extensions>
</trkpt>
<trkpt lat="46.3972817" lon="15.1742966">
	<ele>466.88</ele>
	<time>2026-07-21T08:59:17.992Z</time>
	<hdop>3.79</hdop>
	<extensions>
		<gpxtpx:TrackPointExtension>
			<gpxtpx:course>49.0</gpxtpx:course>
		</gpxtpx:TrackPointExtension>
	</extensions>
</trkpt>
<trkpt lat="46.3975577" lon="15.1747580">
	<ele>463.83</ele>
	<time>2026-07-21T08:59:22.992Z</time>
	<hdop>3.79</hdop>
	<extensions>
		<gpxtpx:TrackPointExtension>
			<gpxtpx:course>51.0</gpxtpx:course>
		</gpxtpx:TrackPointExtension>
	</extensions>
</trkpt>
<trkpt lat="46.3978832" lon="15.1753090">
	<ele>466.79</ele>
	<time>2026-07-21T08:59:28.991Z</time>
	<hdop>3.79</hdop>
	<extensions>
		<gpxtpx:TrackPointExtension>
			<gpxtpx:course>51.0</gpxtpx:course>
		</gpxtpx:TrackPointExtension>
	</extensions>
</trkpt>
<trkpt lat="46.3981461" lon="15.1757651">
	<ele>468.71</ele>
	<time>2026-07-21T08:59:33.991Z</time>
	<hdop>3.79</hdop>
	<extensions>
		<gpxtpx:TrackPointExtension>
			<gpxtpx:course>49.0</gpxtpx:course>
		</gpxtpx:TrackPointExtension>
	</extensions>
</trkpt>
<trkpt lat="46.3984262" lon="15.1761962">
	<ele>466.49</ele>
	<time>2026-07-21T08:59:38.991Z</time>
	<hdop>3.79</hdop>
	<extensions>
		<gpxtpx:TrackPointExtension>
			<gpxtpx:course>45.0</gpxtpx:course>
		</gpxtpx:TrackPointExtension>
	</extensions>
</trkpt>
<trkpt lat="46.3987288" lon="15.1765911">
	<ele>466.77</ele>
	<time>2026-07-21T08:59:43.993Z</time>
	<hdop>3.79</hdop>
	<extensions>
		<gpxtpx:TrackPointExtension>
			<gpxtpx:course>39.0</gpxtpx:course>
		</gpxtpx:TrackPointExtension>
	</extensions>
</trkpt>
<trkpt lat="46.3991421" lon="15.1769247">
	<ele>467.01</ele>
	<time>2026-07-21T08:59:49.992Z</time>
	<hdop>3.79</hdop>
	<extensions>
		<gpxtpx:TrackPointExtension>
			<gpxtpx:course>23.0</gpxtpx:course>
		</gpxtpx:TrackPointExtension>
	</extensions>
</trkpt>
<trkpt lat="46.3995192" lon="15.1770953">
	<ele>466.35</ele>
	<time>2026-07-21T08:59:54.993Z</time>
	<hdop>3.79</hdop>
	<extensions>
		<gpxtpx:TrackPointExtension>
			<gpxtpx:course>13.0</gpxtpx:course>
		</gpxtpx:TrackPointExtension>
	</extensions>
</trkpt>
<trkpt lat="46.3999611" lon="15.1772146">
	<ele>469.64</ele>
	<time>2026-07-21T09:00:00.991Z</time>
	<hdop>3.79</hdop>
	<extensions>
		<gpxtpx:TrackPointExtension>
			<gpxtpx:course>14.0</gpxtpx:course>
		</gpxtpx:TrackPointExtension>
	</extensions>
</trkpt>
<trkpt lat="46.4003303" lon="15.1773191">
	<ele>471.96</ele>
	<time>2026-07-21T09:00:05.993Z</time>
	<hdop>3.79</hdop>
	<extensions>
		<gpxtpx:TrackPointExtension>
			<gpxtpx:course>6.0</gpxtpx:course>
		</gpxtpx:TrackPointExtension>
	</extensions>
</trkpt>
<trkpt lat="46.4007627" lon="15.1774373">
	<ele>476.97</ele>
	<time>2026-07-21T09:00:11.991Z</time>
	<hdop>3.79</hdop>
	<extensions>
		<gpxtpx:TrackPointExtension>
			<gpxtpx:course>14.0</gpxtpx:course>
		</gpxtpx:TrackPointExtension>
	</extensions>
</trkpt>
<trkpt lat="46.4011078" lon="15.1776293">
	<ele>479.45</ele>
	<time>2026-07-21T09:00:16.991Z</time>
	<hdop>3.79</hdop>
	<extensions>
		<gpxtpx:TrackPointExtension>
			<gpxtpx:course>23.0</gpxtpx:course>
		</gpxtpx:TrackPointExtension>
	</extensions>
</trkpt>
<trkpt lat="46.4014257" lon="15.1778945">
	<ele>477.51</ele>
	<time>2026-07-21T09:00:21.992Z</time>
	<hdop>3.79</hdop>
	<extensions>
		<gpxtpx:TrackPointExtension>
			<gpxtpx:course>33.0</gpxtpx:course>
		</gpxtpx:TrackPointExtension>
	</extensions>
</trkpt>
<trkpt lat="46.4017171" lon="15.1782058">
	<ele>476.83</ele>
	<time>2026-07-21T09:00:26.992Z</time>
	<hdop>3.79</hdop>
	<extensions>
		<gpxtpx:TrackPointExtension>
			<gpxtpx:course>37.0</gpxtpx:course>
		</gpxtpx:TrackPointExtension>
	</extensions>
</trkpt>
<trkpt lat="46.4020767" lon="15.1785555">
	<ele>479.25</ele>
	<time>2026-07-21T09:00:32.991Z</time>
	<hdop>3.79</hdop>
	<extensions>
		<gpxtpx:TrackPointExtension>
			<gpxtpx:course>31.0</gpxtpx:course>
		</gpxtpx:TrackPointExtension>
	</extensions>
</trkpt>
<trkpt lat="46.4023915" lon="15.1788117">
	<ele>483.48</ele>
	<time>2026-07-21T09:00:37.992Z</time>
	<hdop>3.79</hdop>
	<extensions>
		<gpxtpx:TrackPointExtension>
			<gpxtpx:course>28.0</gpxtpx:course>
		</gpxtpx:TrackPointExtension>
	</extensions>
</trkpt>
<trkpt lat="46.4027333" lon="15.1790333">
	<ele>486.27</ele>
	<time>2026-07-21T09:00:42.992Z</time>
	<hdop>3.79</hdop>
	<extensions>
		<gpxtpx:TrackPointExtension>
			<gpxtpx:course>25.0</gpxtpx:course>
		</gpxtpx:TrackPointExtension>
	</extensions>
</trkpt>
<trkpt lat="46.4032019" lon="15.1790950">
	<ele>482.11</ele>
	<time>2026-07-21T09:00:48.991Z</time>
	<hdop>3.79</hdop>
	<extensions>
		<gpxtpx:TrackPointExtension>
			<gpxtpx:course>1.0</gpxtpx:course>
		</gpxtpx:TrackPointExtension>
	</extensions>
</trkpt>
<trkpt lat="46.4035626" lon="15.1790680">
	<ele>479.62</ele>
	<time>2026-07-21T09:00:53.993Z</time>
	<hdop>3.79</hdop>
	<extensions>
		<gpxtpx:TrackPointExtension>
			<gpxtpx:course>348.0</gpxtpx:course>
		</gpxtpx:TrackPointExtension>
	</extensions>
</trkpt>
<trkpt lat="46.4041507" lon="15.1787842">
	<ele>484.95</ele>
	<time>2026-07-21T09:01:02.991Z</time>
	<hdop>25.62</hdop>
	<extensions>
		<gpxtpx:TrackPointExtension>
			<gpxtpx:course>340.0</gpxtpx:course>
		</gpxtpx:TrackPointExtension>
	</extensions>
</trkpt>
<trkpt lat="46.4045066" lon="15.1785857">
	<ele>489.41</ele>
	<time>2026-07-21T09:01:07.992Z</time>
	<hdop>4.34</hdop>
	<extensions>
		<gpxtpx:TrackPointExtension>
			<gpxtpx:course>342.0</gpxtpx:course>
		</gpxtpx:TrackPointExtension>
	</extensions>
</trkpt>
<trkpt lat="46.4049555" lon="15.1784917">
	<ele>482.21</ele>
	<time>2026-07-21T09:01:13.993Z</time>
	<hdop>3.79</hdop>
	<extensions>
		<gpxtpx:TrackPointExtension>
			<gpxtpx:course>357.0</gpxtpx:course>
		</gpxtpx:TrackPointExtension>
	</extensions>
</trkpt>
<trkpt lat="46.4053489" lon="15.1785212">
	<ele>481.92</ele>
	<time>2026-07-21T09:01:18.993Z</time>
	<hdop>3.79</hdop>
	<extensions>
		<gpxtpx:TrackPointExtension>
			<gpxtpx:course>3.0</gpxtpx:course>
		</gpxtpx:TrackPointExtension>
	</extensions>
</trkpt>
<trkpt lat="46.4057870" lon="15.1785787">
	<ele>485.87</ele>
	<time>2026-07-21T09:01:24.990Z</time>
	<hdop>3.79</hdop>
	<extensions>
		<gpxtpx:TrackPointExtension>
			<gpxtpx:course>3.0</gpxtpx:course>
		</gpxtpx:TrackPointExtension>
	</extensions>
</trkpt>
<trkpt lat="46.4061552" lon="15.1786236">
	<ele>488.41</ele>
	<time>2026-07-21T09:01:29.991Z</time>
	<hdop>3.79</hdop>
	<extensions>
		<gpxtpx:TrackPointExtension>
			<gpxtpx:course>6.0</gpxtpx:course>
		</gpxtpx:TrackPointExtension>
	</extensions>
</trkpt>
<trkpt lat="46.4065286" lon="15.1786684">
	<ele>490.69</ele>
	<time>2026-07-21T09:01:34.993Z</time>
	<hdop>3.79</hdop>
	<extensions>
		<gpxtpx:TrackPointExtension>
			<gpxtpx:course>5.0</gpxtpx:course>
		</gpxtpx:TrackPointExtension>
	</extensions>
</trkpt>
<trkpt lat="46.4069768" lon="15.1786987">
	<ele>492.02</ele>
	<time>2026-07-21T09:01:40.992Z</time>
	<hdop>3.79</hdop>
	<extensions>
		<gpxtpx:TrackPointExtension>
			<gpxtpx:course>2.0</gpxtpx:course>
		</gpxtpx:TrackPointExtension>
	</extensions>
</trkpt>
<trkpt lat="46.4073543" lon="15.1787340">
	<ele>491.97</ele>
	<time>2026-07-21T09:01:45.992Z</time>
	<hdop>3.79</hdop>
	<extensions>
		<gpxtpx:TrackPointExtension>
			<gpxtpx:course>5.0</gpxtpx:course>
		</gpxtpx:TrackPointExtension>
	</extensions>
</trkpt>
<trkpt lat="46.4077292" lon="15.1788247">
	<ele>491.77</ele>
	<time>2026-07-21T09:01:50.993Z</time>
	<hdop>3.79</hdop>
	<extensions>
		<gpxtpx:TrackPointExtension>
			<gpxtpx:course>10.0</gpxtpx:course>
		</gpxtpx:TrackPointExtension>
	</extensions>
</trkpt>
<trkpt lat="46.4081767" lon="15.1789689">
	<ele>491.23</ele>
	<time>2026-07-21T09:01:56.993Z</time>
	<hdop>3.79</hdop>
	<extensions>
		<gpxtpx:TrackPointExtension>
			<gpxtpx:course>19.0</gpxtpx:course>
		</gpxtpx:TrackPointExtension>
	</extensions>
</trkpt>
<trkpt lat="46.4086115" lon="15.1790922">
	<ele>491.08</ele>
	<time>2026-07-21T09:02:02.993Z</time>
	<hdop>3.79</hdop>
	<extensions>
		<gpxtpx:TrackPointExtension>
			<gpxtpx:course>6.0</gpxtpx:course>
		</gpxtpx:TrackPointExtension>
	</extensions>
</trkpt>
<trkpt lat="46.4090390" lon="15.1790756">
	<ele>495.99</ele>
	<time>2026-07-21T09:02:08.992Z</time>
	<hdop>9.94</hdop>
	<extensions>
		<gpxtpx:TrackPointExtension>
			<gpxtpx:course>351.0</gpxtpx:course>
		</gpxtpx:TrackPointExtension>
	</extensions>
</trkpt>
<trkpt lat="46.4093919" lon="15.1789592">
	<ele>497.23</ele>
	<time>2026-07-21T09:02:13.993Z</time>
	<hdop>9.94</hdop>
	<extensions>
		<gpxtpx:TrackPointExtension>
			<gpxtpx:course>343.0</gpxtpx:course>
		</gpxtpx:TrackPointExtension>
	</extensions>
</trkpt>
<trkpt lat="46.4097486" lon="15.1786798">
	<ele>495.21</ele>
	<time>2026-07-21T09:02:19.992Z</time>
	<hdop>9.94</hdop>
	<extensions>
		<gpxtpx:TrackPointExtension>
			<gpxtpx:course>326.0</gpxtpx:course>
		</gpxtpx:TrackPointExtension>
	</extensions>
</trkpt>
<trkpt lat="46.4100337" lon="15.1783556">
	<ele>495.59</ele>
	<time>2026-07-21T09:02:24.992Z</time>
	<hdop>9.94</hdop>
	<extensions>
		<gpxtpx:TrackPointExtension>
			<gpxtpx:course>319.0</gpxtpx:course>
		</gpxtpx:TrackPointExtension>
	</extensions>
</trkpt>
<trkpt lat="46.4102941" lon="15.1780058">
	<ele>498.49</ele>
	<time>2026-07-21T09:02:29.992Z</time>
	<hdop>9.94</hdop>
	<extensions>
		<gpxtpx:TrackPointExtension>
			<gpxtpx:course>315.0</gpxtpx:course>
		</gpxtpx:TrackPointExtension>
	</extensions>
</trkpt>
<trkpt lat="46.4105569" lon="15.1776501">
	<ele>498.63</ele>
	<time>2026-07-21T09:02:34.992Z</time>
	<hdop>9.94</hdop>
	<extensions>
		<gpxtpx:TrackPointExtension>
			<gpxtpx:course>318.0</gpxtpx:course>
		</gpxtpx:TrackPointExtension>
	</extensions>
</trkpt>
<trkpt lat="46.4108614" lon="15.1772103">
	<ele>493.41</ele>
	<time>2026-07-21T09:02:40.991Z</time>
	<hdop>9.94</hdop>
	<extensions>
		<gpxtpx:TrackPointExtension>
			<gpxtpx:course>317.0</gpxtpx:course>
		</gpxtpx:TrackPointExtension>
	</extensions>
</trkpt>
<trkpt lat="46.4111669" lon="15.1769154">
	<ele>492.81</ele>
	<time>2026-07-21T09:02:45.992Z</time>
	<hdop>5.02</hdop>
	<extensions>
		<gpxtpx:TrackPointExtension>
			<gpxtpx:course>330.0</gpxtpx:course>
		</gpxtpx:TrackPointExtension>
	</extensions>
</trkpt>
<trkpt lat="46.4115137" lon="15.1767208">
	<ele>499.13</ele>
	<time>2026-07-21T09:02:50.993Z</time>
	<hdop>3.79</hdop>
	<extensions>
		<gpxtpx:TrackPointExtension>
			<gpxtpx:course>342.0</gpxtpx:course>
		</gpxtpx:TrackPointExtension>
	</extensions>
</trkpt>
<trkpt lat="46.4119015" lon="15.1765442">
	<ele>500.29</ele>
	<time>2026-07-21T09:02:56.992Z</time>
	<hdop>3.79</hdop>
	<extensions>
		<gpxtpx:TrackPointExtension>
			<gpxtpx:course>339.0</gpxtpx:course>
		</gpxtpx:TrackPointExtension>
	</extensions>
</trkpt>
<trkpt lat="46.4121761" lon="15.1763787">
	<ele>498.22</ele>
	<time>2026-07-21T09:03:01.992Z</time>
	<hdop>3.79</hdop>
	<extensions>
		<gpxtpx:TrackPointExtension>
			<gpxtpx:course>337.0</gpxtpx:course>
		</gpxtpx:TrackPointExtension>
	</extensions>
</trkpt>
<trkpt lat="46.4124460" lon="15.1761422">
	<ele>501.28</ele>
	<time>2026-07-21T09:03:06.992Z</time>
	<hdop>3.79</hdop>
	<extensions>
		<gpxtpx:TrackPointExtension>
			<gpxtpx:course>326.0</gpxtpx:course>
		</gpxtpx:TrackPointExtension>
	</extensions>
</trkpt>
<trkpt lat="46.4127360" lon="15.1757889">
	<ele>508.79</ele>
	<time>2026-07-21T09:03:12.991Z</time>
	<hdop>3.79</hdop>
	<extensions>
		<gpxtpx:TrackPointExtension>
			<gpxtpx:course>314.0</gpxtpx:course>
		</gpxtpx:TrackPointExtension>
	</extensions>
</trkpt>
<trkpt lat="46.4129438" lon="15.1754231">
	<ele>512.90</ele>
	<time>2026-07-21T09:03:17.992Z</time>
	<hdop>3.79</hdop>
	<extensions>
		<gpxtpx:TrackPointExtension>
			<gpxtpx:course>311.0</gpxtpx:course>
		</gpxtpx:TrackPointExtension>
	</extensions>
</trkpt>
<trkpt lat="46.4132301" lon="15.1750211">
	<ele>507.89</ele>
	<time>2026-07-21T09:03:23.992Z</time>
	<hdop>3.79</hdop>
	<extensions>
		<gpxtpx:TrackPointExtension>
			<gpxtpx:course>324.0</gpxtpx:course>
		</gpxtpx:TrackPointExtension>
	</extensions>
</trkpt>
<trkpt lat="46.4135181" lon="15.1747849">
	<ele>507.20</ele>
	<time>2026-07-21T09:03:28.992Z</time>
	<hdop>3.79</hdop>
	<extensions>
		<gpxtpx:TrackPointExtension>
			<gpxtpx:course>337.0</gpxtpx:course>
		</gpxtpx:TrackPointExtension>
	</extensions>
</trkpt>
<trkpt lat="46.4138265" lon="15.1746269">
	<ele>511.91</ele>
	<time>2026-07-21T09:03:33.992Z</time>
	<hdop>3.79</hdop>
	<extensions>
		<gpxtpx:TrackPointExtension>
			<gpxtpx:course>345.0</gpxtpx:course>
		</gpxtpx:TrackPointExtension>
	</extensions>
</trkpt>
<trkpt lat="46.4141442" lon="15.1745040">
	<ele>517.25</ele>
	<time>2026-07-21T09:03:38.993Z</time>
	<hdop>3.79</hdop>
	<extensions>
		<gpxtpx:TrackPointExtension>
			<gpxtpx:course>346.0</gpxtpx:course>
		</gpxtpx:TrackPointExtension>
	</extensions>
</trkpt>
<trkpt lat="46.4145212" lon="15.1743666">
	<ele>530.92</ele>
	<time>2026-07-21T09:03:44.993Z</time>
	<hdop>3.79</hdop>
	<extensions>
		<gpxtpx:TrackPointExtension>
			<gpxtpx:course>345.0</gpxtpx:course>
		</gpxtpx:TrackPointExtension>
	</extensions>
</trkpt>
<trkpt lat="46.4184309" lon="15.1734457">
	<ele>530.87</ele>
	<time>2026-07-21T09:04:49.993Z</time>
	<hdop>13.87</hdop>
	<extensions>
		<gpxtpx:TrackPointExtension>
			<gpxtpx:course>20.0</gpxtpx:course>
		</gpxtpx:TrackPointExtension>
	</extensions>
</trkpt>
<trkpt lat="46.4188235" lon="15.1737396">
	<ele>519.45</ele>
	<time>2026-07-21T09:04:55.992Z</time>
	<hdop>6.59</hdop>
	<extensions>
		<gpxtpx:TrackPointExtension>
			<gpxtpx:course>34.0</gpxtpx:course>
		</gpxtpx:TrackPointExtension>
	</extensions>
</trkpt>
<trkpt lat="46.4190720" lon="15.1739882">
	<ele>517.79</ele>
	<time>2026-07-21T09:05:00.992Z</time>
	<hdop>3.79</hdop>
	<extensions>
		<gpxtpx:TrackPointExtension>
			<gpxtpx:course>27.0</gpxtpx:course>
		</gpxtpx:TrackPointExtension>
	</extensions>
</trkpt>
<trkpt lat="46.4192724" lon="15.1742495">
	<ele>516.09</ele>
	<time>2026-07-21T09:05:05.993Z</time>
	<hdop>3.79</hdop>
	<extensions>
		<gpxtpx:TrackPointExtension>
			<gpxtpx:course>55.0</gpxtpx:course>
		</gpxtpx:TrackPointExtension>
	</extensions>
</trkpt>
<trkpt lat="46.4195217" lon="15.1746475">
	<ele>523.81</ele>
	<time>2026-07-21T09:05:11.992Z</time>
	<hdop>3.79</hdop>
	<extensions>
		<gpxtpx:TrackPointExtension>
			<gpxtpx:course>33.0</gpxtpx:course>
		</gpxtpx:TrackPointExtension>
	</extensions>
</trkpt>
<trkpt lat="46.4197481" lon="15.1749503">
	<ele>525.01</ele>
	<time>2026-07-21T09:05:16.992Z</time>
	<hdop>3.79</hdop>
	<extensions>
		<gpxtpx:TrackPointExtension>
			<gpxtpx:course>47.0</gpxtpx:course>
		</gpxtpx:TrackPointExtension>
	</extensions>
</trkpt>
<trkpt lat="46.4199809" lon="15.1752525">
	<ele>523.32</ele>
	<time>2026-07-21T09:05:21.992Z</time>
	<hdop>3.79</hdop>
	<extensions>
		<gpxtpx:TrackPointExtension>
			<gpxtpx:course>41.0</gpxtpx:course>
		</gpxtpx:TrackPointExtension>
	</extensions>
</trkpt>
<trkpt lat="46.4202332" lon="15.1756604">
	<ele>525.45</ele>
	<time>2026-07-21T09:05:27.993Z</time>
	<hdop>3.79</hdop>
	<extensions>
		<gpxtpx:TrackPointExtension>
			<gpxtpx:course>49.0</gpxtpx:course>
		</gpxtpx:TrackPointExtension>
	</extensions>
</trkpt>
<trkpt lat="46.4204157" lon="15.1760383">
	<ele>525.92</ele>
	<time>2026-07-21T09:05:32.993Z</time>
	<hdop>3.79</hdop>
	<extensions>
		<gpxtpx:TrackPointExtension>
			<gpxtpx:course>58.0</gpxtpx:course>
		</gpxtpx:TrackPointExtension>
	</extensions>
</trkpt>
<trkpt lat="46.4205701" lon="15.1765333">
	<ele>525.50</ele>
	<time>2026-07-21T09:05:38.992Z</time>
	<hdop>3.79</hdop>
	<extensions>
		<gpxtpx:TrackPointExtension>
			<gpxtpx:course>73.0</gpxtpx:course>
		</gpxtpx:TrackPointExtension>
	</extensions>
</trkpt>
<trkpt lat="46.4206468" lon="15.1769637">
	<ele>523.65</ele>
	<time>2026-07-21T09:05:43.992Z</time>
	<hdop>3.79</hdop>
	<extensions>
		<gpxtpx:TrackPointExtension>
			<gpxtpx:course>75.0</gpxtpx:course>
		</gpxtpx:TrackPointExtension>
	</extensions>
</trkpt>
<trkpt lat="46.4206954" lon="15.1774069">
	<ele>522.18</ele>
	<time>2026-07-21T09:05:48.992Z</time>
	<hdop>3.79</hdop>
	<extensions>
		<gpxtpx:TrackPointExtension>
			<gpxtpx:course>85.0</gpxtpx:course>
		</gpxtpx:TrackPointExtension>
	</extensions>
</trkpt>
<trkpt lat="46.4207263" lon="15.1779438">
	<ele>523.53</ele>
	<time>2026-07-21T09:05:54.993Z</time>
	<hdop>3.79</hdop>
	<extensions>
		<gpxtpx:TrackPointExtension>
			<gpxtpx:course>85.0</gpxtpx:course>
		</gpxtpx:TrackPointExtension>
	</extensions>
</trkpt>
<trkpt lat="46.4207577" lon="15.1784931">
	<ele>525.91</ele>
	<time>2026-07-21T09:06:00.993Z</time>
	<hdop>3.79</hdop>
	<extensions>
		<gpxtpx:TrackPointExtension>
			<gpxtpx:course>86.0</gpxtpx:course>
		</gpxtpx:TrackPointExtension>
	</extensions>
</trkpt>
<trkpt lat="46.4207869" lon="15.1790115">
	<ele>528.27</ele>
	<time>2026-07-21T09:06:06.992Z</time>
	<hdop>3.79</hdop>
	<extensions>
		<gpxtpx:TrackPointExtension>
			<gpxtpx:course>88.0</gpxtpx:course>
		</gpxtpx:TrackPointExtension>
	</extensions>
</trkpt>
<trkpt lat="46.4208221" lon="15.1794046">
	<ele>529.22</ele>
	<time>2026-07-21T09:06:11.992Z</time>
	<hdop>3.79</hdop>
	<extensions>
		<gpxtpx:TrackPointExtension>
			<gpxtpx:course>85.0</gpxtpx:course>
		</gpxtpx:TrackPointExtension>
	</extensions>
</trkpt>
<trkpt lat="46.4208613" lon="15.1798357">
	<ele>529.52</ele>
	<time>2026-07-21T09:06:16.992Z</time>
	<hdop>3.79</hdop>
	<extensions>
		<gpxtpx:TrackPointExtension>
			<gpxtpx:course>79.0</gpxtpx:course>
		</gpxtpx:TrackPointExtension>
	</extensions>
</trkpt>
<trkpt lat="46.4209214" lon="15.1803187">
	<ele>529.38</ele>
	<time>2026-07-21T09:06:22.992Z</time>
	<hdop>3.79</hdop>
	<extensions>
		<gpxtpx:TrackPointExtension>
			<gpxtpx:course>75.0</gpxtpx:course>
		</gpxtpx:TrackPointExtension>
	</extensions>
</trkpt>
<trkpt lat="46.4209758" lon="15.1806340">
	<ele>529.23</ele>
	<time>2026-07-21T09:06:27.992Z</time>
	<hdop>3.79</hdop>
	<extensions>
		<gpxtpx:TrackPointExtension>
			<gpxtpx:course>72.0</gpxtpx:course>
		</gpxtpx:TrackPointExtension>
	</extensions>
</trkpt>
<trkpt lat="46.4209676" lon="15.1809446">
	<ele>532.17</ele>
	<time>2026-07-21T09:06:32.992Z</time>
	<hdop>3.79</hdop>
	<extensions>
		<gpxtpx:TrackPointExtension>
			<gpxtpx:course>84.0</gpxtpx:course>
		</gpxtpx:TrackPointExtension>
	</extensions>
</trkpt>
<trkpt lat="46.4210572" lon="15.1813749">
	<ele>537.07</ele>
	<time>2026-07-21T09:06:38.991Z</time>
	<hdop>3.79</hdop>
	<extensions>
		<gpxtpx:TrackPointExtension>
			<gpxtpx:course>71.0</gpxtpx:course>
		</gpxtpx:TrackPointExtension>
	</extensions>
</trkpt>
<trkpt lat="46.4211508" lon="15.1817392">
	<ele>539.98</ele>
	<time>2026-07-21T09:06:43.992Z</time>
	<hdop>3.79</hdop>
	<extensions>
		<gpxtpx:TrackPointExtension>
			<gpxtpx:course>63.0</gpxtpx:course>
		</gpxtpx:TrackPointExtension>
	</extensions>
</trkpt>
<trkpt lat="46.4212965" lon="15.1820804">
	<ele>538.69</ele>
	<time>2026-07-21T09:06:48.992Z</time>
	<hdop>3.79</hdop>
	<extensions>
		<gpxtpx:TrackPointExtension>
			<gpxtpx:course>63.0</gpxtpx:course>
		</gpxtpx:TrackPointExtension>
	</extensions>
</trkpt>
<trkpt lat="46.4213744" lon="15.1824746">
	<ele>537.36</ele>
	<time>2026-07-21T09:06:53.992Z</time>
	<hdop>3.79</hdop>
	<extensions>
		<gpxtpx:TrackPointExtension>
			<gpxtpx:course>73.0</gpxtpx:course>
		</gpxtpx:TrackPointExtension>
	</extensions>
</trkpt>
<trkpt lat="46.4214534" lon="15.1828770">
	<ele>535.94</ele>
	<time>2026-07-21T09:06:58.992Z</time>
	<hdop>3.79</hdop>
	<extensions>
		<gpxtpx:TrackPointExtension>
			<gpxtpx:course>74.0</gpxtpx:course>
		</gpxtpx:TrackPointExtension>
	</extensions>
</trkpt>
<trkpt lat="46.4215452" lon="15.1832806">
	<ele>534.49</ele>
	<time>2026-07-21T09:07:03.993Z</time>
	<hdop>3.79</hdop>
	<extensions>
		<gpxtpx:TrackPointExtension>
			<gpxtpx:course>71.0</gpxtpx:course>
		</gpxtpx:TrackPointExtension>
	</extensions>
</trkpt>
<trkpt lat="46.4216414" lon="15.1836908">
	<ele>532.48</ele>
	<time>2026-07-21T09:07:08.993Z</time>
	<hdop>3.79</hdop>
	<extensions>
		<gpxtpx:TrackPointExtension>
			<gpxtpx:course>69.0</gpxtpx:course>
		</gpxtpx:TrackPointExtension>
	</extensions>
</trkpt>
<trkpt lat="46.4217317" lon="15.1841959">
	<ele>530.97</ele>
	<time>2026-07-21T09:07:14.993Z</time>
	<hdop>3.79</hdop>
	<extensions>
		<gpxtpx:TrackPointExtension>
			<gpxtpx:course>74.0</gpxtpx:course>
		</gpxtpx:TrackPointExtension>
	</extensions>
</trkpt>
<trkpt lat="46.4218330" lon="15.1846087">
	<ele>531.90</ele>
	<time>2026-07-21T09:07:20.993Z</time>
	<hdop>3.79</hdop>
	<extensions>
		<gpxtpx:TrackPointExtension>
			<gpxtpx:course>47.0</gpxtpx:course>
		</gpxtpx:TrackPointExtension>
	</extensions>
</trkpt>
<trkpt lat="46.4220892" lon="15.1847069">
	<ele>528.51</ele>
	<time>2026-07-21T09:07:26.993Z</time>
	<hdop>3.79</hdop>
	<extensions>
		<gpxtpx:TrackPointExtension>
			<gpxtpx:course>352.0</gpxtpx:course>
		</gpxtpx:TrackPointExtension>
	</extensions>
</trkpt>
<trkpt lat="46.4223267" lon="15.1849340">
	<ele>525.78</ele>
	<time>2026-07-21T09:07:32.993Z</time>
	<hdop>3.79</hdop>
	<extensions>
		<gpxtpx:TrackPointExtension>
			<gpxtpx:course>73.0</gpxtpx:course>
		</gpxtpx:TrackPointExtension>
	</extensions>
</trkpt>
<trkpt lat="46.4223876" lon="15.1854526">
	<ele>526.81</ele>
	<time>2026-07-21T09:07:38.991Z</time>
	<hdop>3.79</hdop>
	<extensions>
		<gpxtpx:TrackPointExtension>
			<gpxtpx:course>71.0</gpxtpx:course>
		</gpxtpx:TrackPointExtension>
	</extensions>
</trkpt>
<trkpt lat="46.4224697" lon="15.1859002">
	<ele>526.49</ele>
	<time>2026-07-21T09:07:43.992Z</time>
	<hdop>3.79</hdop>
	<extensions>
		<gpxtpx:TrackPointExtension>
			<gpxtpx:course>68.0</gpxtpx:course>
		</gpxtpx:TrackPointExtension>
	</extensions>
</trkpt>
<trkpt lat="46.4225740" lon="15.1863586">
	<ele>524.30</ele>
	<time>2026-07-21T09:07:48.992Z</time>
	<hdop>3.79</hdop>
	<extensions>
		<gpxtpx:TrackPointExtension>
			<gpxtpx:course>70.0</gpxtpx:course>
		</gpxtpx:TrackPointExtension>
	</extensions>
</trkpt>
<trkpt lat="46.4226619" lon="15.1867765">
	<ele>523.90</ele>
	<time>2026-07-21T09:07:53.993Z</time>
	<hdop>3.79</hdop>
	<extensions>
		<gpxtpx:TrackPointExtension>
			<gpxtpx:course>75.0</gpxtpx:course>
		</gpxtpx:TrackPointExtension>
	</extensions>
</trkpt>
<trkpt lat="46.4228567" lon="15.1871473">
	<ele>525.26</ele>
	<time>2026-07-21T09:07:58.993Z</time>
	<hdop>3.79</hdop>
	<extensions>
		<gpxtpx:TrackPointExtension>
			<gpxtpx:course>36.0</gpxtpx:course>
		</gpxtpx:TrackPointExtension>
	</extensions>
</trkpt>
<trkpt lat="46.4232407" lon="15.1873167">
	<ele>524.05</ele>
	<time>2026-07-21T09:08:04.992Z</time>
	<hdop>3.79</hdop>
	<extensions>
		<gpxtpx:TrackPointExtension>
			<gpxtpx:course>15.0</gpxtpx:course>
		</gpxtpx:TrackPointExtension>
	</extensions>
</trkpt>
<trkpt lat="46.4235342" lon="15.1874249">
	<ele>524.49</ele>
	<time>2026-07-21T09:08:09.992Z</time>
	<hdop>3.79</hdop>
	<extensions>
		<gpxtpx:TrackPointExtension>
			<gpxtpx:course>12.0</gpxtpx:course>
		</gpxtpx:TrackPointExtension>
	</extensions>
</trkpt>
<trkpt lat="46.4238042" lon="15.1875166">
	<ele>527.05</ele>
	<time>2026-07-21T09:08:14.992Z</time>
	<hdop>3.79</hdop>
	<extensions>
		<gpxtpx:TrackPointExtension>
			<gpxtpx:course>22.0</gpxtpx:course>
		</gpxtpx:TrackPointExtension>
	</extensions>
</trkpt>
<trkpt lat="46.4238315" lon="15.1878027">
	<ele>529.12</ele>
	<time>2026-07-21T09:08:19.992Z</time>
	<hdop>3.79</hdop>
	<extensions>
		<gpxtpx:TrackPointExtension>
			<gpxtpx:course>86.0</gpxtpx:course>
		</gpxtpx:TrackPointExtension>
	</extensions>
</trkpt>
<trkpt lat="46.4239180" lon="15.1879949">
	<ele>531.88</ele>
	<time>2026-07-21T09:08:24.993Z</time>
	<hdop>3.79</hdop>
	<extensions>
		<gpxtpx:TrackPointExtension>
			<gpxtpx:course>5.0</gpxtpx:course>
		</gpxtpx:TrackPointExtension>
	</extensions>
</trkpt>
<trkpt lat="46.4241813" lon="15.1879808">
	<ele>534.83</ele>
	<time>2026-07-21T09:08:29.993Z</time>
	<hdop>3.79</hdop>
	<extensions>
		<gpxtpx:TrackPointExtension>
			<gpxtpx:course>359.0</gpxtpx:course>
		</gpxtpx:TrackPointExtension>
	</extensions>
</trkpt>
<trkpt lat="46.4244583" lon="15.1879402">
	<ele>534.87</ele>
	<time>2026-07-21T09:08:34.993Z</time>
	<hdop>3.79</hdop>
	<extensions>
		<gpxtpx:TrackPointExtension>
			<gpxtpx:course>345.0</gpxtpx:course>
		</gpxtpx:TrackPointExtension>
	</extensions>
</trkpt>
<trkpt lat="46.4247652" lon="15.1877432">
	<ele>531.99</ele>
	<time>2026-07-21T09:08:40.992Z</time>
	<hdop>3.79</hdop>
	<extensions>
		<gpxtpx:TrackPointExtension>
			<gpxtpx:course>336.0</gpxtpx:course>
		</gpxtpx:TrackPointExtension>
	</extensions>
</trkpt>
<trkpt lat="46.4250362" lon="15.1878937">
	<ele>531.84</ele>
	<time>2026-07-21T09:08:45.992Z</time>
	<hdop>3.79</hdop>
	<extensions>
		<gpxtpx:TrackPointExtension>
			<gpxtpx:course>34.0</gpxtpx:course>
		</gpxtpx:TrackPointExtension>
	</extensions>
</trkpt>
<trkpt lat="46.4253358" lon="15.1881466">
	<ele>531.93</ele>
	<time>2026-07-21T09:08:50.993Z</time>
	<hdop>3.79</hdop>
	<extensions>
		<gpxtpx:TrackPointExtension>
			<gpxtpx:course>30.0</gpxtpx:course>
		</gpxtpx:TrackPointExtension>
	</extensions>
</trkpt>
<trkpt lat="46.4257133" lon="15.1884514">
	<ele>531.77</ele>
	<time>2026-07-21T09:08:56.992Z</time>
	<hdop>3.79</hdop>
	<extensions>
		<gpxtpx:TrackPointExtension>
			<gpxtpx:course>30.0</gpxtpx:course>
		</gpxtpx:TrackPointExtension>
	</extensions>
</trkpt>
<trkpt lat="46.4260752" lon="15.1887643">
	<ele>531.31</ele>
	<time>2026-07-21T09:09:02.993Z</time>
	<hdop>3.79</hdop>
	<extensions>
		<gpxtpx:TrackPointExtension>
			<gpxtpx:course>33.0</gpxtpx:course>
		</gpxtpx:TrackPointExtension>
	</extensions>
</trkpt>
<trkpt lat="46.4264215" lon="15.1891061">
	<ele>532.65</ele>
	<time>2026-07-21T09:09:08.992Z</time>
	<hdop>3.79</hdop>
	<extensions>
		<gpxtpx:TrackPointExtension>
			<gpxtpx:course>34.0</gpxtpx:course>
		</gpxtpx:TrackPointExtension>
	</extensions>
</trkpt>
<trkpt lat="46.4266993" lon="15.1894118">
	<ele>534.68</ele>
	<time>2026-07-21T09:09:13.992Z</time>
	<hdop>3.79</hdop>
	<extensions>
		<gpxtpx:TrackPointExtension>
			<gpxtpx:course>35.0</gpxtpx:course>
		</gpxtpx:TrackPointExtension>
	</extensions>
</trkpt>
<trkpt lat="46.4269862" lon="15.1897266">
	<ele>535.07</ele>
	<time>2026-07-21T09:09:18.992Z</time>
	<hdop>3.79</hdop>
	<extensions>
		<gpxtpx:TrackPointExtension>
			<gpxtpx:course>39.0</gpxtpx:course>
		</gpxtpx:TrackPointExtension>
	</extensions>
</trkpt>
<trkpt lat="46.4272748" lon="15.1900384">
	<ele>533.12</ele>
	<time>2026-07-21T09:09:23.992Z</time>
	<hdop>3.79</hdop>
	<extensions>
		<gpxtpx:TrackPointExtension>
			<gpxtpx:course>33.0</gpxtpx:course>
		</gpxtpx:TrackPointExtension>
	</extensions>
</trkpt>
<trkpt lat="46.4275000" lon="15.1902923">
	<ele>532.03</ele>
	<time>2026-07-21T09:09:28.993Z</time>
	<hdop>3.79</hdop>
	<extensions>
		<gpxtpx:TrackPointExtension>
			<gpxtpx:course>74.0</gpxtpx:course>
		</gpxtpx:TrackPointExtension>
	</extensions>
</trkpt>
<trkpt lat="46.4276143" lon="15.1907062">
	<ele>534.23</ele>
	<time>2026-07-21T09:09:34.992Z</time>
	<hdop>3.79</hdop>
	<extensions>
		<gpxtpx:TrackPointExtension>
			<gpxtpx:course>40.0</gpxtpx:course>
		</gpxtpx:TrackPointExtension>
	</extensions>
</trkpt>
<trkpt lat="46.4278905" lon="15.1909365">
	<ele>533.27</ele>
	<time>2026-07-21T09:09:39.992Z</time>
	<hdop>3.79</hdop>
	<extensions>
		<gpxtpx:TrackPointExtension>
			<gpxtpx:course>28.0</gpxtpx:course>
		</gpxtpx:TrackPointExtension>
	</extensions>
</trkpt>
<trkpt lat="46.4281561" lon="15.1912745">
	<ele>532.44</ele>
	<time>2026-07-21T09:09:44.993Z</time>
	<hdop>3.79</hdop>
	<extensions>
		<gpxtpx:TrackPointExtension>
			<gpxtpx:course>43.0</gpxtpx:course>
		</gpxtpx:TrackPointExtension>
	</extensions>
</trkpt>
<trkpt lat="46.4284385" lon="15.1916889">
	<ele>533.17</ele>
	<time>2026-07-21T09:09:50.991Z</time>
	<hdop>3.79</hdop>
	<extensions>
		<gpxtpx:TrackPointExtension>
			<gpxtpx:course>43.0</gpxtpx:course>
		</gpxtpx:TrackPointExtension>
	</extensions>
</trkpt>
<trkpt lat="46.4286333" lon="15.1920337">
	<ele>533.92</ele>
	<time>2026-07-21T09:09:55.992Z</time>
	<hdop>3.79</hdop>
	<extensions>
		<gpxtpx:TrackPointExtension>
			<gpxtpx:course>55.0</gpxtpx:course>
		</gpxtpx:TrackPointExtension>
	</extensions>
</trkpt>
<trkpt lat="46.4287791" lon="15.1924079">
	<ele>535.09</ele>
	<time>2026-07-21T09:10:00.992Z</time>
	<hdop>3.79</hdop>
	<extensions>
		<gpxtpx:TrackPointExtension>
			<gpxtpx:course>61.0</gpxtpx:course>
		</gpxtpx:TrackPointExtension>
	</extensions>
</trkpt>
<trkpt lat="46.4289532" lon="15.1927431">
	<ele>538.31</ele>
	<time>2026-07-21T09:10:06.992Z</time>
	<hdop>3.79</hdop>
	<extensions>
		<gpxtpx:TrackPointExtension>
			<gpxtpx:course>56.0</gpxtpx:course>
		</gpxtpx:TrackPointExtension>
	</extensions>
</trkpt>
<trkpt lat="46.4290928" lon="15.1930126">
	<ele>541.31</ele>
	<time>2026-07-21T09:10:11.992Z</time>
	<hdop>3.79</hdop>
	<extensions>
		<gpxtpx:TrackPointExtension>
			<gpxtpx:course>50.0</gpxtpx:course>
		</gpxtpx:TrackPointExtension>
	</extensions>
</trkpt>
<trkpt lat="46.4292855" lon="15.1931880">
	<ele>543.74</ele>
	<time>2026-07-21T09:10:16.992Z</time>
	<hdop>3.79</hdop>
	<extensions>
		<gpxtpx:TrackPointExtension>
			<gpxtpx:course>14.0</gpxtpx:course>
		</gpxtpx:TrackPointExtension>
	</extensions>
</trkpt>
<trkpt lat="46.4295244" lon="15.1932175">
	<ele>546.46</ele>
	<time>2026-07-21T09:10:21.993Z</time>
	<hdop>3.79</hdop>
	<extensions>
		<gpxtpx:TrackPointExtension>
			<gpxtpx:course>8.0</gpxtpx:course>
		</gpxtpx:TrackPointExtension>
	</extensions>
</trkpt>
<trkpt lat="46.4297738" lon="15.1932693">
	<ele>550.85</ele>
	<time>2026-07-21T09:10:27.993Z</time>
	<hdop>3.79</hdop>
	<extensions>
		<gpxtpx:TrackPointExtension>
			<gpxtpx:course>13.0</gpxtpx:course>
		</gpxtpx:TrackPointExtension>
	</extensions>
</trkpt>
<trkpt lat="46.4299833" lon="15.1932922">
	<ele>552.89</ele>
	<time>2026-07-21T09:10:32.993Z</time>
	<hdop>3.79</hdop>
	<extensions>
		<gpxtpx:TrackPointExtension>
			<gpxtpx:course>7.0</gpxtpx:course>
		</gpxtpx:TrackPointExtension>
	</extensions>
</trkpt>
<trkpt lat="46.4302440" lon="15.1933657">
	<ele>552.24</ele>
	<time>2026-07-21T09:10:38.993Z</time>
	<hdop>3.79</hdop>
	<extensions>
		<gpxtpx:TrackPointExtension>
			<gpxtpx:course>5.0</gpxtpx:course>
		</gpxtpx:TrackPointExtension>
	</extensions>
</trkpt>
<trkpt lat="46.4305276" lon="15.1932451">
	<ele>544.57</ele>
	<time>2026-07-21T09:10:44.993Z</time>
	<hdop>3.79</hdop>
	<extensions>
		<gpxtpx:TrackPointExtension>
			<gpxtpx:course>340.0</gpxtpx:course>
		</gpxtpx:TrackPointExtension>
	</extensions>
</trkpt>
<trkpt lat="46.4307840" lon="15.1930608">
	<ele>540.76</ele>
	<time>2026-07-21T09:10:49.993Z</time>
	<hdop>3.79</hdop>
	<extensions>
		<gpxtpx:TrackPointExtension>
			<gpxtpx:course>328.0</gpxtpx:course>
		</gpxtpx:TrackPointExtension>
	</extensions>
</trkpt>
<trkpt lat="46.4310178" lon="15.1928215">
	<ele>542.80</ele>
	<time>2026-07-21T09:10:54.993Z</time>
	<hdop>3.79</hdop>
	<extensions>
		<gpxtpx:TrackPointExtension>
			<gpxtpx:course>321.0</gpxtpx:course>
		</gpxtpx:TrackPointExtension>
	</extensions>
</trkpt>
<trkpt lat="46.4312692" lon="15.1924535">
	<ele>547.51</ele>
	<time>2026-07-21T09:11:00.992Z</time>
	<hdop>3.79</hdop>
	<extensions>
		<gpxtpx:TrackPointExtension>
			<gpxtpx:course>305.0</gpxtpx:course>
		</gpxtpx:TrackPointExtension>
	</extensions>
</trkpt>
<trkpt lat="46.4314429" lon="15.1921084">
	<ele>560.09</ele>
	<time>2026-07-21T09:11:05.993Z</time>
	<hdop>3.79</hdop>
	<extensions>
		<gpxtpx:TrackPointExtension>
			<gpxtpx:course>300.0</gpxtpx:course>
		</gpxtpx:TrackPointExtension>
	</extensions>
</trkpt>
<trkpt lat="46.4322221" lon="15.1905185">
	<ele>563.31</ele>
	<time>2026-07-21T09:11:26.992Z</time>
	<hdop>10.81</hdop>
	<extensions>
		<gpxtpx:TrackPointExtension>
			<gpxtpx:course>325.0</gpxtpx:course>
		</gpxtpx:TrackPointExtension>
	</extensions>
</trkpt>
<trkpt lat="46.4325311" lon="15.1903003">
	<ele>567.37</ele>
	<time>2026-07-21T09:11:31.992Z</time>
	<hdop>4.14</hdop>
	<extensions>
		<gpxtpx:TrackPointExtension>
			<gpxtpx:course>331.0</gpxtpx:course>
		</gpxtpx:TrackPointExtension>
	</extensions>
</trkpt>
<trkpt lat="46.4328508" lon="15.1900933">
	<ele>567.66</ele>
	<time>2026-07-21T09:11:36.993Z</time>
	<hdop>3.79</hdop>
	<extensions>
		<gpxtpx:TrackPointExtension>
			<gpxtpx:course>343.0</gpxtpx:course>
		</gpxtpx:TrackPointExtension>
	</extensions>
</trkpt>
<trkpt lat="46.4332544" lon="15.1900154">
	<ele>564.02</ele>
	<time>2026-07-21T09:11:42.992Z</time>
	<hdop>3.79</hdop>
	<extensions>
		<gpxtpx:TrackPointExtension>
			<gpxtpx:course>359.0</gpxtpx:course>
		</gpxtpx:TrackPointExtension>
	</extensions>
</trkpt>
<trkpt lat="46.4336658" lon="15.1900628">
	<ele>564.09</ele>
	<time>2026-07-21T09:11:48.993Z</time>
	<hdop>3.79</hdop>
	<extensions>
		<gpxtpx:TrackPointExtension>
			<gpxtpx:course>13.0</gpxtpx:course>
		</gpxtpx:TrackPointExtension>
	</extensions>
</trkpt>
<trkpt lat="46.4339882" lon="15.1902122">
	<ele>567.78</ele>
	<time>2026-07-21T09:11:53.993Z</time>
	<hdop>3.79</hdop>
	<extensions>
		<gpxtpx:TrackPointExtension>
			<gpxtpx:course>25.0</gpxtpx:course>
		</gpxtpx:TrackPointExtension>
	</extensions>
</trkpt>
<trkpt lat="46.4343329" lon="15.1905071">
	<ele>572.34</ele>
	<time>2026-07-21T09:11:59.992Z</time>
	<hdop>3.79</hdop>
	<extensions>
		<gpxtpx:TrackPointExtension>
			<gpxtpx:course>35.0</gpxtpx:course>
		</gpxtpx:TrackPointExtension>
	</extensions>
</trkpt>
<trkpt lat="46.4345897" lon="15.1908225">
	<ele>567.81</ele>
	<time>2026-07-21T09:12:04.992Z</time>
	<hdop>3.79</hdop>
	<extensions>
		<gpxtpx:TrackPointExtension>
			<gpxtpx:course>44.0</gpxtpx:course>
		</gpxtpx:TrackPointExtension>
	</extensions>
</trkpt>
<trkpt lat="46.4348339" lon="15.1911621">
	<ele>560.03</ele>
	<time>2026-07-21T09:12:09.992Z</time>
	<hdop>3.79</hdop>
	<extensions>
		<gpxtpx:TrackPointExtension>
			<gpxtpx:course>44.0</gpxtpx:course>
		</gpxtpx:TrackPointExtension>
	</extensions>
</trkpt>
<trkpt lat="46.4350859" lon="15.1914853">
	<ele>560.24</ele>
	<time>2026-07-21T09:12:14.992Z</time>
	<hdop>3.79</hdop>
	<extensions>
		<gpxtpx:TrackPointExtension>
			<gpxtpx:course>43.0</gpxtpx:course>
		</gpxtpx:TrackPointExtension>
	</extensions>
</trkpt>
<trkpt lat="46.4353220" lon="15.1918232">
	<ele>565.72</ele>
	<time>2026-07-21T09:12:19.992Z</time>
	<hdop>3.79</hdop>
	<extensions>
		<gpxtpx:TrackPointExtension>
			<gpxtpx:course>45.0</gpxtpx:course>
		</gpxtpx:TrackPointExtension>
	</extensions>
</trkpt>
<trkpt lat="46.4355609" lon="15.1921373">
	<ele>569.44</ele>
	<time>2026-07-21T09:12:24.992Z</time>
	<hdop>3.79</hdop>
	<extensions>
		<gpxtpx:TrackPointExtension>
			<gpxtpx:course>42.0</gpxtpx:course>
		</gpxtpx:TrackPointExtension>
	</extensions>
</trkpt>
<trkpt lat="46.4357942" lon="15.1924600">
	<ele>570.92</ele>
	<time>2026-07-21T09:12:29.992Z</time>
	<hdop>3.79</hdop>
	<extensions>
		<gpxtpx:TrackPointExtension>
			<gpxtpx:course>42.0</gpxtpx:course>
		</gpxtpx:TrackPointExtension>
	</extensions>
</trkpt>
<trkpt lat="46.4360869" lon="15.1928434">
	<ele>573.81</ele>
	<time>2026-07-21T09:12:35.992Z</time>
	<hdop>3.79</hdop>
	<extensions>
		<gpxtpx:TrackPointExtension>
			<gpxtpx:course>39.0</gpxtpx:course>
		</gpxtpx:TrackPointExtension>
	</extensions>
</trkpt>
<trkpt lat="46.4363680" lon="15.1932355">
	<ele>573.37</ele>
	<time>2026-07-21T09:12:41.992Z</time>
	<hdop>3.79</hdop>
	<extensions>
		<gpxtpx:TrackPointExtension>
			<gpxtpx:course>44.0</gpxtpx:course>
		</gpxtpx:TrackPointExtension>
	</extensions>
</trkpt>
<trkpt lat="46.4365902" lon="15.1935618">
	<ele>570.46</ele>
	<time>2026-07-21T09:12:46.993Z</time>
	<hdop>3.79</hdop>
	<extensions>
		<gpxtpx:TrackPointExtension>
			<gpxtpx:course>43.0</gpxtpx:course>
		</gpxtpx:TrackPointExtension>
	</extensions>
</trkpt>
<trkpt lat="46.4368667" lon="15.1939590">
	<ele>570.21</ele>
	<time>2026-07-21T09:12:52.993Z</time>
	<hdop>3.79</hdop>
	<extensions>
		<gpxtpx:TrackPointExtension>
			<gpxtpx:course>45.0</gpxtpx:course>
		</gpxtpx:TrackPointExtension>
	</extensions>
</trkpt>
<trkpt lat="46.4371583" lon="15.1943393">
	<ele>574.27</ele>
	<time>2026-07-21T09:12:58.992Z</time>
	<hdop>3.79</hdop>
	<extensions>
		<gpxtpx:TrackPointExtension>
			<gpxtpx:course>40.0</gpxtpx:course>
		</gpxtpx:TrackPointExtension>
	</extensions>
</trkpt>
<trkpt lat="46.4374245" lon="15.1945984">
	<ele>577.99</ele>
	<time>2026-07-21T09:13:03.994Z</time>
	<hdop>3.79</hdop>
	<extensions>
		<gpxtpx:TrackPointExtension>
			<gpxtpx:course>36.0</gpxtpx:course>
		</gpxtpx:TrackPointExtension>
	</extensions>
</trkpt>
<trkpt lat="46.4377444" lon="15.1949107">
	<ele>579.36</ele>
	<time>2026-07-21T09:13:09.992Z</time>
	<hdop>3.79</hdop>
	<extensions>
		<gpxtpx:TrackPointExtension>
			<gpxtpx:course>32.0</gpxtpx:course>
		</gpxtpx:TrackPointExtension>
	</extensions>
</trkpt>
<trkpt lat="46.4380147" lon="15.1951510">
	<ele>575.70</ele>
	<time>2026-07-21T09:13:14.993Z</time>
	<hdop>3.79</hdop>
	<extensions>
		<gpxtpx:TrackPointExtension>
			<gpxtpx:course>31.0</gpxtpx:course>
		</gpxtpx:TrackPointExtension>
	</extensions>
</trkpt>
<trkpt lat="46.4383421" lon="15.1954349">
	<ele>573.90</ele>
	<time>2026-07-21T09:13:20.993Z</time>
	<hdop>3.79</hdop>
	<extensions>
		<gpxtpx:TrackPointExtension>
			<gpxtpx:course>31.0</gpxtpx:course>
		</gpxtpx:TrackPointExtension>
	</extensions>
</trkpt>
<trkpt lat="46.4386149" lon="15.1956615">
	<ele>576.76</ele>
	<time>2026-07-21T09:13:25.993Z</time>
	<hdop>3.79</hdop>
	<extensions>
		<gpxtpx:TrackPointExtension>
			<gpxtpx:course>26.0</gpxtpx:course>
		</gpxtpx:TrackPointExtension>
	</extensions>
</trkpt>
<trkpt lat="46.4389611" lon="15.1958930">
	<ele>581.56</ele>
	<time>2026-07-21T09:13:31.993Z</time>
	<hdop>3.79</hdop>
	<extensions>
		<gpxtpx:TrackPointExtension>
			<gpxtpx:course>21.0</gpxtpx:course>
		</gpxtpx:TrackPointExtension>
	</extensions>
</trkpt>
<trkpt lat="46.4393229" lon="15.1960444">
	<ele>584.21</ele>
	<time>2026-07-21T09:13:37.993Z</time>
	<hdop>3.79</hdop>
	<extensions>
		<gpxtpx:TrackPointExtension>
			<gpxtpx:course>9.0</gpxtpx:course>
		</gpxtpx:TrackPointExtension>
	</extensions>
</trkpt>
<trkpt lat="46.4396447" lon="15.1961037">
	<ele>582.71</ele>
	<time>2026-07-21T09:13:42.993Z</time>
	<hdop>3.79</hdop>
	<extensions>
		<gpxtpx:TrackPointExtension>
			<gpxtpx:course>4.0</gpxtpx:course>
		</gpxtpx:TrackPointExtension>
	</extensions>
</trkpt>
<trkpt lat="46.4400419" lon="15.1961055">
	<ele>582.66</ele>
	<time>2026-07-21T09:13:48.992Z</time>
	<hdop>3.79</hdop>
	<extensions>
		<gpxtpx:TrackPointExtension>
			<gpxtpx:course>357.0</gpxtpx:course>
		</gpxtpx:TrackPointExtension>
	</extensions>
</trkpt>
<trkpt lat="46.4403578" lon="15.1960854">
	<ele>590.52</ele>
	<time>2026-07-21T09:13:53.993Z</time>
	<hdop>3.79</hdop>
	<extensions>
		<gpxtpx:TrackPointExtension>
			<gpxtpx:course>356.0</gpxtpx:course>
		</gpxtpx:TrackPointExtension>
	</extensions>
</trkpt>
<trkpt lat="46.4406639" lon="15.1960277">
	<ele>601.33</ele>
	<time>2026-07-21T09:13:58.994Z</time>
	<hdop>3.79</hdop>
	<extensions>
		<gpxtpx:TrackPointExtension>
			<gpxtpx:course>350.0</gpxtpx:course>
		</gpxtpx:TrackPointExtension>
	</extensions>
</trkpt>
<trkpt lat="46.4410936" lon="15.1958108">
	<ele>607.44</ele>
	<time>2026-07-21T09:14:05.992Z</time>
	<hdop>5.39</hdop>
	<extensions>
		<gpxtpx:TrackPointExtension>
			<gpxtpx:course>332.0</gpxtpx:course>
		</gpxtpx:TrackPointExtension>
	</extensions>
</trkpt>
<trkpt lat="46.4413314" lon="15.1955993">
	<ele>602.51</ele>
	<time>2026-07-21T09:14:10.993Z</time>
	<hdop>18.04</hdop>
	<extensions>
		<gpxtpx:TrackPointExtension>
			<gpxtpx:course>324.0</gpxtpx:course>
		</gpxtpx:TrackPointExtension>
	</extensions>
</trkpt>
<trkpt lat="46.4417624" lon="15.1949730">
	<ele>591.83</ele>
	<time>2026-07-21T09:14:17.992Z</time>
	<hdop>31.66</hdop>
	<extensions>
		<gpxtpx:TrackPointExtension>
			<gpxtpx:course>307.0</gpxtpx:course>
		</gpxtpx:TrackPointExtension>
	</extensions>
</trkpt>
<trkpt lat="46.4418255" lon="15.1947071">
	<ele>593.26</ele>
	<time>2026-07-21T09:14:22.992Z</time>
	<hdop>8.61</hdop>
	<extensions>
		<gpxtpx:TrackPointExtension>
			<gpxtpx:course>301.0</gpxtpx:course>
		</gpxtpx:TrackPointExtension>
	</extensions>
</trkpt>
<trkpt lat="46.4419646" lon="15.1943049">
	<ele>596.93</ele>
	<time>2026-07-21T09:14:27.992Z</time>
	<hdop>3.92</hdop>
	<extensions>
		<gpxtpx:TrackPointExtension>
			<gpxtpx:course>289.0</gpxtpx:course>
		</gpxtpx:TrackPointExtension>
	</extensions>
</trkpt>
<trkpt lat="46.4420741" lon="15.1938595">
	<ele>596.45</ele>
	<time>2026-07-21T09:14:32.993Z</time>
	<hdop>3.79</hdop>
	<extensions>
		<gpxtpx:TrackPointExtension>
			<gpxtpx:course>289.0</gpxtpx:course>
		</gpxtpx:TrackPointExtension>
	</extensions>
</trkpt>
<trkpt lat="46.4422550" lon="15.1933699">
	<ele>592.66</ele>
	<time>2026-07-21T09:14:38.992Z</time>
	<hdop>3.79</hdop>
	<extensions>
		<gpxtpx:TrackPointExtension>
			<gpxtpx:course>299.0</gpxtpx:course>
		</gpxtpx:TrackPointExtension>
	</extensions>
</trkpt>
<trkpt lat="46.4424128" lon="15.1929944">
	<ele>590.68</ele>
	<time>2026-07-21T09:14:43.992Z</time>
	<hdop>3.79</hdop>
	<extensions>
		<gpxtpx:TrackPointExtension>
			<gpxtpx:course>303.0</gpxtpx:course>
		</gpxtpx:TrackPointExtension>
	</extensions>
</trkpt>
<trkpt lat="46.4425467" lon="15.1926403">
	<ele>589.19</ele>
	<time>2026-07-21T09:14:48.992Z</time>
	<hdop>3.79</hdop>
	<extensions>
		<gpxtpx:TrackPointExtension>
			<gpxtpx:course>296.0</gpxtpx:course>
		</gpxtpx:TrackPointExtension>
	</extensions>
</trkpt>
<trkpt lat="46.4426583" lon="15.1922379">
	<ele>588.82</ele>
	<time>2026-07-21T09:14:53.992Z</time>
	<hdop>3.79</hdop>
	<extensions>
		<gpxtpx:TrackPointExtension>
			<gpxtpx:course>288.0</gpxtpx:course>
		</gpxtpx:TrackPointExtension>
	</extensions>
</trkpt>
<trkpt lat="46.4427595" lon="15.1917989">
	<ele>589.55</ele>
	<time>2026-07-21T09:14:58.992Z</time>
	<hdop>3.79</hdop>
	<extensions>
		<gpxtpx:TrackPointExtension>
			<gpxtpx:course>289.0</gpxtpx:course>
		</gpxtpx:TrackPointExtension>
	</extensions>
</trkpt>
<trkpt lat="46.4428809" lon="15.1912988">
	<ele>593.46</ele>
	<time>2026-07-21T09:15:04.993Z</time>
	<hdop>3.79</hdop>
	<extensions>
		<gpxtpx:TrackPointExtension>
			<gpxtpx:course>288.0</gpxtpx:course>
		</gpxtpx:TrackPointExtension>
	</extensions>
</trkpt>
<trkpt lat="46.4429919" lon="15.1909136">
	<ele>595.74</ele>
	<time>2026-07-21T09:15:09.993Z</time>
	<hdop>3.79</hdop>
	<extensions>
		<gpxtpx:TrackPointExtension>
			<gpxtpx:course>295.0</gpxtpx:course>
		</gpxtpx:TrackPointExtension>
	</extensions>
</trkpt>
<trkpt lat="46.4431118" lon="15.1905052">
	<ele>594.81</ele>
	<time>2026-07-21T09:15:14.993Z</time>
	<hdop>3.79</hdop>
	<extensions>
		<gpxtpx:TrackPointExtension>
			<gpxtpx:course>291.0</gpxtpx:course>
		</gpxtpx:TrackPointExtension>
	</extensions>
</trkpt>
<trkpt lat="46.4431852" lon="15.1900649">
	<ele>593.55</ele>
	<time>2026-07-21T09:15:19.993Z</time>
	<hdop>3.79</hdop>
	<extensions>
		<gpxtpx:TrackPointExtension>
			<gpxtpx:course>281.0</gpxtpx:course>
		</gpxtpx:TrackPointExtension>
	</extensions>
</trkpt>
<trkpt lat="46.4432443" lon="15.1895794">
	<ele>590.84</ele>
	<time>2026-07-21T09:15:25.992Z</time>
	<hdop>3.79</hdop>
	<extensions>
		<gpxtpx:TrackPointExtension>
			<gpxtpx:course>282.0</gpxtpx:course>
		</gpxtpx:TrackPointExtension>
	</extensions>
</trkpt>
<trkpt lat="46.4432902" lon="15.1892114">
	<ele>589.01</ele>
	<time>2026-07-21T09:15:30.992Z</time>
	<hdop>3.79</hdop>
	<extensions>
		<gpxtpx:TrackPointExtension>
			<gpxtpx:course>281.0</gpxtpx:course>
		</gpxtpx:TrackPointExtension>
	</extensions>
</trkpt>
<trkpt lat="46.4433528" lon="15.1887634">
	<ele>588.93</ele>
	<time>2026-07-21T09:15:36.993Z</time>
	<hdop>3.79</hdop>
	<extensions>
		<gpxtpx:TrackPointExtension>
			<gpxtpx:course>278.0</gpxtpx:course>
		</gpxtpx:TrackPointExtension>
	</extensions>
</trkpt>
<trkpt lat="46.4434518" lon="15.1882271">
	<ele>589.54</ele>
	<time>2026-07-21T09:15:42.993Z</time>
	<hdop>3.79</hdop>
	<extensions>
		<gpxtpx:TrackPointExtension>
			<gpxtpx:course>284.0</gpxtpx:course>
		</gpxtpx:TrackPointExtension>
	</extensions>
</trkpt>
<trkpt lat="46.4435405" lon="15.1877132">
	<ele>590.70</ele>
	<time>2026-07-21T09:15:47.993Z</time>
	<hdop>3.79</hdop>
	<extensions>
		<gpxtpx:TrackPointExtension>
			<gpxtpx:course>284.0</gpxtpx:course>
		</gpxtpx:TrackPointExtension>
	</extensions>
</trkpt>
<trkpt lat="46.4436311" lon="15.1871756">
	<ele>590.76</ele>
	<time>2026-07-21T09:15:52.993Z</time>
	<hdop>3.79</hdop>
	<extensions>
		<gpxtpx:TrackPointExtension>
			<gpxtpx:course>283.0</gpxtpx:course>
		</gpxtpx:TrackPointExtension>
	</extensions>
</trkpt>
<trkpt lat="46.4437309" lon="15.1866221">
	<ele>589.79</ele>
	<time>2026-07-21T09:15:57.993Z</time>
	<hdop>3.79</hdop>
	<extensions>
		<gpxtpx:TrackPointExtension>
			<gpxtpx:course>284.0</gpxtpx:course>
		</gpxtpx:TrackPointExtension>
	</extensions>
</trkpt>
<trkpt lat="46.4438295" lon="15.1860527">
	<ele>588.60</ele>
	<time>2026-07-21T09:16:02.993Z</time>
	<hdop>3.79</hdop>
	<extensions>
		<gpxtpx:TrackPointExtension>
			<gpxtpx:course>283.0</gpxtpx:course>
		</gpxtpx:TrackPointExtension>
	</extensions>
</trkpt>
<trkpt lat="46.4439152" lon="15.1854879">
	<ele>585.85</ele>
	<time>2026-07-21T09:16:07.993Z</time>
	<hdop>3.79</hdop>
	<extensions>
		<gpxtpx:TrackPointExtension>
			<gpxtpx:course>285.0</gpxtpx:course>
		</gpxtpx:TrackPointExtension>
	</extensions>
</trkpt>
<trkpt lat="46.4440078" lon="15.1849393">
	<ele>582.51</ele>
	<time>2026-07-21T09:16:12.993Z</time>
	<hdop>3.79</hdop>
	<extensions>
		<gpxtpx:TrackPointExtension>
			<gpxtpx:course>282.0</gpxtpx:course>
		</gpxtpx:TrackPointExtension>
	</extensions>
</trkpt>
<trkpt lat="46.4441130" lon="15.1842995">
	<ele>580.97</ele>
	<time>2026-07-21T09:16:18.993Z</time>
	<hdop>3.79</hdop>
	<extensions>
		<gpxtpx:TrackPointExtension>
			<gpxtpx:course>285.0</gpxtpx:course>
		</gpxtpx:TrackPointExtension>
	</extensions>
</trkpt>
<trkpt lat="46.4442765" lon="15.1836970">
	<ele>581.05</ele>
	<time>2026-07-21T09:16:24.993Z</time>
	<hdop>3.79</hdop>
	<extensions>
		<gpxtpx:TrackPointExtension>
			<gpxtpx:course>296.0</gpxtpx:course>
		</gpxtpx:TrackPointExtension>
	</extensions>
</trkpt>
<trkpt lat="46.4445045" lon="15.1831582">
	<ele>579.41</ele>
	<time>2026-07-21T09:16:30.992Z</time>
	<hdop>3.79</hdop>
	<extensions>
		<gpxtpx:TrackPointExtension>
			<gpxtpx:course>303.0</gpxtpx:course>
		</gpxtpx:TrackPointExtension>
	</extensions>
</trkpt>
<trkpt lat="46.4446996" lon="15.1827316">
	<ele>578.91</ele>
	<time>2026-07-21T09:16:35.992Z</time>
	<hdop>3.79</hdop>
	<extensions>
		<gpxtpx:TrackPointExtension>
			<gpxtpx:course>302.0</gpxtpx:course>
		</gpxtpx:TrackPointExtension>
	</extensions>
</trkpt>
<trkpt lat="46.4448774" lon="15.1822884">
	<ele>578.48</ele>
	<time>2026-07-21T09:16:40.993Z</time>
	<hdop>3.79</hdop>
	<extensions>
		<gpxtpx:TrackPointExtension>
			<gpxtpx:course>300.0</gpxtpx:course>
		</gpxtpx:TrackPointExtension>
	</extensions>
</trkpt>
<trkpt lat="46.4450139" lon="15.1817258">
	<ele>575.83</ele>
	<time>2026-07-21T09:16:46.992Z</time>
	<hdop>3.79</hdop>
	<extensions>
		<gpxtpx:TrackPointExtension>
			<gpxtpx:course>281.0</gpxtpx:course>
		</gpxtpx:TrackPointExtension>
	</extensions>
</trkpt>
<trkpt lat="46.4450729" lon="15.1812337">
	<ele>575.22</ele>
	<time>2026-07-21T09:16:51.994Z</time>
	<hdop>3.79</hdop>
	<extensions>
		<gpxtpx:TrackPointExtension>
			<gpxtpx:course>281.0</gpxtpx:course>
		</gpxtpx:TrackPointExtension>
	</extensions>
</trkpt>
<trkpt lat="46.4451004" lon="15.1806242">
	<ele>573.89</ele>
	<time>2026-07-21T09:16:57.992Z</time>
	<hdop>3.79</hdop>
	<extensions>
		<gpxtpx:TrackPointExtension>
			<gpxtpx:course>268.0</gpxtpx:course>
		</gpxtpx:TrackPointExtension>
	</extensions>
</trkpt>
<trkpt lat="46.4450891" lon="15.1801000">
	<ele>571.04</ele>
	<time>2026-07-21T09:17:02.992Z</time>
	<hdop>3.79</hdop>
	<extensions>
		<gpxtpx:TrackPointExtension>
			<gpxtpx:course>270.0</gpxtpx:course>
		</gpxtpx:TrackPointExtension>
	</extensions>
</trkpt>
<trkpt lat="46.4450766" lon="15.1795687">
	<ele>569.76</ele>
	<time>2026-07-21T09:17:07.994Z</time>
	<hdop>3.79</hdop>
	<extensions>
		<gpxtpx:TrackPointExtension>
			<gpxtpx:course>265.0</gpxtpx:course>
		</gpxtpx:TrackPointExtension>
	</extensions>
</trkpt>
<trkpt lat="46.4451121" lon="15.1790527">
	<ele>568.83</ele>
	<time>2026-07-21T09:17:12.994Z</time>
	<hdop>3.79</hdop>
	<extensions>
		<gpxtpx:TrackPointExtension>
			<gpxtpx:course>279.0</gpxtpx:course>
		</gpxtpx:TrackPointExtension>
	</extensions>
</trkpt>
<trkpt lat="46.4452289" lon="15.1784461">
	<ele>567.12</ele>
	<time>2026-07-21T09:17:18.994Z</time>
	<hdop>3.79</hdop>
	<extensions>
		<gpxtpx:TrackPointExtension>
			<gpxtpx:course>289.0</gpxtpx:course>
		</gpxtpx:TrackPointExtension>
	</extensions>
</trkpt>
<trkpt lat="46.4453800" lon="15.1778737">
	<ele>568.46</ele>
	<time>2026-07-21T09:17:24.992Z</time>
	<hdop>3.79</hdop>
	<extensions>
		<gpxtpx:TrackPointExtension>
			<gpxtpx:course>291.0</gpxtpx:course>
		</gpxtpx:TrackPointExtension>
	</extensions>
</trkpt>
<trkpt lat="46.4455080" lon="15.1773831">
	<ele>568.82</ele>
	<time>2026-07-21T09:17:29.993Z</time>
	<hdop>3.79</hdop>
	<extensions>
		<gpxtpx:TrackPointExtension>
			<gpxtpx:course>287.0</gpxtpx:course>
		</gpxtpx:TrackPointExtension>
	</extensions>
</trkpt>
<trkpt lat="46.4455858" lon="15.1768249">
	<ele>567.04</ele>
	<time>2026-07-21T09:17:34.993Z</time>
	<hdop>3.79</hdop>
	<extensions>
		<gpxtpx:TrackPointExtension>
			<gpxtpx:course>277.0</gpxtpx:course>
		</gpxtpx:TrackPointExtension>
	</extensions>
</trkpt>
<trkpt lat="46.4455865" lon="15.1761327">
	<ele>564.31</ele>
	<time>2026-07-21T09:17:40.992Z</time>
	<hdop>3.79</hdop>
	<extensions>
		<gpxtpx:TrackPointExtension>
			<gpxtpx:course>263.0</gpxtpx:course>
		</gpxtpx:TrackPointExtension>
	</extensions>
</trkpt>
<trkpt lat="46.4454886" lon="15.1755830">
	<ele>563.88</ele>
	<time>2026-07-21T09:17:45.992Z</time>
	<hdop>3.79</hdop>
	<extensions>
		<gpxtpx:TrackPointExtension>
			<gpxtpx:course>250.0</gpxtpx:course>
		</gpxtpx:TrackPointExtension>
	</extensions>
</trkpt>
<trkpt lat="46.4453232" lon="15.1750640">
	<ele>565.31</ele>
	<time>2026-07-21T09:17:50.992Z</time>
	<hdop>3.79</hdop>
	<extensions>
		<gpxtpx:TrackPointExtension>
			<gpxtpx:course>243.0</gpxtpx:course>
		</gpxtpx:TrackPointExtension>
	</extensions>
</trkpt>
<trkpt lat="46.4451554" lon="15.1745569">
	<ele>565.55</ele>
	<time>2026-07-21T09:17:55.992Z</time>
	<hdop>3.79</hdop>
	<extensions>
		<gpxtpx:TrackPointExtension>
			<gpxtpx:course>243.0</gpxtpx:course>
		</gpxtpx:TrackPointExtension>
	</extensions>
</trkpt>
<trkpt lat="46.4450313" lon="15.1741419">
	<ele>564.18</ele>
	<time>2026-07-21T09:18:00.992Z</time>
	<hdop>3.79</hdop>
	<extensions>
		<gpxtpx:TrackPointExtension>
			<gpxtpx:course>242.0</gpxtpx:course>
		</gpxtpx:TrackPointExtension>
	</extensions>
</trkpt>
<trkpt lat="46.4449407" lon="15.1737638">
	<ele>561.04</ele>
	<time>2026-07-21T09:18:05.993Z</time>
	<hdop>3.79</hdop>
	<extensions>
		<gpxtpx:TrackPointExtension>
			<gpxtpx:course>255.0</gpxtpx:course>
		</gpxtpx:TrackPointExtension>
	</extensions>
</trkpt>
<trkpt lat="46.4449103" lon="15.1733766">
	<ele>556.82</ele>
	<time>2026-07-21T09:18:11.992Z</time>
	<hdop>3.79</hdop>
	<extensions>
		<gpxtpx:TrackPointExtension>
			<gpxtpx:course>264.0</gpxtpx:course>
		</gpxtpx:TrackPointExtension>
	</extensions>
</trkpt>
<trkpt lat="46.4449050" lon="15.1730525">
	<ele>556.22</ele>
	<time>2026-07-21T09:18:16.993Z</time>
	<hdop>3.79</hdop>
	<extensions>
		<gpxtpx:TrackPointExtension>
			<gpxtpx:course>269.0</gpxtpx:course>
		</gpxtpx:TrackPointExtension>
	</extensions>
</trkpt>
<trkpt lat="46.4449363" lon="15.1727279">
	<ele>557.71</ele>
	<time>2026-07-21T09:18:21.993Z</time>
	<hdop>3.79</hdop>
	<extensions>
		<gpxtpx:TrackPointExtension>
			<gpxtpx:course>281.0</gpxtpx:course>
		</gpxtpx:TrackPointExtension>
	</extensions>
</trkpt>
<trkpt lat="46.4450327" lon="15.1722595">
	<ele>559.85</ele>
	<time>2026-07-21T09:18:27.993Z</time>
	<hdop>3.79</hdop>
	<extensions>
		<gpxtpx:TrackPointExtension>
			<gpxtpx:course>289.0</gpxtpx:course>
		</gpxtpx:TrackPointExtension>
	</extensions>
</trkpt>
<trkpt lat="46.4452128" lon="15.1717263">
	<ele>559.05</ele>
	<time>2026-07-21T09:18:33.992Z</time>
	<hdop>3.79</hdop>
	<extensions>
		<gpxtpx:TrackPointExtension>
			<gpxtpx:course>300.0</gpxtpx:course>
		</gpxtpx:TrackPointExtension>
	</extensions>
</trkpt>
<trkpt lat="46.4454064" lon="15.1712098">
	<ele>557.45</ele>
	<time>2026-07-21T09:18:39.992Z</time>
	<hdop>3.79</hdop>
	<extensions>
		<gpxtpx:TrackPointExtension>
			<gpxtpx:course>302.0</gpxtpx:course>
		</gpxtpx:TrackPointExtension>
	</extensions>
</trkpt>
<trkpt lat="46.4455752" lon="15.1707778">
	<ele>556.32</ele>
	<time>2026-07-21T09:18:44.993Z</time>
	<hdop>3.79</hdop>
	<extensions>
		<gpxtpx:TrackPointExtension>
			<gpxtpx:course>298.0</gpxtpx:course>
		</gpxtpx:TrackPointExtension>
	</extensions>
</trkpt>
<trkpt lat="46.4457392" lon="15.1703329">
	<ele>556.10</ele>
	<time>2026-07-21T09:18:49.993Z</time>
	<hdop>3.79</hdop>
	<extensions>
		<gpxtpx:TrackPointExtension>
			<gpxtpx:course>298.0</gpxtpx:course>
		</gpxtpx:TrackPointExtension>
	</extensions>
</trkpt>
<trkpt lat="46.4459068" lon="15.1699044">
	<ele>555.10</ele>
	<time>2026-07-21T09:18:55.992Z</time>
	<hdop>3.79</hdop>
	<extensions>
		<gpxtpx:TrackPointExtension>
			<gpxtpx:course>301.0</gpxtpx:course>
		</gpxtpx:TrackPointExtension>
	</extensions>
</trkpt>
<trkpt lat="46.4460048" lon="15.1697109">
	<ele>553.86</ele>
	<time>2026-07-21T09:19:00.992Z</time>
	<hdop>3.79</hdop>
	<extensions>
		<gpxtpx:TrackPointExtension>
			<gpxtpx:course>304.0</gpxtpx:course>
		</gpxtpx:TrackPointExtension>
	</extensions>
</trkpt>
<trkpt lat="46.4460593" lon="15.1695458">
	<ele>553.16</ele>
	<time>2026-07-21T09:19:05.993Z</time>
	<hdop>3.79</hdop>
	<extensions>
		<gpxtpx:TrackPointExtension>
			<gpxtpx:course>297.0</gpxtpx:course>
		</gpxtpx:TrackPointExtension>
	</extensions>
</trkpt>
<trkpt lat="46.4462120" lon="15.1691353">
	<ele>551.47</ele>
	<time>2026-07-21T09:19:11.993Z</time>
	<hdop>3.79</hdop>
	<extensions>
		<gpxtpx:TrackPointExtension>
			<gpxtpx:course>299.0</gpxtpx:course>
		</gpxtpx:TrackPointExtension>
	</extensions>
</trkpt>
<trkpt lat="46.4463767" lon="15.1687196">
	<ele>549.65</ele>
	<time>2026-07-21T09:19:16.993Z</time>
	<hdop>3.79</hdop>
	<extensions>
		<gpxtpx:TrackPointExtension>
			<gpxtpx:course>299.0</gpxtpx:course>
		</gpxtpx:TrackPointExtension>
	</extensions>
</trkpt>
<trkpt lat="46.4465515" lon="15.1682558">
	<ele>548.32</ele>
	<time>2026-07-21T09:19:21.993Z</time>
	<hdop>3.79</hdop>
	<extensions>
		<gpxtpx:TrackPointExtension>
			<gpxtpx:course>298.0</gpxtpx:course>
		</gpxtpx:TrackPointExtension>
	</extensions>
</trkpt>
<trkpt lat="46.4467727" lon="15.1677014">
	<ele>548.66</ele>
	<time>2026-07-21T09:19:27.993Z</time>
	<hdop>3.79</hdop>
	<extensions>
		<gpxtpx:TrackPointExtension>
			<gpxtpx:course>297.0</gpxtpx:course>
		</gpxtpx:TrackPointExtension>
	</extensions>
</trkpt>
<trkpt lat="46.4469825" lon="15.1672526">
	<ele>547.79</ele>
	<time>2026-07-21T09:19:32.993Z</time>
	<hdop>3.79</hdop>
	<extensions>
		<gpxtpx:TrackPointExtension>
			<gpxtpx:course>301.0</gpxtpx:course>
		</gpxtpx:TrackPointExtension>
	</extensions>
</trkpt>
<trkpt lat="46.4471824" lon="15.1667900">
	<ele>547.17</ele>
	<time>2026-07-21T09:19:37.993Z</time>
	<hdop>3.79</hdop>
	<extensions>
		<gpxtpx:TrackPointExtension>
			<gpxtpx:course>301.0</gpxtpx:course>
		</gpxtpx:TrackPointExtension>
	</extensions>
</trkpt>
<trkpt lat="46.4474094" lon="15.1662348">
	<ele>547.11</ele>
	<time>2026-07-21T09:19:43.992Z</time>
	<hdop>3.79</hdop>
	<extensions>
		<gpxtpx:TrackPointExtension>
			<gpxtpx:course>297.0</gpxtpx:course>
		</gpxtpx:TrackPointExtension>
	</extensions>
</trkpt>
<trkpt lat="46.4475399" lon="15.1657244">
	<ele>546.60</ele>
	<time>2026-07-21T09:19:48.993Z</time>
	<hdop>3.79</hdop>
	<extensions>
		<gpxtpx:TrackPointExtension>
			<gpxtpx:course>285.0</gpxtpx:course>
		</gpxtpx:TrackPointExtension>
	</extensions>
</trkpt>
<trkpt lat="46.4476137" lon="15.1650856">
	<ele>544.64</ele>
	<time>2026-07-21T09:19:54.992Z</time>
	<hdop>3.79</hdop>
	<extensions>
		<gpxtpx:TrackPointExtension>
			<gpxtpx:course>277.0</gpxtpx:course>
		</gpxtpx:TrackPointExtension>
	</extensions>
</trkpt>
<trkpt lat="46.4476595" lon="15.1645415">
	<ele>543.21</ele>
	<time>2026-07-21T09:19:59.992Z</time>
	<hdop>3.79</hdop>
	<extensions>
		<gpxtpx:TrackPointExtension>
			<gpxtpx:course>278.0</gpxtpx:course>
		</gpxtpx:TrackPointExtension>
	</extensions>
</trkpt>
<trkpt lat="46.4477207" lon="15.1639931">
	<ele>542.14</ele>
	<time>2026-07-21T09:20:04.993Z</time>
	<hdop>3.79</hdop>
	<extensions>
		<gpxtpx:TrackPointExtension>
			<gpxtpx:course>276.0</gpxtpx:course>
		</gpxtpx:TrackPointExtension>
	</extensions>
</trkpt>
<trkpt lat="46.4478002" lon="15.1633491">
	<ele>541.57</ele>
	<time>2026-07-21T09:20:10.993Z</time>
	<hdop>3.79</hdop>
	<extensions>
		<gpxtpx:TrackPointExtension>
			<gpxtpx:course>281.0</gpxtpx:course>
		</gpxtpx:TrackPointExtension>
	</extensions>
</trkpt>
<trkpt lat="46.4479235" lon="15.1627141">
	<ele>539.59</ele>
	<time>2026-07-21T09:20:16.992Z</time>
	<hdop>3.79</hdop>
	<extensions>
		<gpxtpx:TrackPointExtension>
			<gpxtpx:course>285.0</gpxtpx:course>
		</gpxtpx:TrackPointExtension>
	</extensions>
</trkpt>
<trkpt lat="46.4480413" lon="15.1621929">
	<ele>540.16</ele>
	<time>2026-07-21T09:20:21.992Z</time>
	<hdop>3.79</hdop>
	<extensions>
		<gpxtpx:TrackPointExtension>
			<gpxtpx:course>289.0</gpxtpx:course>
		</gpxtpx:TrackPointExtension>
	</extensions>
</trkpt>
<trkpt lat="46.4481813" lon="15.1616825">
	<ele>540.30</ele>
	<time>2026-07-21T09:20:26.993Z</time>
	<hdop>3.79</hdop>
	<extensions>
		<gpxtpx:TrackPointExtension>
			<gpxtpx:course>293.0</gpxtpx:course>
		</gpxtpx:TrackPointExtension>
	</extensions>
</trkpt>
<trkpt lat="46.4483783" lon="15.1610845">
	<ele>536.68</ele>
	<time>2026-07-21T09:20:32.992Z</time>
	<hdop>3.79</hdop>
	<extensions>
		<gpxtpx:TrackPointExtension>
			<gpxtpx:course>297.0</gpxtpx:course>
		</gpxtpx:TrackPointExtension>
	</extensions>
</trkpt>
<trkpt lat="46.4485033" lon="15.1607237">
	<ele>534.89</ele>
	<time>2026-07-21T09:20:37.992Z</time>
	<hdop>3.79</hdop>
	<extensions>
		<gpxtpx:TrackPointExtension>
			<gpxtpx:course>294.0</gpxtpx:course>
		</gpxtpx:TrackPointExtension>
	</extensions>
</trkpt>
<trkpt lat="46.4485486" lon="15.1605965">
	<ele>534.44</ele>
	<time>2026-07-21T09:22:34.992Z</time>
	<hdop>3.79</hdop>
	<extensions>
		<gpxtpx:TrackPointExtension>
			<gpxtpx:course>303.0</gpxtpx:course>
		</gpxtpx:TrackPointExtension>
	</extensions>
</trkpt>
<trkpt lat="46.4485840" lon="15.1604759">
	<ele>534.18</ele>
	<time>2026-07-21T09:22:42.992Z</time>
	<hdop>3.79</hdop>
	<extensions>
		<gpxtpx:TrackPointExtension>
			<gpxtpx:course>278.0</gpxtpx:course>
		</gpxtpx:TrackPointExtension>
	</extensions>
</trkpt>
<trkpt lat="46.4485800" lon="15.1603411">
	<ele>534.41</ele>
	<time>2026-07-21T09:26:17.992Z</time>
	<hdop>3.79</hdop>
	<extensions>
		<gpxtpx:TrackPointExtension>
			<gpxtpx:course>218.0</gpxtpx:course>
		</gpxtpx:TrackPointExtension>
	</extensions>
</trkpt>
<trkpt lat="46.4486955" lon="15.1603288">
	<ele>533.55</ele>
	<time>2026-07-21T09:27:44.992Z</time>
	<hdop>3.79</hdop>
	<extensions>
		<gpxtpx:TrackPointExtension>
			<gpxtpx:course>322.0</gpxtpx:course>
		</gpxtpx:TrackPointExtension>
	</extensions>
</trkpt>
<trkpt lat="46.4488291" lon="15.1600010">
	<ele>533.78</ele>
	<time>2026-07-21T09:27:49.993Z</time>
	<hdop>4.00</hdop>
	<extensions>
		<gpxtpx:TrackPointExtension>
			<gpxtpx:course>302.0</gpxtpx:course>
		</gpxtpx:TrackPointExtension>
	</extensions>
</trkpt>
<trkpt lat="46.4490231" lon="15.1595711">
	<ele>534.87</ele>
	<time>2026-07-21T09:27:54.993Z</time>
	<hdop>3.79</hdop>
	<extensions>
		<gpxtpx:TrackPointExtension>
			<gpxtpx:course>305.0</gpxtpx:course>
		</gpxtpx:TrackPointExtension>
	</extensions>
</trkpt>
<trkpt lat="46.4492523" lon="15.1591167">
	<ele>534.08</ele>
	<time>2026-07-21T09:27:59.993Z</time>
	<hdop>3.79</hdop>
	<extensions>
		<gpxtpx:TrackPointExtension>
			<gpxtpx:course>306.0</gpxtpx:course>
		</gpxtpx:TrackPointExtension>
	</extensions>
</trkpt>
<trkpt lat="46.4494917" lon="15.1586779">
	<ele>531.72</ele>
	<time>2026-07-21T09:28:04.993Z</time>
	<hdop>3.79</hdop>
	<extensions>
		<gpxtpx:TrackPointExtension>
			<gpxtpx:course>313.0</gpxtpx:course>
		</gpxtpx:TrackPointExtension>
	</extensions>
</trkpt>
<trkpt lat="46.4497657" lon="15.1581900">
	<ele>529.17</ele>
	<time>2026-07-21T09:28:09.993Z</time>
	<hdop>3.79</hdop>
	<extensions>
		<gpxtpx:TrackPointExtension>
			<gpxtpx:course>309.0</gpxtpx:course>
		</gpxtpx:TrackPointExtension>
	</extensions>
</trkpt>
<trkpt lat="46.4500694" lon="15.1576547">
	<ele>528.22</ele>
	<time>2026-07-21T09:28:14.993Z</time>
	<hdop>3.79</hdop>
	<extensions>
		<gpxtpx:TrackPointExtension>
			<gpxtpx:course>310.0</gpxtpx:course>
		</gpxtpx:TrackPointExtension>
	</extensions>
</trkpt>
<trkpt lat="46.4504710" lon="15.1570216">
	<ele>527.31</ele>
	<time>2026-07-21T09:28:20.993Z</time>
	<hdop>3.79</hdop>
	<extensions>
		<gpxtpx:TrackPointExtension>
			<gpxtpx:course>313.0</gpxtpx:course>
		</gpxtpx:TrackPointExtension>
	</extensions>
</trkpt>
<trkpt lat="46.4509099" lon="15.1563705">
	<ele>526.21</ele>
	<time>2026-07-21T09:28:26.991Z</time>
	<hdop>3.79</hdop>
	<extensions>
		<gpxtpx:TrackPointExtension>
			<gpxtpx:course>314.0</gpxtpx:course>
		</gpxtpx:TrackPointExtension>
	</extensions>
</trkpt>
<trkpt lat="46.4512977" lon="15.1558042">
	<ele>526.01</ele>
	<time>2026-07-21T09:28:31.991Z</time>
	<hdop>3.79</hdop>
	<extensions>
		<gpxtpx:TrackPointExtension>
			<gpxtpx:course>315.0</gpxtpx:course>
		</gpxtpx:TrackPointExtension>
	</extensions>
</trkpt>
<trkpt lat="46.4516834" lon="15.1552204">
	<ele>526.60</ele>
	<time>2026-07-21T09:28:36.992Z</time>
	<hdop>3.79</hdop>
	<extensions>
		<gpxtpx:TrackPointExtension>
			<gpxtpx:course>313.0</gpxtpx:course>
		</gpxtpx:TrackPointExtension>
	</extensions>
</trkpt>
<trkpt lat="46.4521497" lon="15.1545046">
	<ele>525.14</ele>
	<time>2026-07-21T09:28:42.991Z</time>
	<hdop>3.79</hdop>
	<extensions>
		<gpxtpx:TrackPointExtension>
			<gpxtpx:course>314.0</gpxtpx:course>
		</gpxtpx:TrackPointExtension>
	</extensions>
</trkpt>
<trkpt lat="46.4525468" lon="15.1539248">
	<ele>520.54</ele>
	<time>2026-07-21T09:28:47.991Z</time>
	<hdop>3.79</hdop>
	<extensions>
		<gpxtpx:TrackPointExtension>
			<gpxtpx:course>313.0</gpxtpx:course>
		</gpxtpx:TrackPointExtension>
	</extensions>
</trkpt>
<trkpt lat="46.4529324" lon="15.1533415">
	<ele>517.91</ele>
	<time>2026-07-21T09:28:52.991Z</time>
	<hdop>3.79</hdop>
	<extensions>
		<gpxtpx:TrackPointExtension>
			<gpxtpx:course>314.0</gpxtpx:course>
		</gpxtpx:TrackPointExtension>
	</extensions>
</trkpt>
<trkpt lat="46.4532786" lon="15.1527035">
	<ele>518.26</ele>
	<time>2026-07-21T09:28:57.993Z</time>
	<hdop>3.79</hdop>
	<extensions>
		<gpxtpx:TrackPointExtension>
			<gpxtpx:course>302.0</gpxtpx:course>
		</gpxtpx:TrackPointExtension>
	</extensions>
</trkpt>
<trkpt lat="46.4535219" lon="15.1518409">
	<ele>516.75</ele>
	<time>2026-07-21T09:29:03.993Z</time>
	<hdop>3.79</hdop>
	<extensions>
		<gpxtpx:TrackPointExtension>
			<gpxtpx:course>283.0</gpxtpx:course>
		</gpxtpx:TrackPointExtension>
	</extensions>
</trkpt>
<trkpt lat="46.4536608" lon="15.1509582">
	<ele>516.69</ele>
	<time>2026-07-21T09:29:09.993Z</time>
	<hdop>3.79</hdop>
	<extensions>
		<gpxtpx:TrackPointExtension>
			<gpxtpx:course>281.0</gpxtpx:course>
		</gpxtpx:TrackPointExtension>
	</extensions>
</trkpt>
<trkpt lat="46.4537840" lon="15.1501043">
	<ele>516.51</ele>
	<time>2026-07-21T09:29:15.992Z</time>
	<hdop>3.79</hdop>
	<extensions>
		<gpxtpx:TrackPointExtension>
			<gpxtpx:course>280.0</gpxtpx:course>
		</gpxtpx:TrackPointExtension>
	</extensions>
</trkpt>
<trkpt lat="46.4539007" lon="15.1493976">
	<ele>518.95</ele>
	<time>2026-07-21T09:29:20.992Z</time>
	<hdop>3.79</hdop>
	<extensions>
		<gpxtpx:TrackPointExtension>
			<gpxtpx:course>281.0</gpxtpx:course>
		</gpxtpx:TrackPointExtension>
	</extensions>
</trkpt>
<trkpt lat="46.4540535" lon="15.1485789">
	<ele>519.45</ele>
	<time>2026-07-21T09:29:26.993Z</time>
	<hdop>3.79</hdop>
	<extensions>
		<gpxtpx:TrackPointExtension>
			<gpxtpx:course>285.0</gpxtpx:course>
		</gpxtpx:TrackPointExtension>
	</extensions>
</trkpt>
<trkpt lat="46.4542185" lon="15.1477943">
	<ele>516.87</ele>
	<time>2026-07-21T09:29:32.992Z</time>
	<hdop>3.79</hdop>
	<extensions>
		<gpxtpx:TrackPointExtension>
			<gpxtpx:course>283.0</gpxtpx:course>
		</gpxtpx:TrackPointExtension>
	</extensions>
</trkpt>
<trkpt lat="46.4543228" lon="15.1470393">
	<ele>516.95</ele>
	<time>2026-07-21T09:29:38.992Z</time>
	<hdop>3.79</hdop>
	<extensions>
		<gpxtpx:TrackPointExtension>
			<gpxtpx:course>280.0</gpxtpx:course>
		</gpxtpx:TrackPointExtension>
	</extensions>
</trkpt>
<trkpt lat="46.4543945" lon="15.1464981">
	<ele>517.32</ele>
	<time>2026-07-21T09:29:43.992Z</time>
	<hdop>3.79</hdop>
	<extensions>
		<gpxtpx:TrackPointExtension>
			<gpxtpx:course>281.0</gpxtpx:course>
		</gpxtpx:TrackPointExtension>
	</extensions>
</trkpt>
<trkpt lat="46.4544890" lon="15.1460006">
	<ele>516.15</ele>
	<time>2026-07-21T09:29:48.993Z</time>
	<hdop>3.79</hdop>
	<extensions>
		<gpxtpx:TrackPointExtension>
			<gpxtpx:course>283.0</gpxtpx:course>
		</gpxtpx:TrackPointExtension>
	</extensions>
</trkpt>
<trkpt lat="46.4546145" lon="15.1453151">
	<ele>514.85</ele>
	<time>2026-07-21T09:29:54.992Z</time>
	<hdop>3.79</hdop>
	<extensions>
		<gpxtpx:TrackPointExtension>
			<gpxtpx:course>287.0</gpxtpx:course>
		</gpxtpx:TrackPointExtension>
	</extensions>
</trkpt>
<trkpt lat="46.4547403" lon="15.1447163">
	<ele>514.24</ele>
	<time>2026-07-21T09:29:59.992Z</time>
	<hdop>3.79</hdop>
	<extensions>
		<gpxtpx:TrackPointExtension>
			<gpxtpx:course>287.0</gpxtpx:course>
		</gpxtpx:TrackPointExtension>
	</extensions>
</trkpt>
<trkpt lat="46.4548878" lon="15.1441321">
	<ele>514.60</ele>
	<time>2026-07-21T09:30:04.992Z</time>
	<hdop>3.79</hdop>
	<extensions>
		<gpxtpx:TrackPointExtension>
			<gpxtpx:course>294.0</gpxtpx:course>
		</gpxtpx:TrackPointExtension>
	</extensions>
</trkpt>
<trkpt lat="46.4550428" lon="15.1436465">
	<ele>514.25</ele>
	<time>2026-07-21T09:30:09.992Z</time>
	<hdop>3.79</hdop>
	<extensions>
		<gpxtpx:TrackPointExtension>
			<gpxtpx:course>294.0</gpxtpx:course>
		</gpxtpx:TrackPointExtension>
	</extensions>
</trkpt>
<trkpt lat="46.4552345" lon="15.1431519">
	<ele>513.17</ele>
	<time>2026-07-21T09:30:14.992Z</time>
	<hdop>3.79</hdop>
	<extensions>
		<gpxtpx:TrackPointExtension>
			<gpxtpx:course>304.0</gpxtpx:course>
		</gpxtpx:TrackPointExtension>
	</extensions>
</trkpt>
<trkpt lat="46.4554640" lon="15.1426210">
	<ele>511.35</ele>
	<time>2026-07-21T09:30:19.993Z</time>
	<hdop>3.79</hdop>
	<extensions>
		<gpxtpx:TrackPointExtension>
			<gpxtpx:course>302.0</gpxtpx:course>
		</gpxtpx:TrackPointExtension>
	</extensions>
</trkpt>
<trkpt lat="46.4557028" lon="15.1420993">
	<ele>509.92</ele>
	<time>2026-07-21T09:30:24.993Z</time>
	<hdop>3.79</hdop>
	<extensions>
		<gpxtpx:TrackPointExtension>
			<gpxtpx:course>304.0</gpxtpx:course>
		</gpxtpx:TrackPointExtension>
	</extensions>
</trkpt>
<trkpt lat="46.4559752" lon="15.1414905">
	<ele>509.11</ele>
	<time>2026-07-21T09:30:30.993Z</time>
	<hdop>3.79</hdop>
	<extensions>
		<gpxtpx:TrackPointExtension>
			<gpxtpx:course>305.0</gpxtpx:course>
		</gpxtpx:TrackPointExtension>
	</extensions>
</trkpt>
<trkpt lat="46.4562780" lon="15.1409123">
	<ele>506.61</ele>
	<time>2026-07-21T09:30:36.991Z</time>
	<hdop>3.79</hdop>
	<extensions>
		<gpxtpx:TrackPointExtension>
			<gpxtpx:course>306.0</gpxtpx:course>
		</gpxtpx:TrackPointExtension>
	</extensions>
</trkpt>
<trkpt lat="46.4565739" lon="15.1404590">
	<ele>505.65</ele>
	<time>2026-07-21T09:30:41.991Z</time>
	<hdop>3.79</hdop>
	<extensions>
		<gpxtpx:TrackPointExtension>
			<gpxtpx:course>320.0</gpxtpx:course>
		</gpxtpx:TrackPointExtension>
	</extensions>
</trkpt>
<trkpt lat="46.4569146" lon="15.1400050">
	<ele>505.26</ele>
	<time>2026-07-21T09:30:46.993Z</time>
	<hdop>3.79</hdop>
	<extensions>
		<gpxtpx:TrackPointExtension>
			<gpxtpx:course>320.0</gpxtpx:course>
		</gpxtpx:TrackPointExtension>
	</extensions>
</trkpt>
<trkpt lat="46.4573437" lon="15.1394551">
	<ele>504.75</ele>
	<time>2026-07-21T09:30:52.992Z</time>
	<hdop>3.79</hdop>
	<extensions>
		<gpxtpx:TrackPointExtension>
			<gpxtpx:course>317.0</gpxtpx:course>
		</gpxtpx:TrackPointExtension>
	</extensions>
</trkpt>
<trkpt lat="46.4577299" lon="15.1390780">
	<ele>503.94</ele>
	<time>2026-07-21T09:30:57.992Z</time>
	<hdop>3.79</hdop>
	<extensions>
		<gpxtpx:TrackPointExtension>
			<gpxtpx:course>326.0</gpxtpx:course>
		</gpxtpx:TrackPointExtension>
	</extensions>
</trkpt>
<trkpt lat="46.4581147" lon="15.1387341">
	<ele>502.64</ele>
	<time>2026-07-21T09:31:02.993Z</time>
	<hdop>3.79</hdop>
	<extensions>
		<gpxtpx:TrackPointExtension>
			<gpxtpx:course>327.0</gpxtpx:course>
		</gpxtpx:TrackPointExtension>
	</extensions>
</trkpt>
<trkpt lat="46.4585437" lon="15.1383198">
	<ele>502.35</ele>
	<time>2026-07-21T09:31:08.991Z</time>
	<hdop>3.79</hdop>
	<extensions>
		<gpxtpx:TrackPointExtension>
			<gpxtpx:course>327.0</gpxtpx:course>
		</gpxtpx:TrackPointExtension>
	</extensions>
</trkpt>
<trkpt lat="46.4589078" lon="15.1380115">
	<ele>501.26</ele>
	<time>2026-07-21T09:31:13.991Z</time>
	<hdop>3.79</hdop>
	<extensions>
		<gpxtpx:TrackPointExtension>
			<gpxtpx:course>332.0</gpxtpx:course>
		</gpxtpx:TrackPointExtension>
	</extensions>
</trkpt>
<trkpt lat="46.4594226" lon="15.1376166">
	<ele>500.13</ele>
	<time>2026-07-21T09:31:20.991Z</time>
	<hdop>3.82</hdop>
	<extensions>
		<gpxtpx:TrackPointExtension>
			<gpxtpx:course>332.0</gpxtpx:course>
		</gpxtpx:TrackPointExtension>
	</extensions>
</trkpt>
<trkpt lat="46.4597540" lon="15.1372962">
	<ele>499.16</ele>
	<time>2026-07-21T09:31:25.991Z</time>
	<hdop>3.79</hdop>
	<extensions>
		<gpxtpx:TrackPointExtension>
			<gpxtpx:course>329.0</gpxtpx:course>
		</gpxtpx:TrackPointExtension>
	</extensions>
</trkpt>
<trkpt lat="46.4601828" lon="15.1369145">
	<ele>498.86</ele>
	<time>2026-07-21T09:31:31.992Z</time>
	<hdop>3.79</hdop>
	<extensions>
		<gpxtpx:TrackPointExtension>
			<gpxtpx:course>330.0</gpxtpx:course>
		</gpxtpx:TrackPointExtension>
	</extensions>
</trkpt>
<trkpt lat="46.4605667" lon="15.1365663">
	<ele>497.40</ele>
	<time>2026-07-21T09:31:36.992Z</time>
	<hdop>3.79</hdop>
	<extensions>
		<gpxtpx:TrackPointExtension>
			<gpxtpx:course>329.0</gpxtpx:course>
		</gpxtpx:TrackPointExtension>
	</extensions>
</trkpt>
<trkpt lat="46.4609698" lon="15.1362032">
	<ele>496.61</ele>
	<time>2026-07-21T09:31:41.993Z</time>
	<hdop>3.79</hdop>
	<extensions>
		<gpxtpx:TrackPointExtension>
			<gpxtpx:course>329.0</gpxtpx:course>
		</gpxtpx:TrackPointExtension>
	</extensions>
</trkpt>
<trkpt lat="46.4613964" lon="15.1358315">
	<ele>495.27</ele>
	<time>2026-07-21T09:31:46.993Z</time>
	<hdop>3.79</hdop>
	<extensions>
		<gpxtpx:TrackPointExtension>
			<gpxtpx:course>330.0</gpxtpx:course>
		</gpxtpx:TrackPointExtension>
	</extensions>
</trkpt>
<trkpt lat="46.4619130" lon="15.1353677">
	<ele>494.79</ele>
	<time>2026-07-21T09:31:52.992Z</time>
	<hdop>3.79</hdop>
	<extensions>
		<gpxtpx:TrackPointExtension>
			<gpxtpx:course>327.0</gpxtpx:course>
		</gpxtpx:TrackPointExtension>
	</extensions>
</trkpt>
<trkpt lat="46.4623457" lon="15.1349601">
	<ele>493.82</ele>
	<time>2026-07-21T09:31:57.992Z</time>
	<hdop>3.79</hdop>
	<extensions>
		<gpxtpx:TrackPointExtension>
			<gpxtpx:course>326.0</gpxtpx:course>
		</gpxtpx:TrackPointExtension>
	</extensions>
</trkpt>
<trkpt lat="46.4627705" lon="15.1345751">
	<ele>493.11</ele>
	<time>2026-07-21T09:32:02.993Z</time>
	<hdop>3.79</hdop>
	<extensions>
		<gpxtpx:TrackPointExtension>
			<gpxtpx:course>329.0</gpxtpx:course>
		</gpxtpx:TrackPointExtension>
	</extensions>
</trkpt>
<trkpt lat="46.4632867" lon="15.1341083">
	<ele>492.34</ele>
	<time>2026-07-21T09:32:08.991Z</time>
	<hdop>3.79</hdop>
	<extensions>
		<gpxtpx:TrackPointExtension>
			<gpxtpx:course>327.0</gpxtpx:course>
		</gpxtpx:TrackPointExtension>
	</extensions>
</trkpt>
<trkpt lat="46.4637243" lon="15.1337082">
	<ele>491.46</ele>
	<time>2026-07-21T09:32:13.993Z</time>
	<hdop>3.79</hdop>
	<extensions>
		<gpxtpx:TrackPointExtension>
			<gpxtpx:course>327.0</gpxtpx:course>
		</gpxtpx:TrackPointExtension>
	</extensions>
</trkpt>
<trkpt lat="46.4642381" lon="15.1332438">
	<ele>489.99</ele>
	<time>2026-07-21T09:32:19.992Z</time>
	<hdop>3.79</hdop>
	<extensions>
		<gpxtpx:TrackPointExtension>
			<gpxtpx:course>328.0</gpxtpx:course>
		</gpxtpx:TrackPointExtension>
	</extensions>
</trkpt>
<trkpt lat="46.4646635" lon="15.1328603">
	<ele>490.44</ele>
	<time>2026-07-21T09:32:24.992Z</time>
	<hdop>3.79</hdop>
	<extensions>
		<gpxtpx:TrackPointExtension>
			<gpxtpx:course>328.0</gpxtpx:course>
		</gpxtpx:TrackPointExtension>
	</extensions>
</trkpt>
<trkpt lat="46.4651154" lon="15.1324819">
	<ele>490.58</ele>
	<time>2026-07-21T09:32:29.992Z</time>
	<hdop>3.79</hdop>
	<extensions>
		<gpxtpx:TrackPointExtension>
			<gpxtpx:course>328.0</gpxtpx:course>
		</gpxtpx:TrackPointExtension>
	</extensions>
</trkpt>
<trkpt lat="46.4655722" lon="15.1321477">
	<ele>488.43</ele>
	<time>2026-07-21T09:32:34.992Z</time>
	<hdop>3.79</hdop>
	<extensions>
		<gpxtpx:TrackPointExtension>
			<gpxtpx:course>333.0</gpxtpx:course>
		</gpxtpx:TrackPointExtension>
	</extensions>
</trkpt>
<trkpt lat="46.4660380" lon="15.1318403">
	<ele>487.75</ele>
	<time>2026-07-21T09:32:39.992Z</time>
	<hdop>3.79</hdop>
	<extensions>
		<gpxtpx:TrackPointExtension>
			<gpxtpx:course>336.0</gpxtpx:course>
		</gpxtpx:TrackPointExtension>
	</extensions>
</trkpt>
<trkpt lat="46.4665122" lon="15.1315363">
	<ele>486.10</ele>
	<time>2026-07-21T09:32:44.992Z</time>
	<hdop>3.79</hdop>
	<extensions>
		<gpxtpx:TrackPointExtension>
			<gpxtpx:course>336.0</gpxtpx:course>
		</gpxtpx:TrackPointExtension>
	</extensions>
</trkpt>
<trkpt lat="46.4670374" lon="15.1311847">
	<ele>485.60</ele>
	<time>2026-07-21T09:32:50.991Z</time>
	<hdop>3.79</hdop>
	<extensions>
		<gpxtpx:TrackPointExtension>
			<gpxtpx:course>334.0</gpxtpx:course>
		</gpxtpx:TrackPointExtension>
	</extensions>
</trkpt>
<trkpt lat="46.4674867" lon="15.1309004">
	<ele>484.95</ele>
	<time>2026-07-21T09:32:55.991Z</time>
	<hdop>3.79</hdop>
	<extensions>
		<gpxtpx:TrackPointExtension>
			<gpxtpx:course>333.0</gpxtpx:course>
		</gpxtpx:TrackPointExtension>
	</extensions>
</trkpt>
<trkpt lat="46.4679246" lon="15.1306037">
	<ele>484.50</ele>
	<time>2026-07-21T09:33:00.992Z</time>
	<hdop>3.79</hdop>
	<extensions>
		<gpxtpx:TrackPointExtension>
			<gpxtpx:course>335.0</gpxtpx:course>
		</gpxtpx:TrackPointExtension>
	</extensions>
</trkpt>
<trkpt lat="46.4683966" lon="15.1303084">
	<ele>484.09</ele>
	<time>2026-07-21T09:33:06.992Z</time>
	<hdop>3.79</hdop>
	<extensions>
		<gpxtpx:TrackPointExtension>
			<gpxtpx:course>337.0</gpxtpx:course>
		</gpxtpx:TrackPointExtension>
	</extensions>
</trkpt>
<trkpt lat="46.4687799" lon="15.1300631">
	<ele>482.32</ele>
	<time>2026-07-21T09:33:11.992Z</time>
	<hdop>3.79</hdop>
	<extensions>
		<gpxtpx:TrackPointExtension>
			<gpxtpx:course>337.0</gpxtpx:course>
		</gpxtpx:TrackPointExtension>
	</extensions>
</trkpt>
<trkpt lat="46.4691788" lon="15.1297842">
	<ele>480.62</ele>
	<time>2026-07-21T09:33:16.992Z</time>
	<hdop>3.79</hdop>
	<extensions>
		<gpxtpx:TrackPointExtension>
			<gpxtpx:course>333.0</gpxtpx:course>
		</gpxtpx:TrackPointExtension>
	</extensions>
</trkpt>
<trkpt lat="46.4695679" lon="15.1295056">
	<ele>480.55</ele>
	<time>2026-07-21T09:33:21.992Z</time>
	<hdop>3.79</hdop>
	<extensions>
		<gpxtpx:TrackPointExtension>
			<gpxtpx:course>332.0</gpxtpx:course>
		</gpxtpx:TrackPointExtension>
	</extensions>
</trkpt>
<trkpt lat="46.4699506" lon="15.1292522">
	<ele>480.08</ele>
	<time>2026-07-21T09:33:26.992Z</time>
	<hdop>3.79</hdop>
	<extensions>
		<gpxtpx:TrackPointExtension>
			<gpxtpx:course>334.0</gpxtpx:course>
		</gpxtpx:TrackPointExtension>
	</extensions>
</trkpt>
<trkpt lat="46.4703839" lon="15.1290150">
	<ele>478.87</ele>
	<time>2026-07-21T09:33:31.992Z</time>
	<hdop>3.79</hdop>
	<extensions>
		<gpxtpx:TrackPointExtension>
			<gpxtpx:course>343.0</gpxtpx:course>
		</gpxtpx:TrackPointExtension>
	</extensions>
</trkpt>
<trkpt lat="46.4708299" lon="15.1287425">
	<ele>477.95</ele>
	<time>2026-07-21T09:33:36.992Z</time>
	<hdop>3.79</hdop>
	<extensions>
		<gpxtpx:TrackPointExtension>
			<gpxtpx:course>336.0</gpxtpx:course>
		</gpxtpx:TrackPointExtension>
	</extensions>
</trkpt>
<trkpt lat="46.4712695" lon="15.1284630">
	<ele>477.17</ele>
	<time>2026-07-21T09:33:41.992Z</time>
	<hdop>3.79</hdop>
	<extensions>
		<gpxtpx:TrackPointExtension>
			<gpxtpx:course>337.0</gpxtpx:course>
		</gpxtpx:TrackPointExtension>
	</extensions>
</trkpt>
<trkpt lat="46.4716952" lon="15.1281903">
	<ele>476.21</ele>
	<time>2026-07-21T09:33:46.992Z</time>
	<hdop>3.79</hdop>
	<extensions>
		<gpxtpx:TrackPointExtension>
			<gpxtpx:course>336.0</gpxtpx:course>
		</gpxtpx:TrackPointExtension>
	</extensions>
</trkpt>
<trkpt lat="46.4720063" lon="15.1279931">
	<ele>475.93</ele>
	<time>2026-07-21T09:33:51.992Z</time>
	<hdop>3.79</hdop>
	<extensions>
		<gpxtpx:TrackPointExtension>
			<gpxtpx:course>335.0</gpxtpx:course>
		</gpxtpx:TrackPointExtension>
	</extensions>
</trkpt>
<trkpt lat="46.4722927" lon="15.1277845">
	<ele>475.48</ele>
	<time>2026-07-21T09:33:56.992Z</time>
	<hdop>3.79</hdop>
	<extensions>
		<gpxtpx:TrackPointExtension>
			<gpxtpx:course>335.0</gpxtpx:course>
		</gpxtpx:TrackPointExtension>
	</extensions>
</trkpt>
<trkpt lat="46.4726790" lon="15.1275395">
	<ele>474.51</ele>
	<time>2026-07-21T09:34:01.993Z</time>
	<hdop>3.79</hdop>
	<extensions>
		<gpxtpx:TrackPointExtension>
			<gpxtpx:course>335.0</gpxtpx:course>
		</gpxtpx:TrackPointExtension>
	</extensions>
</trkpt>
<trkpt lat="46.4731754" lon="15.1272286">
	<ele>473.65</ele>
	<time>2026-07-21T09:34:07.993Z</time>
	<hdop>3.79</hdop>
	<extensions>
		<gpxtpx:TrackPointExtension>
			<gpxtpx:course>335.0</gpxtpx:course>
		</gpxtpx:TrackPointExtension>
	</extensions>
</trkpt>
<trkpt lat="46.4737010" lon="15.1268955">
	<ele>472.91</ele>
	<time>2026-07-21T09:34:13.992Z</time>
	<hdop>3.79</hdop>
	<extensions>
		<gpxtpx:TrackPointExtension>
			<gpxtpx:course>335.0</gpxtpx:course>
		</gpxtpx:TrackPointExtension>
	</extensions>
</trkpt>
<trkpt lat="46.4741210" lon="15.1266274">
	<ele>472.19</ele>
	<time>2026-07-21T09:34:18.992Z</time>
	<hdop>3.79</hdop>
	<extensions>
		<gpxtpx:TrackPointExtension>
			<gpxtpx:course>337.0</gpxtpx:course>
		</gpxtpx:TrackPointExtension>
	</extensions>
</trkpt>
<trkpt lat="46.4746214" lon="15.1263092">
	<ele>471.09</ele>
	<time>2026-07-21T09:34:24.991Z</time>
	<hdop>3.79</hdop>
	<extensions>
		<gpxtpx:TrackPointExtension>
			<gpxtpx:course>338.0</gpxtpx:course>
		</gpxtpx:TrackPointExtension>
	</extensions>
</trkpt>
<trkpt lat="46.4750501" lon="15.1260249">
	<ele>469.87</ele>
	<time>2026-07-21T09:34:29.993Z</time>
	<hdop>3.79</hdop>
	<extensions>
		<gpxtpx:TrackPointExtension>
			<gpxtpx:course>335.0</gpxtpx:course>
		</gpxtpx:TrackPointExtension>
	</extensions>
</trkpt>
<trkpt lat="46.4754906" lon="15.1257442">
	<ele>468.77</ele>
	<time>2026-07-21T09:34:34.993Z</time>
	<hdop>3.79</hdop>
	<extensions>
		<gpxtpx:TrackPointExtension>
			<gpxtpx:course>336.0</gpxtpx:course>
		</gpxtpx:TrackPointExtension>
	</extensions>
</trkpt>
<trkpt lat="46.4760188" lon="15.1254054">
	<ele>467.61</ele>
	<time>2026-07-21T09:34:40.990Z</time>
	<hdop>3.79</hdop>
	<extensions>
		<gpxtpx:TrackPointExtension>
			<gpxtpx:course>335.0</gpxtpx:course>
		</gpxtpx:TrackPointExtension>
	</extensions>
</trkpt>
<trkpt lat="46.4764693" lon="15.1251171">
	<ele>467.26</ele>
	<time>2026-07-21T09:34:45.991Z</time>
	<hdop>3.79</hdop>
	<extensions>
		<gpxtpx:TrackPointExtension>
			<gpxtpx:course>336.0</gpxtpx:course>
		</gpxtpx:TrackPointExtension>
	</extensions>
</trkpt>
<trkpt lat="46.4769164" lon="15.1248269">
	<ele>466.45</ele>
	<time>2026-07-21T09:34:50.991Z</time>
	<hdop>3.79</hdop>
	<extensions>
		<gpxtpx:TrackPointExtension>
			<gpxtpx:course>337.0</gpxtpx:course>
		</gpxtpx:TrackPointExtension>
	</extensions>
</trkpt>
<trkpt lat="46.4773596" lon="15.1245103">
	<ele>465.27</ele>
	<time>2026-07-21T09:34:55.992Z</time>
	<hdop>3.79</hdop>
	<extensions>
		<gpxtpx:TrackPointExtension>
			<gpxtpx:course>332.0</gpxtpx:course>
		</gpxtpx:TrackPointExtension>
	</extensions>
</trkpt>
<trkpt lat="46.4777746" lon="15.1241931">
	<ele>464.64</ele>
	<time>2026-07-21T09:35:00.993Z</time>
	<hdop>3.79</hdop>
	<extensions>
		<gpxtpx:TrackPointExtension>
			<gpxtpx:course>332.0</gpxtpx:course>
		</gpxtpx:TrackPointExtension>
	</extensions>
</trkpt>
<trkpt lat="46.4782281" lon="15.1237640">
	<ele>464.07</ele>
	<time>2026-07-21T09:35:06.993Z</time>
	<hdop>3.79</hdop>
	<extensions>
		<gpxtpx:TrackPointExtension>
			<gpxtpx:course>325.0</gpxtpx:course>
		</gpxtpx:TrackPointExtension>
	</extensions>
</trkpt>
<trkpt lat="46.4786408" lon="15.1233392">
	<ele>463.66</ele>
	<time>2026-07-21T09:35:12.992Z</time>
	<hdop>3.79</hdop>
	<extensions>
		<gpxtpx:TrackPointExtension>
			<gpxtpx:course>323.0</gpxtpx:course>
		</gpxtpx:TrackPointExtension>
	</extensions>
</trkpt>
<trkpt lat="46.4788861" lon="15.1230786">
	<ele>463.34</ele>
	<time>2026-07-21T09:35:17.993Z</time>
	<hdop>3.79</hdop>
	<extensions>
		<gpxtpx:TrackPointExtension>
			<gpxtpx:course>322.0</gpxtpx:course>
		</gpxtpx:TrackPointExtension>
	</extensions>
</trkpt>
<trkpt lat="46.4790609" lon="15.1228629">
	<ele>463.18</ele>
	<time>2026-07-21T09:35:22.993Z</time>
	<hdop>3.79</hdop>
	<extensions>
		<gpxtpx:TrackPointExtension>
			<gpxtpx:course>312.0</gpxtpx:course>
		</gpxtpx:TrackPointExtension>
	</extensions>
</trkpt>
<trkpt lat="46.4793623" lon="15.1224910">
	<ele>462.81</ele>
	<time>2026-07-21T09:35:28.991Z</time>
	<hdop>3.79</hdop>
	<extensions>
		<gpxtpx:TrackPointExtension>
			<gpxtpx:course>319.0</gpxtpx:course>
		</gpxtpx:TrackPointExtension>
	</extensions>
</trkpt>
<trkpt lat="46.4796880" lon="15.1222234">
	<ele>461.97</ele>
	<time>2026-07-21T09:35:33.992Z</time>
	<hdop>3.79</hdop>
	<extensions>
		<gpxtpx:TrackPointExtension>
			<gpxtpx:course>334.0</gpxtpx:course>
		</gpxtpx:TrackPointExtension>
	</extensions>
</trkpt>
<trkpt lat="46.4800480" lon="15.1219218">
	<ele>460.55</ele>
	<time>2026-07-21T09:35:38.993Z</time>
	<hdop>3.79</hdop>
	<extensions>
		<gpxtpx:TrackPointExtension>
			<gpxtpx:course>325.0</gpxtpx:course>
		</gpxtpx:TrackPointExtension>
	</extensions>
</trkpt>
<trkpt lat="46.4804828" lon="15.1214904">
	<ele>459.29</ele>
	<time>2026-07-21T09:35:44.993Z</time>
	<hdop>3.79</hdop>
	<extensions>
		<gpxtpx:TrackPointExtension>
			<gpxtpx:course>326.0</gpxtpx:course>
		</gpxtpx:TrackPointExtension>
	</extensions>
</trkpt>
<trkpt lat="46.4809266" lon="15.1210370">
	<ele>458.90</ele>
	<time>2026-07-21T09:35:50.992Z</time>
	<hdop>3.79</hdop>
	<extensions>
		<gpxtpx:TrackPointExtension>
			<gpxtpx:course>325.0</gpxtpx:course>
		</gpxtpx:TrackPointExtension>
	</extensions>
</trkpt>
<trkpt lat="46.4812942" lon="15.1206223">
	<ele>458.36</ele>
	<time>2026-07-21T09:35:55.992Z</time>
	<hdop>3.79</hdop>
	<extensions>
		<gpxtpx:TrackPointExtension>
			<gpxtpx:course>321.0</gpxtpx:course>
		</gpxtpx:TrackPointExtension>
	</extensions>
</trkpt>
<trkpt lat="46.4816591" lon="15.1201442">
	<ele>457.22</ele>
	<time>2026-07-21T09:36:00.992Z</time>
	<hdop>3.79</hdop>
	<extensions>
		<gpxtpx:TrackPointExtension>
			<gpxtpx:course>316.0</gpxtpx:course>
		</gpxtpx:TrackPointExtension>
	</extensions>
</trkpt>
<trkpt lat="46.4820911" lon="15.1195414">
	<ele>456.36</ele>
	<time>2026-07-21T09:36:06.991Z</time>
	<hdop>3.79</hdop>
	<extensions>
		<gpxtpx:TrackPointExtension>
			<gpxtpx:course>315.0</gpxtpx:course>
		</gpxtpx:TrackPointExtension>
	</extensions>
</trkpt>
<trkpt lat="46.4824400" lon="15.1190507">
	<ele>456.10</ele>
	<time>2026-07-21T09:36:11.993Z</time>
	<hdop>3.79</hdop>
	<extensions>
		<gpxtpx:TrackPointExtension>
			<gpxtpx:course>315.0</gpxtpx:course>
		</gpxtpx:TrackPointExtension>
	</extensions>
</trkpt>
<trkpt lat="46.4828473" lon="15.1184730">
	<ele>455.58</ele>
	<time>2026-07-21T09:36:17.991Z</time>
	<hdop>3.79</hdop>
	<extensions>
		<gpxtpx:TrackPointExtension>
			<gpxtpx:course>313.0</gpxtpx:course>
		</gpxtpx:TrackPointExtension>
	</extensions>
</trkpt>
<trkpt lat="46.4831732" lon="15.1180099">
	<ele>454.90</ele>
	<time>2026-07-21T09:36:22.992Z</time>
	<hdop>3.79</hdop>
	<extensions>
		<gpxtpx:TrackPointExtension>
			<gpxtpx:course>314.0</gpxtpx:course>
		</gpxtpx:TrackPointExtension>
	</extensions>
</trkpt>
<trkpt lat="46.4834791" lon="15.1175887">
	<ele>454.02</ele>
	<time>2026-07-21T09:36:27.993Z</time>
	<hdop>3.79</hdop>
	<extensions>
		<gpxtpx:TrackPointExtension>
			<gpxtpx:course>315.0</gpxtpx:course>
		</gpxtpx:TrackPointExtension>
	</extensions>
</trkpt>
<trkpt lat="46.4838128" lon="15.1171250">
	<ele>453.72</ele>
	<time>2026-07-21T09:36:33.990Z</time>
	<hdop>3.79</hdop>
	<extensions>
		<gpxtpx:TrackPointExtension>
			<gpxtpx:course>316.0</gpxtpx:course>
		</gpxtpx:TrackPointExtension>
	</extensions>
</trkpt>
<trkpt lat="46.4841143" lon="15.1166998">
	<ele>453.15</ele>
	<time>2026-07-21T09:36:38.993Z</time>
	<hdop>3.79</hdop>
	<extensions>
		<gpxtpx:TrackPointExtension>
			<gpxtpx:course>316.0</gpxtpx:course>
		</gpxtpx:TrackPointExtension>
	</extensions>
</trkpt>
<trkpt lat="46.4844592" lon="15.1162124">
	<ele>452.07</ele>
	<time>2026-07-21T09:36:44.992Z</time>
	<hdop>3.79</hdop>
	<extensions>
		<gpxtpx:TrackPointExtension>
			<gpxtpx:course>317.0</gpxtpx:course>
		</gpxtpx:TrackPointExtension>
	</extensions>
</trkpt>
<trkpt lat="46.4846725" lon="15.1158949">
	<ele>451.39</ele>
	<time>2026-07-21T09:36:49.992Z</time>
	<hdop>3.79</hdop>
	<extensions>
		<gpxtpx:TrackPointExtension>
			<gpxtpx:course>313.0</gpxtpx:course>
		</gpxtpx:TrackPointExtension>
	</extensions>
</trkpt>
<trkpt lat="46.4848726" lon="15.1156192">
	<ele>451.07</ele>
	<time>2026-07-21T09:36:54.992Z</time>
	<hdop>3.79</hdop>
	<extensions>
		<gpxtpx:TrackPointExtension>
			<gpxtpx:course>315.0</gpxtpx:course>
		</gpxtpx:TrackPointExtension>
	</extensions>
</trkpt>
<trkpt lat="46.4851513" lon="15.1152346">
	<ele>450.92</ele>
	<time>2026-07-21T09:36:59.992Z</time>
	<hdop>3.79</hdop>
	<extensions>
		<gpxtpx:TrackPointExtension>
			<gpxtpx:course>316.0</gpxtpx:course>
		</gpxtpx:TrackPointExtension>
	</extensions>
</trkpt>
<trkpt lat="46.4854517" lon="15.1148124">
	<ele>450.48</ele>
	<time>2026-07-21T09:37:04.993Z</time>
	<hdop>3.79</hdop>
	<extensions>
		<gpxtpx:TrackPointExtension>
			<gpxtpx:course>315.0</gpxtpx:course>
		</gpxtpx:TrackPointExtension>
	</extensions>
</trkpt>
<trkpt lat="46.4858115" lon="15.1142904">
	<ele>450.08</ele>
	<time>2026-07-21T09:37:10.992Z</time>
	<hdop>3.79</hdop>
	<extensions>
		<gpxtpx:TrackPointExtension>
			<gpxtpx:course>315.0</gpxtpx:course>
		</gpxtpx:TrackPointExtension>
	</extensions>
</trkpt>
<trkpt lat="46.4861841" lon="15.1137620">
	<ele>449.31</ele>
	<time>2026-07-21T09:37:16.992Z</time>
	<hdop>3.79</hdop>
	<extensions>
		<gpxtpx:TrackPointExtension>
			<gpxtpx:course>315.0</gpxtpx:course>
		</gpxtpx:TrackPointExtension>
	</extensions>
</trkpt>
<trkpt lat="46.4865001" lon="15.1133021">
	<ele>448.24</ele>
	<time>2026-07-21T09:37:21.992Z</time>
	<hdop>3.79</hdop>
	<extensions>
		<gpxtpx:TrackPointExtension>
			<gpxtpx:course>315.0</gpxtpx:course>
		</gpxtpx:TrackPointExtension>
	</extensions>
</trkpt>
<trkpt lat="46.4868229" lon="15.1128504">
	<ele>447.30</ele>
	<time>2026-07-21T09:37:26.992Z</time>
	<hdop>3.79</hdop>
	<extensions>
		<gpxtpx:TrackPointExtension>
			<gpxtpx:course>314.0</gpxtpx:course>
		</gpxtpx:TrackPointExtension>
	</extensions>
</trkpt>
<trkpt lat="46.4871406" lon="15.1123934">
	<ele>446.97</ele>
	<time>2026-07-21T09:37:31.992Z</time>
	<hdop>3.79</hdop>
	<extensions>
		<gpxtpx:TrackPointExtension>
			<gpxtpx:course>317.0</gpxtpx:course>
		</gpxtpx:TrackPointExtension>
	</extensions>
</trkpt>
<trkpt lat="46.4874672" lon="15.1119271">
	<ele>446.44</ele>
	<time>2026-07-21T09:37:36.992Z</time>
	<hdop>3.79</hdop>
	<extensions>
		<gpxtpx:TrackPointExtension>
			<gpxtpx:course>316.0</gpxtpx:course>
		</gpxtpx:TrackPointExtension>
	</extensions>
</trkpt>
<trkpt lat="46.4877933" lon="15.1114591">
	<ele>445.48</ele>
	<time>2026-07-21T09:37:41.993Z</time>
	<hdop>3.79</hdop>
	<extensions>
		<gpxtpx:TrackPointExtension>
			<gpxtpx:course>314.0</gpxtpx:course>
		</gpxtpx:TrackPointExtension>
	</extensions>
</trkpt>
<trkpt lat="46.4881237" lon="15.1109859">
	<ele>445.12</ele>
	<time>2026-07-21T09:37:46.993Z</time>
	<hdop>3.79</hdop>
	<extensions>
		<gpxtpx:TrackPointExtension>
			<gpxtpx:course>316.0</gpxtpx:course>
		</gpxtpx:TrackPointExtension>
	</extensions>
</trkpt>
<trkpt lat="46.4885211" lon="15.1104202">
	<ele>444.44</ele>
	<time>2026-07-21T09:37:52.991Z</time>
	<hdop>3.79</hdop>
	<extensions>
		<gpxtpx:TrackPointExtension>
			<gpxtpx:course>315.0</gpxtpx:course>
		</gpxtpx:TrackPointExtension>
	</extensions>
</trkpt>
<trkpt lat="46.4888238" lon="15.1099842">
	<ele>443.44</ele>
	<time>2026-07-21T09:37:57.992Z</time>
	<hdop>3.79</hdop>
	<extensions>
		<gpxtpx:TrackPointExtension>
			<gpxtpx:course>315.0</gpxtpx:course>
		</gpxtpx:TrackPointExtension>
	</extensions>
</trkpt>
<trkpt lat="46.4891388" lon="15.1095446">
	<ele>443.03</ele>
	<time>2026-07-21T09:38:03.993Z</time>
	<hdop>3.79</hdop>
	<extensions>
		<gpxtpx:TrackPointExtension>
			<gpxtpx:course>316.0</gpxtpx:course>
		</gpxtpx:TrackPointExtension>
	</extensions>
</trkpt>
<trkpt lat="46.4894442" lon="15.1091234">
	<ele>442.71</ele>
	<time>2026-07-21T09:38:09.993Z</time>
	<hdop>3.79</hdop>
	<extensions>
		<gpxtpx:TrackPointExtension>
			<gpxtpx:course>316.0</gpxtpx:course>
		</gpxtpx:TrackPointExtension>
	</extensions>
</trkpt>
<trkpt lat="46.4897617" lon="15.1086560">
	<ele>442.15</ele>
	<time>2026-07-21T09:38:15.992Z</time>
	<hdop>3.79</hdop>
	<extensions>
		<gpxtpx:TrackPointExtension>
			<gpxtpx:course>314.0</gpxtpx:course>
		</gpxtpx:TrackPointExtension>
	</extensions>
</trkpt>
<trkpt lat="46.4900991" lon="15.1081847">
	<ele>441.83</ele>
	<time>2026-07-21T09:38:21.992Z</time>
	<hdop>3.79</hdop>
	<extensions>
		<gpxtpx:TrackPointExtension>
			<gpxtpx:course>318.0</gpxtpx:course>
		</gpxtpx:TrackPointExtension>
	</extensions>
</trkpt>
<trkpt lat="46.4903878" lon="15.1077907">
	<ele>440.90</ele>
	<time>2026-07-21T09:38:26.992Z</time>
	<hdop>3.79</hdop>
	<extensions>
		<gpxtpx:TrackPointExtension>
			<gpxtpx:course>316.0</gpxtpx:course>
		</gpxtpx:TrackPointExtension>
	</extensions>
</trkpt>
<trkpt lat="46.4907175" lon="15.1073191">
	<ele>440.04</ele>
	<time>2026-07-21T09:38:32.992Z</time>
	<hdop>3.79</hdop>
	<extensions>
		<gpxtpx:TrackPointExtension>
			<gpxtpx:course>315.0</gpxtpx:course>
		</gpxtpx:TrackPointExtension>
	</extensions>
</trkpt>
<trkpt lat="46.4910333" lon="15.1068711">
	<ele>439.84</ele>
	<time>2026-07-21T09:38:38.991Z</time>
	<hdop>3.79</hdop>
	<extensions>
		<gpxtpx:TrackPointExtension>
			<gpxtpx:course>314.0</gpxtpx:course>
		</gpxtpx:TrackPointExtension>
	</extensions>
</trkpt>
<trkpt lat="46.4912739" lon="15.1065232">
	<ele>439.41</ele>
	<time>2026-07-21T09:38:43.992Z</time>
	<hdop>3.79</hdop>
	<extensions>
		<gpxtpx:TrackPointExtension>
			<gpxtpx:course>316.0</gpxtpx:course>
		</gpxtpx:TrackPointExtension>
	</extensions>
</trkpt>
<trkpt lat="46.4915651" lon="15.1061053">
	<ele>438.46</ele>
	<time>2026-07-21T09:38:49.992Z</time>
	<hdop>3.79</hdop>
	<extensions>
		<gpxtpx:TrackPointExtension>
			<gpxtpx:course>316.0</gpxtpx:course>
		</gpxtpx:TrackPointExtension>
	</extensions>
</trkpt>
<trkpt lat="46.4918333" lon="15.1057122">
	<ele>437.84</ele>
	<time>2026-07-21T09:38:55.993Z</time>
	<hdop>3.79</hdop>
	<extensions>
		<gpxtpx:TrackPointExtension>
			<gpxtpx:course>316.0</gpxtpx:course>
		</gpxtpx:TrackPointExtension>
	</extensions>
</trkpt>
<trkpt lat="46.4920451" lon="15.1053886">
	<ele>437.89</ele>
	<time>2026-07-21T09:39:01.991Z</time>
	<hdop>3.79</hdop>
	<extensions>
		<gpxtpx:TrackPointExtension>
			<gpxtpx:course>312.0</gpxtpx:course>
		</gpxtpx:TrackPointExtension>
	</extensions>
</trkpt>
<trkpt lat="46.4921296" lon="15.1052325">
	<ele>437.99</ele>
	<time>2026-07-21T09:39:06.992Z</time>
	<hdop>3.79</hdop>
	<extensions>
		<gpxtpx:TrackPointExtension>
			<gpxtpx:course>305.0</gpxtpx:course>
		</gpxtpx:TrackPointExtension>
	</extensions>
</trkpt>
<trkpt lat="46.4922545" lon="15.1050193">
	<ele>438.05</ele>
	<time>2026-07-21T09:39:12.992Z</time>
	<hdop>3.79</hdop>
	<extensions>
		<gpxtpx:TrackPointExtension>
			<gpxtpx:course>312.0</gpxtpx:course>
		</gpxtpx:TrackPointExtension>
	</extensions>
</trkpt>
<trkpt lat="46.4924381" lon="15.1047535">
	<ele>437.84</ele>
	<time>2026-07-21T09:39:17.992Z</time>
	<hdop>3.79</hdop>
	<extensions>
		<gpxtpx:TrackPointExtension>
			<gpxtpx:course>316.0</gpxtpx:course>
		</gpxtpx:TrackPointExtension>
	</extensions>
</trkpt>
<trkpt lat="46.4926644" lon="15.1044170">
	<ele>437.31</ele>
	<time>2026-07-21T09:39:22.993Z</time>
	<hdop>3.79</hdop>
	<extensions>
		<gpxtpx:TrackPointExtension>
			<gpxtpx:course>316.0</gpxtpx:course>
		</gpxtpx:TrackPointExtension>
	</extensions>
</trkpt>
<trkpt lat="46.4929739" lon="15.1039793">
	<ele>436.90</ele>
	<time>2026-07-21T09:39:28.993Z</time>
	<hdop>3.79</hdop>
	<extensions>
		<gpxtpx:TrackPointExtension>
			<gpxtpx:course>317.0</gpxtpx:course>
		</gpxtpx:TrackPointExtension>
	</extensions>
</trkpt>
<trkpt lat="46.4932596" lon="15.1036490">
	<ele>436.49</ele>
	<time>2026-07-21T09:39:33.993Z</time>
	<hdop>3.79</hdop>
	<extensions>
		<gpxtpx:TrackPointExtension>
			<gpxtpx:course>336.0</gpxtpx:course>
		</gpxtpx:TrackPointExtension>
	</extensions>
</trkpt>
<trkpt lat="46.4936224" lon="15.1032418">
	<ele>435.69</ele>
	<time>2026-07-21T09:39:39.993Z</time>
	<hdop>3.79</hdop>
	<extensions>
		<gpxtpx:TrackPointExtension>
			<gpxtpx:course>316.0</gpxtpx:course>
		</gpxtpx:TrackPointExtension>
	</extensions>
</trkpt>
<trkpt lat="46.4939725" lon="15.1027353">
	<ele>435.22</ele>
	<time>2026-07-21T09:39:45.993Z</time>
	<hdop>3.79</hdop>
	<extensions>
		<gpxtpx:TrackPointExtension>
			<gpxtpx:course>313.0</gpxtpx:course>
		</gpxtpx:TrackPointExtension>
	</extensions>
</trkpt>
<trkpt lat="46.4943480" lon="15.1022223">
	<ele>434.46</ele>
	<time>2026-07-21T09:39:51.993Z</time>
	<hdop>3.79</hdop>
	<extensions>
		<gpxtpx:TrackPointExtension>
			<gpxtpx:course>318.0</gpxtpx:course>
		</gpxtpx:TrackPointExtension>
	</extensions>
</trkpt>
<trkpt lat="46.4947103" lon="15.1016961">
	<ele>433.39</ele>
	<time>2026-07-21T09:39:57.992Z</time>
	<hdop>3.79</hdop>
	<extensions>
		<gpxtpx:TrackPointExtension>
			<gpxtpx:course>315.0</gpxtpx:course>
		</gpxtpx:TrackPointExtension>
	</extensions>
</trkpt>
<trkpt lat="46.4950181" lon="15.1012466">
	<ele>433.00</ele>
	<time>2026-07-21T09:40:02.993Z</time>
	<hdop>3.79</hdop>
	<extensions>
		<gpxtpx:TrackPointExtension>
			<gpxtpx:course>315.0</gpxtpx:course>
		</gpxtpx:TrackPointExtension>
	</extensions>
</trkpt>
<trkpt lat="46.4953241" lon="15.1008203">
	<ele>432.63</ele>
	<time>2026-07-21T09:40:07.993Z</time>
	<hdop>3.79</hdop>
	<extensions>
		<gpxtpx:TrackPointExtension>
			<gpxtpx:course>319.0</gpxtpx:course>
		</gpxtpx:TrackPointExtension>
	</extensions>
</trkpt>
<trkpt lat="46.4956339" lon="15.1003965">
	<ele>432.22</ele>
	<time>2026-07-21T09:40:13.991Z</time>
	<hdop>3.79</hdop>
	<extensions>
		<gpxtpx:TrackPointExtension>
			<gpxtpx:course>317.0</gpxtpx:course>
		</gpxtpx:TrackPointExtension>
	</extensions>
</trkpt>
<trkpt lat="46.4958835" lon="15.1000221">
	<ele>431.94</ele>
	<time>2026-07-21T09:40:18.992Z</time>
	<hdop>3.79</hdop>
	<extensions>
		<gpxtpx:TrackPointExtension>
			<gpxtpx:course>313.0</gpxtpx:course>
		</gpxtpx:TrackPointExtension>
	</extensions>
</trkpt>
<trkpt lat="46.4961456" lon="15.0995737">
	<ele>431.94</ele>
	<time>2026-07-21T09:40:23.993Z</time>
	<hdop>3.79</hdop>
	<extensions>
		<gpxtpx:TrackPointExtension>
			<gpxtpx:course>309.0</gpxtpx:course>
		</gpxtpx:TrackPointExtension>
	</extensions>
</trkpt>
<trkpt lat="46.4964823" lon="15.0990242">
	<ele>430.55</ele>
	<time>2026-07-21T09:40:29.992Z</time>
	<hdop>3.79</hdop>
	<extensions>
		<gpxtpx:TrackPointExtension>
			<gpxtpx:course>311.0</gpxtpx:course>
		</gpxtpx:TrackPointExtension>
	</extensions>
</trkpt>
<trkpt lat="46.4967503" lon="15.0985787">
	<ele>429.88</ele>
	<time>2026-07-21T09:40:34.993Z</time>
	<hdop>3.79</hdop>
	<extensions>
		<gpxtpx:TrackPointExtension>
			<gpxtpx:course>311.0</gpxtpx:course>
		</gpxtpx:TrackPointExtension>
	</extensions>
</trkpt>
<trkpt lat="46.4969996" lon="15.0982089">
	<ele>429.62</ele>
	<time>2026-07-21T09:40:39.993Z</time>
	<hdop>3.79</hdop>
	<extensions>
		<gpxtpx:TrackPointExtension>
			<gpxtpx:course>311.0</gpxtpx:course>
		</gpxtpx:TrackPointExtension>
	</extensions>
</trkpt>
<trkpt lat="46.4973100" lon="15.0977095">
	<ele>429.30</ele>
	<time>2026-07-21T09:40:45.992Z</time>
	<hdop>3.79</hdop>
	<extensions>
		<gpxtpx:TrackPointExtension>
			<gpxtpx:course>313.0</gpxtpx:course>
		</gpxtpx:TrackPointExtension>
	</extensions>
</trkpt>
<trkpt lat="46.4975699" lon="15.0973017">
	<ele>428.78</ele>
	<time>2026-07-21T09:40:50.993Z</time>
	<hdop>3.79</hdop>
	<extensions>
		<gpxtpx:TrackPointExtension>
			<gpxtpx:course>314.0</gpxtpx:course>
		</gpxtpx:TrackPointExtension>
	</extensions>
</trkpt>
<trkpt lat="46.4978371" lon="15.0968732">
	<ele>427.85</ele>
	<time>2026-07-21T09:40:55.993Z</time>
	<hdop>3.79</hdop>
	<extensions>
		<gpxtpx:TrackPointExtension>
			<gpxtpx:course>313.0</gpxtpx:course>
		</gpxtpx:TrackPointExtension>
	</extensions>
</trkpt>
<trkpt lat="46.4981820" lon="15.0963434">
	<ele>427.46</ele>
	<time>2026-07-21T09:41:01.992Z</time>
	<hdop>3.79</hdop>
	<extensions>
		<gpxtpx:TrackPointExtension>
			<gpxtpx:course>313.0</gpxtpx:course>
		</gpxtpx:TrackPointExtension>
	</extensions>
</trkpt>
<trkpt lat="46.4984825" lon="15.0959056">
	<ele>427.75</ele>
	<time>2026-07-21T09:41:06.993Z</time>
	<hdop>3.79</hdop>
	<extensions>
		<gpxtpx:TrackPointExtension>
			<gpxtpx:course>317.0</gpxtpx:course>
		</gpxtpx:TrackPointExtension>
	</extensions>
</trkpt>
<trkpt lat="46.4988146" lon="15.0955209">
	<ele>426.92</ele>
	<time>2026-07-21T09:41:11.993Z</time>
	<hdop>3.79</hdop>
	<extensions>
		<gpxtpx:TrackPointExtension>
			<gpxtpx:course>324.0</gpxtpx:course>
		</gpxtpx:TrackPointExtension>
	</extensions>
</trkpt>
<trkpt lat="46.4992629" lon="15.0951489">
	<ele>425.80</ele>
	<time>2026-07-21T09:41:17.992Z</time>
	<hdop>3.79</hdop>
	<extensions>
		<gpxtpx:TrackPointExtension>
			<gpxtpx:course>333.0</gpxtpx:course>
		</gpxtpx:TrackPointExtension>
	</extensions>
</trkpt>
<trkpt lat="46.4996658" lon="15.0948939">
	<ele>424.30</ele>
	<time>2026-07-21T09:41:22.993Z</time>
	<hdop>3.79</hdop>
	<extensions>
		<gpxtpx:TrackPointExtension>
			<gpxtpx:course>338.0</gpxtpx:course>
		</gpxtpx:TrackPointExtension>
	</extensions>
</trkpt>
<trkpt lat="46.5001956" lon="15.0946766">
	<ele>422.90</ele>
	<time>2026-07-21T09:41:28.992Z</time>
	<hdop>3.79</hdop>
	<extensions>
		<gpxtpx:TrackPointExtension>
			<gpxtpx:course>346.0</gpxtpx:course>
		</gpxtpx:TrackPointExtension>
	</extensions>
</trkpt>
<trkpt lat="46.5007426" lon="15.0945607">
	<ele>422.10</ele>
	<time>2026-07-21T09:41:34.993Z</time>
	<hdop>3.79</hdop>
	<extensions>
		<gpxtpx:TrackPointExtension>
			<gpxtpx:course>354.0</gpxtpx:course>
		</gpxtpx:TrackPointExtension>
	</extensions>
</trkpt>
<trkpt lat="46.5012747" lon="15.0944538">
	<ele>422.48</ele>
	<time>2026-07-21T09:41:40.992Z</time>
	<hdop>3.79</hdop>
	<extensions>
		<gpxtpx:TrackPointExtension>
			<gpxtpx:course>350.0</gpxtpx:course>
		</gpxtpx:TrackPointExtension>
	</extensions>
</trkpt>
<trkpt lat="46.5016997" lon="15.0943902">
	<ele>422.97</ele>
	<time>2026-07-21T09:41:45.992Z</time>
	<hdop>3.79</hdop>
	<extensions>
		<gpxtpx:TrackPointExtension>
			<gpxtpx:course>2.0</gpxtpx:course>
		</gpxtpx:TrackPointExtension>
	</extensions>
</trkpt>
<trkpt lat="46.5020509" lon="15.0942128">
	<ele>422.26</ele>
	<time>2026-07-21T09:41:50.992Z</time>
	<hdop>3.79</hdop>
	<extensions>
		<gpxtpx:TrackPointExtension>
			<gpxtpx:course>331.0</gpxtpx:course>
		</gpxtpx:TrackPointExtension>
	</extensions>
</trkpt>
<trkpt lat="46.5024346" lon="15.0939735">
	<ele>420.98</ele>
	<time>2026-07-21T09:41:55.992Z</time>
	<hdop>3.79</hdop>
	<extensions>
		<gpxtpx:TrackPointExtension>
			<gpxtpx:course>334.0</gpxtpx:course>
		</gpxtpx:TrackPointExtension>
	</extensions>
</trkpt>
<trkpt lat="46.5027713" lon="15.0936891">
	<ele>420.14</ele>
	<time>2026-07-21T09:42:00.993Z</time>
	<hdop>3.79</hdop>
	<extensions>
		<gpxtpx:TrackPointExtension>
			<gpxtpx:course>324.0</gpxtpx:course>
		</gpxtpx:TrackPointExtension>
	</extensions>
</trkpt>
<trkpt lat="46.5030697" lon="15.0932742">
	<ele>419.68</ele>
	<time>2026-07-21T09:42:06.992Z</time>
	<hdop>3.79</hdop>
	<extensions>
		<gpxtpx:TrackPointExtension>
			<gpxtpx:course>294.0</gpxtpx:course>
		</gpxtpx:TrackPointExtension>
	</extensions>
</trkpt>
<trkpt lat="46.5032147" lon="15.0930701">
	<ele>419.63</ele>
	<time>2026-07-21T09:42:11.993Z</time>
	<hdop>3.79</hdop>
	<extensions>
		<gpxtpx:TrackPointExtension>
			<gpxtpx:course>344.0</gpxtpx:course>
		</gpxtpx:TrackPointExtension>
	</extensions>
</trkpt>
<trkpt lat="46.5034107" lon="15.0929914">
	<ele>420.17</ele>
	<time>2026-07-21T09:42:16.993Z</time>
	<hdop>3.79</hdop>
	<extensions>
		<gpxtpx:TrackPointExtension>
			<gpxtpx:course>301.0</gpxtpx:course>
		</gpxtpx:TrackPointExtension>
	</extensions>
</trkpt>
<trkpt lat="46.5034779" lon="15.0926739">
	<ele>420.96</ele>
	<time>2026-07-21T09:42:21.993Z</time>
	<hdop>3.79</hdop>
	<extensions>
		<gpxtpx:TrackPointExtension>
			<gpxtpx:course>284.0</gpxtpx:course>
		</gpxtpx:TrackPointExtension>
	</extensions>
</trkpt>
<trkpt lat="46.5035865" lon="15.0923844">
	<ele>422.77</ele>
	<time>2026-07-21T09:42:26.993Z</time>
	<hdop>3.79</hdop>
	<extensions>
		<gpxtpx:TrackPointExtension>
			<gpxtpx:course>308.0</gpxtpx:course>
		</gpxtpx:TrackPointExtension>
	</extensions>
</trkpt>
<trkpt lat="46.5036782" lon="15.0922487">
	<ele>425.16</ele>
	<time>2026-07-21T09:42:44.992Z</time>
	<hdop>3.79</hdop>
	<extensions>
		<gpxtpx:TrackPointExtension>
			<gpxtpx:course>299.0</gpxtpx:course>
		</gpxtpx:TrackPointExtension>
	</extensions>
</trkpt>
<trkpt lat="46.5036611" lon="15.0921204">
	<ele>425.68</ele>
	<time>2026-07-21T09:43:15.992Z</time>
	<hdop>3.79</hdop>
	<extensions>
		<gpxtpx:TrackPointExtension>
			<gpxtpx:course>216.0</gpxtpx:course>
		</gpxtpx:TrackPointExtension>
	</extensions>
</trkpt>
<trkpt lat="46.5035617" lon="15.0919404">
	<ele>424.16</ele>
	<time>2026-07-21T09:43:20.992Z</time>
	<hdop>3.79</hdop>
	<extensions>
		<gpxtpx:TrackPointExtension>
			<gpxtpx:course>238.0</gpxtpx:course>
		</gpxtpx:TrackPointExtension>
	</extensions>
</trkpt>
<trkpt lat="46.5034324" lon="15.0917767">
	<ele>421.74</ele>
	<time>2026-07-21T09:43:25.992Z</time>
	<hdop>3.79</hdop>
	<extensions>
		<gpxtpx:TrackPointExtension>
			<gpxtpx:course>216.0</gpxtpx:course>
		</gpxtpx:TrackPointExtension>
	</extensions>
</trkpt>
<trkpt lat="46.5032821" lon="15.0915839">
	<ele>419.51</ele>
	<time>2026-07-21T09:43:30.992Z</time>
	<hdop>3.79</hdop>
	<extensions>
		<gpxtpx:TrackPointExtension>
			<gpxtpx:course>239.0</gpxtpx:course>
		</gpxtpx:TrackPointExtension>
	</extensions>
</trkpt>
<trkpt lat="46.5033707" lon="15.0913250">
	<ele>419.89</ele>
	<time>2026-07-21T09:43:35.993Z</time>
	<hdop>3.79</hdop>
	<extensions>
		<gpxtpx:TrackPointExtension>
			<gpxtpx:course>310.0</gpxtpx:course>
		</gpxtpx:TrackPointExtension>
	</extensions>
</trkpt>
<trkpt lat="46.5035110" lon="15.0910294">
	<ele>419.71</ele>
	<time>2026-07-21T09:43:40.993Z</time>
	<hdop>3.79</hdop>
	<extensions>
		<gpxtpx:TrackPointExtension>
			<gpxtpx:course>304.0</gpxtpx:course>
		</gpxtpx:TrackPointExtension>
	</extensions>
</trkpt>
<trkpt lat="46.5037435" lon="15.0908498">
	<ele>417.88</ele>
	<time>2026-07-21T09:43:46.993Z</time>
	<hdop>3.79</hdop>
	<extensions>
		<gpxtpx:TrackPointExtension>
			<gpxtpx:course>348.0</gpxtpx:course>
		</gpxtpx:TrackPointExtension>
	</extensions>
</trkpt>
<trkpt lat="46.5039294" lon="15.0905593">
	<ele>416.16</ele>
	<time>2026-07-21T09:43:51.993Z</time>
	<hdop>3.79</hdop>
	<extensions>
		<gpxtpx:TrackPointExtension>
			<gpxtpx:course>307.0</gpxtpx:course>
		</gpxtpx:TrackPointExtension>
	</extensions>
</trkpt>
<trkpt lat="46.5041904" lon="15.0902486">
	<ele>416.52</ele>
	<time>2026-07-21T09:43:57.993Z</time>
	<hdop>3.79</hdop>
	<extensions>
		<gpxtpx:TrackPointExtension>
			<gpxtpx:course>337.0</gpxtpx:course>
		</gpxtpx:TrackPointExtension>
	</extensions>
</trkpt>
<trkpt lat="46.5045085" lon="15.0900868">
	<ele>416.78</ele>
	<time>2026-07-21T09:44:02.993Z</time>
	<hdop>3.79</hdop>
	<extensions>
		<gpxtpx:TrackPointExtension>
			<gpxtpx:course>338.0</gpxtpx:course>
		</gpxtpx:TrackPointExtension>
	</extensions>
</trkpt>
<trkpt lat="46.5048803" lon="15.0898881">
	<ele>415.25</ele>
	<time>2026-07-21T09:44:08.991Z</time>
	<hdop>3.79</hdop>
	<extensions>
		<gpxtpx:TrackPointExtension>
			<gpxtpx:course>330.0</gpxtpx:course>
		</gpxtpx:TrackPointExtension>
	</extensions>
</trkpt>
<trkpt lat="46.5051194" lon="15.0896216">
	<ele>415.63</ele>
	<time>2026-07-21T09:44:13.991Z</time>
	<hdop>3.79</hdop>
	<extensions>
		<gpxtpx:TrackPointExtension>
			<gpxtpx:course>312.0</gpxtpx:course>
		</gpxtpx:TrackPointExtension>
	</extensions>
</trkpt>
<trkpt lat="46.5050756" lon="15.0893088">
	<ele>415.91</ele>
	<time>2026-07-21T09:44:18.992Z</time>
	<hdop>3.79</hdop>
	<extensions>
		<gpxtpx:TrackPointExtension>
			<gpxtpx:course>220.0</gpxtpx:course>
		</gpxtpx:TrackPointExtension>
	</extensions>
</trkpt>
<trkpt lat="46.5048587" lon="15.0890806">
	<ele>415.82</ele>
	<time>2026-07-21T09:44:23.992Z</time>
	<hdop>3.79</hdop>
	<extensions>
		<gpxtpx:TrackPointExtension>
			<gpxtpx:course>217.0</gpxtpx:course>
		</gpxtpx:TrackPointExtension>
	</extensions>
</trkpt>
<trkpt lat="46.5046357" lon="15.0888480">
	<ele>415.48</ele>
	<time>2026-07-21T09:44:28.993Z</time>
	<hdop>3.79</hdop>
	<extensions>
		<gpxtpx:TrackPointExtension>
			<gpxtpx:course>218.0</gpxtpx:course>
		</gpxtpx:TrackPointExtension>
	</extensions>
</trkpt>
<trkpt lat="46.5044257" lon="15.0886259">
	<ele>415.24</ele>
	<time>2026-07-21T09:44:33.993Z</time>
	<hdop>3.79</hdop>
	<extensions>
		<gpxtpx:TrackPointExtension>
			<gpxtpx:course>217.0</gpxtpx:course>
		</gpxtpx:TrackPointExtension>
	</extensions>
</trkpt>
<trkpt lat="46.5043856" lon="15.0882541">
	<ele>415.04</ele>
	<time>2026-07-21T09:44:39.993Z</time>
	<hdop>3.79</hdop>
	<extensions>
		<gpxtpx:TrackPointExtension>
			<gpxtpx:course>249.0</gpxtpx:course>
		</gpxtpx:TrackPointExtension>
	</extensions>
</trkpt>
<trkpt lat="46.5042710" lon="15.0879403">
	<ele>414.55</ele>
	<time>2026-07-21T09:44:45.992Z</time>
	<hdop>3.79</hdop>
	<extensions>
		<gpxtpx:TrackPointExtension>
			<gpxtpx:course>226.0</gpxtpx:course>
		</gpxtpx:TrackPointExtension>
	</extensions>
</trkpt>
<trkpt lat="46.5043161" lon="15.0876335">
	<ele>414.06</ele>
	<time>2026-07-21T09:44:50.992Z</time>
	<hdop>3.79</hdop>
	<extensions>
		<gpxtpx:TrackPointExtension>
			<gpxtpx:course>314.0</gpxtpx:course>
		</gpxtpx:TrackPointExtension>
	</extensions>
</trkpt>
<trkpt lat="46.5044961" lon="15.0873192">
	<ele>413.69</ele>
	<time>2026-07-21T09:44:55.992Z</time>
	<hdop>3.79</hdop>
	<extensions>
		<gpxtpx:TrackPointExtension>
			<gpxtpx:course>305.0</gpxtpx:course>
		</gpxtpx:TrackPointExtension>
	</extensions>
</trkpt>
<trkpt lat="46.5047167" lon="15.0870239">
	<ele>413.49</ele>
	<time>2026-07-21T09:45:00.993Z</time>
	<hdop>3.79</hdop>
	<extensions>
		<gpxtpx:TrackPointExtension>
			<gpxtpx:course>323.0</gpxtpx:course>
		</gpxtpx:TrackPointExtension>
	</extensions>
</trkpt>
<trkpt lat="46.5050172" lon="15.0867202">
	<ele>413.08</ele>
	<time>2026-07-21T09:45:06.993Z</time>
	<hdop>3.79</hdop>
	<extensions>
		<gpxtpx:TrackPointExtension>
			<gpxtpx:course>326.0</gpxtpx:course>
		</gpxtpx:TrackPointExtension>
	</extensions>
</trkpt>
<trkpt lat="46.5053060" lon="15.0865814">
	<ele>412.17</ele>
	<time>2026-07-21T09:45:11.993Z</time>
	<hdop>3.79</hdop>
	<extensions>
		<gpxtpx:TrackPointExtension>
			<gpxtpx:course>346.0</gpxtpx:course>
		</gpxtpx:TrackPointExtension>
	</extensions>
</trkpt>
<trkpt lat="46.5057055" lon="15.0864304">
	<ele>411.24</ele>
	<time>2026-07-21T09:45:17.993Z</time>
	<hdop>3.79</hdop>
	<extensions>
		<gpxtpx:TrackPointExtension>
			<gpxtpx:course>353.0</gpxtpx:course>
		</gpxtpx:TrackPointExtension>
	</extensions>
</trkpt>
<trkpt lat="46.5060521" lon="15.0863619">
	<ele>411.01</ele>
	<time>2026-07-21T09:45:22.993Z</time>
	<hdop>3.79</hdop>
	<extensions>
		<gpxtpx:TrackPointExtension>
			<gpxtpx:course>348.0</gpxtpx:course>
		</gpxtpx:TrackPointExtension>
	</extensions>
</trkpt>
<trkpt lat="46.5064437" lon="15.0862617">
	<ele>410.79</ele>
	<time>2026-07-21T09:45:28.993Z</time>
	<hdop>3.79</hdop>
	<extensions>
		<gpxtpx:TrackPointExtension>
			<gpxtpx:course>351.0</gpxtpx:course>
		</gpxtpx:TrackPointExtension>
	</extensions>
</trkpt>
<trkpt lat="46.5067727" lon="15.0861775">
	<ele>410.18</ele>
	<time>2026-07-21T09:45:34.993Z</time>
	<hdop>3.79</hdop>
	<extensions>
		<gpxtpx:TrackPointExtension>
			<gpxtpx:course>335.0</gpxtpx:course>
		</gpxtpx:TrackPointExtension>
	</extensions>
</trkpt>
<trkpt lat="46.5068269" lon="15.0858742">
	<ele>409.62</ele>
	<time>2026-07-21T09:45:40.994Z</time>
	<hdop>3.79</hdop>
	<extensions>
		<gpxtpx:TrackPointExtension>
			<gpxtpx:course>277.0</gpxtpx:course>
		</gpxtpx:TrackPointExtension>
	</extensions>
</trkpt>
<trkpt lat="46.5067247" lon="15.0856839">
	<ele>409.77</ele>
	<time>2026-07-21T09:45:46.993Z</time>
	<hdop>3.79</hdop>
	<extensions>
		<gpxtpx:TrackPointExtension>
			<gpxtpx:course>198.0</gpxtpx:course>
		</gpxtpx:TrackPointExtension>
	</extensions>
</trkpt>
<trkpt lat="46.5065885" lon="15.0854631">
	<ele>410.33</ele>
	<time>2026-07-21T09:45:51.993Z</time>
	<hdop>3.79</hdop>
	<extensions>
		<gpxtpx:TrackPointExtension>
			<gpxtpx:course>241.0</gpxtpx:course>
		</gpxtpx:TrackPointExtension>
	</extensions>
</trkpt>
<trkpt lat="46.5064502" lon="15.0850518">
	<ele>411.00</ele>
	<time>2026-07-21T09:45:57.992Z</time>
	<hdop>3.79</hdop>
	<extensions>
		<gpxtpx:TrackPointExtension>
			<gpxtpx:course>258.0</gpxtpx:course>
		</gpxtpx:TrackPointExtension>
	</extensions>
</trkpt>
<trkpt lat="46.5062566" lon="15.0846755">
	<ele>411.10</ele>
	<time>2026-07-21T09:46:03.993Z</time>
	<hdop>3.79</hdop>
	<extensions>
		<gpxtpx:TrackPointExtension>
			<gpxtpx:course>238.0</gpxtpx:course>
		</gpxtpx:TrackPointExtension>
	</extensions>
</trkpt>
<trkpt lat="46.5061147" lon="15.0842408">
	<ele>411.43</ele>
	<time>2026-07-21T09:46:09.993Z</time>
	<hdop>3.79</hdop>
	<extensions>
		<gpxtpx:TrackPointExtension>
			<gpxtpx:course>240.0</gpxtpx:course>
		</gpxtpx:TrackPointExtension>
	</extensions>
</trkpt>
<trkpt lat="46.5059774" lon="15.0838976">
	<ele>411.98</ele>
	<time>2026-07-21T09:46:14.994Z</time>
	<hdop>3.79</hdop>
	<extensions>
		<gpxtpx:TrackPointExtension>
			<gpxtpx:course>244.0</gpxtpx:course>
		</gpxtpx:TrackPointExtension>
	</extensions>
</trkpt>
<trkpt lat="46.5058508" lon="15.0835783">
	<ele>412.70</ele>
	<time>2026-07-21T09:46:20.993Z</time>
	<hdop>3.79</hdop>
	<extensions>
		<gpxtpx:TrackPointExtension>
			<gpxtpx:course>229.0</gpxtpx:course>
		</gpxtpx:TrackPointExtension>
	</extensions>
</trkpt>
<trkpt lat="46.5057579" lon="15.0832187">
	<ele>413.20</ele>
	<time>2026-07-21T09:46:26.992Z</time>
	<hdop>3.79</hdop>
	<extensions>
		<gpxtpx:TrackPointExtension>
			<gpxtpx:course>248.0</gpxtpx:course>
		</gpxtpx:TrackPointExtension>
	</extensions>
</trkpt>
<trkpt lat="46.5056488" lon="15.0829642">
	<ele>413.42</ele>
	<time>2026-07-21T09:46:31.992Z</time>
	<hdop>3.79</hdop>
	<extensions>
		<gpxtpx:TrackPointExtension>
			<gpxtpx:course>238.0</gpxtpx:course>
		</gpxtpx:TrackPointExtension>
	</extensions>
</trkpt>
<trkpt lat="46.5057288" lon="15.0828071">
	<ele>413.21</ele>
	<time>2026-07-21T09:46:36.993Z</time>
	<hdop>3.79</hdop>
	<extensions>
		<gpxtpx:TrackPointExtension>
			<gpxtpx:course>331.0</gpxtpx:course>
		</gpxtpx:TrackPointExtension>
	</extensions>
</trkpt>
<trkpt lat="46.5059433" lon="15.0825362">
	<ele>412.82</ele>
	<time>2026-07-21T09:46:42.994Z</time>
	<hdop>3.79</hdop>
	<extensions>
		<gpxtpx:TrackPointExtension>
			<gpxtpx:course>322.0</gpxtpx:course>
		</gpxtpx:TrackPointExtension>
	</extensions>
</trkpt>
<trkpt lat="46.5062000" lon="15.0822753">
	<ele>412.77</ele>
	<time>2026-07-21T09:46:48.994Z</time>
	<hdop>3.79</hdop>
	<extensions>
		<gpxtpx:TrackPointExtension>
			<gpxtpx:course>328.0</gpxtpx:course>
		</gpxtpx:TrackPointExtension>
	</extensions>
</trkpt>
<trkpt lat="46.5064499" lon="15.0820524">
	<ele>412.93</ele>
	<time>2026-07-21T09:46:54.992Z</time>
	<hdop>3.79</hdop>
	<extensions>
		<gpxtpx:TrackPointExtension>
			<gpxtpx:course>329.0</gpxtpx:course>
		</gpxtpx:TrackPointExtension>
	</extensions>
</trkpt>
<trkpt lat="46.5066608" lon="15.0818608">
	<ele>412.87</ele>
	<time>2026-07-21T09:46:59.993Z</time>
	<hdop>3.79</hdop>
	<extensions>
		<gpxtpx:TrackPointExtension>
			<gpxtpx:course>329.0</gpxtpx:course>
		</gpxtpx:TrackPointExtension>
	</extensions>
</trkpt>
<trkpt lat="46.5068957" lon="15.0816212">
	<ele>412.08</ele>
	<time>2026-07-21T09:47:05.993Z</time>
	<hdop>3.79</hdop>
	<extensions>
		<gpxtpx:TrackPointExtension>
			<gpxtpx:course>320.0</gpxtpx:course>
		</gpxtpx:TrackPointExtension>
	</extensions>
</trkpt>
<trkpt lat="46.5070848" lon="15.0813840">
	<ele>411.17</ele>
	<time>2026-07-21T09:47:10.993Z</time>
	<hdop>3.79</hdop>
	<extensions>
		<gpxtpx:TrackPointExtension>
			<gpxtpx:course>312.0</gpxtpx:course>
		</gpxtpx:TrackPointExtension>
	</extensions>
</trkpt>
<trkpt lat="46.5073023" lon="15.0810687">
	<ele>410.83</ele>
	<time>2026-07-21T09:47:16.992Z</time>
	<hdop>3.79</hdop>
	<extensions>
		<gpxtpx:TrackPointExtension>
			<gpxtpx:course>314.0</gpxtpx:course>
		</gpxtpx:TrackPointExtension>
	</extensions>
</trkpt>
<trkpt lat="46.5074811" lon="15.0807940">
	<ele>411.08</ele>
	<time>2026-07-21T09:47:21.992Z</time>
	<hdop>3.79</hdop>
	<extensions>
		<gpxtpx:TrackPointExtension>
			<gpxtpx:course>310.0</gpxtpx:course>
		</gpxtpx:TrackPointExtension>
	</extensions>
</trkpt>
<trkpt lat="46.5076403" lon="15.0805577">
	<ele>411.26</ele>
	<time>2026-07-21T09:47:26.993Z</time>
	<hdop>3.79</hdop>
	<extensions>
		<gpxtpx:TrackPointExtension>
			<gpxtpx:course>312.0</gpxtpx:course>
		</gpxtpx:TrackPointExtension>
	</extensions>
</trkpt>
<trkpt lat="46.5077531" lon="15.0804496">
	<ele>411.30</ele>
	<time>2026-07-21T09:47:32.993Z</time>
	<hdop>3.79</hdop>
	<extensions>
		<gpxtpx:TrackPointExtension>
			<gpxtpx:course>14.0</gpxtpx:course>
		</gpxtpx:TrackPointExtension>
	</extensions>
</trkpt>
<trkpt lat="46.5078788" lon="15.0804115">
	<ele>411.27</ele>
	<time>2026-07-21T09:47:37.993Z</time>
	<hdop>3.79</hdop>
	<extensions>
		<gpxtpx:TrackPointExtension>
			<gpxtpx:course>347.0</gpxtpx:course>
		</gpxtpx:TrackPointExtension>
	</extensions>
</trkpt>
<trkpt lat="46.5080102" lon="15.0803946">
	<ele>411.23</ele>
	<time>2026-07-21T09:47:42.993Z</time>
	<hdop>3.79</hdop>
	<extensions>
		<gpxtpx:TrackPointExtension>
			<gpxtpx:course>351.0</gpxtpx:course>
		</gpxtpx:TrackPointExtension>
	</extensions>
</trkpt>
<trkpt lat="46.5081797" lon="15.0804037">
	<ele>411.17</ele>
	<time>2026-07-21T09:47:48.992Z</time>
	<hdop>3.79</hdop>
	<extensions>
		<gpxtpx:TrackPointExtension>
			<gpxtpx:course>7.0</gpxtpx:course>
		</gpxtpx:TrackPointExtension>
	</extensions>
</trkpt>
<trkpt lat="46.5083318" lon="15.0804129">
	<ele>411.07</ele>
	<time>2026-07-21T09:47:53.992Z</time>
	<hdop>3.79</hdop>
	<extensions>
		<gpxtpx:TrackPointExtension>
			<gpxtpx:course>353.0</gpxtpx:course>
		</gpxtpx:TrackPointExtension>
	</extensions>
</trkpt>
<trkpt lat="46.5084558" lon="15.0803517">
	<ele>410.93</ele>
	<time>2026-07-21T09:47:58.992Z</time>
	<hdop>3.79</hdop>
	<extensions>
		<gpxtpx:TrackPointExtension>
			<gpxtpx:course>318.0</gpxtpx:course>
		</gpxtpx:TrackPointExtension>
	</extensions>
</trkpt>
<trkpt lat="46.5085431" lon="15.0802743">
	<ele>410.81</ele>
	<time>2026-07-21T09:48:03.994Z</time>
	<hdop>3.79</hdop>
	<extensions>
		<gpxtpx:TrackPointExtension>
			<gpxtpx:course>347.0</gpxtpx:course>
		</gpxtpx:TrackPointExtension>
	</extensions>
</trkpt>
<trkpt lat="46.5086836" lon="15.0801671">
	<ele>410.64</ele>
	<time>2026-07-21T09:48:09.992Z</time>
	<hdop>3.79</hdop>
	<extensions>
		<gpxtpx:TrackPointExtension>
			<gpxtpx:course>314.0</gpxtpx:course>
		</gpxtpx:TrackPointExtension>
	</extensions>
</trkpt>
<trkpt lat="46.5087508" lon="15.0800380">
	<ele>410.56</ele>
	<time>2026-07-21T09:48:14.993Z</time>
	<hdop>3.79</hdop>
	<extensions>
		<gpxtpx:TrackPointExtension>
			<gpxtpx:course>301.0</gpxtpx:course>
		</gpxtpx:TrackPointExtension>
	</extensions>
</trkpt>
<trkpt lat="46.5087675" lon="15.0798767">
	<ele>410.58</ele>
	<time>2026-07-21T09:48:19.993Z</time>
	<hdop>3.79</hdop>
	<extensions>
		<gpxtpx:TrackPointExtension>
			<gpxtpx:course>253.0</gpxtpx:course>
		</gpxtpx:TrackPointExtension>
	</extensions>
</trkpt>
<trkpt lat="46.5087577" lon="15.0796826">
	<ele>410.69</ele>
	<time>2026-07-21T09:48:24.993Z</time>
	<hdop>3.79</hdop>
	<extensions>
		<gpxtpx:TrackPointExtension>
			<gpxtpx:course>288.0</gpxtpx:course>
		</gpxtpx:TrackPointExtension>
	</extensions>
</trkpt>
<trkpt lat="46.5088376" lon="15.0795262">
	<ele>410.64</ele>
	<time>2026-07-21T09:48:29.993Z</time>
	<hdop>3.79</hdop>
	<extensions>
		<gpxtpx:TrackPointExtension>
			<gpxtpx:course>308.0</gpxtpx:course>
		</gpxtpx:TrackPointExtension>
	</extensions>
</trkpt>
<trkpt lat="46.5089613" lon="15.0793781">
	<ele>410.42</ele>
	<time>2026-07-21T09:48:35.994Z</time>
	<hdop>3.79</hdop>
	<extensions>
		<gpxtpx:TrackPointExtension>
			<gpxtpx:course>317.0</gpxtpx:course>
		</gpxtpx:TrackPointExtension>
	</extensions>
</trkpt>
<trkpt lat="46.5090459" lon="15.0792080">
	<ele>410.28</ele>
	<time>2026-07-21T09:48:41.993Z</time>
	<hdop>3.79</hdop>
	<extensions>
		<gpxtpx:TrackPointExtension>
			<gpxtpx:course>294.0</gpxtpx:course>
		</gpxtpx:TrackPointExtension>
	</extensions>
</trkpt>
<trkpt lat="46.5091021" lon="15.0790633">
	<ele>410.24</ele>
	<time>2026-07-21T09:48:47.994Z</time>
	<hdop>3.79</hdop>
	<extensions>
		<gpxtpx:TrackPointExtension>
			<gpxtpx:course>293.0</gpxtpx:course>
		</gpxtpx:TrackPointExtension>
	</extensions>
</trkpt>
<trkpt lat="46.5091364" lon="15.0789395">
	<ele>410.28</ele>
	<time>2026-07-21T09:48:57.993Z</time>
	<hdop>3.79</hdop>
	<extensions>
		<gpxtpx:TrackPointExtension>
			<gpxtpx:course>316.0</gpxtpx:course>
		</gpxtpx:TrackPointExtension>
	</extensions>
</trkpt>
<trkpt lat="46.5090915" lon="15.0788051">
	<ele>410.53</ele>
	<time>2026-07-21T09:49:03.994Z</time>
	<hdop>3.79</hdop>
	<extensions>
		<gpxtpx:TrackPointExtension>
			<gpxtpx:course>223.0</gpxtpx:course>
		</gpxtpx:TrackPointExtension>
	</extensions>
</trkpt>
<trkpt lat="46.5089781" lon="15.0786493">
	<ele>411.01</ele>
	<time>2026-07-21T09:49:09.994Z</time>
	<hdop>3.79</hdop>
	<extensions>
		<gpxtpx:TrackPointExtension>
			<gpxtpx:course>227.0</gpxtpx:course>
		</gpxtpx:TrackPointExtension>
	</extensions>
</trkpt>
<trkpt lat="46.5088822" lon="15.0785064">
	<ele>411.38</ele>
	<time>2026-07-21T09:49:14.994Z</time>
	<hdop>3.79</hdop>
	<extensions>
		<gpxtpx:TrackPointExtension>
			<gpxtpx:course>227.0</gpxtpx:course>
		</gpxtpx:TrackPointExtension>
	</extensions>
</trkpt>
<trkpt lat="46.5087972" lon="15.0783690">
	<ele>411.61</ele>
	<time>2026-07-21T09:49:20.993Z</time>
	<hdop>3.79</hdop>
	<extensions>
		<gpxtpx:TrackPointExtension>
			<gpxtpx:course>209.0</gpxtpx:course>
		</gpxtpx:TrackPointExtension>
	</extensions>
</trkpt>
<trkpt lat="46.5087049" lon="15.0782418">
	<ele>411.74</ele>
	<time>2026-07-21T09:49:25.993Z</time>
	<hdop>3.79</hdop>
	<extensions>
		<gpxtpx:TrackPointExtension>
			<gpxtpx:course>224.0</gpxtpx:course>
		</gpxtpx:TrackPointExtension>
	</extensions>
</trkpt>
<trkpt lat="46.5086223" lon="15.0781320">
	<ele>411.76</ele>
	<time>2026-07-21T09:49:30.993Z</time>
	<hdop>3.79</hdop>
	<extensions>
		<gpxtpx:TrackPointExtension>
			<gpxtpx:course>221.0</gpxtpx:course>
		</gpxtpx:TrackPointExtension>
	</extensions>
</trkpt>
<trkpt lat="46.5085496" lon="15.0780262">
	<ele>411.65</ele>
	<time>2026-07-21T09:49:35.993Z</time>
	<hdop>3.79</hdop>
	<extensions>
		<gpxtpx:TrackPointExtension>
			<gpxtpx:course>228.0</gpxtpx:course>
		</gpxtpx:TrackPointExtension>
	</extensions>
</trkpt>
<trkpt lat="46.5084651" lon="15.0778980">
	<ele>411.36</ele>
	<time>2026-07-21T09:49:40.993Z</time>
	<hdop>3.79</hdop>
	<extensions>
		<gpxtpx:TrackPointExtension>
			<gpxtpx:course>226.0</gpxtpx:course>
		</gpxtpx:TrackPointExtension>
	</extensions>
</trkpt>
<trkpt lat="46.5083842" lon="15.0777750">
	<ele>410.92</ele>
	<time>2026-07-21T09:49:45.993Z</time>
	<hdop>3.79</hdop>
	<extensions>
		<gpxtpx:TrackPointExtension>
			<gpxtpx:course>218.0</gpxtpx:course>
		</gpxtpx:TrackPointExtension>
	</extensions>
</trkpt>
<trkpt lat="46.5082921" lon="15.0776456">
	<ele>410.39</ele>
	<time>2026-07-21T09:49:50.994Z</time>
	<hdop>3.79</hdop>
	<extensions>
		<gpxtpx:TrackPointExtension>
			<gpxtpx:course>219.0</gpxtpx:course>
		</gpxtpx:TrackPointExtension>
	</extensions>
</trkpt>
<trkpt lat="46.5081878" lon="15.0774984">
	<ele>409.69</ele>
	<time>2026-07-21T09:49:56.994Z</time>
	<hdop>3.79</hdop>
	<extensions>
		<gpxtpx:TrackPointExtension>
			<gpxtpx:course>227.0</gpxtpx:course>
		</gpxtpx:TrackPointExtension>
	</extensions>
</trkpt>
<trkpt lat="46.5081034" lon="15.0773803">
	<ele>409.10</ele>
	<time>2026-07-21T09:50:01.994Z</time>
	<hdop>3.79</hdop>
	<extensions>
		<gpxtpx:TrackPointExtension>
			<gpxtpx:course>218.0</gpxtpx:course>
		</gpxtpx:TrackPointExtension>
	</extensions>
</trkpt>
<trkpt lat="46.5080192" lon="15.0772382">
	<ele>408.48</ele>
	<time>2026-07-21T09:50:07.993Z</time>
	<hdop>3.79</hdop>
	<extensions>
		<gpxtpx:TrackPointExtension>
			<gpxtpx:course>213.0</gpxtpx:course>
		</gpxtpx:TrackPointExtension>
	</extensions>
</trkpt>
<trkpt lat="46.5079224" lon="15.0771114">
	<ele>408.02</ele>
	<time>2026-07-21T09:50:13.994Z</time>
	<hdop>3.79</hdop>
	<extensions>
		<gpxtpx:TrackPointExtension>
			<gpxtpx:course>229.0</gpxtpx:course>
		</gpxtpx:TrackPointExtension>
	</extensions>
</trkpt>
<trkpt lat="46.5078803" lon="15.0769398">
	<ele>407.69</ele>
	<time>2026-07-21T09:50:19.994Z</time>
	<hdop>3.79</hdop>
	<extensions>
		<gpxtpx:TrackPointExtension>
			<gpxtpx:course>290.0</gpxtpx:course>
		</gpxtpx:TrackPointExtension>
	</extensions>
</trkpt>
<trkpt lat="46.5078136" lon="15.0767871">
	<ele>407.48</ele>
	<time>2026-07-21T09:50:24.994Z</time>
	<hdop>3.79</hdop>
	<extensions>
		<gpxtpx:TrackPointExtension>
			<gpxtpx:course>215.0</gpxtpx:course>
		</gpxtpx:TrackPointExtension>
	</extensions>
</trkpt>
<trkpt lat="46.5076740" lon="15.0767838">
	<ele>407.59</ele>
	<time>2026-07-21T09:50:29.994Z</time>
	<hdop>3.79</hdop>
	<extensions>
		<gpxtpx:TrackPointExtension>
			<gpxtpx:course>194.0</gpxtpx:course>
		</gpxtpx:TrackPointExtension>
	</extensions>
</trkpt>
<trkpt lat="46.5075430" lon="15.0768242">
	<ele>407.99</ele>
	<time>2026-07-21T09:50:35.993Z</time>
	<hdop>3.79</hdop>
	<extensions>
		<gpxtpx:TrackPointExtension>
			<gpxtpx:course>136.0</gpxtpx:course>
		</gpxtpx:TrackPointExtension>
	</extensions>
</trkpt>
<trkpt lat="46.5075091" lon="15.0770165">
	<ele>408.34</ele>
	<time>2026-07-21T09:50:40.993Z</time>
	<hdop>3.79</hdop>
	<extensions>
		<gpxtpx:TrackPointExtension>
			<gpxtpx:course>76.0</gpxtpx:course>
		</gpxtpx:TrackPointExtension>
	</extensions>
</trkpt>
<trkpt lat="46.5075362" lon="15.0772713">
	<ele>408.43</ele>
	<time>2026-07-21T09:50:46.994Z</time>
	<hdop>3.79</hdop>
	<extensions>
		<gpxtpx:TrackPointExtension>
			<gpxtpx:course>96.0</gpxtpx:course>
		</gpxtpx:TrackPointExtension>
	</extensions>
</trkpt>
<trkpt lat="46.5074874" lon="15.0775244">
	<ele>409.06</ele>
	<time>2026-07-21T09:50:52.994Z</time>
	<hdop>3.79</hdop>
	<extensions>
		<gpxtpx:TrackPointExtension>
			<gpxtpx:course>119.0</gpxtpx:course>
		</gpxtpx:TrackPointExtension>
	</extensions>
</trkpt>
<trkpt lat="46.5073921" lon="15.0777700">
	<ele>410.22</ele>
	<time>2026-07-21T09:50:58.994Z</time>
	<hdop>3.79</hdop>
	<extensions>
		<gpxtpx:TrackPointExtension>
			<gpxtpx:course>119.0</gpxtpx:course>
		</gpxtpx:TrackPointExtension>
	</extensions>
</trkpt>
<trkpt lat="46.5073058" lon="15.0780164">
	<ele>411.00</ele>
	<time>2026-07-21T09:51:04.993Z</time>
	<hdop>3.79</hdop>
	<extensions>
		<gpxtpx:TrackPointExtension>
			<gpxtpx:course>113.0</gpxtpx:course>
		</gpxtpx:TrackPointExtension>
	</extensions>
</trkpt>
<trkpt lat="46.5072447" lon="15.0782059">
	<ele>411.14</ele>
	<time>2026-07-21T09:51:09.993Z</time>
	<hdop>3.79</hdop>
	<extensions>
		<gpxtpx:TrackPointExtension>
			<gpxtpx:course>113.0</gpxtpx:course>
		</gpxtpx:TrackPointExtension>
	</extensions>
</trkpt>
<trkpt lat="46.5071814" lon="15.0783910">
	<ele>411.10</ele>
	<time>2026-07-21T09:51:15.993Z</time>
	<hdop>3.79</hdop>
	<extensions>
		<gpxtpx:TrackPointExtension>
			<gpxtpx:course>118.0</gpxtpx:course>
		</gpxtpx:TrackPointExtension>
	</extensions>
</trkpt>
<trkpt lat="46.5072697" lon="15.0784445">
	<ele>411.56</ele>
	<time>2026-07-21T09:52:07.993Z</time>
	<hdop>3.79</hdop>
	<extensions>
		<gpxtpx:TrackPointExtension>
			<gpxtpx:course>350.0</gpxtpx:course>
		</gpxtpx:TrackPointExtension>
	</extensions>
</trkpt>
<trkpt lat="46.5073762" lon="15.0784692">
	<ele>412.00</ele>
	<time>2026-07-21T09:52:12.993Z</time>
	<hdop>3.79</hdop>
	<extensions>
		<gpxtpx:TrackPointExtension>
			<gpxtpx:course>25.0</gpxtpx:course>
		</gpxtpx:TrackPointExtension>
	</extensions>
</trkpt>
<trkpt lat="46.5074656" lon="15.0785643">
	<ele>412.41</ele>
	<time>2026-07-21T09:52:18.993Z</time>
	<hdop>3.79</hdop>
	<extensions>
		<gpxtpx:TrackPointExtension>
			<gpxtpx:course>43.0</gpxtpx:course>
		</gpxtpx:TrackPointExtension>
	</extensions>
</trkpt>
<trkpt lat="46.5075626" lon="15.0786408">
	<ele>412.63</ele>
	<time>2026-07-21T09:52:23.994Z</time>
	<hdop>3.79</hdop>
	<extensions>
		<gpxtpx:TrackPointExtension>
			<gpxtpx:course>40.0</gpxtpx:course>
		</gpxtpx:TrackPointExtension>
	</extensions>
</trkpt>
<trkpt lat="46.5076699" lon="15.0787535">
	<ele>412.77</ele>
	<time>2026-07-21T09:52:29.993Z</time>
	<hdop>3.79</hdop>
	<extensions>
		<gpxtpx:TrackPointExtension>
			<gpxtpx:course>36.0</gpxtpx:course>
		</gpxtpx:TrackPointExtension>
	</extensions>
</trkpt>
<trkpt lat="46.5077564" lon="15.0788363">
	<ele>412.77</ele>
	<time>2026-07-21T09:52:34.993Z</time>
	<hdop>3.79</hdop>
	<extensions>
		<gpxtpx:TrackPointExtension>
			<gpxtpx:course>15.0</gpxtpx:course>
		</gpxtpx:TrackPointExtension>
	</extensions>
</trkpt>
<trkpt lat="46.5078446" lon="15.0789173">
	<ele>412.72</ele>
	<time>2026-07-21T09:52:39.993Z</time>
	<hdop>3.79</hdop>
	<extensions>
		<gpxtpx:TrackPointExtension>
			<gpxtpx:course>25.0</gpxtpx:course>
		</gpxtpx:TrackPointExtension>
	</extensions>
</trkpt>
<trkpt lat="46.5079418" lon="15.0789200">
	<ele>412.63</ele>
	<time>2026-07-21T09:52:44.993Z</time>
	<hdop>3.79</hdop>
	<extensions>
		<gpxtpx:TrackPointExtension>
			<gpxtpx:course>342.0</gpxtpx:course>
		</gpxtpx:TrackPointExtension>
	</extensions>
</trkpt>
<trkpt lat="46.5080526" lon="15.0788786">
	<ele>412.53</ele>
	<time>2026-07-21T09:52:49.993Z</time>
	<hdop>3.79</hdop>
	<extensions>
		<gpxtpx:TrackPointExtension>
			<gpxtpx:course>20.0</gpxtpx:course>
		</gpxtpx:TrackPointExtension>
	</extensions>
</trkpt>
<trkpt lat="46.5081479" lon="15.0790148">
	<ele>412.38</ele>
	<time>2026-07-21T09:52:54.993Z</time>
	<hdop>3.79</hdop>
	<extensions>
		<gpxtpx:TrackPointExtension>
			<gpxtpx:course>44.0</gpxtpx:course>
		</gpxtpx:TrackPointExtension>
	</extensions>
</trkpt>
<trkpt lat="46.5082312" lon="15.0791465">
	<ele>412.19</ele>
	<time>2026-07-21T09:52:59.994Z</time>
	<hdop>3.79</hdop>
	<extensions>
		<gpxtpx:TrackPointExtension>
			<gpxtpx:course>50.0</gpxtpx:course>
		</gpxtpx:TrackPointExtension>
	</extensions>
</trkpt>
<trkpt lat="46.5083351" lon="15.0793232">
	<ele>411.88</ele>
	<time>2026-07-21T09:53:05.994Z</time>
	<hdop>3.79</hdop>
	<extensions>
		<gpxtpx:TrackPointExtension>
			<gpxtpx:course>46.0</gpxtpx:course>
		</gpxtpx:TrackPointExtension>
	</extensions>
</trkpt>
<trkpt lat="46.5084313" lon="15.0794429">
	<ele>411.54</ele>
	<time>2026-07-21T09:53:11.994Z</time>
	<hdop>3.79</hdop>
	<extensions>
		<gpxtpx:TrackPointExtension>
			<gpxtpx:course>15.0</gpxtpx:course>
		</gpxtpx:TrackPointExtension>
	</extensions>
</trkpt>
<trkpt lat="46.5085314" lon="15.0794949">
	<ele>411.29</ele>
	<time>2026-07-21T09:53:18.993Z</time>
	<hdop>3.79</hdop>
	<extensions>
		<gpxtpx:TrackPointExtension>
			<gpxtpx:course>50.0</gpxtpx:course>
		</gpxtpx:TrackPointExtension>
	</extensions>
</trkpt>
<trkpt lat="46.5086078" lon="15.0795889">
	<ele>411.04</ele>
	<time>2026-07-21T09:53:23.994Z</time>
	<hdop>3.79</hdop>
	<extensions>
		<gpxtpx:TrackPointExtension>
			<gpxtpx:course>46.0</gpxtpx:course>
		</gpxtpx:TrackPointExtension>
	</extensions>
</trkpt>
<trkpt lat="46.5086805" lon="15.0796933">
	<ele>410.82</ele>
	<time>2026-07-21T09:53:28.994Z</time>
	<hdop>3.79</hdop>
	<extensions>
		<gpxtpx:TrackPointExtension>
			<gpxtpx:course>28.0</gpxtpx:course>
		</gpxtpx:TrackPointExtension>
	</extensions>
</trkpt>
<trkpt lat="46.5087479" lon="15.0797888">
	<ele>410.66</ele>
	<time>2026-07-21T09:53:33.994Z</time>
	<hdop>3.79</hdop>
	<extensions>
		<gpxtpx:TrackPointExtension>
			<gpxtpx:course>53.0</gpxtpx:course>
		</gpxtpx:TrackPointExtension>
	</extensions>
</trkpt>
<trkpt lat="46.5087794" lon="15.0799307">
	<ele>410.56</ele>
	<time>2026-07-21T09:53:39.993Z</time>
	<hdop>3.79</hdop>
	<extensions>
		<gpxtpx:TrackPointExtension>
			<gpxtpx:course>59.0</gpxtpx:course>
		</gpxtpx:TrackPointExtension>
	</extensions>
</trkpt>
<trkpt lat="46.5088104" lon="15.0800580">
	<ele>410.49</ele>
	<time>2026-07-21T09:53:45.994Z</time>
	<hdop>3.79</hdop>
	<extensions>
		<gpxtpx:TrackPointExtension>
			<gpxtpx:course>38.0</gpxtpx:course>
		</gpxtpx:TrackPointExtension>
	</extensions>
</trkpt>
<trkpt lat="46.5089041" lon="15.0801158">
	<ele>410.39</ele>
	<time>2026-07-21T09:55:21.993Z</time>
	<hdop>3.79</hdop>
	<extensions>
		<gpxtpx:TrackPointExtension>
			<gpxtpx:course>12.0</gpxtpx:course>
		</gpxtpx:TrackPointExtension>
	</extensions>
</trkpt>
<trkpt lat="46.5088596" lon="15.0799989">
	<ele>410.43</ele>
	<time>2026-07-21T09:55:28.992Z</time>
	<hdop>3.79</hdop>
	<extensions>
		<gpxtpx:TrackPointExtension>
			<gpxtpx:course>205.0</gpxtpx:course>
		</gpxtpx:TrackPointExtension>
	</extensions>
</trkpt>
<trkpt lat="46.5087835" lon="15.0798931">
	<ele>410.55</ele>
	<time>2026-07-21T09:55:34.992Z</time>
	<hdop>3.79</hdop>
	<extensions>
		<gpxtpx:TrackPointExtension>
			<gpxtpx:course>243.0</gpxtpx:course>
		</gpxtpx:TrackPointExtension>
	</extensions>
</trkpt>
<trkpt lat="46.5087854" lon="15.0797371">
	<ele>410.62</ele>
	<time>2026-07-21T09:55:39.993Z</time>
	<hdop>3.79</hdop>
	<extensions>
		<gpxtpx:TrackPointExtension>
			<gpxtpx:course>290.0</gpxtpx:course>
		</gpxtpx:TrackPointExtension>
	</extensions>
</trkpt>
<trkpt lat="46.5088435" lon="15.0795963">
	<ele>410.59</ele>
	<time>2026-07-21T09:55:44.994Z</time>
	<hdop>3.79</hdop>
	<extensions>
		<gpxtpx:TrackPointExtension>
			<gpxtpx:course>299.0</gpxtpx:course>
		</gpxtpx:TrackPointExtension>
	</extensions>
</trkpt>
<trkpt lat="46.5088937" lon="15.0794841">
	<ele>410.53</ele>
	<time>2026-07-21T09:55:49.994Z</time>
	<hdop>3.79</hdop>
	<extensions>
		<gpxtpx:TrackPointExtension>
			<gpxtpx:course>297.0</gpxtpx:course>
		</gpxtpx:TrackPointExtension>
	</extensions>
</trkpt>
<trkpt lat="46.5089652" lon="15.0793731">
	<ele>410.41</ele>
	<time>2026-07-21T09:55:57.993Z</time>
	<hdop>3.79</hdop>
	<extensions>
		<gpxtpx:TrackPointExtension>
			<gpxtpx:course>315.0</gpxtpx:course>
		</gpxtpx:TrackPointExtension>
	</extensions>
</trkpt>
<trkpt lat="46.5090349" lon="15.0792691">
	<ele>410.28</ele>
	<time>2026-07-21T09:56:04.993Z</time>
	<hdop>3.79</hdop>
	<extensions>
		<gpxtpx:TrackPointExtension>
			<gpxtpx:course>312.0</gpxtpx:course>
		</gpxtpx:TrackPointExtension>
	</extensions>
</trkpt>
<trkpt lat="46.5090932" lon="15.0791456">
	<ele>410.20</ele>
	<time>2026-07-21T09:56:11.993Z</time>
	<hdop>3.79</hdop>
	<extensions>
		<gpxtpx:TrackPointExtension>
			<gpxtpx:course>311.0</gpxtpx:course>
		</gpxtpx:TrackPointExtension>
	</extensions>
</trkpt>
<trkpt lat="46.5091848" lon="15.0791796">
	<ele>409.96</ele>
	<time>2026-07-21T09:56:23.993Z</time>
	<hdop>3.79</hdop>
	<extensions>
		<gpxtpx:TrackPointExtension>
			<gpxtpx:course>39.0</gpxtpx:course>
		</gpxtpx:TrackPointExtension>
	</extensions>
</trkpt>
<trkpt lat="46.5092488" lon="15.0792742">
	<ele>409.77</ele>
	<time>2026-07-21T09:56:29.992Z</time>
	<hdop>3.79</hdop>
	<extensions>
		<gpxtpx:TrackPointExtension>
			<gpxtpx:course>41.0</gpxtpx:course>
		</gpxtpx:TrackPointExtension>
	</extensions>
</trkpt>
<trkpt lat="46.5093259" lon="15.0793617">
	<ele>409.57</ele>
	<time>2026-07-21T09:56:36.994Z</time>
	<hdop>3.79</hdop>
	<extensions>
		<gpxtpx:TrackPointExtension>
			<gpxtpx:course>25.0</gpxtpx:course>
		</gpxtpx:TrackPointExtension>
	</extensions>
</trkpt>
<trkpt lat="46.5094061" lon="15.0794557">
	<ele>409.39</ele>
	<time>2026-07-21T09:56:43.993Z</time>
	<hdop>3.79</hdop>
	<extensions>
		<gpxtpx:TrackPointExtension>
			<gpxtpx:course>25.0</gpxtpx:course>
		</gpxtpx:TrackPointExtension>
	</extensions>
</trkpt>
<trkpt lat="46.5094796" lon="15.0795416">
	<ele>409.23</ele>
	<time>2026-07-21T09:56:48.994Z</time>
	<hdop>3.79</hdop>
	<extensions>
		<gpxtpx:TrackPointExtension>
			<gpxtpx:course>9.0</gpxtpx:course>
		</gpxtpx:TrackPointExtension>
	</extensions>
</trkpt>
<trkpt lat="46.5095754" lon="15.0796335">
	<ele>409.00</ele>
	<time>2026-07-21T09:56:54.994Z</time>
	<hdop>3.79</hdop>
	<extensions>
		<gpxtpx:TrackPointExtension>
			<gpxtpx:course>30.0</gpxtpx:course>
		</gpxtpx:TrackPointExtension>
	</extensions>
</trkpt>
<trkpt lat="46.5096562" lon="15.0797204">
	<ele>408.81</ele>
	<time>2026-07-21T09:57:00.993Z</time>
	<hdop>3.79</hdop>
	<extensions>
		<gpxtpx:TrackPointExtension>
			<gpxtpx:course>30.0</gpxtpx:course>
		</gpxtpx:TrackPointExtension>
	</extensions>
</trkpt>
<trkpt lat="46.5097307" lon="15.0798026">
	<ele>408.62</ele>
	<time>2026-07-21T09:57:06.993Z</time>
	<hdop>3.79</hdop>
	<extensions>
		<gpxtpx:TrackPointExtension>
			<gpxtpx:course>17.0</gpxtpx:course>
		</gpxtpx:TrackPointExtension>
	</extensions>
</trkpt>
<trkpt lat="46.5098179" lon="15.0798745">
	<ele>408.40</ele>
	<time>2026-07-21T09:57:14.994Z</time>
	<hdop>4.64</hdop>
	<extensions>
		<gpxtpx:TrackPointExtension>
			<gpxtpx:course>19.0</gpxtpx:course>
		</gpxtpx:TrackPointExtension>
	</extensions>
</trkpt>
<trkpt lat="46.5099005" lon="15.0799455">
	<ele>408.21</ele>
	<time>2026-07-21T09:57:25.994Z</time>
	<hdop>3.79</hdop>
	<extensions>
		<gpxtpx:TrackPointExtension>
			<gpxtpx:course>25.0</gpxtpx:course>
		</gpxtpx:TrackPointExtension>
	</extensions>
</trkpt>
<trkpt lat="46.5099830" lon="15.0800251">
	<ele>408.04</ele>
	<time>2026-07-21T09:57:31.992Z</time>
	<hdop>3.79</hdop>
	<extensions>
		<gpxtpx:TrackPointExtension>
			<gpxtpx:course>35.0</gpxtpx:course>
		</gpxtpx:TrackPointExtension>
	</extensions>
</trkpt>
<trkpt lat="46.5100655" lon="15.0801034">
	<ele>407.90</ele>
	<time>2026-07-21T09:57:38.993Z</time>
	<hdop>3.79</hdop>
	<extensions>
		<gpxtpx:TrackPointExtension>
			<gpxtpx:course>27.0</gpxtpx:course>
		</gpxtpx:TrackPointExtension>
	</extensions>
</trkpt>
<trkpt lat="46.5101535" lon="15.0801459">
	<ele>407.79</ele>
	<time>2026-07-21T09:57:44.993Z</time>
	<hdop>3.79</hdop>
	<extensions>
		<gpxtpx:TrackPointExtension>
			<gpxtpx:course>16.0</gpxtpx:course>
		</gpxtpx:TrackPointExtension>
	</extensions>
</trkpt>
<trkpt lat="46.5102313" lon="15.0802205">
	<ele>407.74</ele>
	<time>2026-07-21T09:57:50.993Z</time>
	<hdop>3.79</hdop>
	<extensions>
		<gpxtpx:TrackPointExtension>
			<gpxtpx:course>46.0</gpxtpx:course>
		</gpxtpx:TrackPointExtension>
	</extensions>
</trkpt>
<trkpt lat="46.5103249" lon="15.0802931">
	<ele>407.72</ele>
	<time>2026-07-21T09:57:58.993Z</time>
	<hdop>3.79</hdop>
	<extensions>
		<gpxtpx:TrackPointExtension>
			<gpxtpx:course>26.0</gpxtpx:course>
		</gpxtpx:TrackPointExtension>
	</extensions>
</trkpt>
<trkpt lat="46.5104088" lon="15.0803485">
	<ele>407.75</ele>
	<time>2026-07-21T09:58:03.993Z</time>
	<hdop>3.79</hdop>
	<extensions>
		<gpxtpx:TrackPointExtension>
			<gpxtpx:course>29.0</gpxtpx:course>
		</gpxtpx:TrackPointExtension>
	</extensions>
</trkpt>
<trkpt lat="46.5104843" lon="15.0804280">
	<ele>407.83</ele>
	<time>2026-07-21T09:58:10.994Z</time>
	<hdop>3.79</hdop>
	<extensions>
		<gpxtpx:TrackPointExtension>
			<gpxtpx:course>347.0</gpxtpx:course>
		</gpxtpx:TrackPointExtension>
	</extensions>
</trkpt>
<trkpt lat="46.5104433" lon="15.0802890">
	<ele>407.69</ele>
	<time>2026-07-21T09:58:18.994Z</time>
	<hdop>3.79</hdop>
	<extensions>
		<gpxtpx:TrackPointExtension>
			<gpxtpx:course>255.0</gpxtpx:course>
		</gpxtpx:TrackPointExtension>
	</extensions>
</trkpt>
<trkpt lat="46.5104343" lon="15.0801457">
	<ele>407.55</ele>
	<time>2026-07-21T09:58:24.994Z</time>
	<hdop>3.79</hdop>
	<extensions>
		<gpxtpx:TrackPointExtension>
			<gpxtpx:course>214.0</gpxtpx:course>
		</gpxtpx:TrackPointExtension>
	</extensions>
</trkpt>
<trkpt lat="46.5103373" lon="15.0800803">
	<ele>407.57</ele>
	<time>2026-07-21T09:58:30.993Z</time>
	<hdop>3.79</hdop>
	<extensions>
		<gpxtpx:TrackPointExtension>
			<gpxtpx:course>203.0</gpxtpx:course>
		</gpxtpx:TrackPointExtension>
	</extensions>
</trkpt>
<trkpt lat="46.5102438" lon="15.0800111">
	<ele>407.63</ele>
	<time>2026-07-21T09:58:37.992Z</time>
	<hdop>3.79</hdop>
	<extensions>
		<gpxtpx:TrackPointExtension>
			<gpxtpx:course>216.0</gpxtpx:course>
		</gpxtpx:TrackPointExtension>
	</extensions>
</trkpt>
<trkpt lat="46.5101739" lon="15.0799133">
	<ele>407.70</ele>
	<time>2026-07-21T09:58:44.994Z</time>
	<hdop>3.79</hdop>
	<extensions>
		<gpxtpx:TrackPointExtension>
			<gpxtpx:course>217.0</gpxtpx:course>
		</gpxtpx:TrackPointExtension>
	</extensions>
</trkpt>
<trkpt lat="46.5100911" lon="15.0798533">
	<ele>407.83</ele>
	<time>2026-07-21T09:58:50.994Z</time>
	<hdop>3.79</hdop>
	<extensions>
		<gpxtpx:TrackPointExtension>
			<gpxtpx:course>218.0</gpxtpx:course>
		</gpxtpx:TrackPointExtension>
	</extensions>
</trkpt>
<trkpt lat="46.5100176" lon="15.0797736">
	<ele>407.96</ele>
	<time>2026-07-21T09:58:56.992Z</time>
	<hdop>3.79</hdop>
	<extensions>
		<gpxtpx:TrackPointExtension>
			<gpxtpx:course>224.0</gpxtpx:course>
		</gpxtpx:TrackPointExtension>
	</extensions>
</trkpt>
<trkpt lat="46.5099473" lon="15.0796873">
	<ele>408.10</ele>
	<time>2026-07-21T09:59:02.993Z</time>
	<hdop>3.79</hdop>
	<extensions>
		<gpxtpx:TrackPointExtension>
			<gpxtpx:course>237.0</gpxtpx:course>
		</gpxtpx:TrackPointExtension>
	</extensions>
</trkpt>
<trkpt lat="46.5098631" lon="15.0796071">
	<ele>408.29</ele>
	<time>2026-07-21T09:59:09.993Z</time>
	<hdop>3.79</hdop>
	<extensions>
		<gpxtpx:TrackPointExtension>
			<gpxtpx:course>207.0</gpxtpx:course>
		</gpxtpx:TrackPointExtension>
	</extensions>
</trkpt>
<trkpt lat="46.5097786" lon="15.0795354">
	<ele>408.49</ele>
	<time>2026-07-21T09:59:52.993Z</time>
	<hdop>3.79</hdop>
	<extensions>
		<gpxtpx:TrackPointExtension>
			<gpxtpx:course>225.0</gpxtpx:course>
		</gpxtpx:TrackPointExtension>
	</extensions>
</trkpt>
<trkpt lat="46.5096973" lon="15.0794480">
	<ele>408.68</ele>
	<time>2026-07-21T10:00:04.994Z</time>
	<hdop>3.79</hdop>
	<extensions>
		<gpxtpx:TrackPointExtension>
			<gpxtpx:course>194.0</gpxtpx:course>
		</gpxtpx:TrackPointExtension>
	</extensions>
</trkpt>
<trkpt lat="46.5096246" lon="15.0793656">
	<ele>408.86</ele>
	<time>2026-07-21T10:00:12.994Z</time>
	<hdop>3.79</hdop>
	<extensions>
		<gpxtpx:TrackPointExtension>
			<gpxtpx:course>213.0</gpxtpx:course>
		</gpxtpx:TrackPointExtension>
	</extensions>
</trkpt>
<trkpt lat="46.5095557" lon="15.0792804">
	<ele>409.03</ele>
	<time>2026-07-21T10:00:21.993Z</time>
	<hdop>3.79</hdop>
	<extensions>
		<gpxtpx:TrackPointExtension>
			<gpxtpx:course>223.0</gpxtpx:course>
		</gpxtpx:TrackPointExtension>
	</extensions>
</trkpt>
<trkpt lat="46.5094894" lon="15.0791831">
	<ele>409.21</ele>
	<time>2026-07-21T10:00:30.994Z</time>
	<hdop>3.79</hdop>
	<extensions>
		<gpxtpx:TrackPointExtension>
			<gpxtpx:course>204.0</gpxtpx:course>
		</gpxtpx:TrackPointExtension>
	</extensions>
</trkpt>
<trkpt lat="46.5094148" lon="15.0791071">
	<ele>409.43</ele>
	<time>2026-07-21T10:03:10.993Z</time>
	<hdop>3.79</hdop>
	<extensions>
		<gpxtpx:TrackPointExtension>
			<gpxtpx:course>220.0</gpxtpx:course>
		</gpxtpx:TrackPointExtension>
	</extensions>
</trkpt>
<trkpt lat="46.5093406" lon="15.0790243">
	<ele>409.67</ele>
	<time>2026-07-21T10:03:18.993Z</time>
	<hdop>3.79</hdop>
	<extensions>
		<gpxtpx:TrackPointExtension>
			<gpxtpx:course>219.0</gpxtpx:course>
		</gpxtpx:TrackPointExtension>
	</extensions>
</trkpt>
<trkpt lat="46.5092456" lon="15.0790048">
	<ele>409.93</ele>
	<time>2026-07-21T10:03:27.993Z</time>
	<hdop>3.79</hdop>
	<extensions>
		<gpxtpx:TrackPointExtension>
			<gpxtpx:course>177.0</gpxtpx:course>
		</gpxtpx:TrackPointExtension>
	</extensions>
</trkpt>
<trkpt lat="46.5091597" lon="15.0790594">
	<ele>410.09</ele>
	<time>2026-07-21T10:03:35.992Z</time>
	<hdop>3.79</hdop>
	<extensions>
		<gpxtpx:TrackPointExtension>
			<gpxtpx:course>148.0</gpxtpx:course>
		</gpxtpx:TrackPointExtension>
	</extensions>
</trkpt>
<trkpt lat="46.5090808" lon="15.0791431">
	<ele>410.22</ele>
	<time>2026-07-21T10:03:45.993Z</time>
	<hdop>3.79</hdop>
	<extensions>
		<gpxtpx:TrackPointExtension>
			<gpxtpx:course>125.0</gpxtpx:course>
		</gpxtpx:TrackPointExtension>
	</extensions>
</trkpt>
<trkpt lat="46.5090276" lon="15.0792587">
	<ele>410.29</ele>
	<time>2026-07-21T10:03:55.992Z</time>
	<hdop>3.79</hdop>
	<extensions>
		<gpxtpx:TrackPointExtension>
			<gpxtpx:course>124.0</gpxtpx:course>
		</gpxtpx:TrackPointExtension>
	</extensions>
</trkpt>
<trkpt lat="46.5089617" lon="15.0793616">
	<ele>410.41</ele>
	<time>2026-07-21T10:04:06.993Z</time>
	<hdop>3.79</hdop>
	<extensions>
		<gpxtpx:TrackPointExtension>
			<gpxtpx:course>143.0</gpxtpx:course>
		</gpxtpx:TrackPointExtension>
	</extensions>
</trkpt>
<trkpt lat="46.5090292" lon="15.0792684">
	<ele>410.30</ele>
	<time>2026-07-21T10:25:06.992Z</time>
	<hdop>5.40</hdop>
	<extensions>
		<gpxtpx:TrackPointExtension>
			<gpxtpx:course>305.71124</gpxtpx:course>
		</gpxtpx:TrackPointExtension>
	</extensions>
</trkpt>
<trkpt lat="46.5091153" lon="15.0791404">
	<ele>410.15</ele>
	<time>2026-07-21T10:25:12.131Z</time>
	<hdop>4.95</hdop>
	<extensions>
		<gpxtpx:TrackPointExtension>
			<gpxtpx:course>304.8944</gpxtpx:course>
		</gpxtpx:TrackPointExtension>
	</extensions>
</trkpt>
<trkpt lat="46.5091663" lon="15.0789650">
	<ele>410.16</ele>
	<time>2026-07-21T10:25:17.876Z</time>
	<hdop>3.16</hdop>
	<extensions>
		<gpxtpx:TrackPointExtension>
			<gpxtpx:course>266.52872</gpxtpx:course>
		</gpxtpx:TrackPointExtension>
	</extensions>
</trkpt>
<trkpt lat="46.5090813" lon="15.0788250">
	<ele>410.53</ele>
	<time>2026-07-21T10:25:22.992Z</time>
	<hdop>3.07</hdop>
	<extensions>
		<gpxtpx:TrackPointExtension>
			<gpxtpx:course>217.96758</gpxtpx:course>
		</gpxtpx:TrackPointExtension>
	</extensions>
</trkpt>
<trkpt lat="46.5089916" lon="15.0786810">
	<ele>410.95</ele>
	<time>2026-07-21T10:25:28.232Z</time>
	<hdop>3.33</hdop>
	<extensions>
		<gpxtpx:TrackPointExtension>
			<gpxtpx:course>231.8216</gpxtpx:course>
		</gpxtpx:TrackPointExtension>
	</extensions>
</trkpt>
<trkpt lat="46.5088645" lon="15.0785107">
	<ele>411.40</ele>
	<time>2026-07-21T10:25:33.990Z</time>
	<hdop>5.19</hdop>
	<extensions>
		<gpxtpx:TrackPointExtension>
			<gpxtpx:course>210.87152</gpxtpx:course>
		</gpxtpx:TrackPointExtension>
	</extensions>
</trkpt>
<trkpt lat="46.5087619" lon="15.0783219">
	<ele>411.67</ele>
	<time>2026-07-21T10:25:39.233Z</time>
	<hdop>6.52</hdop>
	<extensions>
		<gpxtpx:TrackPointExtension>
			<gpxtpx:course>231.77042</gpxtpx:course>
		</gpxtpx:TrackPointExtension>
	</extensions>
</trkpt>
<trkpt lat="46.5086489" lon="15.0781345">
	<ele>411.77</ele>
	<time>2026-07-21T10:25:44.991Z</time>
	<hdop>4.46</hdop>
	<extensions>
		<gpxtpx:TrackPointExtension>
			<gpxtpx:course>222.12582</gpxtpx:course>
		</gpxtpx:TrackPointExtension>
	</extensions>
</trkpt>
<trkpt lat="46.5086302" lon="15.0779792">
	<ele>411.72</ele>
	<time>2026-07-21T10:25:50.577Z</time>
	<hdop>3.55</hdop>
	<extensions>
		<gpxtpx:TrackPointExtension>
			<gpxtpx:course>223.34053</gpxtpx:course>
		</gpxtpx:TrackPointExtension>
	</extensions>
</trkpt>
<trkpt lat="46.5085394" lon="15.0778380">
	<ele>411.40</ele>
	<time>2026-07-21T10:25:55.991Z</time>
	<hdop>5.52</hdop>
	<extensions>
		<gpxtpx:TrackPointExtension>
			<gpxtpx:course>223.21767</gpxtpx:course>
		</gpxtpx:TrackPointExtension>
	</extensions>
</trkpt>
<trkpt lat="46.5084449" lon="15.0777457">
	<ele>410.96</ele>
	<time>2026-07-21T10:26:01.991Z</time>
	<hdop>5.65</hdop>
	<extensions>
		<gpxtpx:TrackPointExtension>
			<gpxtpx:course>220.80154</gpxtpx:course>
		</gpxtpx:TrackPointExtension>
	</extensions>
</trkpt>
<trkpt lat="46.5083469" lon="15.0776627">
	<ele>410.54</ele>
	<time>2026-07-21T10:26:06.992Z</time>
	<hdop>3.51</hdop>
	<extensions>
		<gpxtpx:TrackPointExtension>
			<gpxtpx:course>206.0</gpxtpx:course>
		</gpxtpx:TrackPointExtension>
	</extensions>
</trkpt>
<trkpt lat="46.5082291" lon="15.0775071">
	<ele>409.83</ele>
	<time>2026-07-21T10:26:12.992Z</time>
	<hdop>3.79</hdop>
	<extensions>
		<gpxtpx:TrackPointExtension>
			<gpxtpx:course>216.0</gpxtpx:course>
		</gpxtpx:TrackPointExtension>
	</extensions>
</trkpt>
<trkpt lat="46.5081179" lon="15.0773694">
	<ele>409.12</ele>
	<time>2026-07-21T10:26:17.992Z</time>
	<hdop>3.79</hdop>
	<extensions>
		<gpxtpx:TrackPointExtension>
			<gpxtpx:course>226.0</gpxtpx:course>
		</gpxtpx:TrackPointExtension>
	</extensions>
</trkpt>
<trkpt lat="46.5079563" lon="15.0772040">
	<ele>408.28</ele>
	<time>2026-07-21T10:26:23.991Z</time>
	<hdop>3.79</hdop>
	<extensions>
		<gpxtpx:TrackPointExtension>
			<gpxtpx:course>215.0</gpxtpx:course>
		</gpxtpx:TrackPointExtension>
	</extensions>
</trkpt>
<trkpt lat="46.5078876" lon="15.0770044">
	<ele>407.80</ele>
	<time>2026-07-21T10:26:28.991Z</time>
	<hdop>3.79</hdop>
	<extensions>
		<gpxtpx:TrackPointExtension>
			<gpxtpx:course>266.0</gpxtpx:course>
		</gpxtpx:TrackPointExtension>
	</extensions>
</trkpt>
<trkpt lat="46.5078658" lon="15.0768072">
	<ele>407.51</ele>
	<time>2026-07-21T10:26:33.992Z</time>
	<hdop>3.79</hdop>
	<extensions>
		<gpxtpx:TrackPointExtension>
			<gpxtpx:course>216.0</gpxtpx:course>
		</gpxtpx:TrackPointExtension>
	</extensions>
</trkpt>
<trkpt lat="46.5076856" lon="15.0767923">
	<ele>407.57</ele>
	<time>2026-07-21T10:26:39.991Z</time>
	<hdop>3.79</hdop>
	<extensions>
		<gpxtpx:TrackPointExtension>
			<gpxtpx:course>172.0</gpxtpx:course>
		</gpxtpx:TrackPointExtension>
	</extensions>
</trkpt>
<trkpt lat="46.5075327" lon="15.0766826">
	<ele>407.86</ele>
	<time>2026-07-21T10:26:44.992Z</time>
	<hdop>3.79</hdop>
	<extensions>
		<gpxtpx:TrackPointExtension>
			<gpxtpx:course>213.0</gpxtpx:course>
		</gpxtpx:TrackPointExtension>
	</extensions>
</trkpt>
<trkpt lat="46.5073990" lon="15.0765103">
	<ele>408.17</ele>
	<time>2026-07-21T10:26:49.993Z</time>
	<hdop>3.79</hdop>
	<extensions>
		<gpxtpx:TrackPointExtension>
			<gpxtpx:course>226.0</gpxtpx:course>
		</gpxtpx:TrackPointExtension>
	</extensions>
</trkpt>
<trkpt lat="46.5072339" lon="15.0763356">
	<ele>408.49</ele>
	<time>2026-07-21T10:26:55.990Z</time>
	<hdop>3.79</hdop>
	<extensions>
		<gpxtpx:TrackPointExtension>
			<gpxtpx:course>210.0</gpxtpx:course>
		</gpxtpx:TrackPointExtension>
	</extensions>
</trkpt>
<trkpt lat="46.5070904" lon="15.0762135">
	<ele>408.56</ele>
	<time>2026-07-21T10:27:00.993Z</time>
	<hdop>3.79</hdop>
	<extensions>
		<gpxtpx:TrackPointExtension>
			<gpxtpx:course>195.0</gpxtpx:course>
		</gpxtpx:TrackPointExtension>
	</extensions>
</trkpt>
<trkpt lat="46.5069163" lon="15.0760980">
	<ele>408.43</ele>
	<time>2026-07-21T10:27:06.992Z</time>
	<hdop>3.79</hdop>
	<extensions>
		<gpxtpx:TrackPointExtension>
			<gpxtpx:course>186.0</gpxtpx:course>
		</gpxtpx:TrackPointExtension>
	</extensions>
</trkpt>
<trkpt lat="46.5067815" lon="15.0760472">
	<ele>408.44</ele>
	<time>2026-07-21T10:27:11.992Z</time>
	<hdop>3.79</hdop>
	<extensions>
		<gpxtpx:TrackPointExtension>
			<gpxtpx:course>204.0</gpxtpx:course>
		</gpxtpx:TrackPointExtension>
	</extensions>
</trkpt>
<trkpt lat="46.5066556" lon="15.0760163">
	<ele>408.39</ele>
	<time>2026-07-21T10:27:16.992Z</time>
	<hdop>3.79</hdop>
	<extensions>
		<gpxtpx:TrackPointExtension>
			<gpxtpx:course>171.0</gpxtpx:course>
		</gpxtpx:TrackPointExtension>
	</extensions>
</trkpt>
<trkpt lat="46.5064983" lon="15.0760131">
	<ele>408.55</ele>
	<time>2026-07-21T10:27:21.992Z</time>
	<hdop>3.79</hdop>
	<extensions>
		<gpxtpx:TrackPointExtension>
			<gpxtpx:course>176.0</gpxtpx:course>
		</gpxtpx:TrackPointExtension>
	</extensions>
</trkpt>
<trkpt lat="46.5062645" lon="15.0760308">
	<ele>408.75</ele>
	<time>2026-07-21T10:27:27.993Z</time>
	<hdop>3.79</hdop>
	<extensions>
		<gpxtpx:TrackPointExtension>
			<gpxtpx:course>173.0</gpxtpx:course>
		</gpxtpx:TrackPointExtension>
	</extensions>
</trkpt>
<trkpt lat="46.5060184" lon="15.0760352">
	<ele>409.02</ele>
	<time>2026-07-21T10:27:33.992Z</time>
	<hdop>3.79</hdop>
	<extensions>
		<gpxtpx:TrackPointExtension>
			<gpxtpx:course>187.0</gpxtpx:course>
		</gpxtpx:TrackPointExtension>
	</extensions>
</trkpt>
<trkpt lat="46.5057967" lon="15.0759377">
	<ele>408.91</ele>
	<time>2026-07-21T10:27:39.991Z</time>
	<hdop>3.79</hdop>
	<extensions>
		<gpxtpx:TrackPointExtension>
			<gpxtpx:course>212.0</gpxtpx:course>
		</gpxtpx:TrackPointExtension>
	</extensions>
</trkpt>
<trkpt lat="46.5056373" lon="15.0757430">
	<ele>408.88</ele>
	<time>2026-07-21T10:27:44.991Z</time>
	<hdop>3.79</hdop>
	<extensions>
		<gpxtpx:TrackPointExtension>
			<gpxtpx:course>229.0</gpxtpx:course>
		</gpxtpx:TrackPointExtension>
	</extensions>
</trkpt>
<trkpt lat="46.5054931" lon="15.0755024">
	<ele>409.14</ele>
	<time>2026-07-21T10:27:49.991Z</time>
	<hdop>3.79</hdop>
	<extensions>
		<gpxtpx:TrackPointExtension>
			<gpxtpx:course>228.0</gpxtpx:course>
		</gpxtpx:TrackPointExtension>
	</extensions>
</trkpt>
<trkpt lat="46.5053339" lon="15.0752957">
	<ele>409.29</ele>
	<time>2026-07-21T10:27:54.991Z</time>
	<hdop>3.79</hdop>
	<extensions>
		<gpxtpx:TrackPointExtension>
			<gpxtpx:course>219.0</gpxtpx:course>
		</gpxtpx:TrackPointExtension>
	</extensions>
</trkpt>
<trkpt lat="46.5051577" lon="15.0751124">
	<ele>409.06</ele>
	<time>2026-07-21T10:27:59.992Z</time>
	<hdop>3.79</hdop>
	<extensions>
		<gpxtpx:TrackPointExtension>
			<gpxtpx:course>218.0</gpxtpx:course>
		</gpxtpx:TrackPointExtension>
	</extensions>
</trkpt>
<trkpt lat="46.5049575" lon="15.0749570">
	<ele>408.97</ele>
	<time>2026-07-21T10:28:04.992Z</time>
	<hdop>3.79</hdop>
	<extensions>
		<gpxtpx:TrackPointExtension>
			<gpxtpx:course>210.0</gpxtpx:course>
		</gpxtpx:TrackPointExtension>
	</extensions>
</trkpt>
<trkpt lat="46.5047273" lon="15.0748045">
	<ele>409.34</ele>
	<time>2026-07-21T10:28:10.991Z</time>
	<hdop>3.79</hdop>
	<extensions>
		<gpxtpx:TrackPointExtension>
			<gpxtpx:course>200.0</gpxtpx:course>
		</gpxtpx:TrackPointExtension>
	</extensions>
</trkpt>
<trkpt lat="46.5045712" lon="15.0747206">
	<ele>409.85</ele>
	<time>2026-07-21T10:28:15.992Z</time>
	<hdop>3.79</hdop>
	<extensions>
		<gpxtpx:TrackPointExtension>
			<gpxtpx:course>204.0</gpxtpx:course>
		</gpxtpx:TrackPointExtension>
	</extensions>
</trkpt>
<trkpt lat="46.5044129" lon="15.0746121">
	<ele>410.26</ele>
	<time>2026-07-21T10:28:21.990Z</time>
	<hdop>3.79</hdop>
	<extensions>
		<gpxtpx:TrackPointExtension>
			<gpxtpx:course>194.0</gpxtpx:course>
		</gpxtpx:TrackPointExtension>
	</extensions>
</trkpt>
<trkpt lat="46.5042257" lon="15.0746385">
	<ele>411.13</ele>
	<time>2026-07-21T10:28:26.991Z</time>
	<hdop>3.79</hdop>
	<extensions>
		<gpxtpx:TrackPointExtension>
			<gpxtpx:course>183.0</gpxtpx:course>
		</gpxtpx:TrackPointExtension>
	</extensions>
</trkpt>
<trkpt lat="46.5040112" lon="15.0746197">
	<ele>411.74</ele>
	<time>2026-07-21T10:28:31.992Z</time>
	<hdop>3.79</hdop>
	<extensions>
		<gpxtpx:TrackPointExtension>
			<gpxtpx:course>187.0</gpxtpx:course>
		</gpxtpx:TrackPointExtension>
	</extensions>
</trkpt>
<trkpt lat="46.5037445" lon="15.0745620">
	<ele>412.01</ele>
	<time>2026-07-21T10:28:37.991Z</time>
	<hdop>3.79</hdop>
	<extensions>
		<gpxtpx:TrackPointExtension>
			<gpxtpx:course>193.0</gpxtpx:course>
		</gpxtpx:TrackPointExtension>
	</extensions>
</trkpt>
<trkpt lat="46.5035313" lon="15.0744552">
	<ele>411.83</ele>
	<time>2026-07-21T10:28:42.992Z</time>
	<hdop>3.79</hdop>
	<extensions>
		<gpxtpx:TrackPointExtension>
			<gpxtpx:course>206.0</gpxtpx:course>
		</gpxtpx:TrackPointExtension>
	</extensions>
</trkpt>
<trkpt lat="46.5033228" lon="15.0743530">
	<ele>411.86</ele>
	<time>2026-07-21T10:28:47.992Z</time>
	<hdop>3.79</hdop>
	<extensions>
		<gpxtpx:TrackPointExtension>
			<gpxtpx:course>193.00346</gpxtpx:course>
		</gpxtpx:TrackPointExtension>
	</extensions>
</trkpt>
<trkpt lat="46.5030562" lon="15.0742425">
	<ele>412.78</ele>
	<time>2026-07-21T10:28:53.992Z</time>
	<hdop>3.79</hdop>
	<extensions>
		<gpxtpx:TrackPointExtension>
			<gpxtpx:course>195.00179</gpxtpx:course>
		</gpxtpx:TrackPointExtension>
	</extensions>
</trkpt>
<trkpt lat="46.5027793" lon="15.0741321">
	<ele>414.21</ele>
	<time>2026-07-21T10:28:59.990Z</time>
	<hdop>3.79</hdop>
	<extensions>
		<gpxtpx:TrackPointExtension>
			<gpxtpx:course>193.99771</gpxtpx:course>
		</gpxtpx:TrackPointExtension>
	</extensions>
</trkpt>
<trkpt lat="46.5025464" lon="15.0740625">
	<ele>415.15</ele>
	<time>2026-07-21T10:29:04.991Z</time>
	<hdop>3.79</hdop>
	<extensions>
		<gpxtpx:TrackPointExtension>
			<gpxtpx:course>185.00572</gpxtpx:course>
		</gpxtpx:TrackPointExtension>
	</extensions>
</trkpt>
<trkpt lat="46.5023066" lon="15.0739764">
	<ele>415.46</ele>
	<time>2026-07-21T10:29:09.991Z</time>
	<hdop>3.79</hdop>
	<extensions>
		<gpxtpx:TrackPointExtension>
			<gpxtpx:course>194.01074</gpxtpx:course>
		</gpxtpx:TrackPointExtension>
	</extensions>
</trkpt>
<trkpt lat="46.5020859" lon="15.0739191">
	<ele>415.78</ele>
	<time>2026-07-21T10:29:14.991Z</time>
	<hdop>3.79</hdop>
	<extensions>
		<gpxtpx:TrackPointExtension>
			<gpxtpx:course>187.9973</gpxtpx:course>
		</gpxtpx:TrackPointExtension>
	</extensions>
</trkpt>
<trkpt lat="46.5018738" lon="15.0738681">
	<ele>416.30</ele>
	<time>2026-07-21T10:29:19.992Z</time>
	<hdop>3.79</hdop>
	<extensions>
		<gpxtpx:TrackPointExtension>
			<gpxtpx:course>187.9973</gpxtpx:course>
		</gpxtpx:TrackPointExtension>
	</extensions>
</trkpt>
<trkpt lat="46.5016164" lon="15.0738392">
	<ele>416.97</ele>
	<time>2026-07-21T10:29:25.991Z</time>
	<hdop>3.79</hdop>
	<extensions>
		<gpxtpx:TrackPointExtension>
			<gpxtpx:course>184.99373</gpxtpx:course>
		</gpxtpx:TrackPointExtension>
	</extensions>
</trkpt>
<trkpt lat="46.5014108" lon="15.0738325">
	<ele>417.21</ele>
	<time>2026-07-21T10:29:30.992Z</time>
	<hdop>3.79</hdop>
	<extensions>
		<gpxtpx:TrackPointExtension>
			<gpxtpx:course>189.0</gpxtpx:course>
		</gpxtpx:TrackPointExtension>
	</extensions>
</trkpt>
<trkpt lat="46.5011922" lon="15.0738459">
	<ele>417.24</ele>
	<time>2026-07-21T10:29:36.991Z</time>
	<hdop>3.79</hdop>
	<extensions>
		<gpxtpx:TrackPointExtension>
			<gpxtpx:course>177.0</gpxtpx:course>
		</gpxtpx:TrackPointExtension>
	</extensions>
</trkpt>
<trkpt lat="46.5010252" lon="15.0738610">
	<ele>417.29</ele>
	<time>2026-07-21T10:29:41.992Z</time>
	<hdop>3.79</hdop>
	<extensions>
		<gpxtpx:TrackPointExtension>
			<gpxtpx:course>181.0</gpxtpx:course>
		</gpxtpx:TrackPointExtension>
	</extensions>
</trkpt>
<trkpt lat="46.5008922" lon="15.0737925">
	<ele>417.38</ele>
	<time>2026-07-21T10:29:46.992Z</time>
	<hdop>3.79</hdop>
	<extensions>
		<gpxtpx:TrackPointExtension>
			<gpxtpx:course>222.0</gpxtpx:course>
		</gpxtpx:TrackPointExtension>
	</extensions>
</trkpt>
<trkpt lat="46.5007084" lon="15.0736474">
	<ele>417.55</ele>
	<time>2026-07-21T10:29:52.992Z</time>
	<hdop>3.79</hdop>
	<extensions>
		<gpxtpx:TrackPointExtension>
			<gpxtpx:course>188.0</gpxtpx:course>
		</gpxtpx:TrackPointExtension>
	</extensions>
</trkpt>
<trkpt lat="46.5005207" lon="15.0735915">
	<ele>417.91</ele>
	<time>2026-07-21T10:29:58.992Z</time>
	<hdop>3.79</hdop>
	<extensions>
		<gpxtpx:TrackPointExtension>
			<gpxtpx:course>204.0</gpxtpx:course>
		</gpxtpx:TrackPointExtension>
	</extensions>
</trkpt>
<trkpt lat="46.5003800" lon="15.0734853">
	<ele>418.15</ele>
	<time>2026-07-21T10:30:04.990Z</time>
	<hdop>3.79</hdop>
	<extensions>
		<gpxtpx:TrackPointExtension>
			<gpxtpx:course>220.0</gpxtpx:course>
		</gpxtpx:TrackPointExtension>
	</extensions>
</trkpt>
<trkpt lat="46.5003126" lon="15.0733174">
	<ele>418.07</ele>
	<time>2026-07-21T10:30:09.991Z</time>
	<hdop>3.79</hdop>
	<extensions>
		<gpxtpx:TrackPointExtension>
			<gpxtpx:course>242.0</gpxtpx:course>
		</gpxtpx:TrackPointExtension>
	</extensions>
</trkpt>
<trkpt lat="46.5002474" lon="15.0732090">
	<ele>418.08</ele>
	<time>2026-07-21T10:30:14.991Z</time>
	<hdop>3.79</hdop>
	<extensions>
		<gpxtpx:TrackPointExtension>
			<gpxtpx:course>189.0</gpxtpx:course>
		</gpxtpx:TrackPointExtension>
	</extensions>
</trkpt>
<trkpt lat="46.5002131" lon="15.0733359">
	<ele>418.36</ele>
	<time>2026-07-21T10:30:20.992Z</time>
	<hdop>3.79</hdop>
	<extensions>
		<gpxtpx:TrackPointExtension>
			<gpxtpx:course>107.0</gpxtpx:course>
		</gpxtpx:TrackPointExtension>
	</extensions>
</trkpt>
<trkpt lat="46.5001495" lon="15.0734397">
	<ele>418.74</ele>
	<time>2026-07-21T10:30:36.992Z</time>
	<hdop>3.79</hdop>
	<extensions>
		<gpxtpx:TrackPointExtension>
			<gpxtpx:course>158.0</gpxtpx:course>
		</gpxtpx:TrackPointExtension>
	</extensions>
</trkpt>
<trkpt lat="46.5000106" lon="15.0734066">
	<ele>419.14</ele>
	<time>2026-07-21T10:30:42.991Z</time>
	<hdop>3.79</hdop>
	<extensions>
		<gpxtpx:TrackPointExtension>
			<gpxtpx:course>208.0</gpxtpx:course>
		</gpxtpx:TrackPointExtension>
	</extensions>
</trkpt>
<trkpt lat="46.4999333" lon="15.0733066">
	<ele>419.13</ele>
	<time>2026-07-21T10:30:50.991Z</time>
	<hdop>3.79</hdop>
	<extensions>
		<gpxtpx:TrackPointExtension>
			<gpxtpx:course>224.0</gpxtpx:course>
		</gpxtpx:TrackPointExtension>
	</extensions>
</trkpt>
<trkpt lat="46.4998443" lon="15.0731748">
	<ele>419.11</ele>
	<time>2026-07-21T10:30:55.992Z</time>
	<hdop>3.79</hdop>
	<extensions>
		<gpxtpx:TrackPointExtension>
			<gpxtpx:course>231.0</gpxtpx:course>
		</gpxtpx:TrackPointExtension>
	</extensions>
</trkpt>
<trkpt lat="46.4997498" lon="15.0730362">
	<ele>419.13</ele>
	<time>2026-07-21T10:31:01.991Z</time>
	<hdop>3.79</hdop>
	<extensions>
		<gpxtpx:TrackPointExtension>
			<gpxtpx:course>221.0</gpxtpx:course>
		</gpxtpx:TrackPointExtension>
	</extensions>
</trkpt>
<trkpt lat="46.4996932" lon="15.0729256">
	<ele>419.12</ele>
	<time>2026-07-21T10:31:31.992Z</time>
	<hdop>3.79</hdop>
	<extensions>
		<gpxtpx:TrackPointExtension>
			<gpxtpx:course>259.0</gpxtpx:course>
		</gpxtpx:TrackPointExtension>
	</extensions>
</trkpt>
<trkpt lat="46.4996011" lon="15.0727965">
	<ele>419.10</ele>
	<time>2026-07-21T10:31:37.991Z</time>
	<hdop>3.79</hdop>
	<extensions>
		<gpxtpx:TrackPointExtension>
			<gpxtpx:course>232.0</gpxtpx:course>
		</gpxtpx:TrackPointExtension>
	</extensions>
</trkpt>
<trkpt lat="46.4995366" lon="15.0726851">
	<ele>419.01</ele>
	<time>2026-07-21T10:33:41.990Z</time>
	<hdop>3.79</hdop>
	<extensions>
		<gpxtpx:TrackPointExtension>
			<gpxtpx:course>230.0</gpxtpx:course>
		</gpxtpx:TrackPointExtension>
	</extensions>
</trkpt>
<trkpt lat="46.4994221" lon="15.0726056">
	<ele>418.93</ele>
	<time>2026-07-21T10:33:47.990Z</time>
	<hdop>3.79</hdop>
	<extensions>
		<gpxtpx:TrackPointExtension>
			<gpxtpx:course>159.0</gpxtpx:course>
		</gpxtpx:TrackPointExtension>
	</extensions>
</trkpt>
<trkpt lat="46.4993683" lon="15.0724764">
	<ele>418.66</ele>
	<time>2026-07-21T10:33:52.992Z</time>
	<hdop>3.79</hdop>
	<extensions>
		<gpxtpx:TrackPointExtension>
			<gpxtpx:course>234.0</gpxtpx:course>
		</gpxtpx:TrackPointExtension>
	</extensions>
</trkpt>
<trkpt lat="46.4992363" lon="15.0723646">
	<ele>418.40</ele>
	<time>2026-07-21T10:33:58.991Z</time>
	<hdop>3.79</hdop>
	<extensions>
		<gpxtpx:TrackPointExtension>
			<gpxtpx:course>203.0</gpxtpx:course>
		</gpxtpx:TrackPointExtension>
	</extensions>
</trkpt>
<trkpt lat="46.4991182" lon="15.0723415">
	<ele>418.48</ele>
	<time>2026-07-21T10:34:03.991Z</time>
	<hdop>3.79</hdop>
	<extensions>
		<gpxtpx:TrackPointExtension>
			<gpxtpx:course>186.0</gpxtpx:course>
		</gpxtpx:TrackPointExtension>
	</extensions>
</trkpt>
<trkpt lat="46.4989305" lon="15.0723313">
	<ele>418.68</ele>
	<time>2026-07-21T10:34:09.990Z</time>
	<hdop>3.79</hdop>
	<extensions>
		<gpxtpx:TrackPointExtension>
			<gpxtpx:course>194.0</gpxtpx:course>
		</gpxtpx:TrackPointExtension>
	</extensions>
</trkpt>
<trkpt lat="46.4987430" lon="15.0723352">
	<ele>418.93</ele>
	<time>2026-07-21T10:34:14.990Z</time>
	<hdop>3.79</hdop>
	<extensions>
		<gpxtpx:TrackPointExtension>
			<gpxtpx:course>176.0</gpxtpx:course>
		</gpxtpx:TrackPointExtension>
	</extensions>
</trkpt>
<trkpt lat="46.4985748" lon="15.0723505">
	<ele>419.29</ele>
	<time>2026-07-21T10:34:19.992Z</time>
	<hdop>3.79</hdop>
	<extensions>
		<gpxtpx:TrackPointExtension>
			<gpxtpx:course>182.0</gpxtpx:course>
		</gpxtpx:TrackPointExtension>
	</extensions>
</trkpt>
<trkpt lat="46.4983558" lon="15.0723261">
	<ele>419.68</ele>
	<time>2026-07-21T10:34:25.992Z</time>
	<hdop>3.79</hdop>
	<extensions>
		<gpxtpx:TrackPointExtension>
			<gpxtpx:course>189.0</gpxtpx:course>
		</gpxtpx:TrackPointExtension>
	</extensions>
</trkpt>
<trkpt lat="46.4981518" lon="15.0722609">
	<ele>419.88</ele>
	<time>2026-07-21T10:34:30.992Z</time>
	<hdop>3.79</hdop>
	<extensions>
		<gpxtpx:TrackPointExtension>
			<gpxtpx:course>198.0</gpxtpx:course>
		</gpxtpx:TrackPointExtension>
	</extensions>
</trkpt>
<trkpt lat="46.4979020" lon="15.0721564">
	<ele>419.93</ele>
	<time>2026-07-21T10:34:36.992Z</time>
	<hdop>3.79</hdop>
	<extensions>
		<gpxtpx:TrackPointExtension>
			<gpxtpx:course>197.0</gpxtpx:course>
		</gpxtpx:TrackPointExtension>
	</extensions>
</trkpt>
<trkpt lat="46.4976553" lon="15.0720346">
	<ele>419.56</ele>
	<time>2026-07-21T10:34:42.991Z</time>
	<hdop>3.79</hdop>
	<extensions>
		<gpxtpx:TrackPointExtension>
			<gpxtpx:course>193.0</gpxtpx:course>
		</gpxtpx:TrackPointExtension>
	</extensions>
</trkpt>
<trkpt lat="46.4974551" lon="15.0719758">
	<ele>419.46</ele>
	<time>2026-07-21T10:34:47.991Z</time>
	<hdop>3.79</hdop>
	<extensions>
		<gpxtpx:TrackPointExtension>
			<gpxtpx:course>188.0</gpxtpx:course>
		</gpxtpx:TrackPointExtension>
	</extensions>
</trkpt>
<trkpt lat="46.4972425" lon="15.0719443">
	<ele>419.53</ele>
	<time>2026-07-21T10:34:52.991Z</time>
	<hdop>3.79</hdop>
	<extensions>
		<gpxtpx:TrackPointExtension>
			<gpxtpx:course>186.0</gpxtpx:course>
		</gpxtpx:TrackPointExtension>
	</extensions>
</trkpt>
<trkpt lat="46.4970164" lon="15.0719308">
	<ele>419.75</ele>
	<time>2026-07-21T10:34:57.991Z</time>
	<hdop>3.79</hdop>
	<extensions>
		<gpxtpx:TrackPointExtension>
			<gpxtpx:course>182.0</gpxtpx:course>
		</gpxtpx:TrackPointExtension>
	</extensions>
</trkpt>
<trkpt lat="46.4967779" lon="15.0719134">
	<ele>419.96</ele>
	<time>2026-07-21T10:35:02.992Z</time>
	<hdop>3.79</hdop>
	<extensions>
		<gpxtpx:TrackPointExtension>
			<gpxtpx:course>178.0</gpxtpx:course>
		</gpxtpx:TrackPointExtension>
	</extensions>
</trkpt>
<trkpt lat="46.4964952" lon="15.0718914">
	<ele>420.26</ele>
	<time>2026-07-21T10:35:08.990Z</time>
	<hdop>3.79</hdop>
	<extensions>
		<gpxtpx:TrackPointExtension>
			<gpxtpx:course>180.0</gpxtpx:course>
		</gpxtpx:TrackPointExtension>
	</extensions>
</trkpt>
<trkpt lat="46.4962884" lon="15.0718784">
	<ele>420.57</ele>
	<time>2026-07-21T10:35:13.990Z</time>
	<hdop>3.79</hdop>
	<extensions>
		<gpxtpx:TrackPointExtension>
			<gpxtpx:course>184.0</gpxtpx:course>
		</gpxtpx:TrackPointExtension>
	</extensions>
</trkpt>
<trkpt lat="46.4960861" lon="15.0718544">
	<ele>420.67</ele>
	<time>2026-07-21T10:35:18.990Z</time>
	<hdop>3.79</hdop>
	<extensions>
		<gpxtpx:TrackPointExtension>
			<gpxtpx:course>187.0</gpxtpx:course>
		</gpxtpx:TrackPointExtension>
	</extensions>
</trkpt>
<trkpt lat="46.4958874" lon="15.0718266">
	<ele>420.55</ele>
	<time>2026-07-21T10:35:23.990Z</time>
	<hdop>3.79</hdop>
	<extensions>
		<gpxtpx:TrackPointExtension>
			<gpxtpx:course>183.0</gpxtpx:course>
		</gpxtpx:TrackPointExtension>
	</extensions>
</trkpt>
<trkpt lat="46.4956948" lon="15.0718043">
	<ele>420.31</ele>
	<time>2026-07-21T10:35:28.992Z</time>
	<hdop>3.79</hdop>
	<extensions>
		<gpxtpx:TrackPointExtension>
			<gpxtpx:course>185.0</gpxtpx:course>
		</gpxtpx:TrackPointExtension>
	</extensions>
</trkpt>
<trkpt lat="46.4954682" lon="15.0717759">
	<ele>419.91</ele>
	<time>2026-07-21T10:35:34.991Z</time>
	<hdop>3.79</hdop>
	<extensions>
		<gpxtpx:TrackPointExtension>
			<gpxtpx:course>185.0</gpxtpx:course>
		</gpxtpx:TrackPointExtension>
	</extensions>
</trkpt>
<trkpt lat="46.4952598" lon="15.0717492">
	<ele>419.55</ele>
	<time>2026-07-21T10:35:39.992Z</time>
	<hdop>3.79</hdop>
	<extensions>
		<gpxtpx:TrackPointExtension>
			<gpxtpx:course>187.0</gpxtpx:course>
		</gpxtpx:TrackPointExtension>
	</extensions>
</trkpt>
<trkpt lat="46.4950119" lon="15.0717423">
	<ele>419.29</ele>
	<time>2026-07-21T10:35:45.991Z</time>
	<hdop>3.79</hdop>
	<extensions>
		<gpxtpx:TrackPointExtension>
			<gpxtpx:course>172.0</gpxtpx:course>
		</gpxtpx:TrackPointExtension>
	</extensions>
</trkpt>
<trkpt lat="46.4947711" lon="15.0717946">
	<ele>419.15</ele>
	<time>2026-07-21T10:35:51.989Z</time>
	<hdop>3.79</hdop>
	<extensions>
		<gpxtpx:TrackPointExtension>
			<gpxtpx:course>180.0</gpxtpx:course>
		</gpxtpx:TrackPointExtension>
	</extensions>
</trkpt>
<trkpt lat="46.4945736" lon="15.0718502">
	<ele>418.97</ele>
	<time>2026-07-21T10:35:56.991Z</time>
	<hdop>3.79</hdop>
	<extensions>
		<gpxtpx:TrackPointExtension>
			<gpxtpx:course>164.0</gpxtpx:course>
		</gpxtpx:TrackPointExtension>
	</extensions>
</trkpt>
<trkpt lat="46.4943608" lon="15.0719557">
	<ele>419.02</ele>
	<time>2026-07-21T10:36:01.991Z</time>
	<hdop>3.79</hdop>
	<extensions>
		<gpxtpx:TrackPointExtension>
			<gpxtpx:course>161.0</gpxtpx:course>
		</gpxtpx:TrackPointExtension>
	</extensions>
</trkpt>
<trkpt lat="46.4940977" lon="15.0721124">
	<ele>419.41</ele>
	<time>2026-07-21T10:36:07.990Z</time>
	<hdop>3.79</hdop>
	<extensions>
		<gpxtpx:TrackPointExtension>
			<gpxtpx:course>152.0</gpxtpx:course>
		</gpxtpx:TrackPointExtension>
	</extensions>
</trkpt>
<trkpt lat="46.4938928" lon="15.0722635">
	<ele>419.89</ele>
	<time>2026-07-21T10:36:12.990Z</time>
	<hdop>3.79</hdop>
	<extensions>
		<gpxtpx:TrackPointExtension>
			<gpxtpx:course>152.0</gpxtpx:course>
		</gpxtpx:TrackPointExtension>
	</extensions>
</trkpt>
<trkpt lat="46.4936893" lon="15.0724120">
	<ele>420.25</ele>
	<time>2026-07-21T10:36:17.991Z</time>
	<hdop>3.79</hdop>
	<extensions>
		<gpxtpx:TrackPointExtension>
			<gpxtpx:course>150.0</gpxtpx:course>
		</gpxtpx:TrackPointExtension>
	</extensions>
</trkpt>
<trkpt lat="46.4934827" lon="15.0725603">
	<ele>420.48</ele>
	<time>2026-07-21T10:36:22.991Z</time>
	<hdop>3.79</hdop>
	<extensions>
		<gpxtpx:TrackPointExtension>
			<gpxtpx:course>152.0</gpxtpx:course>
		</gpxtpx:TrackPointExtension>
	</extensions>
</trkpt>
<trkpt lat="46.4932189" lon="15.0727385">
	<ele>420.67</ele>
	<time>2026-07-21T10:36:28.990Z</time>
	<hdop>3.79</hdop>
	<extensions>
		<gpxtpx:TrackPointExtension>
			<gpxtpx:course>150.0</gpxtpx:course>
		</gpxtpx:TrackPointExtension>
	</extensions>
</trkpt>
<trkpt lat="46.4930020" lon="15.0728806">
	<ele>420.84</ele>
	<time>2026-07-21T10:36:33.992Z</time>
	<hdop>3.79</hdop>
	<extensions>
		<gpxtpx:TrackPointExtension>
			<gpxtpx:course>150.0</gpxtpx:course>
		</gpxtpx:TrackPointExtension>
	</extensions>
</trkpt>
<trkpt lat="46.4927375" lon="15.0730415">
	<ele>421.03</ele>
	<time>2026-07-21T10:36:39.992Z</time>
	<hdop>3.79</hdop>
	<extensions>
		<gpxtpx:TrackPointExtension>
			<gpxtpx:course>156.0</gpxtpx:course>
		</gpxtpx:TrackPointExtension>
	</extensions>
</trkpt>
<trkpt lat="46.4924693" lon="15.0732019">
	<ele>421.22</ele>
	<time>2026-07-21T10:36:45.991Z</time>
	<hdop>3.79</hdop>
	<extensions>
		<gpxtpx:TrackPointExtension>
			<gpxtpx:course>155.0</gpxtpx:course>
		</gpxtpx:TrackPointExtension>
	</extensions>
</trkpt>
<trkpt lat="46.4921959" lon="15.0733533">
	<ele>421.57</ele>
	<time>2026-07-21T10:36:51.992Z</time>
	<hdop>3.79</hdop>
	<extensions>
		<gpxtpx:TrackPointExtension>
			<gpxtpx:course>157.0</gpxtpx:course>
		</gpxtpx:TrackPointExtension>
	</extensions>
</trkpt>
<trkpt lat="46.4919201" lon="15.0735304">
	<ele>422.10</ele>
	<time>2026-07-21T10:36:57.989Z</time>
	<hdop>3.79</hdop>
	<extensions>
		<gpxtpx:TrackPointExtension>
			<gpxtpx:course>157.0</gpxtpx:course>
		</gpxtpx:TrackPointExtension>
	</extensions>
</trkpt>
<trkpt lat="46.4916909" lon="15.0736824">
	<ele>422.27</ele>
	<time>2026-07-21T10:37:02.989Z</time>
	<hdop>3.79</hdop>
	<extensions>
		<gpxtpx:TrackPointExtension>
			<gpxtpx:course>153.0</gpxtpx:course>
		</gpxtpx:TrackPointExtension>
	</extensions>
</trkpt>
<trkpt lat="46.4914610" lon="15.0738308">
	<ele>422.12</ele>
	<time>2026-07-21T10:37:07.991Z</time>
	<hdop>3.79</hdop>
	<extensions>
		<gpxtpx:TrackPointExtension>
			<gpxtpx:course>155.0</gpxtpx:course>
		</gpxtpx:TrackPointExtension>
	</extensions>
</trkpt>
<trkpt lat="46.4912293" lon="15.0739795">
	<ele>421.93</ele>
	<time>2026-07-21T10:37:12.991Z</time>
	<hdop>3.79</hdop>
	<extensions>
		<gpxtpx:TrackPointExtension>
			<gpxtpx:course>157.0</gpxtpx:course>
		</gpxtpx:TrackPointExtension>
	</extensions>
</trkpt>
<trkpt lat="46.4909607" lon="15.0741621">
	<ele>422.33</ele>
	<time>2026-07-21T10:37:18.991Z</time>
	<hdop>3.79</hdop>
	<extensions>
		<gpxtpx:TrackPointExtension>
			<gpxtpx:course>155.0</gpxtpx:course>
		</gpxtpx:TrackPointExtension>
	</extensions>
</trkpt>
<trkpt lat="46.4907501" lon="15.0742985">
	<ele>423.37</ele>
	<time>2026-07-21T10:37:23.991Z</time>
	<hdop>3.79</hdop>
	<extensions>
		<gpxtpx:TrackPointExtension>
			<gpxtpx:course>156.0</gpxtpx:course>
		</gpxtpx:TrackPointExtension>
	</extensions>
</trkpt>
<trkpt lat="46.4905034" lon="15.0744617">
	<ele>425.01</ele>
	<time>2026-07-21T10:37:29.991Z</time>
	<hdop>3.79</hdop>
	<extensions>
		<gpxtpx:TrackPointExtension>
			<gpxtpx:course>163.0</gpxtpx:course>
		</gpxtpx:TrackPointExtension>
	</extensions>
</trkpt>
<trkpt lat="46.4902491" lon="15.0746326">
	<ele>426.32</ele>
	<time>2026-07-21T10:37:35.990Z</time>
	<hdop>3.79</hdop>
	<extensions>
		<gpxtpx:TrackPointExtension>
			<gpxtpx:course>155.0</gpxtpx:course>
		</gpxtpx:TrackPointExtension>
	</extensions>
</trkpt>
<trkpt lat="46.4900459" lon="15.0747817">
	<ele>427.25</ele>
	<time>2026-07-21T10:37:40.990Z</time>
	<hdop>3.79</hdop>
	<extensions>
		<gpxtpx:TrackPointExtension>
			<gpxtpx:course>155.0</gpxtpx:course>
		</gpxtpx:TrackPointExtension>
	</extensions>
</trkpt>
<trkpt lat="46.4898349" lon="15.0749251">
	<ele>427.83</ele>
	<time>2026-07-21T10:37:45.991Z</time>
	<hdop>3.79</hdop>
	<extensions>
		<gpxtpx:TrackPointExtension>
			<gpxtpx:course>154.0</gpxtpx:course>
		</gpxtpx:TrackPointExtension>
	</extensions>
</trkpt>
<trkpt lat="46.4895988" lon="15.0750686">
	<ele>427.32</ele>
	<time>2026-07-21T10:37:51.990Z</time>
	<hdop>3.79</hdop>
	<extensions>
		<gpxtpx:TrackPointExtension>
			<gpxtpx:course>158.0</gpxtpx:course>
		</gpxtpx:TrackPointExtension>
	</extensions>
</trkpt>
<trkpt lat="46.4894066" lon="15.0751717">
	<ele>425.90</ele>
	<time>2026-07-21T10:37:56.991Z</time>
	<hdop>3.79</hdop>
	<extensions>
		<gpxtpx:TrackPointExtension>
			<gpxtpx:course>160.0</gpxtpx:course>
		</gpxtpx:TrackPointExtension>
	</extensions>
</trkpt>
<trkpt lat="46.4891384" lon="15.0752782">
	<ele>423.18</ele>
	<time>2026-07-21T10:38:02.990Z</time>
	<hdop>3.79</hdop>
	<extensions>
		<gpxtpx:TrackPointExtension>
			<gpxtpx:course>165.0</gpxtpx:course>
		</gpxtpx:TrackPointExtension>
	</extensions>
</trkpt>
<trkpt lat="46.4889471" lon="15.0753231">
	<ele>422.06</ele>
	<time>2026-07-21T10:38:07.991Z</time>
	<hdop>3.79</hdop>
	<extensions>
		<gpxtpx:TrackPointExtension>
			<gpxtpx:course>171.0</gpxtpx:course>
		</gpxtpx:TrackPointExtension>
	</extensions>
</trkpt>
<trkpt lat="46.4887392" lon="15.0753429">
	<ele>421.71</ele>
	<time>2026-07-21T10:38:12.992Z</time>
	<hdop>3.79</hdop>
	<extensions>
		<gpxtpx:TrackPointExtension>
			<gpxtpx:course>173.0</gpxtpx:course>
		</gpxtpx:TrackPointExtension>
	</extensions>
</trkpt>
<trkpt lat="46.4884925" lon="15.0753478">
	<ele>421.93</ele>
	<time>2026-07-21T10:38:18.991Z</time>
	<hdop>3.79</hdop>
	<extensions>
		<gpxtpx:TrackPointExtension>
			<gpxtpx:course>180.0</gpxtpx:course>
		</gpxtpx:TrackPointExtension>
	</extensions>
</trkpt>
<trkpt lat="46.4882860" lon="15.0753731">
	<ele>422.00</ele>
	<time>2026-07-21T10:38:23.991Z</time>
	<hdop>3.79</hdop>
	<extensions>
		<gpxtpx:TrackPointExtension>
			<gpxtpx:course>171.0</gpxtpx:course>
		</gpxtpx:TrackPointExtension>
	</extensions>
</trkpt>
<trkpt lat="46.4880771" lon="15.0754525">
	<ele>422.03</ele>
	<time>2026-07-21T10:38:28.992Z</time>
	<hdop>3.79</hdop>
	<extensions>
		<gpxtpx:TrackPointExtension>
			<gpxtpx:course>158.0</gpxtpx:course>
		</gpxtpx:TrackPointExtension>
	</extensions>
</trkpt>
<trkpt lat="46.4878405" lon="15.0756228">
	<ele>422.31</ele>
	<time>2026-07-21T10:38:34.989Z</time>
	<hdop>3.79</hdop>
	<extensions>
		<gpxtpx:TrackPointExtension>
			<gpxtpx:course>153.0</gpxtpx:course>
		</gpxtpx:TrackPointExtension>
	</extensions>
</trkpt>
<trkpt lat="46.4876409" lon="15.0757762">
	<ele>422.73</ele>
	<time>2026-07-21T10:38:39.991Z</time>
	<hdop>3.79</hdop>
	<extensions>
		<gpxtpx:TrackPointExtension>
			<gpxtpx:course>153.0</gpxtpx:course>
		</gpxtpx:TrackPointExtension>
	</extensions>
</trkpt>
<trkpt lat="46.4874459" lon="15.0759285">
	<ele>423.04</ele>
	<time>2026-07-21T10:38:44.991Z</time>
	<hdop>3.79</hdop>
	<extensions>
		<gpxtpx:TrackPointExtension>
			<gpxtpx:course>152.0</gpxtpx:course>
		</gpxtpx:TrackPointExtension>
	</extensions>
</trkpt>
<trkpt lat="46.4872868" lon="15.0760480">
	<ele>423.15</ele>
	<time>2026-07-21T10:38:49.991Z</time>
	<hdop>3.79</hdop>
	<extensions>
		<gpxtpx:TrackPointExtension>
			<gpxtpx:course>151.0</gpxtpx:course>
		</gpxtpx:TrackPointExtension>
	</extensions>
</trkpt>
<trkpt lat="46.4871224" lon="15.0761847">
	<ele>423.14</ele>
	<time>2026-07-21T10:38:54.991Z</time>
	<hdop>3.79</hdop>
	<extensions>
		<gpxtpx:TrackPointExtension>
			<gpxtpx:course>152.0</gpxtpx:course>
		</gpxtpx:TrackPointExtension>
	</extensions>
</trkpt>
<trkpt lat="46.4868854" lon="15.0763898">
	<ele>422.98</ele>
	<time>2026-07-21T10:39:00.991Z</time>
	<hdop>3.79</hdop>
	<extensions>
		<gpxtpx:TrackPointExtension>
			<gpxtpx:course>145.0</gpxtpx:course>
		</gpxtpx:TrackPointExtension>
	</extensions>
</trkpt>
<trkpt lat="46.4866881" lon="15.0766078">
	<ele>422.97</ele>
	<time>2026-07-21T10:39:06.990Z</time>
	<hdop>3.79</hdop>
	<extensions>
		<gpxtpx:TrackPointExtension>
			<gpxtpx:course>139.0</gpxtpx:course>
		</gpxtpx:TrackPointExtension>
	</extensions>
</trkpt>
<trkpt lat="46.4865415" lon="15.0767400">
	<ele>423.28</ele>
	<time>2026-07-21T10:39:11.992Z</time>
	<hdop>3.79</hdop>
	<extensions>
		<gpxtpx:TrackPointExtension>
			<gpxtpx:course>173.0</gpxtpx:course>
		</gpxtpx:TrackPointExtension>
	</extensions>
</trkpt>
<trkpt lat="46.4862865" lon="15.0769909">
	<ele>424.04</ele>
	<time>2026-07-21T10:39:17.990Z</time>
	<hdop>3.79</hdop>
	<extensions>
		<gpxtpx:TrackPointExtension>
			<gpxtpx:course>140.0</gpxtpx:course>
		</gpxtpx:TrackPointExtension>
	</extensions>
</trkpt>
<trkpt lat="46.4859956" lon="15.0773026">
	<ele>424.08</ele>
	<time>2026-07-21T10:39:23.991Z</time>
	<hdop>3.79</hdop>
	<extensions>
		<gpxtpx:TrackPointExtension>
			<gpxtpx:course>153.0</gpxtpx:course>
		</gpxtpx:TrackPointExtension>
	</extensions>
</trkpt>
<trkpt lat="46.4856747" lon="15.0775835">
	<ele>424.32</ele>
	<time>2026-07-21T10:39:29.991Z</time>
	<hdop>3.79</hdop>
	<extensions>
		<gpxtpx:TrackPointExtension>
			<gpxtpx:course>153.0</gpxtpx:course>
		</gpxtpx:TrackPointExtension>
	</extensions>
</trkpt>
<trkpt lat="46.4853234" lon="15.0778514">
	<ele>425.53</ele>
	<time>2026-07-21T10:39:35.990Z</time>
	<hdop>3.79</hdop>
	<extensions>
		<gpxtpx:TrackPointExtension>
			<gpxtpx:course>156.0</gpxtpx:course>
		</gpxtpx:TrackPointExtension>
	</extensions>
</trkpt>
<trkpt lat="46.4850272" lon="15.0780417">
	<ele>426.15</ele>
	<time>2026-07-21T10:39:40.991Z</time>
	<hdop>3.79</hdop>
	<extensions>
		<gpxtpx:TrackPointExtension>
			<gpxtpx:course>159.0</gpxtpx:course>
		</gpxtpx:TrackPointExtension>
	</extensions>
</trkpt>
<trkpt lat="46.4847291" lon="15.0782189">
	<ele>426.56</ele>
	<time>2026-07-21T10:39:45.991Z</time>
	<hdop>3.79</hdop>
	<extensions>
		<gpxtpx:TrackPointExtension>
			<gpxtpx:course>160.0</gpxtpx:course>
		</gpxtpx:TrackPointExtension>
	</extensions>
</trkpt>
<trkpt lat="46.4844299" lon="15.0783909">
	<ele>427.23</ele>
	<time>2026-07-21T10:39:50.991Z</time>
	<hdop>3.79</hdop>
	<extensions>
		<gpxtpx:TrackPointExtension>
			<gpxtpx:course>158.0</gpxtpx:course>
		</gpxtpx:TrackPointExtension>
	</extensions>
</trkpt>
<trkpt lat="46.4841341" lon="15.0785654">
	<ele>428.21</ele>
	<time>2026-07-21T10:39:55.991Z</time>
	<hdop>3.79</hdop>
	<extensions>
		<gpxtpx:TrackPointExtension>
			<gpxtpx:course>158.0</gpxtpx:course>
		</gpxtpx:TrackPointExtension>
	</extensions>
</trkpt>
<trkpt lat="46.4838542" lon="15.0787499">
	<ele>429.08</ele>
	<time>2026-07-21T10:40:00.992Z</time>
	<hdop>3.79</hdop>
	<extensions>
		<gpxtpx:TrackPointExtension>
			<gpxtpx:course>153.0</gpxtpx:course>
		</gpxtpx:TrackPointExtension>
	</extensions>
</trkpt>
<trkpt lat="46.4835229" lon="15.0789989">
	<ele>429.69</ele>
	<time>2026-07-21T10:40:06.990Z</time>
	<hdop>3.79</hdop>
	<extensions>
		<gpxtpx:TrackPointExtension>
			<gpxtpx:course>152.0</gpxtpx:course>
		</gpxtpx:TrackPointExtension>
	</extensions>
</trkpt>
<trkpt lat="46.4831823" lon="15.0792299">
	<ele>430.32</ele>
	<time>2026-07-21T10:40:12.989Z</time>
	<hdop>3.79</hdop>
	<extensions>
		<gpxtpx:TrackPointExtension>
			<gpxtpx:course>153.0</gpxtpx:course>
		</gpxtpx:TrackPointExtension>
	</extensions>
</trkpt>
<trkpt lat="46.4828985" lon="15.0794240">
	<ele>430.98</ele>
	<time>2026-07-21T10:40:17.992Z</time>
	<hdop>3.79</hdop>
	<extensions>
		<gpxtpx:TrackPointExtension>
			<gpxtpx:course>154.0</gpxtpx:course>
		</gpxtpx:TrackPointExtension>
	</extensions>
</trkpt>
<trkpt lat="46.4825567" lon="15.0796581">
	<ele>431.50</ele>
	<time>2026-07-21T10:40:23.991Z</time>
	<hdop>3.79</hdop>
	<extensions>
		<gpxtpx:TrackPointExtension>
			<gpxtpx:course>153.0</gpxtpx:course>
		</gpxtpx:TrackPointExtension>
	</extensions>
</trkpt>
<trkpt lat="46.4822611" lon="15.0798604">
	<ele>431.75</ele>
	<time>2026-07-21T10:40:28.991Z</time>
	<hdop>3.79</hdop>
	<extensions>
		<gpxtpx:TrackPointExtension>
			<gpxtpx:course>153.0</gpxtpx:course>
		</gpxtpx:TrackPointExtension>
	</extensions>
</trkpt>
<trkpt lat="46.4819777" lon="15.0800563">
	<ele>431.92</ele>
	<time>2026-07-21T10:40:33.991Z</time>
	<hdop>3.79</hdop>
	<extensions>
		<gpxtpx:TrackPointExtension>
			<gpxtpx:course>153.0</gpxtpx:course>
		</gpxtpx:TrackPointExtension>
	</extensions>
</trkpt>
<trkpt lat="46.4816496" lon="15.0802834">
	<ele>432.42</ele>
	<time>2026-07-21T10:40:39.990Z</time>
	<hdop>3.79</hdop>
	<extensions>
		<gpxtpx:TrackPointExtension>
			<gpxtpx:course>151.0</gpxtpx:course>
		</gpxtpx:TrackPointExtension>
	</extensions>
</trkpt>
<trkpt lat="46.4813740" lon="15.0804884">
	<ele>433.08</ele>
	<time>2026-07-21T10:40:44.990Z</time>
	<hdop>3.79</hdop>
	<extensions>
		<gpxtpx:TrackPointExtension>
			<gpxtpx:course>151.0</gpxtpx:course>
		</gpxtpx:TrackPointExtension>
	</extensions>
</trkpt>
<trkpt lat="46.4811035" lon="15.0806997">
	<ele>433.47</ele>
	<time>2026-07-21T10:40:49.990Z</time>
	<hdop>3.79</hdop>
	<extensions>
		<gpxtpx:TrackPointExtension>
			<gpxtpx:course>152.0</gpxtpx:course>
		</gpxtpx:TrackPointExtension>
	</extensions>
</trkpt>
<trkpt lat="46.4808419" lon="15.0809087">
	<ele>433.77</ele>
	<time>2026-07-21T10:40:54.990Z</time>
	<hdop>3.79</hdop>
	<extensions>
		<gpxtpx:TrackPointExtension>
			<gpxtpx:course>149.0</gpxtpx:course>
		</gpxtpx:TrackPointExtension>
	</extensions>
</trkpt>
<trkpt lat="46.4805718" lon="15.0811073">
	<ele>434.50</ele>
	<time>2026-07-21T10:40:59.991Z</time>
	<hdop>3.79</hdop>
	<extensions>
		<gpxtpx:TrackPointExtension>
			<gpxtpx:course>156.0</gpxtpx:course>
		</gpxtpx:TrackPointExtension>
	</extensions>
</trkpt>
<trkpt lat="46.4802814" lon="15.0812672">
	<ele>435.66</ele>
	<time>2026-07-21T10:41:04.991Z</time>
	<hdop>3.79</hdop>
	<extensions>
		<gpxtpx:TrackPointExtension>
			<gpxtpx:course>161.0</gpxtpx:course>
		</gpxtpx:TrackPointExtension>
	</extensions>
</trkpt>
<trkpt lat="46.4799286" lon="15.0813946">
	<ele>436.90</ele>
	<time>2026-07-21T10:41:10.990Z</time>
	<hdop>3.79</hdop>
	<extensions>
		<gpxtpx:TrackPointExtension>
			<gpxtpx:course>165.0</gpxtpx:course>
		</gpxtpx:TrackPointExtension>
	</extensions>
</trkpt>
<trkpt lat="46.4796236" lon="15.0815124">
	<ele>437.73</ele>
	<time>2026-07-21T10:41:15.991Z</time>
	<hdop>3.79</hdop>
	<extensions>
		<gpxtpx:TrackPointExtension>
			<gpxtpx:course>165.0</gpxtpx:course>
		</gpxtpx:TrackPointExtension>
	</extensions>
</trkpt>
<trkpt lat="46.4792648" lon="15.0816295">
	<ele>438.72</ele>
	<time>2026-07-21T10:41:21.991Z</time>
	<hdop>3.79</hdop>
	<extensions>
		<gpxtpx:TrackPointExtension>
			<gpxtpx:course>170.0</gpxtpx:course>
		</gpxtpx:TrackPointExtension>
	</extensions>
</trkpt>
<trkpt lat="46.4788956" lon="15.0816436">
	<ele>439.73</ele>
	<time>2026-07-21T10:41:27.992Z</time>
	<hdop>3.79</hdop>
	<extensions>
		<gpxtpx:TrackPointExtension>
			<gpxtpx:course>186.0</gpxtpx:course>
		</gpxtpx:TrackPointExtension>
	</extensions>
</trkpt>
<trkpt lat="46.4785265" lon="15.0815130">
	<ele>440.87</ele>
	<time>2026-07-21T10:41:33.991Z</time>
	<hdop>3.79</hdop>
	<extensions>
		<gpxtpx:TrackPointExtension>
			<gpxtpx:course>194.0</gpxtpx:course>
		</gpxtpx:TrackPointExtension>
	</extensions>
</trkpt>
<trkpt lat="46.4781512" lon="15.0814098">
	<ele>441.94</ele>
	<time>2026-07-21T10:41:39.990Z</time>
	<hdop>3.79</hdop>
	<extensions>
		<gpxtpx:TrackPointExtension>
			<gpxtpx:course>174.0</gpxtpx:course>
		</gpxtpx:TrackPointExtension>
	</extensions>
</trkpt>
<trkpt lat="46.4778353" lon="15.0815001">
	<ele>442.60</ele>
	<time>2026-07-21T10:41:44.991Z</time>
	<hdop>3.79</hdop>
	<extensions>
		<gpxtpx:TrackPointExtension>
			<gpxtpx:course>160.0</gpxtpx:course>
		</gpxtpx:TrackPointExtension>
	</extensions>
</trkpt>
<trkpt lat="46.4774900" lon="15.0817221">
	<ele>442.86</ele>
	<time>2026-07-21T10:41:50.990Z</time>
	<hdop>3.79</hdop>
	<extensions>
		<gpxtpx:TrackPointExtension>
			<gpxtpx:course>155.0</gpxtpx:course>
		</gpxtpx:TrackPointExtension>
	</extensions>
</trkpt>
<trkpt lat="46.4772145" lon="15.0819263">
	<ele>442.13</ele>
	<time>2026-07-21T10:41:55.990Z</time>
	<hdop>3.79</hdop>
	<extensions>
		<gpxtpx:TrackPointExtension>
			<gpxtpx:course>152.0</gpxtpx:course>
		</gpxtpx:TrackPointExtension>
	</extensions>
</trkpt>
<trkpt lat="46.4769348" lon="15.0821595">
	<ele>441.02</ele>
	<time>2026-07-21T10:42:00.990Z</time>
	<hdop>3.79</hdop>
	<extensions>
		<gpxtpx:TrackPointExtension>
			<gpxtpx:course>153.0</gpxtpx:course>
		</gpxtpx:TrackPointExtension>
	</extensions>
</trkpt>
<trkpt lat="46.4766294" lon="15.0823726">
	<ele>440.50</ele>
	<time>2026-07-21T10:42:05.990Z</time>
	<hdop>3.79</hdop>
	<extensions>
		<gpxtpx:TrackPointExtension>
			<gpxtpx:course>154.0</gpxtpx:course>
		</gpxtpx:TrackPointExtension>
	</extensions>
</trkpt>
<trkpt lat="46.4763315" lon="15.0825409">
	<ele>440.67</ele>
	<time>2026-07-21T10:42:10.991Z</time>
	<hdop>3.79</hdop>
	<extensions>
		<gpxtpx:TrackPointExtension>
			<gpxtpx:course>159.0</gpxtpx:course>
		</gpxtpx:TrackPointExtension>
	</extensions>
</trkpt>
<trkpt lat="46.4759488" lon="15.0827140">
	<ele>440.97</ele>
	<time>2026-07-21T10:42:16.992Z</time>
	<hdop>3.79</hdop>
	<extensions>
		<gpxtpx:TrackPointExtension>
			<gpxtpx:course>165.0</gpxtpx:course>
		</gpxtpx:TrackPointExtension>
	</extensions>
</trkpt>
<trkpt lat="46.4755522" lon="15.0828130">
	<ele>440.96</ele>
	<time>2026-07-21T10:42:22.990Z</time>
	<hdop>3.79</hdop>
	<extensions>
		<gpxtpx:TrackPointExtension>
			<gpxtpx:course>177.0</gpxtpx:course>
		</gpxtpx:TrackPointExtension>
	</extensions>
</trkpt>
<trkpt lat="46.4752169" lon="15.0827768">
	<ele>441.16</ele>
	<time>2026-07-21T10:42:27.991Z</time>
	<hdop>3.79</hdop>
	<extensions>
		<gpxtpx:TrackPointExtension>
			<gpxtpx:course>187.0</gpxtpx:course>
		</gpxtpx:TrackPointExtension>
	</extensions>
</trkpt>
<trkpt lat="46.4748244" lon="15.0826981">
	<ele>441.45</ele>
	<time>2026-07-21T10:42:33.991Z</time>
	<hdop>3.79</hdop>
	<extensions>
		<gpxtpx:TrackPointExtension>
			<gpxtpx:course>186.0</gpxtpx:course>
		</gpxtpx:TrackPointExtension>
	</extensions>
</trkpt>
<trkpt lat="46.4744372" lon="15.0826698">
	<ele>441.54</ele>
	<time>2026-07-21T10:42:39.990Z</time>
	<hdop>3.79</hdop>
	<extensions>
		<gpxtpx:TrackPointExtension>
			<gpxtpx:course>180.0</gpxtpx:course>
		</gpxtpx:TrackPointExtension>
	</extensions>
</trkpt>
<trkpt lat="46.4741079" lon="15.0826546">
	<ele>441.72</ele>
	<time>2026-07-21T10:42:44.990Z</time>
	<hdop>3.79</hdop>
	<extensions>
		<gpxtpx:TrackPointExtension>
			<gpxtpx:course>180.0</gpxtpx:course>
		</gpxtpx:TrackPointExtension>
	</extensions>
</trkpt>
<trkpt lat="46.4737765" lon="15.0826767">
	<ele>442.09</ele>
	<time>2026-07-21T10:42:49.991Z</time>
	<hdop>3.79</hdop>
	<extensions>
		<gpxtpx:TrackPointExtension>
			<gpxtpx:course>176.0</gpxtpx:course>
		</gpxtpx:TrackPointExtension>
	</extensions>
</trkpt>
<trkpt lat="46.4733817" lon="15.0827464">
	<ele>442.59</ele>
	<time>2026-07-21T10:42:55.990Z</time>
	<hdop>3.79</hdop>
	<extensions>
		<gpxtpx:TrackPointExtension>
			<gpxtpx:course>168.0</gpxtpx:course>
		</gpxtpx:TrackPointExtension>
	</extensions>
</trkpt>
<trkpt lat="46.4730637" lon="15.0828439">
	<ele>442.87</ele>
	<time>2026-07-21T10:43:00.990Z</time>
	<hdop>3.79</hdop>
	<extensions>
		<gpxtpx:TrackPointExtension>
			<gpxtpx:course>163.0</gpxtpx:course>
		</gpxtpx:TrackPointExtension>
	</extensions>
</trkpt>
<trkpt lat="46.4727631" lon="15.0829962">
	<ele>443.06</ele>
	<time>2026-07-21T10:43:05.991Z</time>
	<hdop>3.79</hdop>
	<extensions>
		<gpxtpx:TrackPointExtension>
			<gpxtpx:course>159.0</gpxtpx:course>
		</gpxtpx:TrackPointExtension>
	</extensions>
</trkpt>
<trkpt lat="46.4724784" lon="15.0831833">
	<ele>443.20</ele>
	<time>2026-07-21T10:43:10.991Z</time>
	<hdop>3.79</hdop>
	<extensions>
		<gpxtpx:TrackPointExtension>
			<gpxtpx:course>155.0</gpxtpx:course>
		</gpxtpx:TrackPointExtension>
	</extensions>
</trkpt>
<trkpt lat="46.4722195" lon="15.0834442">
	<ele>443.21</ele>
	<time>2026-07-21T10:43:15.991Z</time>
	<hdop>3.79</hdop>
	<extensions>
		<gpxtpx:TrackPointExtension>
			<gpxtpx:course>139.0</gpxtpx:course>
		</gpxtpx:TrackPointExtension>
	</extensions>
</trkpt>
<trkpt lat="46.4720054" lon="15.0838002">
	<ele>443.24</ele>
	<time>2026-07-21T10:43:20.991Z</time>
	<hdop>3.79</hdop>
	<extensions>
		<gpxtpx:TrackPointExtension>
			<gpxtpx:course>130.0</gpxtpx:course>
		</gpxtpx:TrackPointExtension>
	</extensions>
</trkpt>
<trkpt lat="46.4717746" lon="15.0841914">
	<ele>443.74</ele>
	<time>2026-07-21T10:43:26.991Z</time>
	<hdop>3.79</hdop>
	<extensions>
		<gpxtpx:TrackPointExtension>
			<gpxtpx:course>131.0</gpxtpx:course>
		</gpxtpx:TrackPointExtension>
	</extensions>
</trkpt>
<trkpt lat="46.4715949" lon="15.0844966">
	<ele>444.14</ele>
	<time>2026-07-21T10:43:31.991Z</time>
	<hdop>3.79</hdop>
	<extensions>
		<gpxtpx:TrackPointExtension>
			<gpxtpx:course>124.0</gpxtpx:course>
		</gpxtpx:TrackPointExtension>
	</extensions>
</trkpt>
<trkpt lat="46.4714340" lon="15.0847738">
	<ele>444.37</ele>
	<time>2026-07-21T10:43:36.991Z</time>
	<hdop>3.79</hdop>
	<extensions>
		<gpxtpx:TrackPointExtension>
			<gpxtpx:course>135.0</gpxtpx:course>
		</gpxtpx:TrackPointExtension>
	</extensions>
</trkpt>
<trkpt lat="46.4712519" lon="15.0850393">
	<ele>444.46</ele>
	<time>2026-07-21T10:43:42.991Z</time>
	<hdop>3.79</hdop>
	<extensions>
		<gpxtpx:TrackPointExtension>
			<gpxtpx:course>135.0</gpxtpx:course>
		</gpxtpx:TrackPointExtension>
	</extensions>
</trkpt>
<trkpt lat="46.4710671" lon="15.0853221">
	<ele>444.37</ele>
	<time>2026-07-21T10:43:48.990Z</time>
	<hdop>3.79</hdop>
	<extensions>
		<gpxtpx:TrackPointExtension>
			<gpxtpx:course>133.0</gpxtpx:course>
		</gpxtpx:TrackPointExtension>
	</extensions>
</trkpt>
<trkpt lat="46.4709266" lon="15.0855481">
	<ele>444.56</ele>
	<time>2026-07-21T10:43:53.990Z</time>
	<hdop>3.79</hdop>
	<extensions>
		<gpxtpx:TrackPointExtension>
			<gpxtpx:course>137.0</gpxtpx:course>
		</gpxtpx:TrackPointExtension>
	</extensions>
</trkpt>
<trkpt lat="46.4708303" lon="15.0855426">
	<ele>445.14</ele>
	<time>2026-07-21T10:43:59.990Z</time>
	<hdop>3.79</hdop>
	<extensions>
		<gpxtpx:TrackPointExtension>
			<gpxtpx:course>124.0</gpxtpx:course>
		</gpxtpx:TrackPointExtension>
	</extensions>
</trkpt>
<trkpt lat="46.4708268" lon="15.0856795">
	<ele>445.17</ele>
	<time>2026-07-21T10:44:55.989Z</time>
	<hdop>3.79</hdop>
	<extensions>
		<gpxtpx:TrackPointExtension>
			<gpxtpx:course>100.0</gpxtpx:course>
		</gpxtpx:TrackPointExtension>
	</extensions>
</trkpt>
<trkpt lat="46.4707227" lon="15.0859103">
	<ele>446.03</ele>
	<time>2026-07-21T10:45:00.990Z</time>
	<hdop>3.79</hdop>
	<extensions>
		<gpxtpx:TrackPointExtension>
			<gpxtpx:course>128.0</gpxtpx:course>
		</gpxtpx:TrackPointExtension>
	</extensions>
</trkpt>
<trkpt lat="46.4705614" lon="15.0861706">
	<ele>447.28</ele>
	<time>2026-07-21T10:45:05.990Z</time>
	<hdop>3.79</hdop>
	<extensions>
		<gpxtpx:TrackPointExtension>
			<gpxtpx:course>136.0</gpxtpx:course>
		</gpxtpx:TrackPointExtension>
	</extensions>
</trkpt>
<trkpt lat="46.4703995" lon="15.0863890">
	<ele>447.58</ele>
	<time>2026-07-21T10:45:10.990Z</time>
	<hdop>3.79</hdop>
	<extensions>
		<gpxtpx:TrackPointExtension>
			<gpxtpx:course>142.0</gpxtpx:course>
		</gpxtpx:TrackPointExtension>
	</extensions>
</trkpt>
<trkpt lat="46.4701752" lon="15.0866595">
	<ele>446.84</ele>
	<time>2026-07-21T10:45:16.991Z</time>
	<hdop>3.79</hdop>
	<extensions>
		<gpxtpx:TrackPointExtension>
			<gpxtpx:course>139.0</gpxtpx:course>
		</gpxtpx:TrackPointExtension>
	</extensions>
</trkpt>
<trkpt lat="46.4699461" lon="15.0869296">
	<ele>446.26</ele>
	<time>2026-07-21T10:45:22.990Z</time>
	<hdop>3.79</hdop>
	<extensions>
		<gpxtpx:TrackPointExtension>
			<gpxtpx:course>140.0</gpxtpx:course>
		</gpxtpx:TrackPointExtension>
	</extensions>
</trkpt>
<trkpt lat="46.4697429" lon="15.0871775">
	<ele>445.69</ele>
	<time>2026-07-21T10:45:27.990Z</time>
	<hdop>3.79</hdop>
	<extensions>
		<gpxtpx:TrackPointExtension>
			<gpxtpx:course>140.0</gpxtpx:course>
		</gpxtpx:TrackPointExtension>
	</extensions>
</trkpt>
<trkpt lat="46.4695178" lon="15.0874467">
	<ele>444.93</ele>
	<time>2026-07-21T10:45:32.991Z</time>
	<hdop>3.79</hdop>
	<extensions>
		<gpxtpx:TrackPointExtension>
			<gpxtpx:course>145.0</gpxtpx:course>
		</gpxtpx:TrackPointExtension>
	</extensions>
</trkpt>
<trkpt lat="46.4691913" lon="15.0876248">
	<ele>445.09</ele>
	<time>2026-07-21T10:45:38.990Z</time>
	<hdop>3.79</hdop>
	<extensions>
		<gpxtpx:TrackPointExtension>
			<gpxtpx:course>165.0</gpxtpx:course>
		</gpxtpx:TrackPointExtension>
	</extensions>
</trkpt>
<trkpt lat="46.4689160" lon="15.0876875">
	<ele>445.64</ele>
	<time>2026-07-21T10:45:43.990Z</time>
	<hdop>3.79</hdop>
	<extensions>
		<gpxtpx:TrackPointExtension>
			<gpxtpx:course>172.0</gpxtpx:course>
		</gpxtpx:TrackPointExtension>
	</extensions>
</trkpt>
<trkpt lat="46.4686510" lon="15.0877575">
	<ele>445.99</ele>
	<time>2026-07-21T10:45:48.991Z</time>
	<hdop>3.79</hdop>
	<extensions>
		<gpxtpx:TrackPointExtension>
			<gpxtpx:course>169.0</gpxtpx:course>
		</gpxtpx:TrackPointExtension>
	</extensions>
</trkpt>
<trkpt lat="46.4684416" lon="15.0878315">
	<ele>446.12</ele>
	<time>2026-07-21T10:45:53.991Z</time>
	<hdop>3.79</hdop>
	<extensions>
		<gpxtpx:TrackPointExtension>
			<gpxtpx:course>160.0</gpxtpx:course>
		</gpxtpx:TrackPointExtension>
	</extensions>
</trkpt>
<trkpt lat="46.4683592" lon="15.0877499">
	<ele>447.17</ele>
	<time>2026-07-21T10:45:58.991Z</time>
	<hdop>3.79</hdop>
	<extensions>
		<gpxtpx:TrackPointExtension>
			<gpxtpx:course>244.0</gpxtpx:course>
		</gpxtpx:TrackPointExtension>
	</extensions>
</trkpt>
<trkpt lat="46.4684246" lon="15.0875949">
	<ele>448.40</ele>
	<time>2026-07-21T10:46:03.991Z</time>
	<hdop>3.79</hdop>
	<extensions>
		<gpxtpx:TrackPointExtension>
			<gpxtpx:course>311.0</gpxtpx:course>
		</gpxtpx:TrackPointExtension>
	</extensions>
</trkpt>
<trkpt lat="46.4683537" lon="15.0877166">
	<ele>447.70</ele>
	<time>2026-07-21T10:52:24.990Z</time>
	<hdop>3.79</hdop>
	<extensions>
		<gpxtpx:TrackPointExtension>
			<gpxtpx:course>117.0</gpxtpx:course>
		</gpxtpx:TrackPointExtension>
	</extensions>
</trkpt>
<trkpt lat="46.4682444" lon="15.0879060">
	<ele>446.36</ele>
	<time>2026-07-21T10:52:29.990Z</time>
	<hdop>3.84</hdop>
	<extensions>
		<gpxtpx:TrackPointExtension>
			<gpxtpx:course>156.0</gpxtpx:course>
		</gpxtpx:TrackPointExtension>
	</extensions>
</trkpt>
<trkpt lat="46.4680070" lon="15.0880111">
	<ele>446.73</ele>
	<time>2026-07-21T10:52:34.990Z</time>
	<hdop>3.79</hdop>
	<extensions>
		<gpxtpx:TrackPointExtension>
			<gpxtpx:course>160.0</gpxtpx:course>
		</gpxtpx:TrackPointExtension>
	</extensions>
</trkpt>
<trkpt lat="46.4676791" lon="15.0881528">
	<ele>447.50</ele>
	<time>2026-07-21T10:52:40.990Z</time>
	<hdop>3.79</hdop>
	<extensions>
		<gpxtpx:TrackPointExtension>
			<gpxtpx:course>162.0</gpxtpx:course>
		</gpxtpx:TrackPointExtension>
	</extensions>
</trkpt>
<trkpt lat="46.4673765" lon="15.0882865">
	<ele>447.88</ele>
	<time>2026-07-21T10:52:45.990Z</time>
	<hdop>3.79</hdop>
	<extensions>
		<gpxtpx:TrackPointExtension>
			<gpxtpx:course>163.0</gpxtpx:course>
		</gpxtpx:TrackPointExtension>
	</extensions>
</trkpt>
<trkpt lat="46.4670274" lon="15.0884903">
	<ele>447.30</ele>
	<time>2026-07-21T10:52:51.989Z</time>
	<hdop>3.79</hdop>
	<extensions>
		<gpxtpx:TrackPointExtension>
			<gpxtpx:course>155.0</gpxtpx:course>
		</gpxtpx:TrackPointExtension>
	</extensions>
</trkpt>
<trkpt lat="46.4667498" lon="15.0887264">
	<ele>447.28</ele>
	<time>2026-07-21T10:52:56.990Z</time>
	<hdop>3.79</hdop>
	<extensions>
		<gpxtpx:TrackPointExtension>
			<gpxtpx:course>144.0</gpxtpx:course>
		</gpxtpx:TrackPointExtension>
	</extensions>
</trkpt>
<trkpt lat="46.4664382" lon="15.0890723">
	<ele>448.26</ele>
	<time>2026-07-21T10:53:02.989Z</time>
	<hdop>3.79</hdop>
	<extensions>
		<gpxtpx:TrackPointExtension>
			<gpxtpx:course>141.0</gpxtpx:course>
		</gpxtpx:TrackPointExtension>
	</extensions>
</trkpt>
<trkpt lat="46.4661776" lon="15.0893753">
	<ele>448.89</ele>
	<time>2026-07-21T10:53:07.990Z</time>
	<hdop>3.79</hdop>
	<extensions>
		<gpxtpx:TrackPointExtension>
			<gpxtpx:course>140.0</gpxtpx:course>
		</gpxtpx:TrackPointExtension>
	</extensions>
</trkpt>
<trkpt lat="46.4658599" lon="15.0897439">
	<ele>449.37</ele>
	<time>2026-07-21T10:53:13.990Z</time>
	<hdop>3.79</hdop>
	<extensions>
		<gpxtpx:TrackPointExtension>
			<gpxtpx:course>145.0</gpxtpx:course>
		</gpxtpx:TrackPointExtension>
	</extensions>
</trkpt>
<trkpt lat="46.4655401" lon="15.0901168">
	<ele>449.87</ele>
	<time>2026-07-21T10:53:19.989Z</time>
	<hdop>3.79</hdop>
	<extensions>
		<gpxtpx:TrackPointExtension>
			<gpxtpx:course>138.0</gpxtpx:course>
		</gpxtpx:TrackPointExtension>
	</extensions>
</trkpt>
<trkpt lat="46.4652797" lon="15.0904466">
	<ele>450.46</ele>
	<time>2026-07-21T10:53:24.989Z</time>
	<hdop>3.79</hdop>
	<extensions>
		<gpxtpx:TrackPointExtension>
			<gpxtpx:course>138.0</gpxtpx:course>
		</gpxtpx:TrackPointExtension>
	</extensions>
</trkpt>
<trkpt lat="46.4650154" lon="15.0908102">
	<ele>450.94</ele>
	<time>2026-07-21T10:53:29.990Z</time>
	<hdop>3.79</hdop>
	<extensions>
		<gpxtpx:TrackPointExtension>
			<gpxtpx:course>138.0</gpxtpx:course>
		</gpxtpx:TrackPointExtension>
	</extensions>
</trkpt>
<trkpt lat="46.4646974" lon="15.0912499">
	<ele>452.26</ele>
	<time>2026-07-21T10:53:35.990Z</time>
	<hdop>3.79</hdop>
	<extensions>
		<gpxtpx:TrackPointExtension>
			<gpxtpx:course>139.0</gpxtpx:course>
		</gpxtpx:TrackPointExtension>
	</extensions>
</trkpt>
<trkpt lat="46.4644291" lon="15.0915883">
	<ele>452.19</ele>
	<time>2026-07-21T10:53:40.990Z</time>
	<hdop>3.79</hdop>
	<extensions>
		<gpxtpx:TrackPointExtension>
			<gpxtpx:course>136.0</gpxtpx:course>
		</gpxtpx:TrackPointExtension>
	</extensions>
</trkpt>
<trkpt lat="46.4641074" lon="15.0920124">
	<ele>452.43</ele>
	<time>2026-07-21T10:53:46.989Z</time>
	<hdop>3.79</hdop>
	<extensions>
		<gpxtpx:TrackPointExtension>
			<gpxtpx:course>134.0</gpxtpx:course>
		</gpxtpx:TrackPointExtension>
	</extensions>
</trkpt>
<trkpt lat="46.4638560" lon="15.0923827">
	<ele>453.99</ele>
	<time>2026-07-21T10:53:51.989Z</time>
	<hdop>3.79</hdop>
	<extensions>
		<gpxtpx:TrackPointExtension>
			<gpxtpx:course>130.0</gpxtpx:course>
		</gpxtpx:TrackPointExtension>
	</extensions>
</trkpt>
<trkpt lat="46.4636410" lon="15.0927968">
	<ele>454.33</ele>
	<time>2026-07-21T10:53:56.990Z</time>
	<hdop>3.79</hdop>
	<extensions>
		<gpxtpx:TrackPointExtension>
			<gpxtpx:course>122.0</gpxtpx:course>
		</gpxtpx:TrackPointExtension>
	</extensions>
</trkpt>
<trkpt lat="46.4634455" lon="15.0932241">
	<ele>453.99</ele>
	<time>2026-07-21T10:54:01.990Z</time>
	<hdop>3.79</hdop>
	<extensions>
		<gpxtpx:TrackPointExtension>
			<gpxtpx:course>123.0</gpxtpx:course>
		</gpxtpx:TrackPointExtension>
	</extensions>
</trkpt>
<trkpt lat="46.4632406" lon="15.0936351">
	<ele>454.92</ele>
	<time>2026-07-21T10:54:06.990Z</time>
	<hdop>3.79</hdop>
	<extensions>
		<gpxtpx:TrackPointExtension>
			<gpxtpx:course>127.0</gpxtpx:course>
		</gpxtpx:TrackPointExtension>
	</extensions>
</trkpt>
<trkpt lat="46.4629832" lon="15.0940892">
	<ele>455.96</ele>
	<time>2026-07-21T10:54:12.990Z</time>
	<hdop>3.79</hdop>
	<extensions>
		<gpxtpx:TrackPointExtension>
			<gpxtpx:course>131.0</gpxtpx:course>
		</gpxtpx:TrackPointExtension>
	</extensions>
</trkpt>
<trkpt lat="46.4627651" lon="15.0944610">
	<ele>456.27</ele>
	<time>2026-07-21T10:54:17.990Z</time>
	<hdop>3.79</hdop>
	<extensions>
		<gpxtpx:TrackPointExtension>
			<gpxtpx:course>130.0</gpxtpx:course>
		</gpxtpx:TrackPointExtension>
	</extensions>
</trkpt>
<trkpt lat="46.4625451" lon="15.0948304">
	<ele>457.26</ele>
	<time>2026-07-21T10:54:22.990Z</time>
	<hdop>3.79</hdop>
	<extensions>
		<gpxtpx:TrackPointExtension>
			<gpxtpx:course>132.0</gpxtpx:course>
		</gpxtpx:TrackPointExtension>
	</extensions>
</trkpt>
<trkpt lat="46.4622893" lon="15.0952931">
	<ele>457.78</ele>
	<time>2026-07-21T10:54:28.989Z</time>
	<hdop>3.79</hdop>
	<extensions>
		<gpxtpx:TrackPointExtension>
			<gpxtpx:course>126.0</gpxtpx:course>
		</gpxtpx:TrackPointExtension>
	</extensions>
</trkpt>
<trkpt lat="46.4620739" lon="15.0957302">
	<ele>457.13</ele>
	<time>2026-07-21T10:54:33.989Z</time>
	<hdop>3.79</hdop>
	<extensions>
		<gpxtpx:TrackPointExtension>
			<gpxtpx:course>126.0</gpxtpx:course>
		</gpxtpx:TrackPointExtension>
	</extensions>
</trkpt>
<trkpt lat="46.4618853" lon="15.0961657">
	<ele>457.04</ele>
	<time>2026-07-21T10:54:38.989Z</time>
	<hdop>3.79</hdop>
	<extensions>
		<gpxtpx:TrackPointExtension>
			<gpxtpx:course>121.0</gpxtpx:course>
		</gpxtpx:TrackPointExtension>
	</extensions>
</trkpt>
<trkpt lat="46.4616884" lon="15.0966147">
	<ele>455.38</ele>
	<time>2026-07-21T10:54:43.989Z</time>
	<hdop>3.79</hdop>
	<extensions>
		<gpxtpx:TrackPointExtension>
			<gpxtpx:course>122.0</gpxtpx:course>
		</gpxtpx:TrackPointExtension>
	</extensions>
</trkpt>
<trkpt lat="46.4614814" lon="15.0970497">
	<ele>454.16</ele>
	<time>2026-07-21T10:54:48.989Z</time>
	<hdop>3.79</hdop>
	<extensions>
		<gpxtpx:TrackPointExtension>
			<gpxtpx:course>127.0</gpxtpx:course>
		</gpxtpx:TrackPointExtension>
	</extensions>
</trkpt>
<trkpt lat="46.4611993" lon="15.0974137">
	<ele>454.40</ele>
	<time>2026-07-21T10:54:53.989Z</time>
	<hdop>3.79</hdop>
	<extensions>
		<gpxtpx:TrackPointExtension>
			<gpxtpx:course>141.0</gpxtpx:course>
		</gpxtpx:TrackPointExtension>
	</extensions>
</trkpt>
<trkpt lat="46.4609395" lon="15.0977867">
	<ele>455.05</ele>
	<time>2026-07-21T10:54:58.989Z</time>
	<hdop>3.79</hdop>
	<extensions>
		<gpxtpx:TrackPointExtension>
			<gpxtpx:course>129.0</gpxtpx:course>
		</gpxtpx:TrackPointExtension>
	</extensions>
</trkpt>
<trkpt lat="46.4607154" lon="15.0982255">
	<ele>456.15</ele>
	<time>2026-07-21T10:55:03.989Z</time>
	<hdop>3.79</hdop>
	<extensions>
		<gpxtpx:TrackPointExtension>
			<gpxtpx:course>124.0</gpxtpx:course>
		</gpxtpx:TrackPointExtension>
	</extensions>
</trkpt>
<trkpt lat="46.4605002" lon="15.0986957">
	<ele>457.75</ele>
	<time>2026-07-21T10:55:08.990Z</time>
	<hdop>3.79</hdop>
	<extensions>
		<gpxtpx:TrackPointExtension>
			<gpxtpx:course>123.0</gpxtpx:course>
		</gpxtpx:TrackPointExtension>
	</extensions>
</trkpt>
<trkpt lat="46.4602317" lon="15.0992414">
	<ele>458.33</ele>
	<time>2026-07-21T10:55:14.989Z</time>
	<hdop>3.79</hdop>
	<extensions>
		<gpxtpx:TrackPointExtension>
			<gpxtpx:course>129.0</gpxtpx:course>
		</gpxtpx:TrackPointExtension>
	</extensions>
</trkpt>
<trkpt lat="46.4599604" lon="15.0996161">
	<ele>457.92</ele>
	<time>2026-07-21T10:55:19.990Z</time>
	<hdop>3.79</hdop>
	<extensions>
		<gpxtpx:TrackPointExtension>
			<gpxtpx:course>142.0</gpxtpx:course>
		</gpxtpx:TrackPointExtension>
	</extensions>
</trkpt>
<trkpt lat="46.4596741" lon="15.0999403">
	<ele>457.69</ele>
	<time>2026-07-21T10:55:24.990Z</time>
	<hdop>3.79</hdop>
	<extensions>
		<gpxtpx:TrackPointExtension>
			<gpxtpx:course>144.0</gpxtpx:course>
		</gpxtpx:TrackPointExtension>
	</extensions>
</trkpt>
<trkpt lat="46.4593310" lon="15.1002829">
	<ele>458.44</ele>
	<time>2026-07-21T10:55:30.990Z</time>
	<hdop>3.79</hdop>
	<extensions>
		<gpxtpx:TrackPointExtension>
			<gpxtpx:course>143.0</gpxtpx:course>
		</gpxtpx:TrackPointExtension>
	</extensions>
</trkpt>
<trkpt lat="46.4590560" lon="15.1005807">
	<ele>460.13</ele>
	<time>2026-07-21T10:55:35.990Z</time>
	<hdop>3.79</hdop>
	<extensions>
		<gpxtpx:TrackPointExtension>
			<gpxtpx:course>140.0</gpxtpx:course>
		</gpxtpx:TrackPointExtension>
	</extensions>
</trkpt>
<trkpt lat="46.4588145" lon="15.1009327">
	<ele>461.91</ele>
	<time>2026-07-21T10:55:40.990Z</time>
	<hdop>3.79</hdop>
	<extensions>
		<gpxtpx:TrackPointExtension>
			<gpxtpx:course>131.0</gpxtpx:course>
		</gpxtpx:TrackPointExtension>
	</extensions>
</trkpt>
<trkpt lat="46.4585352" lon="15.1013611">
	<ele>462.37</ele>
	<time>2026-07-21T10:55:46.989Z</time>
	<hdop>3.79</hdop>
	<extensions>
		<gpxtpx:TrackPointExtension>
			<gpxtpx:course>136.0</gpxtpx:course>
		</gpxtpx:TrackPointExtension>
	</extensions>
</trkpt>
<trkpt lat="46.4582916" lon="15.1016998">
	<ele>462.51</ele>
	<time>2026-07-21T10:55:51.989Z</time>
	<hdop>3.79</hdop>
	<extensions>
		<gpxtpx:TrackPointExtension>
			<gpxtpx:course>138.0</gpxtpx:course>
		</gpxtpx:TrackPointExtension>
	</extensions>
</trkpt>
<trkpt lat="46.4580197" lon="15.1020161">
	<ele>467.21</ele>
	<time>2026-07-21T10:55:56.989Z</time>
	<hdop>3.79</hdop>
	<extensions>
		<gpxtpx:TrackPointExtension>
			<gpxtpx:course>142.0</gpxtpx:course>
		</gpxtpx:TrackPointExtension>
	</extensions>
</trkpt>
<trkpt lat="46.4577404" lon="15.1023314">
	<ele>466.98</ele>
	<time>2026-07-21T10:56:01.990Z</time>
	<hdop>3.79</hdop>
	<extensions>
		<gpxtpx:TrackPointExtension>
			<gpxtpx:course>144.0</gpxtpx:course>
		</gpxtpx:TrackPointExtension>
	</extensions>
</trkpt>
<trkpt lat="46.4573896" lon="15.1026808">
	<ele>463.42</ele>
	<time>2026-07-21T10:56:07.989Z</time>
	<hdop>3.79</hdop>
	<extensions>
		<gpxtpx:TrackPointExtension>
			<gpxtpx:course>145.0</gpxtpx:course>
		</gpxtpx:TrackPointExtension>
	</extensions>
</trkpt>
<trkpt lat="46.4571121" lon="15.1030030">
	<ele>464.54</ele>
	<time>2026-07-21T10:56:12.989Z</time>
	<hdop>3.79</hdop>
	<extensions>
		<gpxtpx:TrackPointExtension>
			<gpxtpx:course>135.0</gpxtpx:course>
		</gpxtpx:TrackPointExtension>
	</extensions>
</trkpt>
<trkpt lat="46.4568848" lon="15.1034140">
	<ele>467.40</ele>
	<time>2026-07-21T10:56:17.989Z</time>
	<hdop>3.79</hdop>
	<extensions>
		<gpxtpx:TrackPointExtension>
			<gpxtpx:course>125.0</gpxtpx:course>
		</gpxtpx:TrackPointExtension>
	</extensions>
</trkpt>
<trkpt lat="46.4566989" lon="15.1038681">
	<ele>467.37</ele>
	<time>2026-07-21T10:56:22.990Z</time>
	<hdop>3.79</hdop>
	<extensions>
		<gpxtpx:TrackPointExtension>
			<gpxtpx:course>119.0</gpxtpx:course>
		</gpxtpx:TrackPointExtension>
	</extensions>
</trkpt>
<trkpt lat="46.4565017" lon="15.1044185">
	<ele>465.02</ele>
	<time>2026-07-21T10:56:28.990Z</time>
	<hdop>3.79</hdop>
	<extensions>
		<gpxtpx:TrackPointExtension>
			<gpxtpx:course>115.0</gpxtpx:course>
		</gpxtpx:TrackPointExtension>
	</extensions>
</trkpt>
<trkpt lat="46.4563254" lon="15.1048715">
	<ele>464.59</ele>
	<time>2026-07-21T10:56:33.990Z</time>
	<hdop>3.79</hdop>
	<extensions>
		<gpxtpx:TrackPointExtension>
			<gpxtpx:course>122.0</gpxtpx:course>
		</gpxtpx:TrackPointExtension>
	</extensions>
</trkpt>
<trkpt lat="46.4560140" lon="15.1054027">
	<ele>464.95</ele>
	<time>2026-07-21T10:56:39.988Z</time>
	<hdop>3.79</hdop>
	<extensions>
		<gpxtpx:TrackPointExtension>
			<gpxtpx:course>133.0</gpxtpx:course>
		</gpxtpx:TrackPointExtension>
	</extensions>
</trkpt>
<trkpt lat="46.4557299" lon="15.1058416">
	<ele>464.34</ele>
	<time>2026-07-21T10:56:44.988Z</time>
	<hdop>3.79</hdop>
	<extensions>
		<gpxtpx:TrackPointExtension>
			<gpxtpx:course>130.0</gpxtpx:course>
		</gpxtpx:TrackPointExtension>
	</extensions>
</trkpt>
<trkpt lat="46.4554715" lon="15.1062818">
	<ele>465.61</ele>
	<time>2026-07-21T10:56:49.990Z</time>
	<hdop>3.79</hdop>
	<extensions>
		<gpxtpx:TrackPointExtension>
			<gpxtpx:course>129.0</gpxtpx:course>
		</gpxtpx:TrackPointExtension>
	</extensions>
</trkpt>
<trkpt lat="46.4551984" lon="15.1068173">
	<ele>466.46</ele>
	<time>2026-07-21T10:56:55.990Z</time>
	<hdop>3.79</hdop>
	<extensions>
		<gpxtpx:TrackPointExtension>
			<gpxtpx:course>125.0</gpxtpx:course>
		</gpxtpx:TrackPointExtension>
	</extensions>
</trkpt>
<trkpt lat="46.4549525" lon="15.1073469">
	<ele>467.90</ele>
	<time>2026-07-21T10:57:01.990Z</time>
	<hdop>3.79</hdop>
	<extensions>
		<gpxtpx:TrackPointExtension>
			<gpxtpx:course>121.0</gpxtpx:course>
		</gpxtpx:TrackPointExtension>
	</extensions>
</trkpt>
<trkpt lat="46.4547274" lon="15.1078562">
	<ele>468.54</ele>
	<time>2026-07-21T10:57:07.989Z</time>
	<hdop>3.79</hdop>
	<extensions>
		<gpxtpx:TrackPointExtension>
			<gpxtpx:course>124.0</gpxtpx:course>
		</gpxtpx:TrackPointExtension>
	</extensions>
</trkpt>
<trkpt lat="46.4544777" lon="15.1083161">
	<ele>469.81</ele>
	<time>2026-07-21T10:57:13.989Z</time>
	<hdop>3.79</hdop>
	<extensions>
		<gpxtpx:TrackPointExtension>
			<gpxtpx:course>128.0</gpxtpx:course>
		</gpxtpx:TrackPointExtension>
	</extensions>
</trkpt>
<trkpt lat="46.4542482" lon="15.1086913">
	<ele>470.80</ele>
	<time>2026-07-21T10:57:18.989Z</time>
	<hdop>3.79</hdop>
	<extensions>
		<gpxtpx:TrackPointExtension>
			<gpxtpx:course>132.0</gpxtpx:course>
		</gpxtpx:TrackPointExtension>
	</extensions>
</trkpt>
<trkpt lat="46.4539932" lon="15.1090614">
	<ele>470.97</ele>
	<time>2026-07-21T10:57:23.989Z</time>
	<hdop>3.79</hdop>
	<extensions>
		<gpxtpx:TrackPointExtension>
			<gpxtpx:course>141.0</gpxtpx:course>
		</gpxtpx:TrackPointExtension>
	</extensions>
</trkpt>
<trkpt lat="46.4536812" lon="15.1093468">
	<ele>470.92</ele>
	<time>2026-07-21T10:57:28.990Z</time>
	<hdop>3.79</hdop>
	<extensions>
		<gpxtpx:TrackPointExtension>
			<gpxtpx:course>151.0</gpxtpx:course>
		</gpxtpx:TrackPointExtension>
	</extensions>
</trkpt>
<trkpt lat="46.4532830" lon="15.1096058">
	<ele>470.89</ele>
	<time>2026-07-21T10:57:34.989Z</time>
	<hdop>3.79</hdop>
	<extensions>
		<gpxtpx:TrackPointExtension>
			<gpxtpx:course>156.0</gpxtpx:course>
		</gpxtpx:TrackPointExtension>
	</extensions>
</trkpt>
<trkpt lat="46.4529454" lon="15.1098312">
	<ele>470.64</ele>
	<time>2026-07-21T10:57:39.989Z</time>
	<hdop>3.79</hdop>
	<extensions>
		<gpxtpx:TrackPointExtension>
			<gpxtpx:course>154.0</gpxtpx:course>
		</gpxtpx:TrackPointExtension>
	</extensions>
</trkpt>
<trkpt lat="46.4526761" lon="15.1100545">
	<ele>469.36</ele>
	<time>2026-07-21T10:57:44.989Z</time>
	<hdop>3.79</hdop>
	<extensions>
		<gpxtpx:TrackPointExtension>
			<gpxtpx:course>142.0</gpxtpx:course>
		</gpxtpx:TrackPointExtension>
	</extensions>
</trkpt>
<trkpt lat="46.4525195" lon="15.1103841">
	<ele>468.52</ele>
	<time>2026-07-21T10:57:50.988Z</time>
	<hdop>3.79</hdop>
	<extensions>
		<gpxtpx:TrackPointExtension>
			<gpxtpx:course>100.0</gpxtpx:course>
		</gpxtpx:TrackPointExtension>
	</extensions>
</trkpt>
<trkpt lat="46.4525819" lon="15.1107738">
	<ele>468.87</ele>
	<time>2026-07-21T10:57:55.989Z</time>
	<hdop>3.79</hdop>
	<extensions>
		<gpxtpx:TrackPointExtension>
			<gpxtpx:course>72.0</gpxtpx:course>
		</gpxtpx:TrackPointExtension>
	</extensions>
</trkpt>
<trkpt lat="46.4527756" lon="15.1112956">
	<ele>467.96</ele>
	<time>2026-07-21T10:58:01.990Z</time>
	<hdop>3.79</hdop>
	<extensions>
		<gpxtpx:TrackPointExtension>
			<gpxtpx:course>62.0</gpxtpx:course>
		</gpxtpx:TrackPointExtension>
	</extensions>
</trkpt>
<trkpt lat="46.4529795" lon="15.1118373">
	<ele>468.34</ele>
	<time>2026-07-21T10:58:07.989Z</time>
	<hdop>3.79</hdop>
	<extensions>
		<gpxtpx:TrackPointExtension>
			<gpxtpx:course>61.0</gpxtpx:course>
		</gpxtpx:TrackPointExtension>
	</extensions>
</trkpt>
<trkpt lat="46.4531764" lon="15.1122583">
	<ele>471.14</ele>
	<time>2026-07-21T10:58:12.989Z</time>
	<hdop>3.79</hdop>
	<extensions>
		<gpxtpx:TrackPointExtension>
			<gpxtpx:course>50.0</gpxtpx:course>
		</gpxtpx:TrackPointExtension>
	</extensions>
</trkpt>
<trkpt lat="46.4533948" lon="15.1125872">
	<ele>473.32</ele>
	<time>2026-07-21T10:58:17.990Z</time>
	<hdop>3.79</hdop>
	<extensions>
		<gpxtpx:TrackPointExtension>
			<gpxtpx:course>45.0</gpxtpx:course>
		</gpxtpx:TrackPointExtension>
	</extensions>
</trkpt>
<trkpt lat="46.4536348" lon="15.1129644">
	<ele>474.19</ele>
	<time>2026-07-21T10:58:23.990Z</time>
	<hdop>3.79</hdop>
	<extensions>
		<gpxtpx:TrackPointExtension>
			<gpxtpx:course>52.0</gpxtpx:course>
		</gpxtpx:TrackPointExtension>
	</extensions>
</trkpt>
<trkpt lat="46.4537673" lon="15.1134788">
	<ele>474.65</ele>
	<time>2026-07-21T10:58:29.989Z</time>
	<hdop>3.79</hdop>
	<extensions>
		<gpxtpx:TrackPointExtension>
			<gpxtpx:course>68.0</gpxtpx:course>
		</gpxtpx:TrackPointExtension>
	</extensions>
</trkpt>
<trkpt lat="46.4538205" lon="15.1139814">
	<ele>474.74</ele>
	<time>2026-07-21T10:58:34.989Z</time>
	<hdop>3.79</hdop>
	<extensions>
		<gpxtpx:TrackPointExtension>
			<gpxtpx:course>83.0</gpxtpx:course>
		</gpxtpx:TrackPointExtension>
	</extensions>
</trkpt>
<trkpt lat="46.4538189" lon="15.1145031">
	<ele>474.78</ele>
	<time>2026-07-21T10:58:39.990Z</time>
	<hdop>3.79</hdop>
	<extensions>
		<gpxtpx:TrackPointExtension>
			<gpxtpx:course>92.0</gpxtpx:course>
		</gpxtpx:TrackPointExtension>
	</extensions>
</trkpt>
<trkpt lat="46.4536738" lon="15.1151167">
	<ele>475.35</ele>
	<time>2026-07-21T10:58:45.989Z</time>
	<hdop>3.79</hdop>
	<extensions>
		<gpxtpx:TrackPointExtension>
			<gpxtpx:course>115.0</gpxtpx:course>
		</gpxtpx:TrackPointExtension>
	</extensions>
</trkpt>
<trkpt lat="46.4535828" lon="15.1156432">
	<ele>472.52</ele>
	<time>2026-07-21T10:58:50.989Z</time>
	<hdop>3.79</hdop>
	<extensions>
		<gpxtpx:TrackPointExtension>
			<gpxtpx:course>97.0</gpxtpx:course>
		</gpxtpx:TrackPointExtension>
	</extensions>
</trkpt>
<trkpt lat="46.4536067" lon="15.1161758">
	<ele>472.16</ele>
	<time>2026-07-21T10:58:55.989Z</time>
	<hdop>3.79</hdop>
	<extensions>
		<gpxtpx:TrackPointExtension>
			<gpxtpx:course>82.0</gpxtpx:course>
		</gpxtpx:TrackPointExtension>
	</extensions>
</trkpt>
<trkpt lat="46.4536822" lon="15.1166781">
	<ele>474.52</ele>
	<time>2026-07-21T10:59:00.990Z</time>
	<hdop>3.79</hdop>
	<extensions>
		<gpxtpx:TrackPointExtension>
			<gpxtpx:course>76.0</gpxtpx:course>
		</gpxtpx:TrackPointExtension>
	</extensions>
</trkpt>
<trkpt lat="46.4537666" lon="15.1172493">
	<ele>476.52</ele>
	<time>2026-07-21T10:59:06.989Z</time>
	<hdop>3.79</hdop>
	<extensions>
		<gpxtpx:TrackPointExtension>
			<gpxtpx:course>77.0</gpxtpx:course>
		</gpxtpx:TrackPointExtension>
	</extensions>
</trkpt>
<trkpt lat="46.4538542" lon="15.1176984">
	<ele>476.35</ele>
	<time>2026-07-21T10:59:11.989Z</time>
	<hdop>3.79</hdop>
	<extensions>
		<gpxtpx:TrackPointExtension>
			<gpxtpx:course>76.0</gpxtpx:course>
		</gpxtpx:TrackPointExtension>
	</extensions>
</trkpt>
<trkpt lat="46.4539722" lon="15.1182022">
	<ele>475.68</ele>
	<time>2026-07-21T10:59:17.989Z</time>
	<hdop>3.79</hdop>
	<extensions>
		<gpxtpx:TrackPointExtension>
			<gpxtpx:course>69.0</gpxtpx:course>
		</gpxtpx:TrackPointExtension>
	</extensions>
</trkpt>
<trkpt lat="46.4540686" lon="15.1185855">
	<ele>475.25</ele>
	<time>2026-07-21T10:59:22.989Z</time>
	<hdop>3.79</hdop>
	<extensions>
		<gpxtpx:TrackPointExtension>
			<gpxtpx:course>75.0</gpxtpx:course>
		</gpxtpx:TrackPointExtension>
	</extensions>
</trkpt>
<trkpt lat="46.4539726" lon="15.1189104">
	<ele>476.02</ele>
	<time>2026-07-21T10:59:27.990Z</time>
	<hdop>3.79</hdop>
	<extensions>
		<gpxtpx:TrackPointExtension>
			<gpxtpx:course>121.0</gpxtpx:course>
		</gpxtpx:TrackPointExtension>
	</extensions>
</trkpt>
<trkpt lat="46.4537992" lon="15.1192062">
	<ele>477.48</ele>
	<time>2026-07-21T10:59:33.990Z</time>
	<hdop>3.79</hdop>
	<extensions>
		<gpxtpx:TrackPointExtension>
			<gpxtpx:course>121.0</gpxtpx:course>
		</gpxtpx:TrackPointExtension>
	</extensions>
</trkpt>
<trkpt lat="46.4536550" lon="15.1194557">
	<ele>480.04</ele>
	<time>2026-07-21T10:59:39.989Z</time>
	<hdop>3.79</hdop>
	<extensions>
		<gpxtpx:TrackPointExtension>
			<gpxtpx:course>131.0</gpxtpx:course>
		</gpxtpx:TrackPointExtension>
	</extensions>
</trkpt>
<trkpt lat="46.4535350" lon="15.1195827">
	<ele>482.74</ele>
	<time>2026-07-21T10:59:44.990Z</time>
	<hdop>3.79</hdop>
	<extensions>
		<gpxtpx:TrackPointExtension>
			<gpxtpx:course>152.0</gpxtpx:course>
		</gpxtpx:TrackPointExtension>
	</extensions>
</trkpt>
<trkpt lat="46.4533747" lon="15.1195962">
	<ele>485.02</ele>
	<time>2026-07-21T10:59:50.989Z</time>
	<hdop>3.79</hdop>
	<extensions>
		<gpxtpx:TrackPointExtension>
			<gpxtpx:course>175.0</gpxtpx:course>
		</gpxtpx:TrackPointExtension>
	</extensions>
</trkpt>
<trkpt lat="46.4532163" lon="15.1195950">
	<ele>486.64</ele>
	<time>2026-07-21T10:59:56.989Z</time>
	<hdop>3.79</hdop>
	<extensions>
		<gpxtpx:TrackPointExtension>
			<gpxtpx:course>179.0</gpxtpx:course>
		</gpxtpx:TrackPointExtension>
	</extensions>
</trkpt>
<trkpt lat="46.4530449" lon="15.1196083">
	<ele>488.36</ele>
	<time>2026-07-21T11:00:02.989Z</time>
	<hdop>3.79</hdop>
	<extensions>
		<gpxtpx:TrackPointExtension>
			<gpxtpx:course>170.0</gpxtpx:course>
		</gpxtpx:TrackPointExtension>
	</extensions>
</trkpt>
<trkpt lat="46.4529124" lon="15.1196319">
	<ele>489.93</ele>
	<time>2026-07-21T11:00:07.989Z</time>
	<hdop>3.79</hdop>
	<extensions>
		<gpxtpx:TrackPointExtension>
			<gpxtpx:course>177.0</gpxtpx:course>
		</gpxtpx:TrackPointExtension>
	</extensions>
</trkpt>
<trkpt lat="46.4527815" lon="15.1196489">
	<ele>491.40</ele>
	<time>2026-07-21T11:00:12.989Z</time>
	<hdop>3.79</hdop>
	<extensions>
		<gpxtpx:TrackPointExtension>
			<gpxtpx:course>175.0</gpxtpx:course>
		</gpxtpx:TrackPointExtension>
	</extensions>
</trkpt>
<trkpt lat="46.4526481" lon="15.1196781">
	<ele>493.20</ele>
	<time>2026-07-21T11:00:17.989Z</time>
	<hdop>3.79</hdop>
	<extensions>
		<gpxtpx:TrackPointExtension>
			<gpxtpx:course>169.0</gpxtpx:course>
		</gpxtpx:TrackPointExtension>
	</extensions>
</trkpt>
<trkpt lat="46.4524927" lon="15.1197665">
	<ele>496.62</ele>
	<time>2026-07-21T11:00:23.990Z</time>
	<hdop>3.79</hdop>
	<extensions>
		<gpxtpx:TrackPointExtension>
			<gpxtpx:course>159.0</gpxtpx:course>
		</gpxtpx:TrackPointExtension>
	</extensions>
</trkpt>
<trkpt lat="46.4523684" lon="15.1198757">
	<ele>499.69</ele>
	<time>2026-07-21T11:00:28.990Z</time>
	<hdop>3.79</hdop>
	<extensions>
		<gpxtpx:TrackPointExtension>
			<gpxtpx:course>145.0</gpxtpx:course>
		</gpxtpx:TrackPointExtension>
	</extensions>
</trkpt>
<trkpt lat="46.4522306" lon="15.1200218">
	<ele>502.18</ele>
	<time>2026-07-21T11:00:34.989Z</time>
	<hdop>3.79</hdop>
	<extensions>
		<gpxtpx:TrackPointExtension>
			<gpxtpx:course>149.0</gpxtpx:course>
		</gpxtpx:TrackPointExtension>
	</extensions>
</trkpt>
<trkpt lat="46.4521126" lon="15.1201292">
	<ele>503.45</ele>
	<time>2026-07-21T11:00:39.989Z</time>
	<hdop>3.79</hdop>
	<extensions>
		<gpxtpx:TrackPointExtension>
			<gpxtpx:course>147.0</gpxtpx:course>
		</gpxtpx:TrackPointExtension>
	</extensions>
</trkpt>
<trkpt lat="46.4519939" lon="15.1202351">
	<ele>504.71</ele>
	<time>2026-07-21T11:00:44.989Z</time>
	<hdop>3.79</hdop>
	<extensions>
		<gpxtpx:TrackPointExtension>
			<gpxtpx:course>158.0</gpxtpx:course>
		</gpxtpx:TrackPointExtension>
	</extensions>
</trkpt>
<trkpt lat="46.4518682" lon="15.1203409">
	<ele>506.15</ele>
	<time>2026-07-21T11:00:49.989Z</time>
	<hdop>3.79</hdop>
	<extensions>
		<gpxtpx:TrackPointExtension>
			<gpxtpx:course>148.0</gpxtpx:course>
		</gpxtpx:TrackPointExtension>
	</extensions>
</trkpt>
<trkpt lat="46.4517343" lon="15.1204214">
	<ele>507.65</ele>
	<time>2026-07-21T11:00:54.989Z</time>
	<hdop>3.79</hdop>
	<extensions>
		<gpxtpx:TrackPointExtension>
			<gpxtpx:course>171.0</gpxtpx:course>
		</gpxtpx:TrackPointExtension>
	</extensions>
</trkpt>
<trkpt lat="46.4515968" lon="15.1204129">
	<ele>508.76</ele>
	<time>2026-07-21T11:00:59.990Z</time>
	<hdop>3.79</hdop>
	<extensions>
		<gpxtpx:TrackPointExtension>
			<gpxtpx:course>193.0</gpxtpx:course>
		</gpxtpx:TrackPointExtension>
	</extensions>
</trkpt>
<trkpt lat="46.4514539" lon="15.1202824">
	<ele>509.42</ele>
	<time>2026-07-21T11:01:05.989Z</time>
	<hdop>3.79</hdop>
	<extensions>
		<gpxtpx:TrackPointExtension>
			<gpxtpx:course>220.0</gpxtpx:course>
		</gpxtpx:TrackPointExtension>
	</extensions>
</trkpt>
<trkpt lat="46.4513922" lon="15.1201010">
	<ele>509.25</ele>
	<time>2026-07-21T11:01:10.989Z</time>
	<hdop>3.79</hdop>
	<extensions>
		<gpxtpx:TrackPointExtension>
			<gpxtpx:course>248.0</gpxtpx:course>
		</gpxtpx:TrackPointExtension>
	</extensions>
</trkpt>
<trkpt lat="46.4513497" lon="15.1198588">
	<ele>509.41</ele>
	<time>2026-07-21T11:01:16.990Z</time>
	<hdop>3.79</hdop>
	<extensions>
		<gpxtpx:TrackPointExtension>
			<gpxtpx:course>252.0</gpxtpx:course>
		</gpxtpx:TrackPointExtension>
	</extensions>
</trkpt>
<trkpt lat="46.4512536" lon="15.1196709">
	<ele>511.39</ele>
	<time>2026-07-21T11:01:22.987Z</time>
	<hdop>3.79</hdop>
	<extensions>
		<gpxtpx:TrackPointExtension>
			<gpxtpx:course>203.0</gpxtpx:course>
		</gpxtpx:TrackPointExtension>
	</extensions>
</trkpt>
<trkpt lat="46.4511217" lon="15.1197364">
	<ele>514.99</ele>
	<time>2026-07-21T11:01:27.988Z</time>
	<hdop>3.79</hdop>
	<extensions>
		<gpxtpx:TrackPointExtension>
			<gpxtpx:course>132.0</gpxtpx:course>
		</gpxtpx:TrackPointExtension>
	</extensions>
</trkpt>
<trkpt lat="46.4510370" lon="15.1199242">
	<ele>517.21</ele>
	<time>2026-07-21T11:01:32.990Z</time>
	<hdop>3.79</hdop>
	<extensions>
		<gpxtpx:TrackPointExtension>
			<gpxtpx:course>130.0</gpxtpx:course>
		</gpxtpx:TrackPointExtension>
	</extensions>
</trkpt>
<trkpt lat="46.4509235" lon="15.1201075">
	<ele>519.58</ele>
	<time>2026-07-21T11:01:38.989Z</time>
	<hdop>3.79</hdop>
	<extensions>
		<gpxtpx:TrackPointExtension>
			<gpxtpx:course>146.0</gpxtpx:course>
		</gpxtpx:TrackPointExtension>
	</extensions>
</trkpt>
<trkpt lat="46.4508103" lon="15.1202331">
	<ele>521.39</ele>
	<time>2026-07-21T11:01:43.989Z</time>
	<hdop>3.79</hdop>
	<extensions>
		<gpxtpx:TrackPointExtension>
			<gpxtpx:course>149.0</gpxtpx:course>
		</gpxtpx:TrackPointExtension>
	</extensions>
</trkpt>
<trkpt lat="46.4506557" lon="15.1203380">
	<ele>523.30</ele>
	<time>2026-07-21T11:01:49.990Z</time>
	<hdop>3.79</hdop>
	<extensions>
		<gpxtpx:TrackPointExtension>
			<gpxtpx:course>163.0</gpxtpx:course>
		</gpxtpx:TrackPointExtension>
	</extensions>
</trkpt>
<trkpt lat="46.4504982" lon="15.1204117">
	<ele>524.96</ele>
	<time>2026-07-21T11:01:55.988Z</time>
	<hdop>3.79</hdop>
	<extensions>
		<gpxtpx:TrackPointExtension>
			<gpxtpx:course>163.0</gpxtpx:course>
		</gpxtpx:TrackPointExtension>
	</extensions>
</trkpt>
<trkpt lat="46.4503592" lon="15.1204520">
	<ele>526.33</ele>
	<time>2026-07-21T11:02:00.989Z</time>
	<hdop>3.79</hdop>
	<extensions>
		<gpxtpx:TrackPointExtension>
			<gpxtpx:course>169.0</gpxtpx:course>
		</gpxtpx:TrackPointExtension>
	</extensions>
</trkpt>
<trkpt lat="46.4502207" lon="15.1204641">
	<ele>527.86</ele>
	<time>2026-07-21T11:02:05.989Z</time>
	<hdop>3.79</hdop>
	<extensions>
		<gpxtpx:TrackPointExtension>
			<gpxtpx:course>181.0</gpxtpx:course>
		</gpxtpx:TrackPointExtension>
	</extensions>
</trkpt>
<trkpt lat="46.4500810" lon="15.1204480">
	<ele>529.83</ele>
	<time>2026-07-21T11:02:10.990Z</time>
	<hdop>3.79</hdop>
	<extensions>
		<gpxtpx:TrackPointExtension>
			<gpxtpx:course>184.0</gpxtpx:course>
		</gpxtpx:TrackPointExtension>
	</extensions>
</trkpt>
<trkpt lat="46.4499425" lon="15.1204467">
	<ele>531.37</ele>
	<time>2026-07-21T11:02:15.990Z</time>
	<hdop>3.79</hdop>
	<extensions>
		<gpxtpx:TrackPointExtension>
			<gpxtpx:course>187.0</gpxtpx:course>
		</gpxtpx:TrackPointExtension>
	</extensions>
</trkpt>
<trkpt lat="46.4497773" lon="15.1204189">
	<ele>533.85</ele>
	<time>2026-07-21T11:02:21.990Z</time>
	<hdop>3.79</hdop>
	<extensions>
		<gpxtpx:TrackPointExtension>
			<gpxtpx:course>183.0</gpxtpx:course>
		</gpxtpx:TrackPointExtension>
	</extensions>
</trkpt>
<trkpt lat="46.4496153" lon="15.1203927">
	<ele>536.42</ele>
	<time>2026-07-21T11:02:27.989Z</time>
	<hdop>3.79</hdop>
	<extensions>
		<gpxtpx:TrackPointExtension>
			<gpxtpx:course>184.0</gpxtpx:course>
		</gpxtpx:TrackPointExtension>
	</extensions>
</trkpt>
<trkpt lat="46.4494796" lon="15.1203718">
	<ele>538.57</ele>
	<time>2026-07-21T11:02:32.990Z</time>
	<hdop>3.79</hdop>
	<extensions>
		<gpxtpx:TrackPointExtension>
			<gpxtpx:course>193.0</gpxtpx:course>
		</gpxtpx:TrackPointExtension>
	</extensions>
</trkpt>
<trkpt lat="46.4493542" lon="15.1203437">
	<ele>540.88</ele>
	<time>2026-07-21T11:02:37.990Z</time>
	<hdop>3.79</hdop>
	<extensions>
		<gpxtpx:TrackPointExtension>
			<gpxtpx:course>208.0</gpxtpx:course>
		</gpxtpx:TrackPointExtension>
	</extensions>
</trkpt>
<trkpt lat="46.4492640" lon="15.1203221">
	<ele>542.88</ele>
	<time>2026-07-21T11:02:43.989Z</time>
	<hdop>3.79</hdop>
	<extensions>
		<gpxtpx:TrackPointExtension>
			<gpxtpx:course>175.0</gpxtpx:course>
		</gpxtpx:TrackPointExtension>
	</extensions>
</trkpt>
<trkpt lat="46.4491642" lon="15.1203135">
	<ele>543.91</ele>
	<time>2026-07-21T11:02:49.989Z</time>
	<hdop>3.79</hdop>
	<extensions>
		<gpxtpx:TrackPointExtension>
			<gpxtpx:course>204.0</gpxtpx:course>
		</gpxtpx:TrackPointExtension>
	</extensions>
</trkpt>
<trkpt lat="46.4494430" lon="15.1202027">
	<ele>545.36</ele>
	<time>2026-07-21T11:13:18.281Z</time>
	<hdop>3.53</hdop>
	<extensions>
		<gpxtpx:TrackPointExtension>
			<gpxtpx:course>199.96024</gpxtpx:course>
		</gpxtpx:TrackPointExtension>
	</extensions>
</trkpt>
<trkpt lat="46.4495693" lon="15.1201158">
	<ele>545.98</ele>
	<time>2026-07-21T11:13:23.333Z</time>
	<hdop>3.13</hdop>
	<extensions>
		<gpxtpx:TrackPointExtension>
			<gpxtpx:course>332.7854</gpxtpx:course>
		</gpxtpx:TrackPointExtension>
	</extensions>
</trkpt>
<trkpt lat="46.4497735" lon="15.1200079">
	<ele>544.55</ele>
	<time>2026-07-21T11:13:28.988Z</time>
	<hdop>3.14</hdop>
	<extensions>
		<gpxtpx:TrackPointExtension>
			<gpxtpx:course>331.0</gpxtpx:course>
		</gpxtpx:TrackPointExtension>
	</extensions>
</trkpt>
<trkpt lat="46.4498644" lon="15.1198842">
	<ele>544.85</ele>
	<time>2026-07-21T11:13:33.989Z</time>
	<hdop>3.79</hdop>
	<extensions>
		<gpxtpx:TrackPointExtension>
			<gpxtpx:course>310.0</gpxtpx:course>
		</gpxtpx:TrackPointExtension>
	</extensions>
</trkpt>
<trkpt lat="46.4499411" lon="15.1197082">
	<ele>546.47</ele>
	<time>2026-07-21T11:13:39.988Z</time>
	<hdop>3.79</hdop>
	<extensions>
		<gpxtpx:TrackPointExtension>
			<gpxtpx:course>299.0</gpxtpx:course>
		</gpxtpx:TrackPointExtension>
	</extensions>
</trkpt>
<trkpt lat="46.4499820" lon="15.1195515">
	<ele>548.15</ele>
	<time>2026-07-21T11:13:44.989Z</time>
	<hdop>3.79</hdop>
	<extensions>
		<gpxtpx:TrackPointExtension>
			<gpxtpx:course>291.0</gpxtpx:course>
		</gpxtpx:TrackPointExtension>
	</extensions>
</trkpt>
<trkpt lat="46.4499965" lon="15.1193895">
	<ele>549.68</ele>
	<time>2026-07-21T11:13:49.989Z</time>
	<hdop>3.79</hdop>
	<extensions>
		<gpxtpx:TrackPointExtension>
			<gpxtpx:course>275.0</gpxtpx:course>
		</gpxtpx:TrackPointExtension>
	</extensions>
</trkpt>
<trkpt lat="46.4499471" lon="15.1192187">
	<ele>551.23</ele>
	<time>2026-07-21T11:13:55.988Z</time>
	<hdop>3.79</hdop>
	<extensions>
		<gpxtpx:TrackPointExtension>
			<gpxtpx:course>214.0</gpxtpx:course>
		</gpxtpx:TrackPointExtension>
	</extensions>
</trkpt>
<trkpt lat="46.4498316" lon="15.1191606">
	<ele>552.95</ele>
	<time>2026-07-21T11:14:00.988Z</time>
	<hdop>3.79</hdop>
	<extensions>
		<gpxtpx:TrackPointExtension>
			<gpxtpx:course>183.0</gpxtpx:course>
		</gpxtpx:TrackPointExtension>
	</extensions>
</trkpt>
<trkpt lat="46.4497087" lon="15.1191521">
	<ele>554.52</ele>
	<time>2026-07-21T11:14:05.988Z</time>
	<hdop>3.79</hdop>
	<extensions>
		<gpxtpx:TrackPointExtension>
			<gpxtpx:course>172.0</gpxtpx:course>
		</gpxtpx:TrackPointExtension>
	</extensions>
</trkpt>
<trkpt lat="46.4495901" lon="15.1191434">
	<ele>555.69</ele>
	<time>2026-07-21T11:14:10.988Z</time>
	<hdop>3.79</hdop>
	<extensions>
		<gpxtpx:TrackPointExtension>
			<gpxtpx:course>197.0</gpxtpx:course>
		</gpxtpx:TrackPointExtension>
	</extensions>
</trkpt>
<trkpt lat="46.4494863" lon="15.1191458">
	<ele>556.57</ele>
	<time>2026-07-21T11:14:15.989Z</time>
	<hdop>3.79</hdop>
	<extensions>
		<gpxtpx:TrackPointExtension>
			<gpxtpx:course>149.0</gpxtpx:course>
		</gpxtpx:TrackPointExtension>
	</extensions>
</trkpt>
<trkpt lat="46.4494037" lon="15.1192684">
	<ele>558.48</ele>
	<time>2026-07-21T11:14:21.988Z</time>
	<hdop>3.79</hdop>
	<extensions>
		<gpxtpx:TrackPointExtension>
			<gpxtpx:course>124.0</gpxtpx:course>
		</gpxtpx:TrackPointExtension>
	</extensions>
</trkpt>
<trkpt lat="46.4492932" lon="15.1193329">
	<ele>559.90</ele>
	<time>2026-07-21T11:14:26.988Z</time>
	<hdop>3.79</hdop>
	<extensions>
		<gpxtpx:TrackPointExtension>
			<gpxtpx:course>142.0</gpxtpx:course>
		</gpxtpx:TrackPointExtension>
	</extensions>
</trkpt>
<trkpt lat="46.4492956" lon="15.1194645">
	<ele>560.12</ele>
	<time>2026-07-21T11:14:31.989Z</time>
	<hdop>3.79</hdop>
	<extensions>
		<gpxtpx:TrackPointExtension>
			<gpxtpx:course>49.0</gpxtpx:course>
		</gpxtpx:TrackPointExtension>
	</extensions>
</trkpt>
<trkpt lat="46.4493902" lon="15.1195324">
	<ele>558.74</ele>
	<time>2026-07-21T11:14:37.987Z</time>
	<hdop>3.79</hdop>
	<extensions>
		<gpxtpx:TrackPointExtension>
			<gpxtpx:course>343.0</gpxtpx:course>
		</gpxtpx:TrackPointExtension>
	</extensions>
</trkpt>
<trkpt lat="46.4494793" lon="15.1194470">
	<ele>558.01</ele>
	<time>2026-07-21T11:14:42.987Z</time>
	<hdop>3.79</hdop>
	<extensions>
		<gpxtpx:TrackPointExtension>
			<gpxtpx:course>318.0</gpxtpx:course>
		</gpxtpx:TrackPointExtension>
	</extensions>
</trkpt>
<trkpt lat="46.4495615" lon="15.1193682">
	<ele>557.20</ele>
	<time>2026-07-21T11:14:47.989Z</time>
	<hdop>3.79</hdop>
	<extensions>
		<gpxtpx:TrackPointExtension>
			<gpxtpx:course>312.0</gpxtpx:course>
		</gpxtpx:TrackPointExtension>
	</extensions>
</trkpt>
<trkpt lat="46.4496625" lon="15.1193443">
	<ele>555.98</ele>
	<time>2026-07-21T11:14:54.988Z</time>
	<hdop>3.79</hdop>
	<extensions>
		<gpxtpx:TrackPointExtension>
			<gpxtpx:course>33.0</gpxtpx:course>
		</gpxtpx:TrackPointExtension>
	</extensions>
</trkpt>
<trkpt lat="46.4496765" lon="15.1194945">
	<ele>554.91</ele>
	<time>2026-07-21T11:15:01.989Z</time>
	<hdop>3.79</hdop>
	<extensions>
		<gpxtpx:TrackPointExtension>
			<gpxtpx:course>71.0</gpxtpx:course>
		</gpxtpx:TrackPointExtension>
	</extensions>
</trkpt>
<trkpt lat="46.4496541" lon="15.1196354">
	<ele>553.58</ele>
	<time>2026-07-21T11:15:07.988Z</time>
	<hdop>3.79</hdop>
	<extensions>
		<gpxtpx:TrackPointExtension>
			<gpxtpx:course>130.0</gpxtpx:course>
		</gpxtpx:TrackPointExtension>
	</extensions>
</trkpt>
<trkpt lat="46.4495671" lon="15.1196836">
	<ele>554.33</ele>
	<time>2026-07-21T11:15:12.988Z</time>
	<hdop>3.79</hdop>
	<extensions>
		<gpxtpx:TrackPointExtension>
			<gpxtpx:course>173.0</gpxtpx:course>
		</gpxtpx:TrackPointExtension>
	</extensions>
</trkpt>
<trkpt lat="46.4494946" lon="15.1195858">
	<ele>556.64</ele>
	<time>2026-07-21T11:15:17.989Z</time>
	<hdop>3.79</hdop>
	<extensions>
		<gpxtpx:TrackPointExtension>
			<gpxtpx:course>244.0</gpxtpx:course>
		</gpxtpx:TrackPointExtension>
	</extensions>
</trkpt>
<trkpt lat="46.4494075" lon="15.1194666">
	<ele>558.66</ele>
	<time>2026-07-21T11:15:23.989Z</time>
	<hdop>3.79</hdop>
	<extensions>
		<gpxtpx:TrackPointExtension>
			<gpxtpx:course>201.0</gpxtpx:course>
		</gpxtpx:TrackPointExtension>
	</extensions>
</trkpt>
<trkpt lat="46.4493077" lon="15.1194679">
	<ele>559.83</ele>
	<time>2026-07-21T11:15:44.987Z</time>
	<hdop>3.79</hdop>
	<extensions>
		<gpxtpx:TrackPointExtension>
			<gpxtpx:course>181.0</gpxtpx:course>
		</gpxtpx:TrackPointExtension>
	</extensions>
</trkpt>
<trkpt lat="46.4491564" lon="15.1194358">
	<ele>561.53</ele>
	<time>2026-07-21T11:15:49.989Z</time>
	<hdop>3.79</hdop>
	<extensions>
		<gpxtpx:TrackPointExtension>
			<gpxtpx:course>173.0</gpxtpx:course>
		</gpxtpx:TrackPointExtension>
	</extensions>
</trkpt>
<trkpt lat="46.4489704" lon="15.1195105">
	<ele>563.22</ele>
	<time>2026-07-21T11:15:55.988Z</time>
	<hdop>3.79</hdop>
	<extensions>
		<gpxtpx:TrackPointExtension>
			<gpxtpx:course>160.0</gpxtpx:course>
		</gpxtpx:TrackPointExtension>
	</extensions>
</trkpt>
<trkpt lat="46.4487812" lon="15.1195222">
	<ele>564.60</ele>
	<time>2026-07-21T11:16:00.988Z</time>
	<hdop>3.79</hdop>
	<extensions>
		<gpxtpx:TrackPointExtension>
			<gpxtpx:course>179.0</gpxtpx:course>
		</gpxtpx:TrackPointExtension>
	</extensions>
</trkpt>
<trkpt lat="46.4485687" lon="15.1194969">
	<ele>565.94</ele>
	<time>2026-07-21T11:16:05.989Z</time>
	<hdop>3.79</hdop>
	<extensions>
		<gpxtpx:TrackPointExtension>
			<gpxtpx:course>188.0</gpxtpx:course>
		</gpxtpx:TrackPointExtension>
	</extensions>
</trkpt>
<trkpt lat="46.4483209" lon="15.1194016">
	<ele>567.66</ele>
	<time>2026-07-21T11:16:11.988Z</time>
	<hdop>3.79</hdop>
	<extensions>
		<gpxtpx:TrackPointExtension>
			<gpxtpx:course>196.0</gpxtpx:course>
		</gpxtpx:TrackPointExtension>
	</extensions>
</trkpt>
<trkpt lat="46.4481473" lon="15.1192915">
	<ele>568.86</ele>
	<time>2026-07-21T11:16:16.988Z</time>
	<hdop>3.79</hdop>
	<extensions>
		<gpxtpx:TrackPointExtension>
			<gpxtpx:course>205.0</gpxtpx:course>
		</gpxtpx:TrackPointExtension>
	</extensions>
</trkpt>
<trkpt lat="46.4479927" lon="15.1191900">
	<ele>569.85</ele>
	<time>2026-07-21T11:16:21.988Z</time>
	<hdop>3.79</hdop>
	<extensions>
		<gpxtpx:TrackPointExtension>
			<gpxtpx:course>204.0</gpxtpx:course>
		</gpxtpx:TrackPointExtension>
	</extensions>
</trkpt>
<trkpt lat="46.4478408" lon="15.1190913">
	<ele>571.44</ele>
	<time>2026-07-21T11:16:26.988Z</time>
	<hdop>3.79</hdop>
	<extensions>
		<gpxtpx:TrackPointExtension>
			<gpxtpx:course>208.0</gpxtpx:course>
		</gpxtpx:TrackPointExtension>
	</extensions>
</trkpt>
<trkpt lat="46.4477092" lon="15.1189946">
	<ele>574.37</ele>
	<time>2026-07-21T11:16:31.988Z</time>
	<hdop>3.79</hdop>
	<extensions>
		<gpxtpx:TrackPointExtension>
			<gpxtpx:course>209.0</gpxtpx:course>
		</gpxtpx:TrackPointExtension>
	</extensions>
</trkpt>
<trkpt lat="46.4475994" lon="15.1189049">
	<ele>578.30</ele>
	<time>2026-07-21T11:16:36.988Z</time>
	<hdop>3.79</hdop>
	<extensions>
		<gpxtpx:TrackPointExtension>
			<gpxtpx:course>209.0</gpxtpx:course>
		</gpxtpx:TrackPointExtension>
	</extensions>
</trkpt>
<trkpt lat="46.4474837" lon="15.1188496">
	<ele>582.16</ele>
	<time>2026-07-21T11:16:41.988Z</time>
	<hdop>3.79</hdop>
	<extensions>
		<gpxtpx:TrackPointExtension>
			<gpxtpx:course>181.0</gpxtpx:course>
		</gpxtpx:TrackPointExtension>
	</extensions>
</trkpt>
<trkpt lat="46.4473642" lon="15.1188380">
	<ele>585.20</ele>
	<time>2026-07-21T11:16:46.988Z</time>
	<hdop>3.79</hdop>
	<extensions>
		<gpxtpx:TrackPointExtension>
			<gpxtpx:course>174.0</gpxtpx:course>
		</gpxtpx:TrackPointExtension>
	</extensions>
</trkpt>
<trkpt lat="46.4472383" lon="15.1188730">
	<ele>587.24</ele>
	<time>2026-07-21T11:16:51.989Z</time>
	<hdop>3.79</hdop>
	<extensions>
		<gpxtpx:TrackPointExtension>
			<gpxtpx:course>156.0</gpxtpx:course>
		</gpxtpx:TrackPointExtension>
	</extensions>
</trkpt>
<trkpt lat="46.4471134" lon="15.1189313">
	<ele>588.48</ele>
	<time>2026-07-21T11:16:56.989Z</time>
	<hdop>3.79</hdop>
	<extensions>
		<gpxtpx:TrackPointExtension>
			<gpxtpx:course>157.0</gpxtpx:course>
		</gpxtpx:TrackPointExtension>
	</extensions>
</trkpt>
<trkpt lat="46.4469821" lon="15.1190001">
	<ele>589.27</ele>
	<time>2026-07-21T11:17:01.989Z</time>
	<hdop>3.79</hdop>
	<extensions>
		<gpxtpx:TrackPointExtension>
			<gpxtpx:course>160.0</gpxtpx:course>
		</gpxtpx:TrackPointExtension>
	</extensions>
</trkpt>
<trkpt lat="46.4468291" lon="15.1190560">
	<ele>590.11</ele>
	<time>2026-07-21T11:17:07.988Z</time>
	<hdop>3.79</hdop>
	<extensions>
		<gpxtpx:TrackPointExtension>
			<gpxtpx:course>176.0</gpxtpx:course>
		</gpxtpx:TrackPointExtension>
	</extensions>
</trkpt>
<trkpt lat="46.4466919" lon="15.1190765">
	<ele>590.43</ele>
	<time>2026-07-21T11:17:12.988Z</time>
	<hdop>3.79</hdop>
	<extensions>
		<gpxtpx:TrackPointExtension>
			<gpxtpx:course>179.0</gpxtpx:course>
		</gpxtpx:TrackPointExtension>
	</extensions>
</trkpt>
<trkpt lat="46.4465279" lon="15.1190312">
	<ele>590.06</ele>
	<time>2026-07-21T11:17:18.989Z</time>
	<hdop>3.79</hdop>
	<extensions>
		<gpxtpx:TrackPointExtension>
			<gpxtpx:course>199.0</gpxtpx:course>
		</gpxtpx:TrackPointExtension>
	</extensions>
</trkpt>
<trkpt lat="46.4463631" lon="15.1189010">
	<ele>589.47</ele>
	<time>2026-07-21T11:17:24.988Z</time>
	<hdop>3.79</hdop>
	<extensions>
		<gpxtpx:TrackPointExtension>
			<gpxtpx:course>214.0</gpxtpx:course>
		</gpxtpx:TrackPointExtension>
	</extensions>
</trkpt>
<trkpt lat="46.4462587" lon="15.1187637">
	<ele>590.75</ele>
	<time>2026-07-21T11:17:29.989Z</time>
	<hdop>3.79</hdop>
	<extensions>
		<gpxtpx:TrackPointExtension>
			<gpxtpx:course>227.0</gpxtpx:course>
		</gpxtpx:TrackPointExtension>
	</extensions>
</trkpt>
<trkpt lat="46.4461429" lon="15.1185744">
	<ele>594.62</ele>
	<time>2026-07-21T11:17:35.988Z</time>
	<hdop>3.79</hdop>
	<extensions>
		<gpxtpx:TrackPointExtension>
			<gpxtpx:course>228.0</gpxtpx:course>
		</gpxtpx:TrackPointExtension>
	</extensions>
</trkpt>
<trkpt lat="46.4460438" lon="15.1184277">
	<ele>598.09</ele>
	<time>2026-07-21T11:17:40.988Z</time>
	<hdop>3.79</hdop>
	<extensions>
		<gpxtpx:TrackPointExtension>
			<gpxtpx:course>227.0</gpxtpx:course>
		</gpxtpx:TrackPointExtension>
	</extensions>
</trkpt>
<trkpt lat="46.4459242" lon="15.1182596">
	<ele>601.99</ele>
	<time>2026-07-21T11:17:46.988Z</time>
	<hdop>3.79</hdop>
	<extensions>
		<gpxtpx:TrackPointExtension>
			<gpxtpx:course>223.0</gpxtpx:course>
		</gpxtpx:TrackPointExtension>
	</extensions>
</trkpt>
<trkpt lat="46.4458042" lon="15.1181140">
	<ele>606.34</ele>
	<time>2026-07-21T11:17:52.988Z</time>
	<hdop>3.79</hdop>
	<extensions>
		<gpxtpx:TrackPointExtension>
			<gpxtpx:course>203.0</gpxtpx:course>
		</gpxtpx:TrackPointExtension>
	</extensions>
</trkpt>
<trkpt lat="46.4456864" lon="15.1180231">
	<ele>607.82</ele>
	<time>2026-07-21T11:17:57.989Z</time>
	<hdop>3.79</hdop>
	<extensions>
		<gpxtpx:TrackPointExtension>
			<gpxtpx:course>225.0</gpxtpx:course>
		</gpxtpx:TrackPointExtension>
	</extensions>
</trkpt>
<trkpt lat="46.4455388" lon="15.1178980">
	<ele>608.34</ele>
	<time>2026-07-21T11:18:03.989Z</time>
	<hdop>3.79</hdop>
	<extensions>
		<gpxtpx:TrackPointExtension>
			<gpxtpx:course>212.0</gpxtpx:course>
		</gpxtpx:TrackPointExtension>
	</extensions>
</trkpt>
<trkpt lat="46.4454241" lon="15.1177255">
	<ele>609.12</ele>
	<time>2026-07-21T11:18:09.988Z</time>
	<hdop>3.79</hdop>
	<extensions>
		<gpxtpx:TrackPointExtension>
			<gpxtpx:course>228.0</gpxtpx:course>
		</gpxtpx:TrackPointExtension>
	</extensions>
</trkpt>
<trkpt lat="46.4453432" lon="15.1175945">
	<ele>609.03</ele>
	<time>2026-07-21T11:18:14.989Z</time>
	<hdop>3.80</hdop>
	<extensions>
		<gpxtpx:TrackPointExtension>
			<gpxtpx:course>224.0</gpxtpx:course>
		</gpxtpx:TrackPointExtension>
	</extensions>
</trkpt>
<trkpt lat="46.4452570" lon="15.1174227">
	<ele>609.48</ele>
	<time>2026-07-21T11:18:19.989Z</time>
	<hdop>3.80</hdop>
	<extensions>
		<gpxtpx:TrackPointExtension>
			<gpxtpx:course>231.0</gpxtpx:course>
		</gpxtpx:TrackPointExtension>
	</extensions>
</trkpt>
<trkpt lat="46.4451424" lon="15.1172655">
	<ele>610.78</ele>
	<time>2026-07-21T11:18:25.988Z</time>
	<hdop>3.79</hdop>
	<extensions>
		<gpxtpx:TrackPointExtension>
			<gpxtpx:course>226.0</gpxtpx:course>
		</gpxtpx:TrackPointExtension>
	</extensions>
</trkpt>
<trkpt lat="46.4450210" lon="15.1171631">
	<ele>612.67</ele>
	<time>2026-07-21T11:18:30.989Z</time>
	<hdop>3.79</hdop>
	<extensions>
		<gpxtpx:TrackPointExtension>
			<gpxtpx:course>214.0</gpxtpx:course>
		</gpxtpx:TrackPointExtension>
	</extensions>
</trkpt>
<trkpt lat="46.4448854" lon="15.1170346">
	<ele>616.82</ele>
	<time>2026-07-21T11:18:36.988Z</time>
	<hdop>3.79</hdop>
	<extensions>
		<gpxtpx:TrackPointExtension>
			<gpxtpx:course>225.0</gpxtpx:course>
		</gpxtpx:TrackPointExtension>
	</extensions>
</trkpt>
<trkpt lat="46.4447628" lon="15.1169357">
	<ele>620.18</ele>
	<time>2026-07-21T11:18:41.989Z</time>
	<hdop>3.79</hdop>
	<extensions>
		<gpxtpx:TrackPointExtension>
			<gpxtpx:course>212.0</gpxtpx:course>
		</gpxtpx:TrackPointExtension>
	</extensions>
</trkpt>
<trkpt lat="46.4446113" lon="15.1168292">
	<ele>622.22</ele>
	<time>2026-07-21T11:18:47.988Z</time>
	<hdop>3.79</hdop>
	<extensions>
		<gpxtpx:TrackPointExtension>
			<gpxtpx:course>211.0</gpxtpx:course>
		</gpxtpx:TrackPointExtension>
	</extensions>
</trkpt>
<trkpt lat="46.4444921" lon="15.1167266">
	<ele>623.36</ele>
	<time>2026-07-21T11:18:52.988Z</time>
	<hdop>3.79</hdop>
	<extensions>
		<gpxtpx:TrackPointExtension>
			<gpxtpx:course>222.0</gpxtpx:course>
		</gpxtpx:TrackPointExtension>
	</extensions>
</trkpt>
<trkpt lat="46.4443414" lon="15.1166275">
	<ele>623.38</ele>
	<time>2026-07-21T11:18:58.989Z</time>
	<hdop>3.79</hdop>
	<extensions>
		<gpxtpx:TrackPointExtension>
			<gpxtpx:course>203.0</gpxtpx:course>
		</gpxtpx:TrackPointExtension>
	</extensions>
</trkpt>
<trkpt lat="46.4442123" lon="15.1165679">
	<ele>623.35</ele>
	<time>2026-07-21T11:19:03.989Z</time>
	<hdop>3.79</hdop>
	<extensions>
		<gpxtpx:TrackPointExtension>
			<gpxtpx:course>194.0</gpxtpx:course>
		</gpxtpx:TrackPointExtension>
	</extensions>
</trkpt>
<trkpt lat="46.4440493" lon="15.1165257">
	<ele>623.41</ele>
	<time>2026-07-21T11:19:09.989Z</time>
	<hdop>3.79</hdop>
	<extensions>
		<gpxtpx:TrackPointExtension>
			<gpxtpx:course>198.0</gpxtpx:course>
		</gpxtpx:TrackPointExtension>
	</extensions>
</trkpt>
<trkpt lat="46.4438860" lon="15.1164946">
	<ele>623.08</ele>
	<time>2026-07-21T11:19:15.988Z</time>
	<hdop>3.79</hdop>
	<extensions>
		<gpxtpx:TrackPointExtension>
			<gpxtpx:course>193.0</gpxtpx:course>
		</gpxtpx:TrackPointExtension>
	</extensions>
</trkpt>
<trkpt lat="46.4437604" lon="15.1164240">
	<ele>623.82</ele>
	<time>2026-07-21T11:19:20.989Z</time>
	<hdop>3.79</hdop>
	<extensions>
		<gpxtpx:TrackPointExtension>
			<gpxtpx:course>202.0</gpxtpx:course>
		</gpxtpx:TrackPointExtension>
	</extensions>
</trkpt>
<trkpt lat="46.4436263" lon="15.1162908">
	<ele>625.85</ele>
	<time>2026-07-21T11:19:26.989Z</time>
	<hdop>3.79</hdop>
	<extensions>
		<gpxtpx:TrackPointExtension>
			<gpxtpx:course>229.0</gpxtpx:course>
		</gpxtpx:TrackPointExtension>
	</extensions>
</trkpt>
<trkpt lat="46.4434879" lon="15.1161902">
	<ele>626.83</ele>
	<time>2026-07-21T11:19:32.988Z</time>
	<hdop>3.79</hdop>
	<extensions>
		<gpxtpx:TrackPointExtension>
			<gpxtpx:course>198.0</gpxtpx:course>
		</gpxtpx:TrackPointExtension>
	</extensions>
</trkpt>
<trkpt lat="46.4433355" lon="15.1162144">
	<ele>625.98</ele>
	<time>2026-07-21T11:19:38.989Z</time>
	<hdop>3.79</hdop>
	<extensions>
		<gpxtpx:TrackPointExtension>
			<gpxtpx:course>167.0</gpxtpx:course>
		</gpxtpx:TrackPointExtension>
	</extensions>
</trkpt>
<trkpt lat="46.4432167" lon="15.1162919">
	<ele>625.65</ele>
	<time>2026-07-21T11:19:43.989Z</time>
	<hdop>3.79</hdop>
	<extensions>
		<gpxtpx:TrackPointExtension>
			<gpxtpx:course>158.0</gpxtpx:course>
		</gpxtpx:TrackPointExtension>
	</extensions>
</trkpt>
<trkpt lat="46.4430637" lon="15.1163587">
	<ele>627.16</ele>
	<time>2026-07-21T11:19:49.989Z</time>
	<hdop>3.79</hdop>
	<extensions>
		<gpxtpx:TrackPointExtension>
			<gpxtpx:course>168.0</gpxtpx:course>
		</gpxtpx:TrackPointExtension>
	</extensions>
</trkpt>
<trkpt lat="46.4429308" lon="15.1163843">
	<ele>629.67</ele>
	<time>2026-07-21T11:19:54.989Z</time>
	<hdop>3.79</hdop>
	<extensions>
		<gpxtpx:TrackPointExtension>
			<gpxtpx:course>184.0</gpxtpx:course>
		</gpxtpx:TrackPointExtension>
	</extensions>
</trkpt>
<trkpt lat="46.4427731" lon="15.1164209">
	<ele>633.28</ele>
	<time>2026-07-21T11:20:00.987Z</time>
	<hdop>3.79</hdop>
	<extensions>
		<gpxtpx:TrackPointExtension>
			<gpxtpx:course>182.0</gpxtpx:course>
		</gpxtpx:TrackPointExtension>
	</extensions>
</trkpt>
<trkpt lat="46.4426356" lon="15.1164783">
	<ele>636.79</ele>
	<time>2026-07-21T11:20:05.989Z</time>
	<hdop>3.79</hdop>
	<extensions>
		<gpxtpx:TrackPointExtension>
			<gpxtpx:course>162.0</gpxtpx:course>
		</gpxtpx:TrackPointExtension>
	</extensions>
</trkpt>
<trkpt lat="46.4424696" lon="15.1165615">
	<ele>641.06</ele>
	<time>2026-07-21T11:20:11.988Z</time>
	<hdop>3.79</hdop>
	<extensions>
		<gpxtpx:TrackPointExtension>
			<gpxtpx:course>165.0</gpxtpx:course>
		</gpxtpx:TrackPointExtension>
	</extensions>
</trkpt>
<trkpt lat="46.4423394" lon="15.1166461">
	<ele>644.63</ele>
	<time>2026-07-21T11:20:16.989Z</time>
	<hdop>3.79</hdop>
	<extensions>
		<gpxtpx:TrackPointExtension>
			<gpxtpx:course>161.0</gpxtpx:course>
		</gpxtpx:TrackPointExtension>
	</extensions>
</trkpt>
<trkpt lat="46.4421718" lon="15.1167379">
	<ele>648.99</ele>
	<time>2026-07-21T11:20:22.987Z</time>
	<hdop>3.79</hdop>
	<extensions>
		<gpxtpx:TrackPointExtension>
			<gpxtpx:course>159.0</gpxtpx:course>
		</gpxtpx:TrackPointExtension>
	</extensions>
</trkpt>
<trkpt lat="46.4420395" lon="15.1168067">
	<ele>652.13</ele>
	<time>2026-07-21T11:20:27.989Z</time>
	<hdop>3.79</hdop>
	<extensions>
		<gpxtpx:TrackPointExtension>
			<gpxtpx:course>158.0</gpxtpx:course>
		</gpxtpx:TrackPointExtension>
	</extensions>
</trkpt>
<trkpt lat="46.4418845" lon="15.1168924">
	<ele>655.19</ele>
	<time>2026-07-21T11:20:33.988Z</time>
	<hdop>3.79</hdop>
	<extensions>
		<gpxtpx:TrackPointExtension>
			<gpxtpx:course>164.0</gpxtpx:course>
		</gpxtpx:TrackPointExtension>
	</extensions>
</trkpt>
<trkpt lat="46.4417381" lon="15.1169569">
	<ele>656.86</ele>
	<time>2026-07-21T11:20:39.987Z</time>
	<hdop>3.79</hdop>
	<extensions>
		<gpxtpx:TrackPointExtension>
			<gpxtpx:course>178.0</gpxtpx:course>
		</gpxtpx:TrackPointExtension>
	</extensions>
</trkpt>
<trkpt lat="46.4416173" lon="15.1169523">
	<ele>657.02</ele>
	<time>2026-07-21T11:20:44.989Z</time>
	<hdop>3.79</hdop>
	<extensions>
		<gpxtpx:TrackPointExtension>
			<gpxtpx:course>187.0</gpxtpx:course>
		</gpxtpx:TrackPointExtension>
	</extensions>
</trkpt>
<trkpt lat="46.4414701" lon="15.1168822">
	<ele>655.89</ele>
	<time>2026-07-21T11:20:50.988Z</time>
	<hdop>3.79</hdop>
	<extensions>
		<gpxtpx:TrackPointExtension>
			<gpxtpx:course>206.0</gpxtpx:course>
		</gpxtpx:TrackPointExtension>
	</extensions>
</trkpt>
<trkpt lat="46.4413510" lon="15.1168017">
	<ele>654.82</ele>
	<time>2026-07-21T11:20:55.988Z</time>
	<hdop>3.79</hdop>
	<extensions>
		<gpxtpx:TrackPointExtension>
			<gpxtpx:course>204.0</gpxtpx:course>
		</gpxtpx:TrackPointExtension>
	</extensions>
</trkpt>
<trkpt lat="46.4412105" lon="15.1167156">
	<ele>654.03</ele>
	<time>2026-07-21T11:21:01.988Z</time>
	<hdop>3.79</hdop>
	<extensions>
		<gpxtpx:TrackPointExtension>
			<gpxtpx:course>207.0</gpxtpx:course>
		</gpxtpx:TrackPointExtension>
	</extensions>
</trkpt>
<trkpt lat="46.4410735" lon="15.1166150">
	<ele>654.20</ele>
	<time>2026-07-21T11:21:07.988Z</time>
	<hdop>3.79</hdop>
	<extensions>
		<gpxtpx:TrackPointExtension>
			<gpxtpx:course>211.0</gpxtpx:course>
		</gpxtpx:TrackPointExtension>
	</extensions>
</trkpt>
<trkpt lat="46.4409506" lon="15.1164698">
	<ele>655.26</ele>
	<time>2026-07-21T11:21:13.989Z</time>
	<hdop>3.79</hdop>
	<extensions>
		<gpxtpx:TrackPointExtension>
			<gpxtpx:course>222.0</gpxtpx:course>
		</gpxtpx:TrackPointExtension>
	</extensions>
</trkpt>
<trkpt lat="46.4408399" lon="15.1163266">
	<ele>656.83</ele>
	<time>2026-07-21T11:21:19.988Z</time>
	<hdop>3.79</hdop>
	<extensions>
		<gpxtpx:TrackPointExtension>
			<gpxtpx:course>221.0</gpxtpx:course>
		</gpxtpx:TrackPointExtension>
	</extensions>
</trkpt>
<trkpt lat="46.4407202" lon="15.1161698">
	<ele>659.62</ele>
	<time>2026-07-21T11:21:25.988Z</time>
	<hdop>3.79</hdop>
	<extensions>
		<gpxtpx:TrackPointExtension>
			<gpxtpx:course>230.0</gpxtpx:course>
		</gpxtpx:TrackPointExtension>
	</extensions>
</trkpt>
<trkpt lat="46.4406278" lon="15.1160115">
	<ele>662.85</ele>
	<time>2026-07-21T11:21:30.988Z</time>
	<hdop>3.79</hdop>
	<extensions>
		<gpxtpx:TrackPointExtension>
			<gpxtpx:course>234.0</gpxtpx:course>
		</gpxtpx:TrackPointExtension>
	</extensions>
</trkpt>
<trkpt lat="46.4405686" lon="15.1158161">
	<ele>665.71</ele>
	<time>2026-07-21T11:21:35.989Z</time>
	<hdop>3.79</hdop>
	<extensions>
		<gpxtpx:TrackPointExtension>
			<gpxtpx:course>252.0</gpxtpx:course>
		</gpxtpx:TrackPointExtension>
	</extensions>
</trkpt>
<trkpt lat="46.4405363" lon="15.1156051">
	<ele>667.42</ele>
	<time>2026-07-21T11:21:40.989Z</time>
	<hdop>3.79</hdop>
	<extensions>
		<gpxtpx:TrackPointExtension>
			<gpxtpx:course>262.0</gpxtpx:course>
		</gpxtpx:TrackPointExtension>
	</extensions>
</trkpt>
<trkpt lat="46.4405201" lon="15.1153177">
	<ele>667.47</ele>
	<time>2026-07-21T11:21:46.987Z</time>
	<hdop>3.79</hdop>
	<extensions>
		<gpxtpx:TrackPointExtension>
			<gpxtpx:course>272.0</gpxtpx:course>
		</gpxtpx:TrackPointExtension>
	</extensions>
</trkpt>
<trkpt lat="46.4404964" lon="15.1150357">
	<ele>666.39</ele>
	<time>2026-07-21T11:21:52.988Z</time>
	<hdop>3.79</hdop>
	<extensions>
		<gpxtpx:TrackPointExtension>
			<gpxtpx:course>253.0</gpxtpx:course>
		</gpxtpx:TrackPointExtension>
	</extensions>
</trkpt>
<trkpt lat="46.4403925" lon="15.1148566">
	<ele>667.09</ele>
	<time>2026-07-21T11:21:57.989Z</time>
	<hdop>3.79</hdop>
	<extensions>
		<gpxtpx:TrackPointExtension>
			<gpxtpx:course>207.0</gpxtpx:course>
		</gpxtpx:TrackPointExtension>
	</extensions>
</trkpt>
<trkpt lat="46.4402037" lon="15.1147309">
	<ele>669.67</ele>
	<time>2026-07-21T11:22:03.986Z</time>
	<hdop>3.79</hdop>
	<extensions>
		<gpxtpx:TrackPointExtension>
			<gpxtpx:course>208.0</gpxtpx:course>
		</gpxtpx:TrackPointExtension>
	</extensions>
</trkpt>
<trkpt lat="46.4400601" lon="15.1146186">
	<ele>671.37</ele>
	<time>2026-07-21T11:22:08.989Z</time>
	<hdop>3.79</hdop>
	<extensions>
		<gpxtpx:TrackPointExtension>
			<gpxtpx:course>211.0</gpxtpx:course>
		</gpxtpx:TrackPointExtension>
	</extensions>
</trkpt>
<trkpt lat="46.4399250" lon="15.1144961">
	<ele>672.77</ele>
	<time>2026-07-21T11:22:13.989Z</time>
	<hdop>3.79</hdop>
	<extensions>
		<gpxtpx:TrackPointExtension>
			<gpxtpx:course>206.0</gpxtpx:course>
		</gpxtpx:TrackPointExtension>
	</extensions>
</trkpt>
<trkpt lat="46.4397892" lon="15.1143696">
	<ele>673.86</ele>
	<time>2026-07-21T11:22:18.989Z</time>
	<hdop>3.79</hdop>
	<extensions>
		<gpxtpx:TrackPointExtension>
			<gpxtpx:course>215.0</gpxtpx:course>
		</gpxtpx:TrackPointExtension>
	</extensions>
</trkpt>
<trkpt lat="46.4396096" lon="15.1142397">
	<ele>674.91</ele>
	<time>2026-07-21T11:22:24.987Z</time>
	<hdop>3.79</hdop>
	<extensions>
		<gpxtpx:TrackPointExtension>
			<gpxtpx:course>196.0</gpxtpx:course>
		</gpxtpx:TrackPointExtension>
	</extensions>
</trkpt>
<trkpt lat="46.4394620" lon="15.1141925">
	<ele>676.09</ele>
	<time>2026-07-21T11:22:29.988Z</time>
	<hdop>3.79</hdop>
	<extensions>
		<gpxtpx:TrackPointExtension>
			<gpxtpx:course>180.0</gpxtpx:course>
		</gpxtpx:TrackPointExtension>
	</extensions>
</trkpt>
<trkpt lat="46.4392793" lon="15.1142062">
	<ele>677.99</ele>
	<time>2026-07-21T11:22:35.989Z</time>
	<hdop>3.79</hdop>
	<extensions>
		<gpxtpx:TrackPointExtension>
			<gpxtpx:course>167.0</gpxtpx:course>
		</gpxtpx:TrackPointExtension>
	</extensions>
</trkpt>
<trkpt lat="46.4391206" lon="15.1142554">
	<ele>679.50</ele>
	<time>2026-07-21T11:22:40.989Z</time>
	<hdop>3.79</hdop>
	<extensions>
		<gpxtpx:TrackPointExtension>
			<gpxtpx:course>155.0</gpxtpx:course>
		</gpxtpx:TrackPointExtension>
	</extensions>
</trkpt>
<trkpt lat="46.4389353" lon="15.1143725">
	<ele>681.27</ele>
	<time>2026-07-21T11:22:46.988Z</time>
	<hdop>3.79</hdop>
	<extensions>
		<gpxtpx:TrackPointExtension>
			<gpxtpx:course>155.0</gpxtpx:course>
		</gpxtpx:TrackPointExtension>
	</extensions>
</trkpt>
<trkpt lat="46.4387861" lon="15.1144814">
	<ele>682.19</ele>
	<time>2026-07-21T11:22:51.988Z</time>
	<hdop>3.79</hdop>
	<extensions>
		<gpxtpx:TrackPointExtension>
			<gpxtpx:course>151.0</gpxtpx:course>
		</gpxtpx:TrackPointExtension>
	</extensions>
</trkpt>
<trkpt lat="46.4386476" lon="15.1146045">
	<ele>682.69</ele>
	<time>2026-07-21T11:22:56.988Z</time>
	<hdop>3.79</hdop>
	<extensions>
		<gpxtpx:TrackPointExtension>
			<gpxtpx:course>139.0</gpxtpx:course>
		</gpxtpx:TrackPointExtension>
	</extensions>
</trkpt>
<trkpt lat="46.4385148" lon="15.1147530">
	<ele>683.21</ele>
	<time>2026-07-21T11:23:01.988Z</time>
	<hdop>3.79</hdop>
	<extensions>
		<gpxtpx:TrackPointExtension>
			<gpxtpx:course>137.0</gpxtpx:course>
		</gpxtpx:TrackPointExtension>
	</extensions>
</trkpt>
<trkpt lat="46.4383852" lon="15.1149157">
	<ele>684.03</ele>
	<time>2026-07-21T11:23:06.988Z</time>
	<hdop>3.79</hdop>
	<extensions>
		<gpxtpx:TrackPointExtension>
			<gpxtpx:course>138.0</gpxtpx:course>
		</gpxtpx:TrackPointExtension>
	</extensions>
</trkpt>
<trkpt lat="46.4382556" lon="15.1150607">
	<ele>685.13</ele>
	<time>2026-07-21T11:23:11.989Z</time>
	<hdop>3.79</hdop>
	<extensions>
		<gpxtpx:TrackPointExtension>
			<gpxtpx:course>139.0</gpxtpx:course>
		</gpxtpx:TrackPointExtension>
	</extensions>
</trkpt>
<trkpt lat="46.4381039" lon="15.1152447">
	<ele>687.54</ele>
	<time>2026-07-21T11:23:17.989Z</time>
	<hdop>3.79</hdop>
	<extensions>
		<gpxtpx:TrackPointExtension>
			<gpxtpx:course>137.0</gpxtpx:course>
		</gpxtpx:TrackPointExtension>
	</extensions>
</trkpt>
<trkpt lat="46.4379506" lon="15.1154308">
	<ele>689.57</ele>
	<time>2026-07-21T11:23:23.988Z</time>
	<hdop>3.79</hdop>
	<extensions>
		<gpxtpx:TrackPointExtension>
			<gpxtpx:course>139.0</gpxtpx:course>
		</gpxtpx:TrackPointExtension>
	</extensions>
</trkpt>
<trkpt lat="46.4378231" lon="15.1156401">
	<ele>691.16</ele>
	<time>2026-07-21T11:23:29.988Z</time>
	<hdop>3.79</hdop>
	<extensions>
		<gpxtpx:TrackPointExtension>
			<gpxtpx:course>122.0</gpxtpx:course>
		</gpxtpx:TrackPointExtension>
	</extensions>
</trkpt>
<trkpt lat="46.4377430" lon="15.1159101">
	<ele>693.04</ele>
	<time>2026-07-21T11:23:35.988Z</time>
	<hdop>3.79</hdop>
	<extensions>
		<gpxtpx:TrackPointExtension>
			<gpxtpx:course>103.0</gpxtpx:course>
		</gpxtpx:TrackPointExtension>
	</extensions>
</trkpt>
<trkpt lat="46.4377015" lon="15.1161351">
	<ele>694.52</ele>
	<time>2026-07-21T11:23:40.989Z</time>
	<hdop>3.79</hdop>
	<extensions>
		<gpxtpx:TrackPointExtension>
			<gpxtpx:course>110.0</gpxtpx:course>
		</gpxtpx:TrackPointExtension>
	</extensions>
</trkpt>
<trkpt lat="46.4376221" lon="15.1163954">
	<ele>694.76</ele>
	<time>2026-07-21T11:23:46.989Z</time>
	<hdop>3.79</hdop>
	<extensions>
		<gpxtpx:TrackPointExtension>
			<gpxtpx:course>120.0</gpxtpx:course>
		</gpxtpx:TrackPointExtension>
	</extensions>
</trkpt>
<trkpt lat="46.4375171" lon="15.1166259">
	<ele>693.45</ele>
	<time>2026-07-21T11:23:52.988Z</time>
	<hdop>3.79</hdop>
	<extensions>
		<gpxtpx:TrackPointExtension>
			<gpxtpx:course>131.0</gpxtpx:course>
		</gpxtpx:TrackPointExtension>
	</extensions>
</trkpt>
<trkpt lat="46.4374178" lon="15.1168028">
	<ele>691.53</ele>
	<time>2026-07-21T11:23:57.988Z</time>
	<hdop>3.79</hdop>
	<extensions>
		<gpxtpx:TrackPointExtension>
			<gpxtpx:course>139.0</gpxtpx:course>
		</gpxtpx:TrackPointExtension>
	</extensions>
</trkpt>
<trkpt lat="46.4373439" lon="15.1169722">
	<ele>689.72</ele>
	<time>2026-07-21T11:24:02.989Z</time>
	<hdop>3.79</hdop>
	<extensions>
		<gpxtpx:TrackPointExtension>
			<gpxtpx:course>76.0</gpxtpx:course>
		</gpxtpx:TrackPointExtension>
	</extensions>
</trkpt>
<trkpt lat="46.4374461" lon="15.1169651">
	<ele>689.61</ele>
	<time>2026-07-21T11:24:08.986Z</time>
	<hdop>3.79</hdop>
	<extensions>
		<gpxtpx:TrackPointExtension>
			<gpxtpx:course>338.0</gpxtpx:course>
		</gpxtpx:TrackPointExtension>
	</extensions>
</trkpt>
<trkpt lat="46.4375437" lon="15.1169409">
	<ele>690.15</ele>
	<time>2026-07-21T11:24:15.987Z</time>
	<hdop>3.79</hdop>
	<extensions>
		<gpxtpx:TrackPointExtension>
			<gpxtpx:course>16.0</gpxtpx:course>
		</gpxtpx:TrackPointExtension>
	</extensions>
</trkpt>
<trkpt lat="46.4374341" lon="15.1169868">
	<ele>689.40</ele>
	<time>2026-07-21T11:30:08.987Z</time>
	<hdop>3.79</hdop>
	<extensions>
		<gpxtpx:TrackPointExtension>
			<gpxtpx:course>158.0</gpxtpx:course>
		</gpxtpx:TrackPointExtension>
	</extensions>
</trkpt>
<trkpt lat="46.4372847" lon="15.1170094">
	<ele>689.40</ele>
	<time>2026-07-21T11:30:13.988Z</time>
	<hdop>3.79</hdop>
	<extensions>
		<gpxtpx:TrackPointExtension>
			<gpxtpx:course>163.0</gpxtpx:course>
		</gpxtpx:TrackPointExtension>
	</extensions>
</trkpt>
<trkpt lat="46.4371424" lon="15.1171383">
	<ele>689.87</ele>
	<time>2026-07-21T11:30:18.988Z</time>
	<hdop>3.79</hdop>
	<extensions>
		<gpxtpx:TrackPointExtension>
			<gpxtpx:course>153.0</gpxtpx:course>
		</gpxtpx:TrackPointExtension>
	</extensions>
</trkpt>
<trkpt lat="46.4369792" lon="15.1171916">
	<ele>692.16</ele>
	<time>2026-07-21T11:30:23.988Z</time>
	<hdop>3.79</hdop>
	<extensions>
		<gpxtpx:TrackPointExtension>
			<gpxtpx:course>174.0</gpxtpx:course>
		</gpxtpx:TrackPointExtension>
	</extensions>
</trkpt>
<trkpt lat="46.4368076" lon="15.1172053">
	<ele>694.61</ele>
	<time>2026-07-21T11:30:28.989Z</time>
	<hdop>3.79</hdop>
	<extensions>
		<gpxtpx:TrackPointExtension>
			<gpxtpx:course>184.0</gpxtpx:course>
		</gpxtpx:TrackPointExtension>
	</extensions>
</trkpt>
<trkpt lat="46.4365956" lon="15.1171902">
	<ele>695.99</ele>
	<time>2026-07-21T11:30:34.989Z</time>
	<hdop>3.79</hdop>
	<extensions>
		<gpxtpx:TrackPointExtension>
			<gpxtpx:course>185.0</gpxtpx:course>
		</gpxtpx:TrackPointExtension>
	</extensions>
</trkpt>
<trkpt lat="46.4363904" lon="15.1171745">
	<ele>696.37</ele>
	<time>2026-07-21T11:30:40.989Z</time>
	<hdop>3.79</hdop>
	<extensions>
		<gpxtpx:TrackPointExtension>
			<gpxtpx:course>179.0</gpxtpx:course>
		</gpxtpx:TrackPointExtension>
	</extensions>
</trkpt>
<trkpt lat="46.4361961" lon="15.1172088">
	<ele>697.37</ele>
	<time>2026-07-21T11:30:46.989Z</time>
	<hdop>3.79</hdop>
	<extensions>
		<gpxtpx:TrackPointExtension>
			<gpxtpx:course>162.0</gpxtpx:course>
		</gpxtpx:TrackPointExtension>
	</extensions>
</trkpt>
<trkpt lat="46.4360446" lon="15.1173234">
	<ele>699.64</ele>
	<time>2026-07-21T11:30:51.989Z</time>
	<hdop>3.79</hdop>
	<extensions>
		<gpxtpx:TrackPointExtension>
			<gpxtpx:course>143.0</gpxtpx:course>
		</gpxtpx:TrackPointExtension>
	</extensions>
</trkpt>
<trkpt lat="46.4358975" lon="15.1175198">
	<ele>702.92</ele>
	<time>2026-07-21T11:30:57.989Z</time>
	<hdop>3.79</hdop>
	<extensions>
		<gpxtpx:TrackPointExtension>
			<gpxtpx:course>129.0</gpxtpx:course>
		</gpxtpx:TrackPointExtension>
	</extensions>
</trkpt>
<trkpt lat="46.4357886" lon="15.1176855">
	<ele>705.82</ele>
	<time>2026-07-21T11:31:02.989Z</time>
	<hdop>3.79</hdop>
	<extensions>
		<gpxtpx:TrackPointExtension>
			<gpxtpx:course>127.0</gpxtpx:course>
		</gpxtpx:TrackPointExtension>
	</extensions>
</trkpt>
<trkpt lat="46.4356777" lon="15.1178507">
	<ele>708.70</ele>
	<time>2026-07-21T11:31:07.989Z</time>
	<hdop>3.79</hdop>
	<extensions>
		<gpxtpx:TrackPointExtension>
			<gpxtpx:course>133.0</gpxtpx:course>
		</gpxtpx:TrackPointExtension>
	</extensions>
</trkpt>
<trkpt lat="46.4355660" lon="15.1180905">
	<ele>712.91</ele>
	<time>2026-07-21T11:31:13.988Z</time>
	<hdop>3.79</hdop>
	<extensions>
		<gpxtpx:TrackPointExtension>
			<gpxtpx:course>115.0</gpxtpx:course>
		</gpxtpx:TrackPointExtension>
	</extensions>
</trkpt>
<trkpt lat="46.4354840" lon="15.1182862">
	<ele>715.45</ele>
	<time>2026-07-21T11:31:18.988Z</time>
	<hdop>3.79</hdop>
	<extensions>
		<gpxtpx:TrackPointExtension>
			<gpxtpx:course>124.0</gpxtpx:course>
		</gpxtpx:TrackPointExtension>
	</extensions>
</trkpt>
<trkpt lat="46.4353840" lon="15.1184628">
	<ele>716.13</ele>
	<time>2026-07-21T11:31:23.988Z</time>
	<hdop>3.79</hdop>
	<extensions>
		<gpxtpx:TrackPointExtension>
			<gpxtpx:course>133.0</gpxtpx:course>
		</gpxtpx:TrackPointExtension>
	</extensions>
</trkpt>
<trkpt lat="46.4352608" lon="15.1186125">
	<ele>716.17</ele>
	<time>2026-07-21T11:31:28.988Z</time>
	<hdop>3.79</hdop>
	<extensions>
		<gpxtpx:TrackPointExtension>
			<gpxtpx:course>144.0</gpxtpx:course>
		</gpxtpx:TrackPointExtension>
	</extensions>
</trkpt>
<trkpt lat="46.4350957" lon="15.1187662">
	<ele>716.48</ele>
	<time>2026-07-21T11:31:34.988Z</time>
	<hdop>3.79</hdop>
	<extensions>
		<gpxtpx:TrackPointExtension>
			<gpxtpx:course>145.0</gpxtpx:course>
		</gpxtpx:TrackPointExtension>
	</extensions>
</trkpt>
<trkpt lat="46.4349661" lon="15.1188947">
	<ele>717.66</ele>
	<time>2026-07-21T11:31:39.988Z</time>
	<hdop>3.79</hdop>
	<extensions>
		<gpxtpx:TrackPointExtension>
			<gpxtpx:course>151.0</gpxtpx:course>
		</gpxtpx:TrackPointExtension>
	</extensions>
</trkpt>
<trkpt lat="46.4348336" lon="15.1190232">
	<ele>719.31</ele>
	<time>2026-07-21T11:31:44.988Z</time>
	<hdop>3.79</hdop>
	<extensions>
		<gpxtpx:TrackPointExtension>
			<gpxtpx:course>140.0</gpxtpx:course>
		</gpxtpx:TrackPointExtension>
	</extensions>
</trkpt>
<trkpt lat="46.4346879" lon="15.1191215">
	<ele>721.24</ele>
	<time>2026-07-21T11:31:49.988Z</time>
	<hdop>3.79</hdop>
	<extensions>
		<gpxtpx:TrackPointExtension>
			<gpxtpx:course>154.0</gpxtpx:course>
		</gpxtpx:TrackPointExtension>
	</extensions>
</trkpt>
<trkpt lat="46.4344991" lon="15.1192045">
	<ele>724.01</ele>
	<time>2026-07-21T11:31:55.989Z</time>
	<hdop>3.79</hdop>
	<extensions>
		<gpxtpx:TrackPointExtension>
			<gpxtpx:course>168.0</gpxtpx:course>
		</gpxtpx:TrackPointExtension>
	</extensions>
</trkpt>
<trkpt lat="46.4343203" lon="15.1193091">
	<ele>726.32</ele>
	<time>2026-07-21T11:32:01.988Z</time>
	<hdop>3.79</hdop>
	<extensions>
		<gpxtpx:TrackPointExtension>
			<gpxtpx:course>145.0</gpxtpx:course>
		</gpxtpx:TrackPointExtension>
	</extensions>
</trkpt>
<trkpt lat="46.4342163" lon="15.1194516">
	<ele>726.99</ele>
	<time>2026-07-21T11:32:06.988Z</time>
	<hdop>3.79</hdop>
	<extensions>
		<gpxtpx:TrackPointExtension>
			<gpxtpx:course>128.0</gpxtpx:course>
		</gpxtpx:TrackPointExtension>
	</extensions>
</trkpt>
<trkpt lat="46.4341467" lon="15.1196512">
	<ele>726.46</ele>
	<time>2026-07-21T11:32:11.989Z</time>
	<hdop>3.79</hdop>
	<extensions>
		<gpxtpx:TrackPointExtension>
			<gpxtpx:course>115.0</gpxtpx:course>
		</gpxtpx:TrackPointExtension>
	</extensions>
</trkpt>
<trkpt lat="46.4340688" lon="15.1199109">
	<ele>725.59</ele>
	<time>2026-07-21T11:32:17.989Z</time>
	<hdop>3.79</hdop>
	<extensions>
		<gpxtpx:TrackPointExtension>
			<gpxtpx:course>122.0</gpxtpx:course>
		</gpxtpx:TrackPointExtension>
	</extensions>
</trkpt>
<trkpt lat="46.4339690" lon="15.1200790">
	<ele>726.96</ele>
	<time>2026-07-21T11:32:22.989Z</time>
	<hdop>3.79</hdop>
	<extensions>
		<gpxtpx:TrackPointExtension>
			<gpxtpx:course>140.0</gpxtpx:course>
		</gpxtpx:TrackPointExtension>
	</extensions>
</trkpt>
<trkpt lat="46.4338381" lon="15.1202227">
	<ele>729.77</ele>
	<time>2026-07-21T11:32:27.989Z</time>
	<hdop>3.79</hdop>
	<extensions>
		<gpxtpx:TrackPointExtension>
			<gpxtpx:course>146.0</gpxtpx:course>
		</gpxtpx:TrackPointExtension>
	</extensions>
</trkpt>
<trkpt lat="46.4336910" lon="15.1203836">
	<ele>732.37</ele>
	<time>2026-07-21T11:32:33.988Z</time>
	<hdop>3.79</hdop>
	<extensions>
		<gpxtpx:TrackPointExtension>
			<gpxtpx:course>147.0</gpxtpx:course>
		</gpxtpx:TrackPointExtension>
	</extensions>
</trkpt>
<trkpt lat="46.4335767" lon="15.1204870">
	<ele>734.30</ele>
	<time>2026-07-21T11:32:38.989Z</time>
	<hdop>3.79</hdop>
	<extensions>
		<gpxtpx:TrackPointExtension>
			<gpxtpx:course>146.0</gpxtpx:course>
		</gpxtpx:TrackPointExtension>
	</extensions>
</trkpt>
<trkpt lat="46.4334495" lon="15.1205985">
	<ele>736.23</ele>
	<time>2026-07-21T11:32:44.988Z</time>
	<hdop>3.79</hdop>
	<extensions>
		<gpxtpx:TrackPointExtension>
			<gpxtpx:course>147.0</gpxtpx:course>
		</gpxtpx:TrackPointExtension>
	</extensions>
</trkpt>
<trkpt lat="46.4333439" lon="15.1206817">
	<ele>737.85</ele>
	<time>2026-07-21T11:32:49.989Z</time>
	<hdop>3.79</hdop>
	<extensions>
		<gpxtpx:TrackPointExtension>
			<gpxtpx:course>150.0</gpxtpx:course>
		</gpxtpx:TrackPointExtension>
	</extensions>
</trkpt>
<trkpt lat="46.4332113" lon="15.1208224">
	<ele>739.53</ele>
	<time>2026-07-21T11:32:55.988Z</time>
	<hdop>3.79</hdop>
	<extensions>
		<gpxtpx:TrackPointExtension>
			<gpxtpx:course>144.0</gpxtpx:course>
		</gpxtpx:TrackPointExtension>
	</extensions>
</trkpt>
<trkpt lat="46.4331126" lon="15.1209618">
	<ele>740.85</ele>
	<time>2026-07-21T11:33:00.989Z</time>
	<hdop>3.79</hdop>
	<extensions>
		<gpxtpx:TrackPointExtension>
			<gpxtpx:course>132.0</gpxtpx:course>
		</gpxtpx:TrackPointExtension>
	</extensions>
</trkpt>
<trkpt lat="46.4330328" lon="15.1211320">
	<ele>741.68</ele>
	<time>2026-07-21T11:33:05.989Z</time>
	<hdop>3.79</hdop>
	<extensions>
		<gpxtpx:TrackPointExtension>
			<gpxtpx:course>126.0</gpxtpx:course>
		</gpxtpx:TrackPointExtension>
	</extensions>
</trkpt>
<trkpt lat="46.4329903" lon="15.1212634">
	<ele>742.06</ele>
	<time>2026-07-21T11:33:35.988Z</time>
	<hdop>3.79</hdop>
	<extensions>
		<gpxtpx:TrackPointExtension>
			<gpxtpx:course>99.0</gpxtpx:course>
		</gpxtpx:TrackPointExtension>
	</extensions>
</trkpt>
<trkpt lat="46.4329243" lon="15.1214184">
	<ele>743.15</ele>
	<time>2026-07-21T11:33:40.988Z</time>
	<hdop>3.82</hdop>
	<extensions>
		<gpxtpx:TrackPointExtension>
			<gpxtpx:course>113.0</gpxtpx:course>
		</gpxtpx:TrackPointExtension>
	</extensions>
</trkpt>
<trkpt lat="46.4328405" lon="15.1215765">
	<ele>745.44</ele>
	<time>2026-07-21T11:33:45.988Z</time>
	<hdop>3.79</hdop>
	<extensions>
		<gpxtpx:TrackPointExtension>
			<gpxtpx:course>124.0</gpxtpx:course>
		</gpxtpx:TrackPointExtension>
	</extensions>
</trkpt>
<trkpt lat="46.4327590" lon="15.1217390">
	<ele>747.69</ele>
	<time>2026-07-21T11:33:50.989Z</time>
	<hdop>3.79</hdop>
	<extensions>
		<gpxtpx:TrackPointExtension>
			<gpxtpx:course>131.0</gpxtpx:course>
		</gpxtpx:TrackPointExtension>
	</extensions>
</trkpt>
<trkpt lat="46.4326727" lon="15.1218958">
	<ele>749.48</ele>
	<time>2026-07-21T11:33:55.989Z</time>
	<hdop>3.79</hdop>
	<extensions>
		<gpxtpx:TrackPointExtension>
			<gpxtpx:course>120.0</gpxtpx:course>
		</gpxtpx:TrackPointExtension>
	</extensions>
</trkpt>
<trkpt lat="46.4325570" lon="15.1220649">
	<ele>750.65</ele>
	<time>2026-07-21T11:34:01.989Z</time>
	<hdop>3.79</hdop>
	<extensions>
		<gpxtpx:TrackPointExtension>
			<gpxtpx:course>132.0</gpxtpx:course>
		</gpxtpx:TrackPointExtension>
	</extensions>
</trkpt>
<trkpt lat="46.4324164" lon="15.1221964">
	<ele>751.69</ele>
	<time>2026-07-21T11:34:07.988Z</time>
	<hdop>3.79</hdop>
	<extensions>
		<gpxtpx:TrackPointExtension>
			<gpxtpx:course>150.0</gpxtpx:course>
		</gpxtpx:TrackPointExtension>
	</extensions>
</trkpt>
<trkpt lat="46.4322818" lon="15.1222708">
	<ele>752.83</ele>
	<time>2026-07-21T11:34:12.988Z</time>
	<hdop>3.79</hdop>
	<extensions>
		<gpxtpx:TrackPointExtension>
			<gpxtpx:course>162.0</gpxtpx:course>
		</gpxtpx:TrackPointExtension>
	</extensions>
</trkpt>
<trkpt lat="46.4321519" lon="15.1223208">
	<ele>753.93</ele>
	<time>2026-07-21T11:34:17.989Z</time>
	<hdop>3.79</hdop>
	<extensions>
		<gpxtpx:TrackPointExtension>
			<gpxtpx:course>173.0</gpxtpx:course>
		</gpxtpx:TrackPointExtension>
	</extensions>
</trkpt>
<trkpt lat="46.4320150" lon="15.1223586">
	<ele>755.22</ele>
	<time>2026-07-21T11:34:22.989Z</time>
	<hdop>3.79</hdop>
	<extensions>
		<gpxtpx:TrackPointExtension>
			<gpxtpx:course>173.0</gpxtpx:course>
		</gpxtpx:TrackPointExtension>
	</extensions>
</trkpt>
<trkpt lat="46.4318517" lon="15.1223909">
	<ele>756.92</ele>
	<time>2026-07-21T11:34:28.989Z</time>
	<hdop>3.79</hdop>
	<extensions>
		<gpxtpx:TrackPointExtension>
			<gpxtpx:course>182.0</gpxtpx:course>
		</gpxtpx:TrackPointExtension>
	</extensions>
</trkpt>
<trkpt lat="46.4316902" lon="15.1223673">
	<ele>760.41</ele>
	<time>2026-07-21T11:34:34.989Z</time>
	<hdop>3.79</hdop>
	<extensions>
		<gpxtpx:TrackPointExtension>
			<gpxtpx:course>193.0</gpxtpx:course>
		</gpxtpx:TrackPointExtension>
	</extensions>
</trkpt>
<trkpt lat="46.4315304" lon="15.1223395">
	<ele>764.65</ele>
	<time>2026-07-21T11:34:40.988Z</time>
	<hdop>3.79</hdop>
	<extensions>
		<gpxtpx:TrackPointExtension>
			<gpxtpx:course>179.0</gpxtpx:course>
		</gpxtpx:TrackPointExtension>
	</extensions>
</trkpt>
<trkpt lat="46.4313927" lon="15.1223761">
	<ele>767.12</ele>
	<time>2026-07-21T11:34:45.989Z</time>
	<hdop>3.79</hdop>
	<extensions>
		<gpxtpx:TrackPointExtension>
			<gpxtpx:course>171.0</gpxtpx:course>
		</gpxtpx:TrackPointExtension>
	</extensions>
</trkpt>
<trkpt lat="46.4312633" lon="15.1224132">
	<ele>769.46</ele>
	<time>2026-07-21T11:34:50.989Z</time>
	<hdop>3.79</hdop>
	<extensions>
		<gpxtpx:TrackPointExtension>
			<gpxtpx:course>170.0</gpxtpx:course>
		</gpxtpx:TrackPointExtension>
	</extensions>
</trkpt>
<trkpt lat="46.4311145" lon="15.1224663">
	<ele>771.73</ele>
	<time>2026-07-21T11:34:56.989Z</time>
	<hdop>3.79</hdop>
	<extensions>
		<gpxtpx:TrackPointExtension>
			<gpxtpx:course>162.0</gpxtpx:course>
		</gpxtpx:TrackPointExtension>
	</extensions>
</trkpt>
<trkpt lat="46.4309793" lon="15.1225740">
	<ele>771.84</ele>
	<time>2026-07-21T11:35:02.989Z</time>
	<hdop>3.79</hdop>
	<extensions>
		<gpxtpx:TrackPointExtension>
			<gpxtpx:course>152.0</gpxtpx:course>
		</gpxtpx:TrackPointExtension>
	</extensions>
</trkpt>
<trkpt lat="46.4308290" lon="15.1226472">
	<ele>771.87</ele>
	<time>2026-07-21T11:35:08.989Z</time>
	<hdop>3.79</hdop>
	<extensions>
		<gpxtpx:TrackPointExtension>
			<gpxtpx:course>169.0</gpxtpx:course>
		</gpxtpx:TrackPointExtension>
	</extensions>
</trkpt>
<trkpt lat="46.4306706" lon="15.1225877">
	<ele>773.18</ele>
	<time>2026-07-21T11:35:14.988Z</time>
	<hdop>3.79</hdop>
	<extensions>
		<gpxtpx:TrackPointExtension>
			<gpxtpx:course>226.0</gpxtpx:course>
		</gpxtpx:TrackPointExtension>
	</extensions>
</trkpt>
<trkpt lat="46.4305877" lon="15.1223894">
	<ele>774.91</ele>
	<time>2026-07-21T11:35:19.988Z</time>
	<hdop>3.79</hdop>
	<extensions>
		<gpxtpx:TrackPointExtension>
			<gpxtpx:course>242.0</gpxtpx:course>
		</gpxtpx:TrackPointExtension>
	</extensions>
</trkpt>
<trkpt lat="46.4305049" lon="15.1221439">
	<ele>775.68</ele>
	<time>2026-07-21T11:35:24.989Z</time>
	<hdop>3.79</hdop>
	<extensions>
		<gpxtpx:TrackPointExtension>
			<gpxtpx:course>242.0</gpxtpx:course>
		</gpxtpx:TrackPointExtension>
	</extensions>
</trkpt>
<trkpt lat="46.4304084" lon="15.1218997">
	<ele>775.40</ele>
	<time>2026-07-21T11:35:29.989Z</time>
	<hdop>3.79</hdop>
	<extensions>
		<gpxtpx:TrackPointExtension>
			<gpxtpx:course>243.0</gpxtpx:course>
		</gpxtpx:TrackPointExtension>
	</extensions>
</trkpt>
<trkpt lat="46.4302639" lon="15.1216230">
	<ele>773.52</ele>
	<time>2026-07-21T11:35:35.988Z</time>
	<hdop>3.79</hdop>
	<extensions>
		<gpxtpx:TrackPointExtension>
			<gpxtpx:course>236.0</gpxtpx:course>
		</gpxtpx:TrackPointExtension>
	</extensions>
</trkpt>
<trkpt lat="46.4301461" lon="15.1213889">
	<ele>772.46</ele>
	<time>2026-07-21T11:35:40.989Z</time>
	<hdop>3.79</hdop>
	<extensions>
		<gpxtpx:TrackPointExtension>
			<gpxtpx:course>237.0</gpxtpx:course>
		</gpxtpx:TrackPointExtension>
	</extensions>
</trkpt>
<trkpt lat="46.4301115" lon="15.1210575">
	<ele>775.63</ele>
	<time>2026-07-21T11:35:46.988Z</time>
	<hdop>3.79</hdop>
	<extensions>
		<gpxtpx:TrackPointExtension>
			<gpxtpx:course>290.0</gpxtpx:course>
		</gpxtpx:TrackPointExtension>
	</extensions>
</trkpt>
<trkpt lat="46.4301817" lon="15.1207668">
	<ele>779.68</ele>
	<time>2026-07-21T11:35:51.988Z</time>
	<hdop>3.79</hdop>
	<extensions>
		<gpxtpx:TrackPointExtension>
			<gpxtpx:course>288.0</gpxtpx:course>
		</gpxtpx:TrackPointExtension>
	</extensions>
</trkpt>
<trkpt lat="46.4302568" lon="15.1204713">
	<ele>779.31</ele>
	<time>2026-07-21T11:35:56.988Z</time>
	<hdop>3.79</hdop>
	<extensions>
		<gpxtpx:TrackPointExtension>
			<gpxtpx:course>300.0</gpxtpx:course>
		</gpxtpx:TrackPointExtension>
	</extensions>
</trkpt>
<trkpt lat="46.4303677" lon="15.1202006">
	<ele>779.74</ele>
	<time>2026-07-21T11:36:01.988Z</time>
	<hdop>3.79</hdop>
	<extensions>
		<gpxtpx:TrackPointExtension>
			<gpxtpx:course>306.0</gpxtpx:course>
		</gpxtpx:TrackPointExtension>
	</extensions>
</trkpt>
<trkpt lat="46.4304930" lon="15.1199373">
	<ele>782.98</ele>
	<time>2026-07-21T11:36:06.988Z</time>
	<hdop>3.79</hdop>
	<extensions>
		<gpxtpx:TrackPointExtension>
			<gpxtpx:course>304.0</gpxtpx:course>
		</gpxtpx:TrackPointExtension>
	</extensions>
</trkpt>
<trkpt lat="46.4306192" lon="15.1196027">
	<ele>786.48</ele>
	<time>2026-07-21T11:36:12.986Z</time>
	<hdop>3.79</hdop>
	<extensions>
		<gpxtpx:TrackPointExtension>
			<gpxtpx:course>286.0</gpxtpx:course>
		</gpxtpx:TrackPointExtension>
	</extensions>
</trkpt>
<trkpt lat="46.4306166" lon="15.1192855">
	<ele>785.96</ele>
	<time>2026-07-21T11:36:17.987Z</time>
	<hdop>3.79</hdop>
	<extensions>
		<gpxtpx:TrackPointExtension>
			<gpxtpx:course>259.0</gpxtpx:course>
		</gpxtpx:TrackPointExtension>
	</extensions>
</trkpt>
<trkpt lat="46.4305090" lon="15.1190213">
	<ele>784.72</ele>
	<time>2026-07-21T11:36:22.987Z</time>
	<hdop>3.79</hdop>
	<extensions>
		<gpxtpx:TrackPointExtension>
			<gpxtpx:course>223.0</gpxtpx:course>
		</gpxtpx:TrackPointExtension>
	</extensions>
</trkpt>
<trkpt lat="46.4303155" lon="15.1188638">
	<ele>783.57</ele>
	<time>2026-07-21T11:36:27.987Z</time>
	<hdop>3.79</hdop>
	<extensions>
		<gpxtpx:TrackPointExtension>
			<gpxtpx:course>197.0</gpxtpx:course>
		</gpxtpx:TrackPointExtension>
	</extensions>
</trkpt>
<trkpt lat="46.4300664" lon="15.1187803">
	<ele>782.77</ele>
	<time>2026-07-21T11:36:32.987Z</time>
	<hdop>3.79</hdop>
	<extensions>
		<gpxtpx:TrackPointExtension>
			<gpxtpx:course>187.0</gpxtpx:course>
		</gpxtpx:TrackPointExtension>
	</extensions>
</trkpt>
<trkpt lat="46.4297671" lon="15.1188693">
	<ele>781.52</ele>
	<time>2026-07-21T11:36:37.987Z</time>
	<hdop>3.79</hdop>
	<extensions>
		<gpxtpx:TrackPointExtension>
			<gpxtpx:course>154.0</gpxtpx:course>
		</gpxtpx:TrackPointExtension>
	</extensions>
</trkpt>
<trkpt lat="46.4294437" lon="15.1189920">
	<ele>781.19</ele>
	<time>2026-07-21T11:36:42.987Z</time>
	<hdop>3.79</hdop>
	<extensions>
		<gpxtpx:TrackPointExtension>
			<gpxtpx:course>177.0</gpxtpx:course>
		</gpxtpx:TrackPointExtension>
	</extensions>
</trkpt>
<trkpt lat="46.4290815" lon="15.1191714">
	<ele>776.45</ele>
	<time>2026-07-21T11:36:47.987Z</time>
	<hdop>3.79</hdop>
	<extensions>
		<gpxtpx:TrackPointExtension>
			<gpxtpx:course>162.0</gpxtpx:course>
		</gpxtpx:TrackPointExtension>
	</extensions>
</trkpt>
<trkpt lat="46.4287422" lon="15.1189692">
	<ele>772.83</ele>
	<time>2026-07-21T11:36:52.987Z</time>
	<hdop>3.79</hdop>
	<extensions>
		<gpxtpx:TrackPointExtension>
			<gpxtpx:course>216.0</gpxtpx:course>
		</gpxtpx:TrackPointExtension>
	</extensions>
</trkpt>
<trkpt lat="46.4285068" lon="15.1186710">
	<ele>775.39</ele>
	<time>2026-07-21T11:36:57.988Z</time>
	<hdop>3.79</hdop>
	<extensions>
		<gpxtpx:TrackPointExtension>
			<gpxtpx:course>219.0</gpxtpx:course>
		</gpxtpx:TrackPointExtension>
	</extensions>
</trkpt>
<trkpt lat="46.4282135" lon="15.1184225">
	<ele>779.21</ele>
	<time>2026-07-21T11:37:03.987Z</time>
	<hdop>3.79</hdop>
	<extensions>
		<gpxtpx:TrackPointExtension>
			<gpxtpx:course>205.0</gpxtpx:course>
		</gpxtpx:TrackPointExtension>
	</extensions>
</trkpt>
<trkpt lat="46.4279185" lon="15.1182421">
	<ele>784.72</ele>
	<time>2026-07-21T11:37:09.987Z</time>
	<hdop>3.79</hdop>
	<extensions>
		<gpxtpx:TrackPointExtension>
			<gpxtpx:course>191.0</gpxtpx:course>
		</gpxtpx:TrackPointExtension>
	</extensions>
</trkpt>
<trkpt lat="46.4276229" lon="15.1182790">
	<ele>784.22</ele>
	<time>2026-07-21T11:37:15.988Z</time>
	<hdop>3.79</hdop>
	<extensions>
		<gpxtpx:TrackPointExtension>
			<gpxtpx:course>159.0</gpxtpx:course>
		</gpxtpx:TrackPointExtension>
	</extensions>
</trkpt>
<trkpt lat="46.4273956" lon="15.1184959">
	<ele>778.84</ele>
	<time>2026-07-21T11:37:21.988Z</time>
	<hdop>3.79</hdop>
	<extensions>
		<gpxtpx:TrackPointExtension>
			<gpxtpx:course>133.0</gpxtpx:course>
		</gpxtpx:TrackPointExtension>
	</extensions>
</trkpt>
<trkpt lat="46.4272306" lon="15.1187927">
	<ele>776.63</ele>
	<time>2026-07-21T11:37:27.987Z</time>
	<hdop>3.79</hdop>
	<extensions>
		<gpxtpx:TrackPointExtension>
			<gpxtpx:course>116.0</gpxtpx:course>
		</gpxtpx:TrackPointExtension>
	</extensions>
</trkpt>
<trkpt lat="46.4271493" lon="15.1191288">
	<ele>779.67</ele>
	<time>2026-07-21T11:37:33.987Z</time>
	<hdop>3.79</hdop>
	<extensions>
		<gpxtpx:TrackPointExtension>
			<gpxtpx:course>113.0</gpxtpx:course>
		</gpxtpx:TrackPointExtension>
	</extensions>
</trkpt>
<trkpt lat="46.4270782" lon="15.1193663">
	<ele>782.81</ele>
	<time>2026-07-21T11:37:38.988Z</time>
	<hdop>3.79</hdop>
	<extensions>
		<gpxtpx:TrackPointExtension>
			<gpxtpx:course>120.0</gpxtpx:course>
		</gpxtpx:TrackPointExtension>
	</extensions>
</trkpt>
<trkpt lat="46.4269870" lon="15.1195532">
	<ele>786.52</ele>
	<time>2026-07-21T11:37:43.988Z</time>
	<hdop>3.79</hdop>
	<extensions>
		<gpxtpx:TrackPointExtension>
			<gpxtpx:course>125.0</gpxtpx:course>
		</gpxtpx:TrackPointExtension>
	</extensions>
</trkpt>
<trkpt lat="46.4269000" lon="15.1197370">
	<ele>790.06</ele>
	<time>2026-07-21T11:37:48.988Z</time>
	<hdop>3.79</hdop>
	<extensions>
		<gpxtpx:TrackPointExtension>
			<gpxtpx:course>124.0</gpxtpx:course>
		</gpxtpx:TrackPointExtension>
	</extensions>
</trkpt>
<trkpt lat="46.4267803" lon="15.1199386">
	<ele>793.66</ele>
	<time>2026-07-21T11:37:54.987Z</time>
	<hdop>3.79</hdop>
	<extensions>
		<gpxtpx:TrackPointExtension>
			<gpxtpx:course>132.0</gpxtpx:course>
		</gpxtpx:TrackPointExtension>
	</extensions>
</trkpt>
<trkpt lat="46.4266626" lon="15.1200769">
	<ele>795.63</ele>
	<time>2026-07-21T11:37:59.987Z</time>
	<hdop>3.79</hdop>
	<extensions>
		<gpxtpx:TrackPointExtension>
			<gpxtpx:course>138.0</gpxtpx:course>
		</gpxtpx:TrackPointExtension>
	</extensions>
</trkpt>
<trkpt lat="46.4264970" lon="15.1202071">
	<ele>796.30</ele>
	<time>2026-07-21T11:38:05.988Z</time>
	<hdop>3.79</hdop>
	<extensions>
		<gpxtpx:TrackPointExtension>
			<gpxtpx:course>153.0</gpxtpx:course>
		</gpxtpx:TrackPointExtension>
	</extensions>
</trkpt>
<trkpt lat="46.4263078" lon="15.1203479">
	<ele>795.98</ele>
	<time>2026-07-21T11:38:11.987Z</time>
	<hdop>3.79</hdop>
	<extensions>
		<gpxtpx:TrackPointExtension>
			<gpxtpx:course>149.0</gpxtpx:course>
		</gpxtpx:TrackPointExtension>
	</extensions>
</trkpt>
<trkpt lat="46.4261173" lon="15.1205036">
	<ele>795.91</ele>
	<time>2026-07-21T11:38:17.987Z</time>
	<hdop>3.79</hdop>
	<extensions>
		<gpxtpx:TrackPointExtension>
			<gpxtpx:course>150.0</gpxtpx:course>
		</gpxtpx:TrackPointExtension>
	</extensions>
</trkpt>
<trkpt lat="46.4258936" lon="15.1207092">
	<ele>795.65</ele>
	<time>2026-07-21T11:38:23.988Z</time>
	<hdop>3.79</hdop>
	<extensions>
		<gpxtpx:TrackPointExtension>
			<gpxtpx:course>149.0</gpxtpx:course>
		</gpxtpx:TrackPointExtension>
	</extensions>
</trkpt>
<trkpt lat="46.4256714" lon="15.1208802">
	<ele>792.45</ele>
	<time>2026-07-21T11:38:29.987Z</time>
	<hdop>4.00</hdop>
	<extensions>
		<gpxtpx:TrackPointExtension>
			<gpxtpx:course>151.0</gpxtpx:course>
		</gpxtpx:TrackPointExtension>
	</extensions>
</trkpt>
<trkpt lat="46.4254665" lon="15.1210432">
	<ele>788.01</ele>
	<time>2026-07-21T11:38:34.988Z</time>
	<hdop>3.79</hdop>
	<extensions>
		<gpxtpx:TrackPointExtension>
			<gpxtpx:course>148.0</gpxtpx:course>
		</gpxtpx:TrackPointExtension>
	</extensions>
</trkpt>
<trkpt lat="46.4252460" lon="15.1212740">
	<ele>785.26</ele>
	<time>2026-07-21T11:38:39.988Z</time>
	<hdop>3.79</hdop>
	<extensions>
		<gpxtpx:TrackPointExtension>
			<gpxtpx:course>141.0</gpxtpx:course>
		</gpxtpx:TrackPointExtension>
	</extensions>
</trkpt>
<trkpt lat="46.4249698" lon="15.1216410">
	<ele>786.70</ele>
	<time>2026-07-21T11:38:45.987Z</time>
	<hdop>3.79</hdop>
	<extensions>
		<gpxtpx:TrackPointExtension>
			<gpxtpx:course>138.0</gpxtpx:course>
		</gpxtpx:TrackPointExtension>
	</extensions>
</trkpt>
<trkpt lat="46.4246184" lon="15.1219069">
	<ele>782.49</ele>
	<time>2026-07-21T11:38:50.987Z</time>
	<hdop>3.79</hdop>
	<extensions>
		<gpxtpx:TrackPointExtension>
			<gpxtpx:course>154.0</gpxtpx:course>
		</gpxtpx:TrackPointExtension>
	</extensions>
</trkpt>
<trkpt lat="46.4242336" lon="15.1221465">
	<ele>781.44</ele>
	<time>2026-07-21T11:38:55.987Z</time>
	<hdop>3.79</hdop>
	<extensions>
		<gpxtpx:TrackPointExtension>
			<gpxtpx:course>157.0</gpxtpx:course>
		</gpxtpx:TrackPointExtension>
	</extensions>
</trkpt>
<trkpt lat="46.4238849" lon="15.1223205">
	<ele>784.26</ele>
	<time>2026-07-21T11:39:00.987Z</time>
	<hdop>3.79</hdop>
	<extensions>
		<gpxtpx:TrackPointExtension>
			<gpxtpx:course>167.0</gpxtpx:course>
		</gpxtpx:TrackPointExtension>
	</extensions>
</trkpt>
<trkpt lat="46.4234692" lon="15.1223289">
	<ele>780.51</ele>
	<time>2026-07-21T11:39:06.987Z</time>
	<hdop>3.79</hdop>
	<extensions>
		<gpxtpx:TrackPointExtension>
			<gpxtpx:course>188.0</gpxtpx:course>
		</gpxtpx:TrackPointExtension>
	</extensions>
</trkpt>
<trkpt lat="46.4231927" lon="15.1221772">
	<ele>779.66</ele>
	<time>2026-07-21T11:39:11.987Z</time>
	<hdop>3.79</hdop>
	<extensions>
		<gpxtpx:TrackPointExtension>
			<gpxtpx:course>214.0</gpxtpx:course>
		</gpxtpx:TrackPointExtension>
	</extensions>
</trkpt>
<trkpt lat="46.4230035" lon="15.1219105">
	<ele>777.37</ele>
	<time>2026-07-21T11:39:16.988Z</time>
	<hdop>3.79</hdop>
	<extensions>
		<gpxtpx:TrackPointExtension>
			<gpxtpx:course>230.0</gpxtpx:course>
		</gpxtpx:TrackPointExtension>
	</extensions>
</trkpt>
<trkpt lat="46.4227523" lon="15.1216310">
	<ele>776.37</ele>
	<time>2026-07-21T11:39:22.987Z</time>
	<hdop>3.79</hdop>
	<extensions>
		<gpxtpx:TrackPointExtension>
			<gpxtpx:course>205.0</gpxtpx:course>
		</gpxtpx:TrackPointExtension>
	</extensions>
</trkpt>
<trkpt lat="46.4224756" lon="15.1214590">
	<ele>777.34</ele>
	<time>2026-07-21T11:39:27.987Z</time>
	<hdop>3.79</hdop>
	<extensions>
		<gpxtpx:TrackPointExtension>
			<gpxtpx:course>203.0</gpxtpx:course>
		</gpxtpx:TrackPointExtension>
	</extensions>
</trkpt>
<trkpt lat="46.4222251" lon="15.1213431">
	<ele>777.00</ele>
	<time>2026-07-21T11:39:32.987Z</time>
	<hdop>3.79</hdop>
	<extensions>
		<gpxtpx:TrackPointExtension>
			<gpxtpx:course>202.0</gpxtpx:course>
		</gpxtpx:TrackPointExtension>
	</extensions>
</trkpt>
<trkpt lat="46.4220298" lon="15.1212637">
	<ele>776.34</ele>
	<time>2026-07-21T11:39:37.987Z</time>
	<hdop>3.79</hdop>
	<extensions>
		<gpxtpx:TrackPointExtension>
			<gpxtpx:course>195.0</gpxtpx:course>
		</gpxtpx:TrackPointExtension>
	</extensions>
</trkpt>
<trkpt lat="46.4218440" lon="15.1212177">
	<ele>776.22</ele>
	<time>2026-07-21T11:39:42.987Z</time>
	<hdop>3.79</hdop>
	<extensions>
		<gpxtpx:TrackPointExtension>
			<gpxtpx:course>192.0</gpxtpx:course>
		</gpxtpx:TrackPointExtension>
	</extensions>
</trkpt>
<trkpt lat="46.4216776" lon="15.1212167">
	<ele>777.01</ele>
	<time>2026-07-21T11:39:47.988Z</time>
	<hdop>3.79</hdop>
	<extensions>
		<gpxtpx:TrackPointExtension>
			<gpxtpx:course>181.0</gpxtpx:course>
		</gpxtpx:TrackPointExtension>
	</extensions>
</trkpt>
<trkpt lat="46.4215033" lon="15.1212755">
	<ele>779.02</ele>
	<time>2026-07-21T11:39:52.988Z</time>
	<hdop>3.79</hdop>
	<extensions>
		<gpxtpx:TrackPointExtension>
			<gpxtpx:course>159.0</gpxtpx:course>
		</gpxtpx:TrackPointExtension>
	</extensions>
</trkpt>
<trkpt lat="46.4212861" lon="15.1214422">
	<ele>781.46</ele>
	<time>2026-07-21T11:39:58.987Z</time>
	<hdop>3.79</hdop>
	<extensions>
		<gpxtpx:TrackPointExtension>
			<gpxtpx:course>150.0</gpxtpx:course>
		</gpxtpx:TrackPointExtension>
	</extensions>
</trkpt>
<trkpt lat="46.4210972" lon="15.1215987">
	<ele>781.00</ele>
	<time>2026-07-21T11:40:03.987Z</time>
	<hdop>3.79</hdop>
	<extensions>
		<gpxtpx:TrackPointExtension>
			<gpxtpx:course>154.0</gpxtpx:course>
		</gpxtpx:TrackPointExtension>
	</extensions>
</trkpt>
<trkpt lat="46.4209209" lon="15.1217632">
	<ele>778.91</ele>
	<time>2026-07-21T11:40:08.987Z</time>
	<hdop>3.79</hdop>
	<extensions>
		<gpxtpx:TrackPointExtension>
			<gpxtpx:course>149.0</gpxtpx:course>
		</gpxtpx:TrackPointExtension>
	</extensions>
</trkpt>
<trkpt lat="46.4206845" lon="15.1219166">
	<ele>775.46</ele>
	<time>2026-07-21T11:40:14.987Z</time>
	<hdop>3.79</hdop>
	<extensions>
		<gpxtpx:TrackPointExtension>
			<gpxtpx:course>159.0</gpxtpx:course>
		</gpxtpx:TrackPointExtension>
	</extensions>
</trkpt>
<trkpt lat="46.4203990" lon="15.1220152">
	<ele>771.34</ele>
	<time>2026-07-21T11:40:19.987Z</time>
	<hdop>3.79</hdop>
	<extensions>
		<gpxtpx:TrackPointExtension>
			<gpxtpx:course>170.0</gpxtpx:course>
		</gpxtpx:TrackPointExtension>
	</extensions>
</trkpt>
<trkpt lat="46.4200006" lon="15.1220837">
	<ele>765.46</ele>
	<time>2026-07-21T11:40:24.988Z</time>
	<hdop>3.79</hdop>
	<extensions>
		<gpxtpx:TrackPointExtension>
			<gpxtpx:course>172.0</gpxtpx:course>
		</gpxtpx:TrackPointExtension>
	</extensions>
</trkpt>
<trkpt lat="46.4195020" lon="15.1222252">
	<ele>759.53</ele>
	<time>2026-07-21T11:40:30.988Z</time>
	<hdop>3.79</hdop>
	<extensions>
		<gpxtpx:TrackPointExtension>
			<gpxtpx:course>166.0</gpxtpx:course>
		</gpxtpx:TrackPointExtension>
	</extensions>
</trkpt>
<trkpt lat="46.4190474" lon="15.1225352">
	<ele>760.30</ele>
	<time>2026-07-21T11:40:36.988Z</time>
	<hdop>3.79</hdop>
	<extensions>
		<gpxtpx:TrackPointExtension>
			<gpxtpx:course>149.0</gpxtpx:course>
		</gpxtpx:TrackPointExtension>
	</extensions>
</trkpt>
<trkpt lat="46.4186318" lon="15.1228132">
	<ele>755.08</ele>
	<time>2026-07-21T11:40:42.987Z</time>
	<hdop>3.79</hdop>
	<extensions>
		<gpxtpx:TrackPointExtension>
			<gpxtpx:course>155.0</gpxtpx:course>
		</gpxtpx:TrackPointExtension>
	</extensions>
</trkpt>
<trkpt lat="46.4183422" lon="15.1229758">
	<ele>754.61</ele>
	<time>2026-07-21T11:40:47.987Z</time>
	<hdop>3.79</hdop>
	<extensions>
		<gpxtpx:TrackPointExtension>
			<gpxtpx:course>160.0</gpxtpx:course>
		</gpxtpx:TrackPointExtension>
	</extensions>
</trkpt>
<trkpt lat="46.4181045" lon="15.1231050">
	<ele>756.60</ele>
	<time>2026-07-21T11:40:52.988Z</time>
	<hdop>3.79</hdop>
	<extensions>
		<gpxtpx:TrackPointExtension>
			<gpxtpx:course>159.0</gpxtpx:course>
		</gpxtpx:TrackPointExtension>
	</extensions>
</trkpt>
<trkpt lat="46.4178489" lon="15.1232187">
	<ele>759.04</ele>
	<time>2026-07-21T11:40:58.987Z</time>
	<hdop>3.79</hdop>
	<extensions>
		<gpxtpx:TrackPointExtension>
			<gpxtpx:course>163.0</gpxtpx:course>
		</gpxtpx:TrackPointExtension>
	</extensions>
</trkpt>
<trkpt lat="46.4176891" lon="15.1232571">
	<ele>760.29</ele>
	<time>2026-07-21T11:41:03.987Z</time>
	<hdop>3.79</hdop>
	<extensions>
		<gpxtpx:TrackPointExtension>
			<gpxtpx:course>178.0</gpxtpx:course>
		</gpxtpx:TrackPointExtension>
	</extensions>
</trkpt>
<trkpt lat="46.4175233" lon="15.1232687">
	<ele>761.32</ele>
	<time>2026-07-21T11:41:08.987Z</time>
	<hdop>3.79</hdop>
	<extensions>
		<gpxtpx:TrackPointExtension>
			<gpxtpx:course>175.0</gpxtpx:course>
		</gpxtpx:TrackPointExtension>
	</extensions>
</trkpt>
<trkpt lat="46.4173822" lon="15.1232224">
	<ele>761.95</ele>
	<time>2026-07-21T11:41:13.987Z</time>
	<hdop>3.79</hdop>
	<extensions>
		<gpxtpx:TrackPointExtension>
			<gpxtpx:course>202.0</gpxtpx:course>
		</gpxtpx:TrackPointExtension>
	</extensions>
</trkpt>
<trkpt lat="46.4172944" lon="15.1231735">
	<ele>762.20</ele>
	<time>2026-07-21T11:41:19.987Z</time>
	<hdop>3.79</hdop>
	<extensions>
		<gpxtpx:TrackPointExtension>
			<gpxtpx:course>185.0</gpxtpx:course>
		</gpxtpx:TrackPointExtension>
	</extensions>
</trkpt>
<trkpt lat="46.4171914" lon="15.1231686">
	<ele>762.99</ele>
	<time>2026-07-21T11:41:58.987Z</time>
	<hdop>3.79</hdop>
	<extensions>
		<gpxtpx:TrackPointExtension>
			<gpxtpx:course>170.0</gpxtpx:course>
		</gpxtpx:TrackPointExtension>
	</extensions>
</trkpt>
<trkpt lat="46.4170322" lon="15.1232656">
	<ele>764.93</ele>
	<time>2026-07-21T11:42:03.987Z</time>
	<hdop>3.79</hdop>
	<extensions>
		<gpxtpx:TrackPointExtension>
			<gpxtpx:course>153.0</gpxtpx:course>
		</gpxtpx:TrackPointExtension>
	</extensions>
</trkpt>
<trkpt lat="46.4168727" lon="15.1232889">
	<ele>766.09</ele>
	<time>2026-07-21T11:42:08.988Z</time>
	<hdop>4.79</hdop>
	<extensions>
		<gpxtpx:TrackPointExtension>
			<gpxtpx:course>184.0</gpxtpx:course>
		</gpxtpx:TrackPointExtension>
	</extensions>
</trkpt>
<trkpt lat="46.4167293" lon="15.1232166">
	<ele>766.79</ele>
	<time>2026-07-21T11:42:14.987Z</time>
	<hdop>3.79</hdop>
	<extensions>
		<gpxtpx:TrackPointExtension>
			<gpxtpx:course>239.0</gpxtpx:course>
		</gpxtpx:TrackPointExtension>
	</extensions>
</trkpt>
<trkpt lat="46.4166416" lon="15.1231198">
	<ele>766.27</ele>
	<time>2026-07-21T11:42:19.987Z</time>
	<hdop>3.79</hdop>
	<extensions>
		<gpxtpx:TrackPointExtension>
			<gpxtpx:course>227.0</gpxtpx:course>
		</gpxtpx:TrackPointExtension>
	</extensions>
</trkpt>
<trkpt lat="46.4165621" lon="15.1230155">
	<ele>764.48</ele>
	<time>2026-07-21T11:42:24.987Z</time>
	<hdop>3.79</hdop>
	<extensions>
		<gpxtpx:TrackPointExtension>
			<gpxtpx:course>227.0</gpxtpx:course>
		</gpxtpx:TrackPointExtension>
	</extensions>
</trkpt>
<trkpt lat="46.4164856" lon="15.1229391">
	<ele>762.05</ele>
	<time>2026-07-21T11:45:32.988Z</time>
	<hdop>3.79</hdop>
	<extensions>
		<gpxtpx:TrackPointExtension>
			<gpxtpx:course>225.0</gpxtpx:course>
		</gpxtpx:TrackPointExtension>
	</extensions>
</trkpt>
<trkpt lat="46.4164366" lon="15.1228285">
	<ele>758.18</ele>
	<time>2026-07-21T11:45:44.988Z</time>
	<hdop>3.79</hdop>
	<extensions>
		<gpxtpx:TrackPointExtension>
			<gpxtpx:course>271.0</gpxtpx:course>
		</gpxtpx:TrackPointExtension>
	</extensions>
</trkpt>
<trkpt lat="46.4164435" lon="15.1226968">
	<ele>754.44</ele>
	<time>2026-07-21T11:45:55.988Z</time>
	<hdop>3.79</hdop>
	<extensions>
		<gpxtpx:TrackPointExtension>
			<gpxtpx:course>258.0</gpxtpx:course>
		</gpxtpx:TrackPointExtension>
	</extensions>
</trkpt>
<trkpt lat="46.4164272" lon="15.1225631">
	<ele>750.77</ele>
	<time>2026-07-21T11:46:06.987Z</time>
	<hdop>3.79</hdop>
	<extensions>
		<gpxtpx:TrackPointExtension>
			<gpxtpx:course>259.0</gpxtpx:course>
		</gpxtpx:TrackPointExtension>
	</extensions>
</trkpt>
<trkpt lat="46.4164272" lon="15.1224267">
	<ele>748.53</ele>
	<time>2026-07-21T11:46:32.988Z</time>
	<hdop>3.79</hdop>
	<extensions>
		<gpxtpx:TrackPointExtension>
			<gpxtpx:course>271.0</gpxtpx:course>
		</gpxtpx:TrackPointExtension>
	</extensions>
</trkpt>
<trkpt lat="46.4164376" lon="15.1222938">
	<ele>747.31</ele>
	<time>2026-07-21T11:46:55.988Z</time>
	<hdop>3.79</hdop>
	<extensions>
		<gpxtpx:TrackPointExtension>
			<gpxtpx:course>284.0</gpxtpx:course>
		</gpxtpx:TrackPointExtension>
	</extensions>
</trkpt>
<trkpt lat="46.4164406" lon="15.1221627">
	<ele>746.19</ele>
	<time>2026-07-21T11:58:58.202Z</time>
	<hdop>3.29</hdop>
	<extensions>
		<gpxtpx:TrackPointExtension>
			<gpxtpx:course>282.04773</gpxtpx:course>
		</gpxtpx:TrackPointExtension>
	</extensions>
</trkpt>
<trkpt lat="46.4164549" lon="15.1220342">
	<ele>745.68</ele>
	<time>2026-07-21T11:59:06.600Z</time>
	<hdop>3.15</hdop>
	<extensions>
		<gpxtpx:TrackPointExtension>
			<gpxtpx:course>275.0467</gpxtpx:course>
		</gpxtpx:TrackPointExtension>
	</extensions>
</trkpt>
<trkpt lat="46.4163986" lon="15.1219221">
	<ele>743.30</ele>
	<time>2026-07-21T12:00:52.027Z</time>
	<hdop>3.11</hdop>
	<extensions>
		<gpxtpx:TrackPointExtension>
			<gpxtpx:course>282.36728</gpxtpx:course>
		</gpxtpx:TrackPointExtension>
	</extensions>
</trkpt>
<trkpt lat="46.4164154" lon="15.1217870">
	<ele>743.25</ele>
	<time>2026-07-21T12:02:25.987Z</time>
	<hdop>4.39</hdop>
	<extensions>
		<gpxtpx:TrackPointExtension>
			<gpxtpx:course>276.61887</gpxtpx:course>
		</gpxtpx:TrackPointExtension>
	</extensions>
</trkpt>
<trkpt lat="46.4163978" lon="15.1216498">
	<ele>742.41</ele>
	<time>2026-07-21T12:02:38.246Z</time>
	<hdop>3.10</hdop>
	<extensions>
		<gpxtpx:TrackPointExtension>
			<gpxtpx:course>262.34</gpxtpx:course>
		</gpxtpx:TrackPointExtension>
	</extensions>
</trkpt>
<trkpt lat="46.4163837" lon="15.1214252">
	<ele>742.31</ele>
	<time>2026-07-21T12:02:43.986Z</time>
	<hdop>3.28</hdop>
	<extensions>
		<gpxtpx:TrackPointExtension>
			<gpxtpx:course>266.0</gpxtpx:course>
		</gpxtpx:TrackPointExtension>
	</extensions>
</trkpt>
<trkpt lat="46.4164335" lon="15.1211924">
	<ele>744.14</ele>
	<time>2026-07-21T12:02:49.986Z</time>
	<hdop>3.81</hdop>
	<extensions>
		<gpxtpx:TrackPointExtension>
			<gpxtpx:course>309.0</gpxtpx:course>
		</gpxtpx:TrackPointExtension>
	</extensions>
</trkpt>
<trkpt lat="46.4164751" lon="15.1209730">
	<ele>745.16</ele>
	<time>2026-07-21T12:02:54.987Z</time>
	<hdop>3.81</hdop>
	<extensions>
		<gpxtpx:TrackPointExtension>
			<gpxtpx:course>284.0</gpxtpx:course>
		</gpxtpx:TrackPointExtension>
	</extensions>
</trkpt>
<trkpt lat="46.4165194" lon="15.1206056">
	<ele>746.02</ele>
	<time>2026-07-21T12:03:00.985Z</time>
	<hdop>3.79</hdop>
	<extensions>
		<gpxtpx:TrackPointExtension>
			<gpxtpx:course>284.0</gpxtpx:course>
		</gpxtpx:TrackPointExtension>
	</extensions>
</trkpt>
<trkpt lat="46.4166008" lon="15.1203106">
	<ele>748.62</ele>
	<time>2026-07-21T12:03:05.987Z</time>
	<hdop>3.79</hdop>
	<extensions>
		<gpxtpx:TrackPointExtension>
			<gpxtpx:course>294.0</gpxtpx:course>
		</gpxtpx:TrackPointExtension>
	</extensions>
</trkpt>
<trkpt lat="46.4167610" lon="15.1200463">
	<ele>752.30</ele>
	<time>2026-07-21T12:03:10.987Z</time>
	<hdop>3.79</hdop>
	<extensions>
		<gpxtpx:TrackPointExtension>
			<gpxtpx:course>311.0</gpxtpx:course>
		</gpxtpx:TrackPointExtension>
	</extensions>
</trkpt>
<trkpt lat="46.4169812" lon="15.1197379">
	<ele>752.59</ele>
	<time>2026-07-21T12:03:16.985Z</time>
	<hdop>3.79</hdop>
	<extensions>
		<gpxtpx:TrackPointExtension>
			<gpxtpx:course>313.0</gpxtpx:course>
		</gpxtpx:TrackPointExtension>
	</extensions>
</trkpt>
<trkpt lat="46.4171681" lon="15.1194548">
	<ele>750.37</ele>
	<time>2026-07-21T12:03:21.986Z</time>
	<hdop>3.79</hdop>
	<extensions>
		<gpxtpx:TrackPointExtension>
			<gpxtpx:course>311.0</gpxtpx:course>
		</gpxtpx:TrackPointExtension>
	</extensions>
</trkpt>
<trkpt lat="46.4173816" lon="15.1190620">
	<ele>746.63</ele>
	<time>2026-07-21T12:03:27.986Z</time>
	<hdop>3.79</hdop>
	<extensions>
		<gpxtpx:TrackPointExtension>
			<gpxtpx:course>300.0</gpxtpx:course>
		</gpxtpx:TrackPointExtension>
	</extensions>
</trkpt>
<trkpt lat="46.4175156" lon="15.1187060">
	<ele>745.41</ele>
	<time>2026-07-21T12:03:32.986Z</time>
	<hdop>3.79</hdop>
	<extensions>
		<gpxtpx:TrackPointExtension>
			<gpxtpx:course>295.0</gpxtpx:course>
		</gpxtpx:TrackPointExtension>
	</extensions>
</trkpt>
<trkpt lat="46.4176075" lon="15.1183005">
	<ele>743.42</ele>
	<time>2026-07-21T12:03:37.986Z</time>
	<hdop>3.79</hdop>
	<extensions>
		<gpxtpx:TrackPointExtension>
			<gpxtpx:course>279.0</gpxtpx:course>
		</gpxtpx:TrackPointExtension>
	</extensions>
</trkpt>
<trkpt lat="46.4176479" lon="15.1176955">
	<ele>735.31</ele>
	<time>2026-07-21T12:03:42.987Z</time>
	<hdop>3.79</hdop>
	<extensions>
		<gpxtpx:TrackPointExtension>
			<gpxtpx:course>274.0</gpxtpx:course>
		</gpxtpx:TrackPointExtension>
	</extensions>
</trkpt>
<trkpt lat="46.4177115" lon="15.1165847">
	<ele>717.34</ele>
	<time>2026-07-21T12:03:48.986Z</time>
	<hdop>3.79</hdop>
	<extensions>
		<gpxtpx:TrackPointExtension>
			<gpxtpx:course>276.0</gpxtpx:course>
		</gpxtpx:TrackPointExtension>
	</extensions>
</trkpt>
<trkpt lat="46.4177401" lon="15.1156434">
	<ele>721.51</ele>
	<time>2026-07-21T12:03:54.986Z</time>
	<hdop>3.79</hdop>
	<extensions>
		<gpxtpx:TrackPointExtension>
			<gpxtpx:course>271.0</gpxtpx:course>
		</gpxtpx:TrackPointExtension>
	</extensions>
</trkpt>
<trkpt lat="46.4177703" lon="15.1152555">
	<ele>728.24</ele>
	<time>2026-07-21T12:03:59.986Z</time>
	<hdop>3.79</hdop>
	<extensions>
		<gpxtpx:TrackPointExtension>
			<gpxtpx:course>276.0</gpxtpx:course>
		</gpxtpx:TrackPointExtension>
	</extensions>
</trkpt>
<trkpt lat="46.4177436" lon="15.1149191">
	<ele>731.73</ele>
	<time>2026-07-21T12:04:05.987Z</time>
	<hdop>3.79</hdop>
	<extensions>
		<gpxtpx:TrackPointExtension>
			<gpxtpx:course>258.0</gpxtpx:course>
		</gpxtpx:TrackPointExtension>
	</extensions>
</trkpt>
<trkpt lat="46.4176608" lon="15.1146064">
	<ele>732.52</ele>
	<time>2026-07-21T12:04:10.987Z</time>
	<hdop>3.79</hdop>
	<extensions>
		<gpxtpx:TrackPointExtension>
			<gpxtpx:course>243.0</gpxtpx:course>
		</gpxtpx:TrackPointExtension>
	</extensions>
</trkpt>
<trkpt lat="46.4174540" lon="15.1142213">
	<ele>729.06</ele>
	<time>2026-07-21T12:04:16.986Z</time>
	<hdop>3.79</hdop>
	<extensions>
		<gpxtpx:TrackPointExtension>
			<gpxtpx:course>233.0</gpxtpx:course>
		</gpxtpx:TrackPointExtension>
	</extensions>
</trkpt>
<trkpt lat="46.4172939" lon="15.1137613">
	<ele>717.78</ele>
	<time>2026-07-21T12:04:21.987Z</time>
	<hdop>3.79</hdop>
	<extensions>
		<gpxtpx:TrackPointExtension>
			<gpxtpx:course>249.0</gpxtpx:course>
		</gpxtpx:TrackPointExtension>
	</extensions>
</trkpt>
<trkpt lat="46.4171930" lon="15.1132025">
	<ele>709.67</ele>
	<time>2026-07-21T12:04:26.987Z</time>
	<hdop>3.79</hdop>
	<extensions>
		<gpxtpx:TrackPointExtension>
			<gpxtpx:course>262.0</gpxtpx:course>
		</gpxtpx:TrackPointExtension>
	</extensions>
</trkpt>
<trkpt lat="46.4170638" lon="15.1124342">
	<ele>715.05</ele>
	<time>2026-07-21T12:04:32.985Z</time>
	<hdop>3.79</hdop>
	<extensions>
		<gpxtpx:TrackPointExtension>
			<gpxtpx:course>247.0</gpxtpx:course>
		</gpxtpx:TrackPointExtension>
	</extensions>
</trkpt>
<trkpt lat="46.4170419" lon="15.1117564">
	<ele>710.95</ele>
	<time>2026-07-21T12:04:37.985Z</time>
	<hdop>3.79</hdop>
	<extensions>
		<gpxtpx:TrackPointExtension>
			<gpxtpx:course>269.0</gpxtpx:course>
		</gpxtpx:TrackPointExtension>
	</extensions>
</trkpt>
<trkpt lat="46.4167913" lon="15.1111378">
	<ele>705.80</ele>
	<time>2026-07-21T12:04:42.986Z</time>
	<hdop>3.79</hdop>
	<extensions>
		<gpxtpx:TrackPointExtension>
			<gpxtpx:course>211.0</gpxtpx:course>
		</gpxtpx:TrackPointExtension>
	</extensions>
</trkpt>
<trkpt lat="46.4163816" lon="15.1107372">
	<ele>699.30</ele>
	<time>2026-07-21T12:04:47.987Z</time>
	<hdop>3.79</hdop>
	<extensions>
		<gpxtpx:TrackPointExtension>
			<gpxtpx:course>228.0</gpxtpx:course>
		</gpxtpx:TrackPointExtension>
	</extensions>
</trkpt>
<trkpt lat="46.4162412" lon="15.1102264">
	<ele>699.93</ele>
	<time>2026-07-21T12:04:53.987Z</time>
	<hdop>3.79</hdop>
	<extensions>
		<gpxtpx:TrackPointExtension>
			<gpxtpx:course>263.0</gpxtpx:course>
		</gpxtpx:TrackPointExtension>
	</extensions>
</trkpt>
<trkpt lat="46.4161826" lon="15.1099228">
	<ele>702.79</ele>
	<time>2026-07-21T12:04:58.987Z</time>
	<hdop>3.79</hdop>
	<extensions>
		<gpxtpx:TrackPointExtension>
			<gpxtpx:course>244.0</gpxtpx:course>
		</gpxtpx:TrackPointExtension>
	</extensions>
</trkpt>
<trkpt lat="46.4160186" lon="15.1095934">
	<ele>708.61</ele>
	<time>2026-07-21T12:05:04.986Z</time>
	<hdop>3.79</hdop>
	<extensions>
		<gpxtpx:TrackPointExtension>
			<gpxtpx:course>233.0</gpxtpx:course>
		</gpxtpx:TrackPointExtension>
	</extensions>
</trkpt>
<trkpt lat="46.4158772" lon="15.1093834">
	<ele>712.91</ele>
	<time>2026-07-21T12:05:09.987Z</time>
	<hdop>3.79</hdop>
	<extensions>
		<gpxtpx:TrackPointExtension>
			<gpxtpx:course>221.0</gpxtpx:course>
		</gpxtpx:TrackPointExtension>
	</extensions>
</trkpt>
<trkpt lat="46.4157693" lon="15.1092638">
	<ele>714.54</ele>
	<time>2026-07-21T12:05:14.987Z</time>
	<hdop>3.79</hdop>
	<extensions>
		<gpxtpx:TrackPointExtension>
			<gpxtpx:course>215.0</gpxtpx:course>
		</gpxtpx:TrackPointExtension>
	</extensions>
</trkpt>
<trkpt lat="46.4156334" lon="15.1091310">
	<ele>714.37</ele>
	<time>2026-07-21T12:05:19.987Z</time>
	<hdop>3.79</hdop>
	<extensions>
		<gpxtpx:TrackPointExtension>
			<gpxtpx:course>213.0</gpxtpx:course>
		</gpxtpx:TrackPointExtension>
	</extensions>
</trkpt>
<trkpt lat="46.4152899" lon="15.1088786">
	<ele>711.63</ele>
	<time>2026-07-21T12:05:25.986Z</time>
	<hdop>3.79</hdop>
	<extensions>
		<gpxtpx:TrackPointExtension>
			<gpxtpx:course>179.0</gpxtpx:course>
		</gpxtpx:TrackPointExtension>
	</extensions>
</trkpt>
<trkpt lat="46.4148346" lon="15.1090131">
	<ele>704.46</ele>
	<time>2026-07-21T12:05:30.987Z</time>
	<hdop>3.79</hdop>
	<extensions>
		<gpxtpx:TrackPointExtension>
			<gpxtpx:course>158.0</gpxtpx:course>
		</gpxtpx:TrackPointExtension>
	</extensions>
</trkpt>
<trkpt lat="46.4143962" lon="15.1093217">
	<ele>702.77</ele>
	<time>2026-07-21T12:05:35.987Z</time>
	<hdop>3.79</hdop>
	<extensions>
		<gpxtpx:TrackPointExtension>
			<gpxtpx:course>149.0</gpxtpx:course>
		</gpxtpx:TrackPointExtension>
	</extensions>
</trkpt>
<trkpt lat="46.4140603" lon="15.1097809">
	<ele>698.01</ele>
	<time>2026-07-21T12:05:40.987Z</time>
	<hdop>3.79</hdop>
	<extensions>
		<gpxtpx:TrackPointExtension>
			<gpxtpx:course>127.0</gpxtpx:course>
		</gpxtpx:TrackPointExtension>
	</extensions>
</trkpt>
<trkpt lat="46.4137273" lon="15.1103088">
	<ele>690.56</ele>
	<time>2026-07-21T12:05:45.987Z</time>
	<hdop>3.79</hdop>
	<extensions>
		<gpxtpx:TrackPointExtension>
			<gpxtpx:course>131.0</gpxtpx:course>
		</gpxtpx:TrackPointExtension>
	</extensions>
</trkpt>
<trkpt lat="46.4132942" lon="15.1110721">
	<ele>683.43</ele>
	<time>2026-07-21T12:05:51.987Z</time>
	<hdop>3.79</hdop>
	<extensions>
		<gpxtpx:TrackPointExtension>
			<gpxtpx:course>131.0</gpxtpx:course>
		</gpxtpx:TrackPointExtension>
	</extensions>
</trkpt>
<trkpt lat="46.4130159" lon="15.1117136">
	<ele>678.63</ele>
	<time>2026-07-21T12:05:56.987Z</time>
	<hdop>3.79</hdop>
	<extensions>
		<gpxtpx:TrackPointExtension>
			<gpxtpx:course>118.0</gpxtpx:course>
		</gpxtpx:TrackPointExtension>
	</extensions>
</trkpt>
<trkpt lat="46.4126607" lon="15.1119663">
	<ele>674.71</ele>
	<time>2026-07-21T12:06:01.987Z</time>
	<hdop>3.79</hdop>
	<extensions>
		<gpxtpx:TrackPointExtension>
			<gpxtpx:course>159.0</gpxtpx:course>
		</gpxtpx:TrackPointExtension>
	</extensions>
</trkpt>
<trkpt lat="46.4122474" lon="15.1123840">
	<ele>662.22</ele>
	<time>2026-07-21T12:06:07.986Z</time>
	<hdop>3.81</hdop>
	<extensions>
		<gpxtpx:TrackPointExtension>
			<gpxtpx:course>119.0</gpxtpx:course>
		</gpxtpx:TrackPointExtension>
	</extensions>
</trkpt>
<trkpt lat="46.4120036" lon="15.1129139">
	<ele>652.47</ele>
	<time>2026-07-21T12:06:12.987Z</time>
	<hdop>3.79</hdop>
	<extensions>
		<gpxtpx:TrackPointExtension>
			<gpxtpx:course>140.0</gpxtpx:course>
		</gpxtpx:TrackPointExtension>
	</extensions>
</trkpt>
<trkpt lat="46.4115219" lon="15.1131098">
	<ele>651.80</ele>
	<time>2026-07-21T12:06:17.987Z</time>
	<hdop>3.79</hdop>
	<extensions>
		<gpxtpx:TrackPointExtension>
			<gpxtpx:course>175.0</gpxtpx:course>
		</gpxtpx:TrackPointExtension>
	</extensions>
</trkpt>
<trkpt lat="46.4112066" lon="15.1127756">
	<ele>654.63</ele>
	<time>2026-07-21T12:06:22.987Z</time>
	<hdop>4.05</hdop>
	<extensions>
		<gpxtpx:TrackPointExtension>
			<gpxtpx:course>224.0</gpxtpx:course>
		</gpxtpx:TrackPointExtension>
	</extensions>
</trkpt>
<trkpt lat="46.4107389" lon="15.1129955">
	<ele>635.94</ele>
	<time>2026-07-21T12:06:28.986Z</time>
	<hdop>3.83</hdop>
	<extensions>
		<gpxtpx:TrackPointExtension>
			<gpxtpx:course>144.0</gpxtpx:course>
		</gpxtpx:TrackPointExtension>
	</extensions>
</trkpt>
<trkpt lat="46.4104692" lon="15.1129865">
	<ele>629.56</ele>
	<time>2026-07-21T12:06:33.986Z</time>
	<hdop>3.87</hdop>
	<extensions>
		<gpxtpx:TrackPointExtension>
			<gpxtpx:course>221.0</gpxtpx:course>
		</gpxtpx:TrackPointExtension>
	</extensions>
</trkpt>
<trkpt lat="46.4101493" lon="15.1127049">
	<ele>632.38</ele>
	<time>2026-07-21T12:06:38.987Z</time>
	<hdop>3.79</hdop>
	<extensions>
		<gpxtpx:TrackPointExtension>
			<gpxtpx:course>201.0</gpxtpx:course>
		</gpxtpx:TrackPointExtension>
	</extensions>
</trkpt>
<trkpt lat="46.4098097" lon="15.1121209">
	<ele>630.30</ele>
	<time>2026-07-21T12:06:44.987Z</time>
	<hdop>3.79</hdop>
	<extensions>
		<gpxtpx:TrackPointExtension>
			<gpxtpx:course>249.0</gpxtpx:course>
		</gpxtpx:TrackPointExtension>
	</extensions>
</trkpt>
<trkpt lat="46.4097800" lon="15.1111604">
	<ele>619.64</ele>
	<time>2026-07-21T12:06:50.986Z</time>
	<hdop>3.79</hdop>
	<extensions>
		<gpxtpx:TrackPointExtension>
			<gpxtpx:course>278.0</gpxtpx:course>
		</gpxtpx:TrackPointExtension>
	</extensions>
</trkpt>
<trkpt lat="46.4099222" lon="15.1100240">
	<ele>606.14</ele>
	<time>2026-07-21T12:06:56.986Z</time>
	<hdop>3.79</hdop>
	<extensions>
		<gpxtpx:TrackPointExtension>
			<gpxtpx:course>271.0</gpxtpx:course>
		</gpxtpx:TrackPointExtension>
	</extensions>
</trkpt>
<trkpt lat="46.4100478" lon="15.1092599">
	<ele>601.48</ele>
	<time>2026-07-21T12:07:01.986Z</time>
	<hdop>3.79</hdop>
	<extensions>
		<gpxtpx:TrackPointExtension>
			<gpxtpx:course>298.0</gpxtpx:course>
		</gpxtpx:TrackPointExtension>
	</extensions>
</trkpt>
<trkpt lat="46.4102213" lon="15.1085948">
	<ele>596.90</ele>
	<time>2026-07-21T12:07:06.987Z</time>
	<hdop>3.79</hdop>
	<extensions>
		<gpxtpx:TrackPointExtension>
			<gpxtpx:course>276.0</gpxtpx:course>
		</gpxtpx:TrackPointExtension>
	</extensions>
</trkpt>
<trkpt lat="46.4102265" lon="15.1079819">
	<ele>593.19</ele>
	<time>2026-07-21T12:07:11.987Z</time>
	<hdop>3.79</hdop>
	<extensions>
		<gpxtpx:TrackPointExtension>
			<gpxtpx:course>269.0</gpxtpx:course>
		</gpxtpx:TrackPointExtension>
	</extensions>
</trkpt>
<trkpt lat="46.4102481" lon="15.1073701">
	<ele>594.98</ele>
	<time>2026-07-21T12:07:16.987Z</time>
	<hdop>3.79</hdop>
	<extensions>
		<gpxtpx:TrackPointExtension>
			<gpxtpx:course>264.0</gpxtpx:course>
		</gpxtpx:TrackPointExtension>
	</extensions>
</trkpt>
<trkpt lat="46.4101437" lon="15.1068134">
	<ele>593.51</ele>
	<time>2026-07-21T12:07:22.986Z</time>
	<hdop>3.79</hdop>
	<extensions>
		<gpxtpx:TrackPointExtension>
			<gpxtpx:course>248.0</gpxtpx:course>
		</gpxtpx:TrackPointExtension>
	</extensions>
</trkpt>
<trkpt lat="46.4099806" lon="15.1061499">
	<ele>588.93</ele>
	<time>2026-07-21T12:07:28.986Z</time>
	<hdop>3.79</hdop>
	<extensions>
		<gpxtpx:TrackPointExtension>
			<gpxtpx:course>249.0</gpxtpx:course>
		</gpxtpx:TrackPointExtension>
	</extensions>
</trkpt>
<trkpt lat="46.4098348" lon="15.1055864">
	<ele>584.98</ele>
	<time>2026-07-21T12:07:33.986Z</time>
	<hdop>3.79</hdop>
	<extensions>
		<gpxtpx:TrackPointExtension>
			<gpxtpx:course>254.0</gpxtpx:course>
		</gpxtpx:TrackPointExtension>
	</extensions>
</trkpt>
<trkpt lat="46.4096817" lon="15.1050280">
	<ele>584.13</ele>
	<time>2026-07-21T12:07:38.986Z</time>
	<hdop>3.79</hdop>
	<extensions>
		<gpxtpx:TrackPointExtension>
			<gpxtpx:course>231.0</gpxtpx:course>
		</gpxtpx:TrackPointExtension>
	</extensions>
</trkpt>
<trkpt lat="46.4094433" lon="15.1047285">
	<ele>583.46</ele>
	<time>2026-07-21T12:07:43.987Z</time>
	<hdop>3.79</hdop>
	<extensions>
		<gpxtpx:TrackPointExtension>
			<gpxtpx:course>229.0</gpxtpx:course>
		</gpxtpx:TrackPointExtension>
	</extensions>
</trkpt>
<trkpt lat="46.4093760" lon="15.1042414">
	<ele>582.10</ele>
	<time>2026-07-21T12:07:48.987Z</time>
	<hdop>3.79</hdop>
	<extensions>
		<gpxtpx:TrackPointExtension>
			<gpxtpx:course>270.0</gpxtpx:course>
		</gpxtpx:TrackPointExtension>
	</extensions>
</trkpt>
<trkpt lat="46.4093542" lon="15.1034752">
	<ele>573.22</ele>
	<time>2026-07-21T12:07:54.986Z</time>
	<hdop>3.79</hdop>
	<extensions>
		<gpxtpx:TrackPointExtension>
			<gpxtpx:course>255.0</gpxtpx:course>
		</gpxtpx:TrackPointExtension>
	</extensions>
</trkpt>
<trkpt lat="46.4091052" lon="15.1030525">
	<ele>569.81</ele>
	<time>2026-07-21T12:07:59.986Z</time>
	<hdop>3.79</hdop>
	<extensions>
		<gpxtpx:TrackPointExtension>
			<gpxtpx:course>210.0</gpxtpx:course>
		</gpxtpx:TrackPointExtension>
	</extensions>
</trkpt>
<trkpt lat="46.4086412" lon="15.1026738">
	<ele>563.05</ele>
	<time>2026-07-21T12:08:04.986Z</time>
	<hdop>3.79</hdop>
	<extensions>
		<gpxtpx:TrackPointExtension>
			<gpxtpx:course>211.0</gpxtpx:course>
		</gpxtpx:TrackPointExtension>
	</extensions>
</trkpt>
<trkpt lat="46.4080762" lon="15.1021005">
	<ele>561.17</ele>
	<time>2026-07-21T12:08:09.987Z</time>
	<hdop>3.79</hdop>
	<extensions>
		<gpxtpx:TrackPointExtension>
			<gpxtpx:course>215.0</gpxtpx:course>
		</gpxtpx:TrackPointExtension>
	</extensions>
</trkpt>
<trkpt lat="46.4073809" lon="15.1013606">
	<ele>542.69</ele>
	<time>2026-07-21T12:08:15.986Z</time>
	<hdop>3.79</hdop>
	<extensions>
		<gpxtpx:TrackPointExtension>
			<gpxtpx:course>220.0</gpxtpx:course>
		</gpxtpx:TrackPointExtension>
	</extensions>
</trkpt>
<trkpt lat="46.4068371" lon="15.1009225">
	<ele>541.58</ele>
	<time>2026-07-21T12:08:20.986Z</time>
	<hdop>3.79</hdop>
	<extensions>
		<gpxtpx:TrackPointExtension>
			<gpxtpx:course>206.0</gpxtpx:course>
		</gpxtpx:TrackPointExtension>
	</extensions>
</trkpt>
<trkpt lat="46.4063133" lon="15.1006892">
	<ele>539.42</ele>
	<time>2026-07-21T12:08:26.986Z</time>
	<hdop>3.79</hdop>
	<extensions>
		<gpxtpx:TrackPointExtension>
			<gpxtpx:course>188.0</gpxtpx:course>
		</gpxtpx:TrackPointExtension>
	</extensions>
</trkpt>
<trkpt lat="46.4059997" lon="15.1004177">
	<ele>537.91</ele>
	<time>2026-07-21T12:08:31.986Z</time>
	<hdop>3.79</hdop>
	<extensions>
		<gpxtpx:TrackPointExtension>
			<gpxtpx:course>220.0</gpxtpx:course>
		</gpxtpx:TrackPointExtension>
	</extensions>
</trkpt>
<trkpt lat="46.4057518" lon="15.1000039">
	<ele>538.01</ele>
	<time>2026-07-21T12:08:36.986Z</time>
	<hdop>3.79</hdop>
	<extensions>
		<gpxtpx:TrackPointExtension>
			<gpxtpx:course>225.0</gpxtpx:course>
		</gpxtpx:TrackPointExtension>
	</extensions>
</trkpt>
<trkpt lat="46.4053675" lon="15.0996468">
	<ele>540.10</ele>
	<time>2026-07-21T12:08:41.986Z</time>
	<hdop>3.79</hdop>
	<extensions>
		<gpxtpx:TrackPointExtension>
			<gpxtpx:course>199.0</gpxtpx:course>
		</gpxtpx:TrackPointExtension>
	</extensions>
</trkpt>
<trkpt lat="46.4049098" lon="15.0995308">
	<ele>534.33</ele>
	<time>2026-07-21T12:08:46.986Z</time>
	<hdop>3.79</hdop>
	<extensions>
		<gpxtpx:TrackPointExtension>
			<gpxtpx:course>194.0</gpxtpx:course>
		</gpxtpx:TrackPointExtension>
	</extensions>
</trkpt>
<trkpt lat="46.4045670" lon="15.0992841">
	<ele>535.98</ele>
	<time>2026-07-21T12:08:51.986Z</time>
	<hdop>3.79</hdop>
	<extensions>
		<gpxtpx:TrackPointExtension>
			<gpxtpx:course>205.0</gpxtpx:course>
		</gpxtpx:TrackPointExtension>
	</extensions>
</trkpt>
<trkpt lat="46.4042999" lon="15.0990727">
	<ele>537.32</ele>
	<time>2026-07-21T12:08:56.986Z</time>
	<hdop>3.79</hdop>
	<extensions>
		<gpxtpx:TrackPointExtension>
			<gpxtpx:course>211.0</gpxtpx:course>
		</gpxtpx:TrackPointExtension>
	</extensions>
</trkpt>
<trkpt lat="46.4039992" lon="15.0988294">
	<ele>539.33</ele>
	<time>2026-07-21T12:09:02.986Z</time>
	<hdop>3.79</hdop>
	<extensions>
		<gpxtpx:TrackPointExtension>
			<gpxtpx:course>207.0</gpxtpx:course>
		</gpxtpx:TrackPointExtension>
	</extensions>
</trkpt>
<trkpt lat="46.4037509" lon="15.0986523">
	<ele>540.88</ele>
	<time>2026-07-21T12:09:07.986Z</time>
	<hdop>3.79</hdop>
	<extensions>
		<gpxtpx:TrackPointExtension>
			<gpxtpx:course>201.0</gpxtpx:course>
		</gpxtpx:TrackPointExtension>
	</extensions>
</trkpt>
<trkpt lat="46.4034975" lon="15.0985091">
	<ele>540.76</ele>
	<time>2026-07-21T12:09:12.986Z</time>
	<hdop>3.79</hdop>
	<extensions>
		<gpxtpx:TrackPointExtension>
			<gpxtpx:course>194.0</gpxtpx:course>
		</gpxtpx:TrackPointExtension>
	</extensions>
</trkpt>
<trkpt lat="46.4031888" lon="15.0983635">
	<ele>537.98</ele>
	<time>2026-07-21T12:09:18.987Z</time>
	<hdop>3.79</hdop>
	<extensions>
		<gpxtpx:TrackPointExtension>
			<gpxtpx:course>209.0</gpxtpx:course>
		</gpxtpx:TrackPointExtension>
	</extensions>
</trkpt>
<trkpt lat="46.4029442" lon="15.0980654">
	<ele>534.44</ele>
	<time>2026-07-21T12:09:23.987Z</time>
	<hdop>3.79</hdop>
	<extensions>
		<gpxtpx:TrackPointExtension>
			<gpxtpx:course>223.0</gpxtpx:course>
		</gpxtpx:TrackPointExtension>
	</extensions>
</trkpt>
<trkpt lat="46.4026546" lon="15.0976635">
	<ele>530.47</ele>
	<time>2026-07-21T12:09:28.987Z</time>
	<hdop>3.79</hdop>
	<extensions>
		<gpxtpx:TrackPointExtension>
			<gpxtpx:course>223.0</gpxtpx:course>
		</gpxtpx:TrackPointExtension>
	</extensions>
</trkpt>
<trkpt lat="46.4022563" lon="15.0971600">
	<ele>531.35</ele>
	<time>2026-07-21T12:09:34.986Z</time>
	<hdop>3.79</hdop>
	<extensions>
		<gpxtpx:TrackPointExtension>
			<gpxtpx:course>215.0</gpxtpx:course>
		</gpxtpx:TrackPointExtension>
	</extensions>
</trkpt>
<trkpt lat="46.4018974" lon="15.0968501">
	<ele>532.68</ele>
	<time>2026-07-21T12:09:39.986Z</time>
	<hdop>3.79</hdop>
	<extensions>
		<gpxtpx:TrackPointExtension>
			<gpxtpx:course>210.0</gpxtpx:course>
		</gpxtpx:TrackPointExtension>
	</extensions>
</trkpt>
<trkpt lat="46.4015561" lon="15.0964956">
	<ele>522.88</ele>
	<time>2026-07-21T12:09:44.986Z</time>
	<hdop>3.79</hdop>
	<extensions>
		<gpxtpx:TrackPointExtension>
			<gpxtpx:course>226.0</gpxtpx:course>
		</gpxtpx:TrackPointExtension>
	</extensions>
</trkpt>
<trkpt lat="46.4013084" lon="15.0958031">
	<ele>514.13</ele>
	<time>2026-07-21T12:09:50.987Z</time>
	<hdop>3.79</hdop>
	<extensions>
		<gpxtpx:TrackPointExtension>
			<gpxtpx:course>256.0</gpxtpx:course>
		</gpxtpx:TrackPointExtension>
	</extensions>
</trkpt>
<trkpt lat="46.4013514" lon="15.0951734">
	<ele>520.54</ele>
	<time>2026-07-21T12:09:56.985Z</time>
	<hdop>3.79</hdop>
	<extensions>
		<gpxtpx:TrackPointExtension>
			<gpxtpx:course>267.0</gpxtpx:course>
		</gpxtpx:TrackPointExtension>
	</extensions>
</trkpt>
<trkpt lat="46.4012660" lon="15.0947694">
	<ele>525.41</ele>
	<time>2026-07-21T12:10:01.986Z</time>
	<hdop>3.79</hdop>
	<extensions>
		<gpxtpx:TrackPointExtension>
			<gpxtpx:course>246.0</gpxtpx:course>
		</gpxtpx:TrackPointExtension>
	</extensions>
</trkpt>
<trkpt lat="46.4010895" lon="15.0945057">
	<ele>527.43</ele>
	<time>2026-07-21T12:10:06.987Z</time>
	<hdop>3.79</hdop>
	<extensions>
		<gpxtpx:TrackPointExtension>
			<gpxtpx:course>214.0</gpxtpx:course>
		</gpxtpx:TrackPointExtension>
	</extensions>
</trkpt>
<trkpt lat="46.4008424" lon="15.0942937">
	<ele>524.24</ele>
	<time>2026-07-21T12:10:12.986Z</time>
	<hdop>3.79</hdop>
	<extensions>
		<gpxtpx:TrackPointExtension>
			<gpxtpx:course>211.0</gpxtpx:course>
		</gpxtpx:TrackPointExtension>
	</extensions>
</trkpt>
<trkpt lat="46.4005909" lon="15.0941117">
	<ele>522.25</ele>
	<time>2026-07-21T12:10:17.986Z</time>
	<hdop>3.79</hdop>
	<extensions>
		<gpxtpx:TrackPointExtension>
			<gpxtpx:course>208.0</gpxtpx:course>
		</gpxtpx:TrackPointExtension>
	</extensions>
</trkpt>
<trkpt lat="46.4002682" lon="15.0940193">
	<ele>524.74</ele>
	<time>2026-07-21T12:10:23.986Z</time>
	<hdop>3.79</hdop>
	<extensions>
		<gpxtpx:TrackPointExtension>
			<gpxtpx:course>187.0</gpxtpx:course>
		</gpxtpx:TrackPointExtension>
	</extensions>
</trkpt>
<trkpt lat="46.4000094" lon="15.0939475">
	<ele>523.92</ele>
	<time>2026-07-21T12:10:28.987Z</time>
	<hdop>3.79</hdop>
	<extensions>
		<gpxtpx:TrackPointExtension>
			<gpxtpx:course>206.0</gpxtpx:course>
		</gpxtpx:TrackPointExtension>
	</extensions>
</trkpt>
<trkpt lat="46.3998596" lon="15.0934860">
	<ele>519.73</ele>
	<time>2026-07-21T12:10:34.986Z</time>
	<hdop>3.79</hdop>
	<extensions>
		<gpxtpx:TrackPointExtension>
			<gpxtpx:course>260.0</gpxtpx:course>
		</gpxtpx:TrackPointExtension>
	</extensions>
</trkpt>
<trkpt lat="46.3998506" lon="15.0930825">
	<ele>517.53</ele>
	<time>2026-07-21T12:10:39.987Z</time>
	<hdop>3.79</hdop>
	<extensions>
		<gpxtpx:TrackPointExtension>
			<gpxtpx:course>266.0</gpxtpx:course>
		</gpxtpx:TrackPointExtension>
	</extensions>
</trkpt>
<trkpt lat="46.3998465" lon="15.0924938">
	<ele>511.74</ele>
	<time>2026-07-21T12:10:45.986Z</time>
	<hdop>3.79</hdop>
	<extensions>
		<gpxtpx:TrackPointExtension>
			<gpxtpx:course>270.0</gpxtpx:course>
		</gpxtpx:TrackPointExtension>
	</extensions>
</trkpt>
<trkpt lat="46.3999028" lon="15.0918972">
	<ele>506.48</ele>
	<time>2026-07-21T12:10:50.987Z</time>
	<hdop>3.79</hdop>
	<extensions>
		<gpxtpx:TrackPointExtension>
			<gpxtpx:course>281.0</gpxtpx:course>
		</gpxtpx:TrackPointExtension>
	</extensions>
</trkpt>
<trkpt lat="46.4000712" lon="15.0910996">
	<ele>498.22</ele>
	<time>2026-07-21T12:10:56.986Z</time>
	<hdop>3.79</hdop>
	<extensions>
		<gpxtpx:TrackPointExtension>
			<gpxtpx:course>296.0</gpxtpx:course>
		</gpxtpx:TrackPointExtension>
	</extensions>
</trkpt>
<trkpt lat="46.4001256" lon="15.0902776">
	<ele>497.28</ele>
	<time>2026-07-21T12:11:02.985Z</time>
	<hdop>3.79</hdop>
	<extensions>
		<gpxtpx:TrackPointExtension>
			<gpxtpx:course>260.0</gpxtpx:course>
		</gpxtpx:TrackPointExtension>
	</extensions>
</trkpt>
<trkpt lat="46.3998548" lon="15.0896614">
	<ele>487.35</ele>
	<time>2026-07-21T12:11:07.986Z</time>
	<hdop>3.79</hdop>
	<extensions>
		<gpxtpx:TrackPointExtension>
			<gpxtpx:course>240.0</gpxtpx:course>
		</gpxtpx:TrackPointExtension>
	</extensions>
</trkpt>
<trkpt lat="46.3996452" lon="15.0891665">
	<ele>479.34</ele>
	<time>2026-07-21T12:11:12.986Z</time>
	<hdop>3.79</hdop>
	<extensions>
		<gpxtpx:TrackPointExtension>
			<gpxtpx:course>240.0</gpxtpx:course>
		</gpxtpx:TrackPointExtension>
	</extensions>
</trkpt>
<trkpt lat="46.3993871" lon="15.0887190">
	<ele>478.57</ele>
	<time>2026-07-21T12:11:17.986Z</time>
	<hdop>3.79</hdop>
	<extensions>
		<gpxtpx:TrackPointExtension>
			<gpxtpx:course>220.0</gpxtpx:course>
		</gpxtpx:TrackPointExtension>
	</extensions>
</trkpt>
<trkpt lat="46.3989543" lon="15.0884141">
	<ele>477.14</ele>
	<time>2026-07-21T12:11:22.987Z</time>
	<hdop>3.79</hdop>
	<extensions>
		<gpxtpx:TrackPointExtension>
			<gpxtpx:course>199.0</gpxtpx:course>
		</gpxtpx:TrackPointExtension>
	</extensions>
</trkpt>
<trkpt lat="46.3984638" lon="15.0883592">
	<ele>473.38</ele>
	<time>2026-07-21T12:11:27.987Z</time>
	<hdop>3.79</hdop>
	<extensions>
		<gpxtpx:TrackPointExtension>
			<gpxtpx:course>180.0</gpxtpx:course>
		</gpxtpx:TrackPointExtension>
	</extensions>
</trkpt>
<trkpt lat="46.3980328" lon="15.0880881">
	<ele>468.45</ele>
	<time>2026-07-21T12:11:33.987Z</time>
	<hdop>3.79</hdop>
	<extensions>
		<gpxtpx:TrackPointExtension>
			<gpxtpx:course>215.0</gpxtpx:course>
		</gpxtpx:TrackPointExtension>
	</extensions>
</trkpt>
<trkpt lat="46.3977278" lon="15.0877175">
	<ele>467.44</ele>
	<time>2026-07-21T12:11:39.986Z</time>
	<hdop>3.79</hdop>
	<extensions>
		<gpxtpx:TrackPointExtension>
			<gpxtpx:course>218.0</gpxtpx:course>
		</gpxtpx:TrackPointExtension>
	</extensions>
</trkpt>
<trkpt lat="46.3975356" lon="15.0875568">
	<ele>468.91</ele>
	<time>2026-07-21T12:11:44.986Z</time>
	<hdop>3.79</hdop>
	<extensions>
		<gpxtpx:TrackPointExtension>
			<gpxtpx:course>202.0</gpxtpx:course>
		</gpxtpx:TrackPointExtension>
	</extensions>
</trkpt>
<trkpt lat="46.3973661" lon="15.0873564">
	<ele>468.30</ele>
	<time>2026-07-21T12:11:49.986Z</time>
	<hdop>3.79</hdop>
	<extensions>
		<gpxtpx:TrackPointExtension>
			<gpxtpx:course>216.0</gpxtpx:course>
		</gpxtpx:TrackPointExtension>
	</extensions>
</trkpt>
<trkpt lat="46.3971435" lon="15.0872358">
	<ele>466.76</ele>
	<time>2026-07-21T12:11:54.987Z</time>
	<hdop>3.79</hdop>
	<extensions>
		<gpxtpx:TrackPointExtension>
			<gpxtpx:course>179.0</gpxtpx:course>
		</gpxtpx:TrackPointExtension>
	</extensions>
</trkpt>
<trkpt lat="46.3968775" lon="15.0874310">
	<ele>462.49</ele>
	<time>2026-07-21T12:12:00.987Z</time>
	<hdop>3.79</hdop>
	<extensions>
		<gpxtpx:TrackPointExtension>
			<gpxtpx:course>122.0</gpxtpx:course>
		</gpxtpx:TrackPointExtension>
	</extensions>
</trkpt>
<trkpt lat="46.3968221" lon="15.0878733">
	<ele>452.99</ele>
	<time>2026-07-21T12:12:06.987Z</time>
	<hdop>3.79</hdop>
	<extensions>
		<gpxtpx:TrackPointExtension>
			<gpxtpx:course>72.0</gpxtpx:course>
		</gpxtpx:TrackPointExtension>
	</extensions>
</trkpt>
<trkpt lat="46.3969598" lon="15.0883258">
	<ele>448.81</ele>
	<time>2026-07-21T12:12:12.986Z</time>
	<hdop>3.79</hdop>
	<extensions>
		<gpxtpx:TrackPointExtension>
			<gpxtpx:course>65.0</gpxtpx:course>
		</gpxtpx:TrackPointExtension>
	</extensions>
</trkpt>
<trkpt lat="46.3970137" lon="15.0887945">
	<ele>453.85</ele>
	<time>2026-07-21T12:12:17.987Z</time>
	<hdop>3.79</hdop>
	<extensions>
		<gpxtpx:TrackPointExtension>
			<gpxtpx:course>100.0</gpxtpx:course>
		</gpxtpx:TrackPointExtension>
	</extensions>
</trkpt>
<trkpt lat="46.3967200" lon="15.0892802">
	<ele>457.25</ele>
	<time>2026-07-21T12:12:23.987Z</time>
	<hdop>3.79</hdop>
	<extensions>
		<gpxtpx:TrackPointExtension>
			<gpxtpx:course>159.0</gpxtpx:course>
		</gpxtpx:TrackPointExtension>
	</extensions>
</trkpt>
<trkpt lat="46.3963373" lon="15.0894538">
	<ele>457.74</ele>
	<time>2026-07-21T12:12:29.986Z</time>
	<hdop>3.79</hdop>
	<extensions>
		<gpxtpx:TrackPointExtension>
			<gpxtpx:course>162.0</gpxtpx:course>
		</gpxtpx:TrackPointExtension>
	</extensions>
</trkpt>
<trkpt lat="46.3961213" lon="15.0896592">
	<ele>458.67</ele>
	<time>2026-07-21T12:12:34.986Z</time>
	<hdop>3.79</hdop>
	<extensions>
		<gpxtpx:TrackPointExtension>
			<gpxtpx:course>138.0</gpxtpx:course>
		</gpxtpx:TrackPointExtension>
	</extensions>
</trkpt>
<trkpt lat="46.3958942" lon="15.0896456">
	<ele>454.68</ele>
	<time>2026-07-21T12:12:39.987Z</time>
	<hdop>3.79</hdop>
	<extensions>
		<gpxtpx:TrackPointExtension>
			<gpxtpx:course>197.0</gpxtpx:course>
		</gpxtpx:TrackPointExtension>
	</extensions>
</trkpt>
<trkpt lat="46.3955934" lon="15.0896179">
	<ele>446.29</ele>
	<time>2026-07-21T12:12:45.986Z</time>
	<hdop>3.79</hdop>
	<extensions>
		<gpxtpx:TrackPointExtension>
			<gpxtpx:course>179.0</gpxtpx:course>
		</gpxtpx:TrackPointExtension>
	</extensions>
</trkpt>
<trkpt lat="46.3953315" lon="15.0895931">
	<ele>436.83</ele>
	<time>2026-07-21T12:12:50.987Z</time>
	<hdop>3.79</hdop>
	<extensions>
		<gpxtpx:TrackPointExtension>
			<gpxtpx:course>187.0</gpxtpx:course>
		</gpxtpx:TrackPointExtension>
	</extensions>
</trkpt>
<trkpt lat="46.3950685" lon="15.0895070">
	<ele>428.78</ele>
	<time>2026-07-21T12:12:55.987Z</time>
	<hdop>3.79</hdop>
	<extensions>
		<gpxtpx:TrackPointExtension>
			<gpxtpx:course>197.0</gpxtpx:course>
		</gpxtpx:TrackPointExtension>
	</extensions>
</trkpt>
<trkpt lat="46.3948209" lon="15.0893597">
	<ele>426.77</ele>
	<time>2026-07-21T12:13:00.987Z</time>
	<hdop>3.79</hdop>
	<extensions>
		<gpxtpx:TrackPointExtension>
			<gpxtpx:course>206.0</gpxtpx:course>
		</gpxtpx:TrackPointExtension>
	</extensions>
</trkpt>
<trkpt lat="46.3945412" lon="15.0891050">
	<ele>432.29</ele>
	<time>2026-07-21T12:13:06.986Z</time>
	<hdop>3.79</hdop>
	<extensions>
		<gpxtpx:TrackPointExtension>
			<gpxtpx:course>219.0</gpxtpx:course>
		</gpxtpx:TrackPointExtension>
	</extensions>
</trkpt>
<trkpt lat="46.3943398" lon="15.0888326">
	<ele>439.74</ele>
	<time>2026-07-21T12:13:11.987Z</time>
	<hdop>3.79</hdop>
	<extensions>
		<gpxtpx:TrackPointExtension>
			<gpxtpx:course>228.0</gpxtpx:course>
		</gpxtpx:TrackPointExtension>
	</extensions>
</trkpt>
<trkpt lat="46.3941225" lon="15.0884774">
	<ele>446.60</ele>
	<time>2026-07-21T12:13:17.986Z</time>
	<hdop>3.79</hdop>
	<extensions>
		<gpxtpx:TrackPointExtension>
			<gpxtpx:course>231.0</gpxtpx:course>
		</gpxtpx:TrackPointExtension>
	</extensions>
</trkpt>
<trkpt lat="46.3939642" lon="15.0881904">
	<ele>448.23</ele>
	<time>2026-07-21T12:13:22.986Z</time>
	<hdop>3.79</hdop>
	<extensions>
		<gpxtpx:TrackPointExtension>
			<gpxtpx:course>229.0</gpxtpx:course>
		</gpxtpx:TrackPointExtension>
	</extensions>
</trkpt>
<trkpt lat="46.3938886" lon="15.0880940">
	<ele>448.32</ele>
	<time>2026-07-21T12:14:35.986Z</time>
	<hdop>3.79</hdop>
	<extensions>
		<gpxtpx:TrackPointExtension>
			<gpxtpx:course>225.0</gpxtpx:course>
		</gpxtpx:TrackPointExtension>
	</extensions>
</trkpt>
<trkpt lat="46.3938304" lon="15.0879493">
	<ele>447.00</ele>
	<time>2026-07-21T12:14:40.986Z</time>
	<hdop>3.79</hdop>
	<extensions>
		<gpxtpx:TrackPointExtension>
			<gpxtpx:course>237.0</gpxtpx:course>
		</gpxtpx:TrackPointExtension>
	</extensions>
</trkpt>
<trkpt lat="46.3937246" lon="15.0877797">
	<ele>447.17</ele>
	<time>2026-07-21T12:14:45.986Z</time>
	<hdop>3.79</hdop>
	<extensions>
		<gpxtpx:TrackPointExtension>
			<gpxtpx:course>222.0</gpxtpx:course>
		</gpxtpx:TrackPointExtension>
	</extensions>
</trkpt>
<trkpt lat="46.3936547" lon="15.0876049">
	<ele>447.78</ele>
	<time>2026-07-21T12:14:50.986Z</time>
	<hdop>3.79</hdop>
	<extensions>
		<gpxtpx:TrackPointExtension>
			<gpxtpx:course>297.0</gpxtpx:course>
		</gpxtpx:TrackPointExtension>
	</extensions>
</trkpt>
<trkpt lat="46.3936927" lon="15.0874129">
	<ele>445.05</ele>
	<time>2026-07-21T12:14:55.987Z</time>
	<hdop>3.79</hdop>
	<extensions>
		<gpxtpx:TrackPointExtension>
			<gpxtpx:course>266.0</gpxtpx:course>
		</gpxtpx:TrackPointExtension>
	</extensions>
</trkpt>
<trkpt lat="46.3936757" lon="15.0871501">
	<ele>446.60</ele>
	<time>2026-07-21T12:15:01.986Z</time>
	<hdop>3.79</hdop>
	<extensions>
		<gpxtpx:TrackPointExtension>
			<gpxtpx:course>232.0</gpxtpx:course>
		</gpxtpx:TrackPointExtension>
	</extensions>
</trkpt>
<trkpt lat="46.3935807" lon="15.0870014">
	<ele>448.54</ele>
	<time>2026-07-21T12:15:06.987Z</time>
	<hdop>3.79</hdop>
	<extensions>
		<gpxtpx:TrackPointExtension>
			<gpxtpx:course>231.0</gpxtpx:course>
		</gpxtpx:TrackPointExtension>
	</extensions>
</trkpt>
<trkpt lat="46.3935338" lon="15.0867508">
	<ele>447.59</ele>
	<time>2026-07-21T12:15:12.986Z</time>
	<hdop>3.79</hdop>
	<extensions>
		<gpxtpx:TrackPointExtension>
			<gpxtpx:course>280.0</gpxtpx:course>
		</gpxtpx:TrackPointExtension>
	</extensions>
</trkpt>
<trkpt lat="46.3935375" lon="15.0866139">
	<ele>446.29</ele>
	<time>2026-07-21T12:15:33.987Z</time>
	<hdop>3.79</hdop>
	<extensions>
		<gpxtpx:TrackPointExtension>
			<gpxtpx:course>257.0</gpxtpx:course>
		</gpxtpx:TrackPointExtension>
	</extensions>
</trkpt>
<trkpt lat="46.3935601" lon="15.0862972">
	<ele>442.31</ele>
	<time>2026-07-21T12:15:39.986Z</time>
	<hdop>3.79</hdop>
	<extensions>
		<gpxtpx:TrackPointExtension>
			<gpxtpx:course>291.0</gpxtpx:course>
		</gpxtpx:TrackPointExtension>
	</extensions>
</trkpt>
<trkpt lat="46.3937372" lon="15.0858600">
	<ele>431.21</ele>
	<time>2026-07-21T12:15:44.987Z</time>
	<hdop>3.79</hdop>
	<extensions>
		<gpxtpx:TrackPointExtension>
			<gpxtpx:course>306.0</gpxtpx:course>
		</gpxtpx:TrackPointExtension>
	</extensions>
</trkpt>
<trkpt lat="46.3940009" lon="15.0853663">
	<ele>425.63</ele>
	<time>2026-07-21T12:15:49.987Z</time>
	<hdop>3.79</hdop>
	<extensions>
		<gpxtpx:TrackPointExtension>
			<gpxtpx:course>308.0</gpxtpx:course>
		</gpxtpx:TrackPointExtension>
	</extensions>
</trkpt>
<trkpt lat="46.3942955" lon="15.0846756">
	<ele>430.15</ele>
	<time>2026-07-21T12:15:55.986Z</time>
	<hdop>3.79</hdop>
	<extensions>
		<gpxtpx:TrackPointExtension>
			<gpxtpx:course>294.0</gpxtpx:course>
		</gpxtpx:TrackPointExtension>
	</extensions>
</trkpt>
<trkpt lat="46.3944221" lon="15.0839903">
	<ele>420.72</ele>
	<time>2026-07-21T12:16:00.987Z</time>
	<hdop>3.79</hdop>
	<extensions>
		<gpxtpx:TrackPointExtension>
			<gpxtpx:course>279.0</gpxtpx:course>
		</gpxtpx:TrackPointExtension>
	</extensions>
</trkpt>
<trkpt lat="46.3944951" lon="15.0831297">
	<ele>412.97</ele>
	<time>2026-07-21T12:16:06.986Z</time>
	<hdop>3.79</hdop>
	<extensions>
		<gpxtpx:TrackPointExtension>
			<gpxtpx:course>274.0</gpxtpx:course>
		</gpxtpx:TrackPointExtension>
	</extensions>
</trkpt>
<trkpt lat="46.3944808" lon="15.0822001">
	<ele>406.05</ele>
	<time>2026-07-21T12:16:12.986Z</time>
	<hdop>3.79</hdop>
	<extensions>
		<gpxtpx:TrackPointExtension>
			<gpxtpx:course>264.0</gpxtpx:course>
		</gpxtpx:TrackPointExtension>
	</extensions>
</trkpt>
<trkpt lat="46.3943079" lon="15.0815040">
	<ele>403.46</ele>
	<time>2026-07-21T12:16:17.986Z</time>
	<hdop>3.79</hdop>
	<extensions>
		<gpxtpx:TrackPointExtension>
			<gpxtpx:course>240.0</gpxtpx:course>
		</gpxtpx:TrackPointExtension>
	</extensions>
</trkpt>
<trkpt lat="46.3939382" lon="15.0808412">
	<ele>404.70</ele>
	<time>2026-07-21T12:16:23.985Z</time>
	<hdop>3.79</hdop>
	<extensions>
		<gpxtpx:TrackPointExtension>
			<gpxtpx:course>225.0</gpxtpx:course>
		</gpxtpx:TrackPointExtension>
	</extensions>
</trkpt>
<trkpt lat="46.3936667" lon="15.0804296">
	<ele>402.47</ele>
	<time>2026-07-21T12:16:29.985Z</time>
	<hdop>3.79</hdop>
	<extensions>
		<gpxtpx:TrackPointExtension>
			<gpxtpx:course>227.0</gpxtpx:course>
		</gpxtpx:TrackPointExtension>
	</extensions>
</trkpt>
<trkpt lat="46.3934644" lon="15.0802273">
	<ele>400.16</ele>
	<time>2026-07-21T12:16:34.985Z</time>
	<hdop>3.79</hdop>
	<extensions>
		<gpxtpx:TrackPointExtension>
			<gpxtpx:course>206.0</gpxtpx:course>
		</gpxtpx:TrackPointExtension>
	</extensions>
</trkpt>
<trkpt lat="46.3932385" lon="15.0801714">
	<ele>400.22</ele>
	<time>2026-07-21T12:16:40.986Z</time>
	<hdop>3.79</hdop>
	<extensions>
		<gpxtpx:TrackPointExtension>
			<gpxtpx:course>171.0</gpxtpx:course>
		</gpxtpx:TrackPointExtension>
	</extensions>
</trkpt>
<trkpt lat="46.3930832" lon="15.0801737">
	<ele>401.23</ele>
	<time>2026-07-21T12:16:46.985Z</time>
	<hdop>3.79</hdop>
	<extensions>
		<gpxtpx:TrackPointExtension>
			<gpxtpx:course>198.0</gpxtpx:course>
		</gpxtpx:TrackPointExtension>
	</extensions>
</trkpt>
<trkpt lat="46.3929889" lon="15.0800031">
	<ele>399.33</ele>
	<time>2026-07-21T12:16:51.986Z</time>
	<hdop>3.79</hdop>
	<extensions>
		<gpxtpx:TrackPointExtension>
			<gpxtpx:course>246.0</gpxtpx:course>
		</gpxtpx:TrackPointExtension>
	</extensions>
</trkpt>
<trkpt lat="46.3928435" lon="15.0797904">
	<ele>397.53</ele>
	<time>2026-07-21T12:16:56.986Z</time>
	<hdop>3.79</hdop>
	<extensions>
		<gpxtpx:TrackPointExtension>
			<gpxtpx:course>212.0</gpxtpx:course>
		</gpxtpx:TrackPointExtension>
	</extensions>
</trkpt>
<trkpt lat="46.3925919" lon="15.0796123">
	<ele>397.28</ele>
	<time>2026-07-21T12:17:02.986Z</time>
	<hdop>3.79</hdop>
	<extensions>
		<gpxtpx:TrackPointExtension>
			<gpxtpx:course>195.0</gpxtpx:course>
		</gpxtpx:TrackPointExtension>
	</extensions>
</trkpt>
<trkpt lat="46.3923634" lon="15.0795563">
	<ele>397.99</ele>
	<time>2026-07-21T12:17:07.986Z</time>
	<hdop>3.79</hdop>
	<extensions>
		<gpxtpx:TrackPointExtension>
			<gpxtpx:course>177.0</gpxtpx:course>
		</gpxtpx:TrackPointExtension>
	</extensions>
</trkpt>
<trkpt lat="46.3921337" lon="15.0795120">
	<ele>398.82</ele>
	<time>2026-07-21T12:17:12.986Z</time>
	<hdop>3.79</hdop>
	<extensions>
		<gpxtpx:TrackPointExtension>
			<gpxtpx:course>194.0</gpxtpx:course>
		</gpxtpx:TrackPointExtension>
	</extensions>
</trkpt>
<trkpt lat="46.3918623" lon="15.0794038">
	<ele>397.98</ele>
	<time>2026-07-21T12:17:18.986Z</time>
	<hdop>3.79</hdop>
	<extensions>
		<gpxtpx:TrackPointExtension>
			<gpxtpx:course>192.0</gpxtpx:course>
		</gpxtpx:TrackPointExtension>
	</extensions>
</trkpt>
<trkpt lat="46.3916131" lon="15.0792650">
	<ele>395.82</ele>
	<time>2026-07-21T12:17:23.986Z</time>
	<hdop>3.79</hdop>
	<extensions>
		<gpxtpx:TrackPointExtension>
			<gpxtpx:course>200.0</gpxtpx:course>
		</gpxtpx:TrackPointExtension>
	</extensions>
</trkpt>
<trkpt lat="46.3913285" lon="15.0791418">
	<ele>394.33</ele>
	<time>2026-07-21T12:17:29.985Z</time>
	<hdop>3.79</hdop>
	<extensions>
		<gpxtpx:TrackPointExtension>
			<gpxtpx:course>196.0</gpxtpx:course>
		</gpxtpx:TrackPointExtension>
	</extensions>
</trkpt>
<trkpt lat="46.3911376" lon="15.0790132">
	<ele>393.34</ele>
	<time>2026-07-21T12:17:34.985Z</time>
	<hdop>3.79</hdop>
	<extensions>
		<gpxtpx:TrackPointExtension>
			<gpxtpx:course>206.0</gpxtpx:course>
		</gpxtpx:TrackPointExtension>
	</extensions>
</trkpt>
<trkpt lat="46.3910518" lon="15.0789425">
	<ele>392.76</ele>
	<time>2026-07-21T12:17:39.985Z</time>
	<hdop>3.79</hdop>
	<extensions>
		<gpxtpx:TrackPointExtension>
			<gpxtpx:course>206.0</gpxtpx:course>
		</gpxtpx:TrackPointExtension>
	</extensions>
</trkpt>
<trkpt lat="46.3909769" lon="15.0788631">
	<ele>392.14</ele>
	<time>2026-07-21T12:17:51.984Z</time>
	<hdop>3.79</hdop>
	<extensions>
		<gpxtpx:TrackPointExtension>
			<gpxtpx:course>209.0</gpxtpx:course>
		</gpxtpx:TrackPointExtension>
	</extensions>
</trkpt>
<trkpt lat="46.3907831" lon="15.0786866">
	<ele>390.70</ele>
	<time>2026-07-21T12:17:56.986Z</time>
	<hdop>3.79</hdop>
	<extensions>
		<gpxtpx:TrackPointExtension>
			<gpxtpx:course>220.0</gpxtpx:course>
		</gpxtpx:TrackPointExtension>
	</extensions>
</trkpt>
<trkpt lat="46.3905951" lon="15.0784710">
	<ele>388.43</ele>
	<time>2026-07-21T12:18:01.986Z</time>
	<hdop>3.79</hdop>
	<extensions>
		<gpxtpx:TrackPointExtension>
			<gpxtpx:course>227.0</gpxtpx:course>
		</gpxtpx:TrackPointExtension>
	</extensions>
</trkpt>
<trkpt lat="46.3905860" lon="15.0781140">
	<ele>385.75</ele>
	<time>2026-07-21T12:18:06.986Z</time>
	<hdop>3.79</hdop>
	<extensions>
		<gpxtpx:TrackPointExtension>
			<gpxtpx:course>295.0</gpxtpx:course>
		</gpxtpx:TrackPointExtension>
	</extensions>
</trkpt>
<trkpt lat="46.3905857" lon="15.0777221">
	<ele>384.66</ele>
	<time>2026-07-21T12:18:11.986Z</time>
	<hdop>3.79</hdop>
	<extensions>
		<gpxtpx:TrackPointExtension>
			<gpxtpx:course>261.0</gpxtpx:course>
		</gpxtpx:TrackPointExtension>
	</extensions>
</trkpt>
<trkpt lat="46.3905347" lon="15.0774147">
	<ele>384.10</ele>
	<time>2026-07-21T12:18:16.986Z</time>
	<hdop>3.79</hdop>
	<extensions>
		<gpxtpx:TrackPointExtension>
			<gpxtpx:course>247.0</gpxtpx:course>
		</gpxtpx:TrackPointExtension>
	</extensions>
</trkpt>
<trkpt lat="46.3904703" lon="15.0772973">
	<ele>383.86</ele>
	<time>2026-07-21T12:18:22.985Z</time>
	<hdop>3.79</hdop>
	<extensions>
		<gpxtpx:TrackPointExtension>
			<gpxtpx:course>182.0</gpxtpx:course>
		</gpxtpx:TrackPointExtension>
	</extensions>
</trkpt>
<trkpt lat="46.3904908" lon="15.0771699">
	<ele>384.00</ele>
	<time>2026-07-21T12:24:25.984Z</time>
	<hdop>3.79</hdop>
	<extensions>
		<gpxtpx:TrackPointExtension>
			<gpxtpx:course>255.0</gpxtpx:course>
		</gpxtpx:TrackPointExtension>
	</extensions>
</trkpt>
<trkpt lat="46.3904383" lon="15.0769485">
	<ele>384.19</ele>
	<time>2026-07-21T12:24:30.985Z</time>
	<hdop>3.84</hdop>
	<extensions>
		<gpxtpx:TrackPointExtension>
			<gpxtpx:course>244.0</gpxtpx:course>
		</gpxtpx:TrackPointExtension>
	</extensions>
</trkpt>
<trkpt lat="46.3903772" lon="15.0766992">
	<ele>384.47</ele>
	<time>2026-07-21T12:24:35.985Z</time>
	<hdop>3.79</hdop>
	<extensions>
		<gpxtpx:TrackPointExtension>
			<gpxtpx:course>258.0</gpxtpx:course>
		</gpxtpx:TrackPointExtension>
	</extensions>
</trkpt>
<trkpt lat="46.3903867" lon="15.0763618">
	<ele>384.65</ele>
	<time>2026-07-21T12:24:41.983Z</time>
	<hdop>3.79</hdop>
	<extensions>
		<gpxtpx:TrackPointExtension>
			<gpxtpx:course>284.0</gpxtpx:course>
		</gpxtpx:TrackPointExtension>
	</extensions>
</trkpt>
<trkpt lat="46.3904606" lon="15.0760857">
	<ele>384.86</ele>
	<time>2026-07-21T12:24:46.985Z</time>
	<hdop>3.79</hdop>
	<extensions>
		<gpxtpx:TrackPointExtension>
			<gpxtpx:course>295.0</gpxtpx:course>
		</gpxtpx:TrackPointExtension>
	</extensions>
</trkpt>
<trkpt lat="46.3905391" lon="15.0758021">
	<ele>385.30</ele>
	<time>2026-07-21T12:24:51.985Z</time>
	<hdop>3.79</hdop>
	<extensions>
		<gpxtpx:TrackPointExtension>
			<gpxtpx:course>291.0</gpxtpx:course>
		</gpxtpx:TrackPointExtension>
	</extensions>
</trkpt>
<trkpt lat="46.3906183" lon="15.0755032">
	<ele>385.99</ele>
	<time>2026-07-21T12:24:56.985Z</time>
	<hdop>3.79</hdop>
	<extensions>
		<gpxtpx:TrackPointExtension>
			<gpxtpx:course>288.0</gpxtpx:course>
		</gpxtpx:TrackPointExtension>
	</extensions>
</trkpt>
<trkpt lat="46.3907125" lon="15.0751802">
	<ele>386.68</ele>
	<time>2026-07-21T12:25:02.984Z</time>
	<hdop>3.79</hdop>
	<extensions>
		<gpxtpx:TrackPointExtension>
			<gpxtpx:course>296.0</gpxtpx:course>
		</gpxtpx:TrackPointExtension>
	</extensions>
</trkpt>
<trkpt lat="46.3907835" lon="15.0749465">
	<ele>386.96</ele>
	<time>2026-07-21T12:25:07.984Z</time>
	<hdop>3.79</hdop>
	<extensions>
		<gpxtpx:TrackPointExtension>
			<gpxtpx:course>292.0</gpxtpx:course>
		</gpxtpx:TrackPointExtension>
	</extensions>
</trkpt>
<trkpt lat="46.3908160" lon="15.0747340">
	<ele>387.02</ele>
	<time>2026-07-21T12:25:12.984Z</time>
	<hdop>3.79</hdop>
	<extensions>
		<gpxtpx:TrackPointExtension>
			<gpxtpx:course>242.0</gpxtpx:course>
		</gpxtpx:TrackPointExtension>
	</extensions>
</trkpt>
<trkpt lat="46.3906382" lon="15.0745869">
	<ele>386.73</ele>
	<time>2026-07-21T12:25:17.985Z</time>
	<hdop>3.79</hdop>
	<extensions>
		<gpxtpx:TrackPointExtension>
			<gpxtpx:course>199.0</gpxtpx:course>
		</gpxtpx:TrackPointExtension>
	</extensions>
</trkpt>
<trkpt lat="46.3904077" lon="15.0744794">
	<ele>386.24</ele>
	<time>2026-07-21T12:25:22.985Z</time>
	<hdop>3.79</hdop>
	<extensions>
		<gpxtpx:TrackPointExtension>
			<gpxtpx:course>200.0</gpxtpx:course>
		</gpxtpx:TrackPointExtension>
	</extensions>
</trkpt>
<trkpt lat="46.3901924" lon="15.0743546">
	<ele>385.64</ele>
	<time>2026-07-21T12:25:27.985Z</time>
	<hdop>3.79</hdop>
	<extensions>
		<gpxtpx:TrackPointExtension>
			<gpxtpx:course>200.0</gpxtpx:course>
		</gpxtpx:TrackPointExtension>
	</extensions>
</trkpt>
<trkpt lat="46.3899484" lon="15.0742068">
	<ele>384.97</ele>
	<time>2026-07-21T12:25:33.984Z</time>
	<hdop>3.79</hdop>
	<extensions>
		<gpxtpx:TrackPointExtension>
			<gpxtpx:course>201.0</gpxtpx:course>
		</gpxtpx:TrackPointExtension>
	</extensions>
</trkpt>
<trkpt lat="46.3897517" lon="15.0741017">
	<ele>384.68</ele>
	<time>2026-07-21T12:25:38.985Z</time>
	<hdop>3.79</hdop>
	<extensions>
		<gpxtpx:TrackPointExtension>
			<gpxtpx:course>201.0</gpxtpx:course>
		</gpxtpx:TrackPointExtension>
	</extensions>
</trkpt>
<trkpt lat="46.3895357" lon="15.0739503">
	<ele>384.47</ele>
	<time>2026-07-21T12:25:44.985Z</time>
	<hdop>3.79</hdop>
	<extensions>
		<gpxtpx:TrackPointExtension>
			<gpxtpx:course>207.0</gpxtpx:course>
		</gpxtpx:TrackPointExtension>
	</extensions>
</trkpt>
<trkpt lat="46.3893324" lon="15.0737949">
	<ele>384.26</ele>
	<time>2026-07-21T12:25:50.985Z</time>
	<hdop>3.79</hdop>
	<extensions>
		<gpxtpx:TrackPointExtension>
			<gpxtpx:course>211.0</gpxtpx:course>
		</gpxtpx:TrackPointExtension>
	</extensions>
</trkpt>
<trkpt lat="46.3891111" lon="15.0736391">
	<ele>383.90</ele>
	<time>2026-07-21T12:25:56.985Z</time>
	<hdop>3.79</hdop>
	<extensions>
		<gpxtpx:TrackPointExtension>
			<gpxtpx:course>207.0</gpxtpx:course>
		</gpxtpx:TrackPointExtension>
	</extensions>
</trkpt>
<trkpt lat="46.3888596" lon="15.0734922">
	<ele>383.44</ele>
	<time>2026-07-21T12:26:02.984Z</time>
	<hdop>3.79</hdop>
	<extensions>
		<gpxtpx:TrackPointExtension>
			<gpxtpx:course>197.0</gpxtpx:course>
		</gpxtpx:TrackPointExtension>
	</extensions>
</trkpt>
<trkpt lat="46.3886501" lon="15.0734114">
	<ele>383.01</ele>
	<time>2026-07-21T12:26:07.984Z</time>
	<hdop>3.84</hdop>
	<extensions>
		<gpxtpx:TrackPointExtension>
			<gpxtpx:course>195.0</gpxtpx:course>
		</gpxtpx:TrackPointExtension>
	</extensions>
</trkpt>
<trkpt lat="46.3884481" lon="15.0733217">
	<ele>382.48</ele>
	<time>2026-07-21T12:26:12.985Z</time>
	<hdop>3.79</hdop>
	<extensions>
		<gpxtpx:TrackPointExtension>
			<gpxtpx:course>191.0</gpxtpx:course>
		</gpxtpx:TrackPointExtension>
	</extensions>
</trkpt>
<trkpt lat="46.3882534" lon="15.0732382">
	<ele>381.74</ele>
	<time>2026-07-21T12:26:17.985Z</time>
	<hdop>3.79</hdop>
	<extensions>
		<gpxtpx:TrackPointExtension>
			<gpxtpx:course>198.0</gpxtpx:course>
		</gpxtpx:TrackPointExtension>
	</extensions>
</trkpt>
<trkpt lat="46.3879748" lon="15.0730424">
	<ele>380.17</ele>
	<time>2026-07-21T12:26:23.983Z</time>
	<hdop>3.79</hdop>
	<extensions>
		<gpxtpx:TrackPointExtension>
			<gpxtpx:course>210.0</gpxtpx:course>
		</gpxtpx:TrackPointExtension>
	</extensions>
</trkpt>
<trkpt lat="46.3876432" lon="15.0727308">
	<ele>377.90</ele>
	<time>2026-07-21T12:26:28.984Z</time>
	<hdop>3.79</hdop>
	<extensions>
		<gpxtpx:TrackPointExtension>
			<gpxtpx:course>214.0</gpxtpx:course>
		</gpxtpx:TrackPointExtension>
	</extensions>
</trkpt>
<trkpt lat="46.3873448" lon="15.0723591">
	<ele>376.51</ele>
	<time>2026-07-21T12:26:33.985Z</time>
	<hdop>3.79</hdop>
	<extensions>
		<gpxtpx:TrackPointExtension>
			<gpxtpx:course>222.0</gpxtpx:course>
		</gpxtpx:TrackPointExtension>
	</extensions>
</trkpt>
<trkpt lat="46.3871962" lon="15.0719642">
	<ele>376.41</ele>
	<time>2026-07-21T12:26:38.985Z</time>
	<hdop>3.79</hdop>
	<extensions>
		<gpxtpx:TrackPointExtension>
			<gpxtpx:course>249.0</gpxtpx:course>
		</gpxtpx:TrackPointExtension>
	</extensions>
</trkpt>
<trkpt lat="46.3871137" lon="15.0715106">
	<ele>376.94</ele>
	<time>2026-07-21T12:26:44.983Z</time>
	<hdop>3.79</hdop>
	<extensions>
		<gpxtpx:TrackPointExtension>
			<gpxtpx:course>253.0</gpxtpx:course>
		</gpxtpx:TrackPointExtension>
	</extensions>
</trkpt>
<trkpt lat="46.3870654" lon="15.0711269">
	<ele>377.76</ele>
	<time>2026-07-21T12:26:49.984Z</time>
	<hdop>3.79</hdop>
	<extensions>
		<gpxtpx:TrackPointExtension>
			<gpxtpx:course>255.0</gpxtpx:course>
		</gpxtpx:TrackPointExtension>
	</extensions>
</trkpt>
<trkpt lat="46.3870464" lon="15.0707947">
	<ele>378.55</ele>
	<time>2026-07-21T12:26:54.985Z</time>
	<hdop>3.79</hdop>
	<extensions>
		<gpxtpx:TrackPointExtension>
			<gpxtpx:course>271.0</gpxtpx:course>
		</gpxtpx:TrackPointExtension>
	</extensions>
</trkpt>
<trkpt lat="46.3871515" lon="15.0704284">
	<ele>379.82</ele>
	<time>2026-07-21T12:27:00.984Z</time>
	<hdop>3.79</hdop>
	<extensions>
		<gpxtpx:TrackPointExtension>
			<gpxtpx:course>297.0</gpxtpx:course>
		</gpxtpx:TrackPointExtension>
	</extensions>
</trkpt>
<trkpt lat="46.3872381" lon="15.0701932">
	<ele>380.89</ele>
	<time>2026-07-21T12:27:05.984Z</time>
	<hdop>3.79</hdop>
	<extensions>
		<gpxtpx:TrackPointExtension>
			<gpxtpx:course>302.0</gpxtpx:course>
		</gpxtpx:TrackPointExtension>
	</extensions>
</trkpt>
<trkpt lat="46.3872862" lon="15.0699517">
	<ele>381.72</ele>
	<time>2026-07-21T12:27:10.985Z</time>
	<hdop>3.79</hdop>
	<extensions>
		<gpxtpx:TrackPointExtension>
			<gpxtpx:course>265.0</gpxtpx:course>
		</gpxtpx:TrackPointExtension>
	</extensions>
</trkpt>
<trkpt lat="46.3871718" lon="15.0697529">
	<ele>381.40</ele>
	<time>2026-07-21T12:27:15.985Z</time>
	<hdop>3.79</hdop>
	<extensions>
		<gpxtpx:TrackPointExtension>
			<gpxtpx:course>203.0</gpxtpx:course>
		</gpxtpx:TrackPointExtension>
	</extensions>
</trkpt>
<trkpt lat="46.3870106" lon="15.0696749">
	<ele>380.56</ele>
	<time>2026-07-21T12:27:20.985Z</time>
	<hdop>3.79</hdop>
	<extensions>
		<gpxtpx:TrackPointExtension>
			<gpxtpx:course>203.0</gpxtpx:course>
		</gpxtpx:TrackPointExtension>
	</extensions>
</trkpt>
<trkpt lat="46.3868980" lon="15.0695072">
	<ele>380.07</ele>
	<time>2026-07-21T12:27:25.985Z</time>
	<hdop>3.79</hdop>
	<extensions>
		<gpxtpx:TrackPointExtension>
			<gpxtpx:course>258.0</gpxtpx:course>
		</gpxtpx:TrackPointExtension>
	</extensions>
</trkpt>
<trkpt lat="46.3868508" lon="15.0692309">
	<ele>380.07</ele>
	<time>2026-07-21T12:27:31.983Z</time>
	<hdop>3.79</hdop>
	<extensions>
		<gpxtpx:TrackPointExtension>
			<gpxtpx:course>263.0</gpxtpx:course>
		</gpxtpx:TrackPointExtension>
	</extensions>
</trkpt>
<trkpt lat="46.3868237" lon="15.0689376">
	<ele>379.95</ele>
	<time>2026-07-21T12:27:36.985Z</time>
	<hdop>3.79</hdop>
	<extensions>
		<gpxtpx:TrackPointExtension>
			<gpxtpx:course>269.0</gpxtpx:course>
		</gpxtpx:TrackPointExtension>
	</extensions>
</trkpt>
<trkpt lat="46.3867493" lon="15.0685342">
	<ele>379.26</ele>
	<time>2026-07-21T12:27:42.984Z</time>
	<hdop>3.79</hdop>
	<extensions>
		<gpxtpx:TrackPointExtension>
			<gpxtpx:course>264.0</gpxtpx:course>
		</gpxtpx:TrackPointExtension>
	</extensions>
</trkpt>
<trkpt lat="46.3866773" lon="15.0682020">
	<ele>379.48</ele>
	<time>2026-07-21T12:27:47.984Z</time>
	<hdop>3.79</hdop>
	<extensions>
		<gpxtpx:TrackPointExtension>
			<gpxtpx:course>247.0</gpxtpx:course>
		</gpxtpx:TrackPointExtension>
	</extensions>
</trkpt>
<trkpt lat="46.3865686" lon="15.0678676">
	<ele>379.98</ele>
	<time>2026-07-21T12:27:52.984Z</time>
	<hdop>3.79</hdop>
	<extensions>
		<gpxtpx:TrackPointExtension>
			<gpxtpx:course>240.0</gpxtpx:course>
		</gpxtpx:TrackPointExtension>
	</extensions>
</trkpt>
<trkpt lat="46.3864073" lon="15.0675912">
	<ele>380.32</ele>
	<time>2026-07-21T12:27:57.985Z</time>
	<hdop>3.79</hdop>
	<extensions>
		<gpxtpx:TrackPointExtension>
			<gpxtpx:course>217.0</gpxtpx:course>
		</gpxtpx:TrackPointExtension>
	</extensions>
</trkpt>
<trkpt lat="46.3862061" lon="15.0673914">
	<ele>380.28</ele>
	<time>2026-07-21T12:28:02.985Z</time>
	<hdop>3.79</hdop>
	<extensions>
		<gpxtpx:TrackPointExtension>
			<gpxtpx:course>210.0</gpxtpx:course>
		</gpxtpx:TrackPointExtension>
	</extensions>
</trkpt>
<trkpt lat="46.3859539" lon="15.0671698">
	<ele>380.16</ele>
	<time>2026-07-21T12:28:08.984Z</time>
	<hdop>3.79</hdop>
	<extensions>
		<gpxtpx:TrackPointExtension>
			<gpxtpx:course>223.0</gpxtpx:course>
		</gpxtpx:TrackPointExtension>
	</extensions>
</trkpt>
<trkpt lat="46.3857817" lon="15.0668472">
	<ele>381.39</ele>
	<time>2026-07-21T12:28:14.985Z</time>
	<hdop>3.79</hdop>
	<extensions>
		<gpxtpx:TrackPointExtension>
			<gpxtpx:course>245.0</gpxtpx:course>
		</gpxtpx:TrackPointExtension>
	</extensions>
</trkpt>
<trkpt lat="46.3856673" lon="15.0665631">
	<ele>382.21</ele>
	<time>2026-07-21T12:28:19.985Z</time>
	<hdop>3.79</hdop>
	<extensions>
		<gpxtpx:TrackPointExtension>
			<gpxtpx:course>246.0</gpxtpx:course>
		</gpxtpx:TrackPointExtension>
	</extensions>
</trkpt>
<trkpt lat="46.3855704" lon="15.0662237">
	<ele>384.42</ele>
	<time>2026-07-21T12:28:25.984Z</time>
	<hdop>3.79</hdop>
	<extensions>
		<gpxtpx:TrackPointExtension>
			<gpxtpx:course>252.0</gpxtpx:course>
		</gpxtpx:TrackPointExtension>
	</extensions>
</trkpt>
<trkpt lat="46.3855536" lon="15.0659739">
	<ele>386.86</ele>
	<time>2026-07-21T12:28:30.985Z</time>
	<hdop>3.79</hdop>
	<extensions>
		<gpxtpx:TrackPointExtension>
			<gpxtpx:course>282.0</gpxtpx:course>
		</gpxtpx:TrackPointExtension>
	</extensions>
</trkpt>
<trkpt lat="46.3856633" lon="15.0657465">
	<ele>389.25</ele>
	<time>2026-07-21T12:28:36.984Z</time>
	<hdop>3.79</hdop>
	<extensions>
		<gpxtpx:TrackPointExtension>
			<gpxtpx:course>321.0</gpxtpx:course>
		</gpxtpx:TrackPointExtension>
	</extensions>
</trkpt>
<trkpt lat="46.3858116" lon="15.0655448">
	<ele>391.04</ele>
	<time>2026-07-21T12:28:41.985Z</time>
	<hdop>3.79</hdop>
	<extensions>
		<gpxtpx:TrackPointExtension>
			<gpxtpx:course>310.0</gpxtpx:course>
		</gpxtpx:TrackPointExtension>
	</extensions>
</trkpt>
<trkpt lat="46.3859321" lon="15.0652348">
	<ele>392.65</ele>
	<time>2026-07-21T12:28:47.984Z</time>
	<hdop>3.79</hdop>
	<extensions>
		<gpxtpx:TrackPointExtension>
			<gpxtpx:course>294.0</gpxtpx:course>
		</gpxtpx:TrackPointExtension>
	</extensions>
</trkpt>
<trkpt lat="46.3859809" lon="15.0649301">
	<ele>394.63</ele>
	<time>2026-07-21T12:28:52.985Z</time>
	<hdop>3.79</hdop>
	<extensions>
		<gpxtpx:TrackPointExtension>
			<gpxtpx:course>269.0</gpxtpx:course>
		</gpxtpx:TrackPointExtension>
	</extensions>
</trkpt>
<trkpt lat="46.3858605" lon="15.0645761">
	<ele>397.13</ele>
	<time>2026-07-21T12:28:58.984Z</time>
	<hdop>3.79</hdop>
	<extensions>
		<gpxtpx:TrackPointExtension>
			<gpxtpx:course>228.0</gpxtpx:course>
		</gpxtpx:TrackPointExtension>
	</extensions>
</trkpt>
<trkpt lat="46.3857018" lon="15.0643439">
	<ele>398.47</ele>
	<time>2026-07-21T12:29:03.984Z</time>
	<hdop>3.79</hdop>
	<extensions>
		<gpxtpx:TrackPointExtension>
			<gpxtpx:course>228.0</gpxtpx:course>
		</gpxtpx:TrackPointExtension>
	</extensions>
</trkpt>
<trkpt lat="46.3855913" lon="15.0641252">
	<ele>399.18</ele>
	<time>2026-07-21T12:29:08.984Z</time>
	<hdop>3.84</hdop>
	<extensions>
		<gpxtpx:TrackPointExtension>
			<gpxtpx:course>234.0</gpxtpx:course>
		</gpxtpx:TrackPointExtension>
	</extensions>
</trkpt>
<trkpt lat="46.3854815" lon="15.0638706">
	<ele>398.63</ele>
	<time>2026-07-21T12:29:13.985Z</time>
	<hdop>3.79</hdop>
	<extensions>
		<gpxtpx:TrackPointExtension>
			<gpxtpx:course>240.0</gpxtpx:course>
		</gpxtpx:TrackPointExtension>
	</extensions>
</trkpt>
<trkpt lat="46.3853867" lon="15.0635641">
	<ele>397.47</ele>
	<time>2026-07-21T12:29:19.984Z</time>
	<hdop>3.79</hdop>
	<extensions>
		<gpxtpx:TrackPointExtension>
			<gpxtpx:course>243.0</gpxtpx:course>
		</gpxtpx:TrackPointExtension>
	</extensions>
</trkpt>
<trkpt lat="46.3852954" lon="15.0633155">
	<ele>396.48</ele>
	<time>2026-07-21T12:29:24.985Z</time>
	<hdop>3.79</hdop>
	<extensions>
		<gpxtpx:TrackPointExtension>
			<gpxtpx:course>242.0</gpxtpx:course>
		</gpxtpx:TrackPointExtension>
	</extensions>
</trkpt>
<trkpt lat="46.3852212" lon="15.0630727">
	<ele>396.29</ele>
	<time>2026-07-21T12:29:29.985Z</time>
	<hdop>3.79</hdop>
	<extensions>
		<gpxtpx:TrackPointExtension>
			<gpxtpx:course>246.0</gpxtpx:course>
		</gpxtpx:TrackPointExtension>
	</extensions>
</trkpt>
<trkpt lat="46.3850877" lon="15.0627681">
	<ele>396.15</ele>
	<time>2026-07-21T12:29:35.984Z</time>
	<hdop>3.79</hdop>
	<extensions>
		<gpxtpx:TrackPointExtension>
			<gpxtpx:course>237.0</gpxtpx:course>
		</gpxtpx:TrackPointExtension>
	</extensions>
</trkpt>
<trkpt lat="46.3849328" lon="15.0625028">
	<ele>396.31</ele>
	<time>2026-07-21T12:29:41.984Z</time>
	<hdop>3.79</hdop>
	<extensions>
		<gpxtpx:TrackPointExtension>
			<gpxtpx:course>223.0</gpxtpx:course>
		</gpxtpx:TrackPointExtension>
	</extensions>
</trkpt>
<trkpt lat="46.3848042" lon="15.0623278">
	<ele>396.39</ele>
	<time>2026-07-21T12:29:46.984Z</time>
	<hdop>3.79</hdop>
	<extensions>
		<gpxtpx:TrackPointExtension>
			<gpxtpx:course>223.0</gpxtpx:course>
		</gpxtpx:TrackPointExtension>
	</extensions>
</trkpt>
<trkpt lat="46.3846421" lon="15.0621176">
	<ele>396.23</ele>
	<time>2026-07-21T12:29:51.985Z</time>
	<hdop>3.79</hdop>
	<extensions>
		<gpxtpx:TrackPointExtension>
			<gpxtpx:course>216.0</gpxtpx:course>
		</gpxtpx:TrackPointExtension>
	</extensions>
</trkpt>
<trkpt lat="46.3843731" lon="15.0619472">
	<ele>393.95</ele>
	<time>2026-07-21T12:29:57.985Z</time>
	<hdop>3.79</hdop>
	<extensions>
		<gpxtpx:TrackPointExtension>
			<gpxtpx:course>196.0</gpxtpx:course>
		</gpxtpx:TrackPointExtension>
	</extensions>
</trkpt>
<trkpt lat="46.3841397" lon="15.0617045">
	<ele>391.65</ele>
	<time>2026-07-21T12:30:03.984Z</time>
	<hdop>3.79</hdop>
	<extensions>
		<gpxtpx:TrackPointExtension>
			<gpxtpx:course>238.0</gpxtpx:course>
		</gpxtpx:TrackPointExtension>
	</extensions>
</trkpt>
<trkpt lat="46.3840817" lon="15.0613930">
	<ele>391.88</ele>
	<time>2026-07-21T12:30:08.985Z</time>
	<hdop>3.79</hdop>
	<extensions>
		<gpxtpx:TrackPointExtension>
			<gpxtpx:course>263.0</gpxtpx:course>
		</gpxtpx:TrackPointExtension>
	</extensions>
</trkpt>
<trkpt lat="46.3840685" lon="15.0610450">
	<ele>392.90</ele>
	<time>2026-07-21T12:30:13.985Z</time>
	<hdop>3.79</hdop>
	<extensions>
		<gpxtpx:TrackPointExtension>
			<gpxtpx:course>268.0</gpxtpx:course>
		</gpxtpx:TrackPointExtension>
	</extensions>
</trkpt>
<trkpt lat="46.3840708" lon="15.0606018">
	<ele>393.70</ele>
	<time>2026-07-21T12:30:19.983Z</time>
	<hdop>3.79</hdop>
	<extensions>
		<gpxtpx:TrackPointExtension>
			<gpxtpx:course>273.0</gpxtpx:course>
		</gpxtpx:TrackPointExtension>
	</extensions>
</trkpt>
<trkpt lat="46.3840596" lon="15.0602564">
	<ele>393.51</ele>
	<time>2026-07-21T12:30:24.984Z</time>
	<hdop>3.79</hdop>
	<extensions>
		<gpxtpx:TrackPointExtension>
			<gpxtpx:course>258.0</gpxtpx:course>
		</gpxtpx:TrackPointExtension>
	</extensions>
</trkpt>
<trkpt lat="46.3839496" lon="15.0598433">
	<ele>395.18</ele>
	<time>2026-07-21T12:30:30.984Z</time>
	<hdop>3.79</hdop>
	<extensions>
		<gpxtpx:TrackPointExtension>
			<gpxtpx:course>243.0</gpxtpx:course>
		</gpxtpx:TrackPointExtension>
	</extensions>
</trkpt>
<trkpt lat="46.3838135" lon="15.0594194">
	<ele>399.33</ele>
	<time>2026-07-21T12:30:36.984Z</time>
	<hdop>3.79</hdop>
	<extensions>
		<gpxtpx:TrackPointExtension>
			<gpxtpx:course>248.0</gpxtpx:course>
		</gpxtpx:TrackPointExtension>
	</extensions>
</trkpt>
<trkpt lat="46.3837419" lon="15.0590827">
	<ele>400.52</ele>
	<time>2026-07-21T12:30:41.984Z</time>
	<hdop>3.79</hdop>
	<extensions>
		<gpxtpx:TrackPointExtension>
			<gpxtpx:course>261.0</gpxtpx:course>
		</gpxtpx:TrackPointExtension>
	</extensions>
</trkpt>
<trkpt lat="46.3837669" lon="15.0587362">
	<ele>401.70</ele>
	<time>2026-07-21T12:30:46.984Z</time>
	<hdop>3.79</hdop>
	<extensions>
		<gpxtpx:TrackPointExtension>
			<gpxtpx:course>288.0</gpxtpx:course>
		</gpxtpx:TrackPointExtension>
	</extensions>
</trkpt>
<trkpt lat="46.3838980" lon="15.0584675">
	<ele>404.36</ele>
	<time>2026-07-21T12:30:51.984Z</time>
	<hdop>3.79</hdop>
	<extensions>
		<gpxtpx:TrackPointExtension>
			<gpxtpx:course>305.0</gpxtpx:course>
		</gpxtpx:TrackPointExtension>
	</extensions>
</trkpt>
<trkpt lat="46.3839714" lon="15.0583267">
	<ele>405.25</ele>
	<time>2026-07-21T12:30:56.985Z</time>
	<hdop>3.79</hdop>
	<extensions>
		<gpxtpx:TrackPointExtension>
			<gpxtpx:course>304.0</gpxtpx:course>
		</gpxtpx:TrackPointExtension>
	</extensions>
</trkpt>
<trkpt lat="46.3840061" lon="15.0581012">
	<ele>403.71</ele>
	<time>2026-07-21T12:31:02.985Z</time>
	<hdop>3.79</hdop>
	<extensions>
		<gpxtpx:TrackPointExtension>
			<gpxtpx:course>253.0</gpxtpx:course>
		</gpxtpx:TrackPointExtension>
	</extensions>
</trkpt>
<trkpt lat="46.3838651" lon="15.0579222">
	<ele>401.55</ele>
	<time>2026-07-21T12:31:08.984Z</time>
	<hdop>3.79</hdop>
	<extensions>
		<gpxtpx:TrackPointExtension>
			<gpxtpx:course>211.0</gpxtpx:course>
		</gpxtpx:TrackPointExtension>
	</extensions>
</trkpt>
<trkpt lat="46.3837252" lon="15.0578013">
	<ele>402.55</ele>
	<time>2026-07-21T12:31:13.985Z</time>
	<hdop>3.79</hdop>
	<extensions>
		<gpxtpx:TrackPointExtension>
			<gpxtpx:course>210.0</gpxtpx:course>
		</gpxtpx:TrackPointExtension>
	</extensions>
</trkpt>
<trkpt lat="46.3835932" lon="15.0576685">
	<ele>405.58</ele>
	<time>2026-07-21T12:31:18.985Z</time>
	<hdop>3.79</hdop>
	<extensions>
		<gpxtpx:TrackPointExtension>
			<gpxtpx:course>208.0</gpxtpx:course>
		</gpxtpx:TrackPointExtension>
	</extensions>
</trkpt>
<trkpt lat="46.3834612" lon="15.0574869">
	<ele>409.87</ele>
	<time>2026-07-21T12:31:24.984Z</time>
	<hdop>3.79</hdop>
	<extensions>
		<gpxtpx:TrackPointExtension>
			<gpxtpx:course>224.0</gpxtpx:course>
		</gpxtpx:TrackPointExtension>
	</extensions>
</trkpt>
<trkpt lat="46.3833688" lon="15.0573011">
	<ele>412.61</ele>
	<time>2026-07-21T12:31:29.984Z</time>
	<hdop>3.79</hdop>
	<extensions>
		<gpxtpx:TrackPointExtension>
			<gpxtpx:course>237.0</gpxtpx:course>
		</gpxtpx:TrackPointExtension>
	</extensions>
</trkpt>
<trkpt lat="46.3832801" lon="15.0571281">
	<ele>413.81</ele>
	<time>2026-07-21T12:31:34.984Z</time>
	<hdop>3.79</hdop>
	<extensions>
		<gpxtpx:TrackPointExtension>
			<gpxtpx:course>228.0</gpxtpx:course>
		</gpxtpx:TrackPointExtension>
	</extensions>
</trkpt>
<trkpt lat="46.3831838" lon="15.0569067">
	<ele>413.97</ele>
	<time>2026-07-21T12:31:40.983Z</time>
	<hdop>3.79</hdop>
	<extensions>
		<gpxtpx:TrackPointExtension>
			<gpxtpx:course>244.0</gpxtpx:course>
		</gpxtpx:TrackPointExtension>
	</extensions>
</trkpt>
<trkpt lat="46.3831095" lon="15.0567173">
	<ele>413.68</ele>
	<time>2026-07-21T12:31:45.983Z</time>
	<hdop>3.79</hdop>
	<extensions>
		<gpxtpx:TrackPointExtension>
			<gpxtpx:course>241.0</gpxtpx:course>
		</gpxtpx:TrackPointExtension>
	</extensions>
</trkpt>
<trkpt lat="46.3830012" lon="15.0564782">
	<ele>413.28</ele>
	<time>2026-07-21T12:31:51.983Z</time>
	<hdop>3.79</hdop>
	<extensions>
		<gpxtpx:TrackPointExtension>
			<gpxtpx:course>246.0</gpxtpx:course>
		</gpxtpx:TrackPointExtension>
	</extensions>
</trkpt>
<trkpt lat="46.3829081" lon="15.0562449">
	<ele>413.45</ele>
	<time>2026-07-21T12:31:56.983Z</time>
	<hdop>3.79</hdop>
	<extensions>
		<gpxtpx:TrackPointExtension>
			<gpxtpx:course>237.0</gpxtpx:course>
		</gpxtpx:TrackPointExtension>
	</extensions>
</trkpt>
<trkpt lat="46.3827848" lon="15.0560038">
	<ele>413.80</ele>
	<time>2026-07-21T12:32:01.983Z</time>
	<hdop>3.79</hdop>
	<extensions>
		<gpxtpx:TrackPointExtension>
			<gpxtpx:course>232.0</gpxtpx:course>
		</gpxtpx:TrackPointExtension>
	</extensions>
</trkpt>
<trkpt lat="46.3826269" lon="15.0557855">
	<ele>414.00</ele>
	<time>2026-07-21T12:32:06.983Z</time>
	<hdop>3.79</hdop>
	<extensions>
		<gpxtpx:TrackPointExtension>
			<gpxtpx:course>223.0</gpxtpx:course>
		</gpxtpx:TrackPointExtension>
	</extensions>
</trkpt>
<trkpt lat="46.3824535" lon="15.0555787">
	<ele>414.28</ele>
	<time>2026-07-21T12:32:11.983Z</time>
	<hdop>3.84</hdop>
	<extensions>
		<gpxtpx:TrackPointExtension>
			<gpxtpx:course>220.0</gpxtpx:course>
		</gpxtpx:TrackPointExtension>
	</extensions>
</trkpt>
<trkpt lat="46.3822847" lon="15.0554026">
	<ele>414.58</ele>
	<time>2026-07-21T12:32:16.983Z</time>
	<hdop>3.79</hdop>
	<extensions>
		<gpxtpx:TrackPointExtension>
			<gpxtpx:course>213.0</gpxtpx:course>
		</gpxtpx:TrackPointExtension>
	</extensions>
</trkpt>
<trkpt lat="46.3821312" lon="15.0552484">
	<ele>414.83</ele>
	<time>2026-07-21T12:32:21.983Z</time>
	<hdop>3.79</hdop>
	<extensions>
		<gpxtpx:TrackPointExtension>
			<gpxtpx:course>211.0</gpxtpx:course>
		</gpxtpx:TrackPointExtension>
	</extensions>
</trkpt>
<trkpt lat="46.3819985" lon="15.0550954">
	<ele>415.04</ele>
	<time>2026-07-21T12:32:26.983Z</time>
	<hdop>3.79</hdop>
	<extensions>
		<gpxtpx:TrackPointExtension>
			<gpxtpx:course>215.0</gpxtpx:course>
		</gpxtpx:TrackPointExtension>
	</extensions>
</trkpt>
<trkpt lat="46.3819014" lon="15.0549443">
	<ele>415.16</ele>
	<time>2026-07-21T12:32:31.984Z</time>
	<hdop>3.79</hdop>
	<extensions>
		<gpxtpx:TrackPointExtension>
			<gpxtpx:course>230.0</gpxtpx:course>
		</gpxtpx:TrackPointExtension>
	</extensions>
</trkpt>
<trkpt lat="46.3818441" lon="15.0548115">
	<ele>415.16</ele>
	<time>2026-07-21T12:36:18.983Z</time>
	<hdop>3.79</hdop>
	<extensions>
		<gpxtpx:TrackPointExtension>
			<gpxtpx:course>252.0</gpxtpx:course>
		</gpxtpx:TrackPointExtension>
	</extensions>
</trkpt>
<trkpt lat="46.3817837" lon="15.0546296">
	<ele>414.99</ele>
	<time>2026-07-21T12:36:23.984Z</time>
	<hdop>3.79</hdop>
	<extensions>
		<gpxtpx:TrackPointExtension>
			<gpxtpx:course>251.0</gpxtpx:course>
		</gpxtpx:TrackPointExtension>
	</extensions>
</trkpt>
<trkpt lat="46.3817149" lon="15.0544205">
	<ele>414.57</ele>
	<time>2026-07-21T12:36:29.983Z</time>
	<hdop>3.79</hdop>
	<extensions>
		<gpxtpx:TrackPointExtension>
			<gpxtpx:course>236.0</gpxtpx:course>
		</gpxtpx:TrackPointExtension>
	</extensions>
</trkpt>
<trkpt lat="46.3816683" lon="15.0542032">
	<ele>414.10</ele>
	<time>2026-07-21T12:36:34.983Z</time>
	<hdop>3.79</hdop>
	<extensions>
		<gpxtpx:TrackPointExtension>
			<gpxtpx:course>249.0</gpxtpx:course>
		</gpxtpx:TrackPointExtension>
	</extensions>
</trkpt>
<trkpt lat="46.3816376" lon="15.0539248">
	<ele>413.37</ele>
	<time>2026-07-21T12:36:39.983Z</time>
	<hdop>3.79</hdop>
	<extensions>
		<gpxtpx:TrackPointExtension>
			<gpxtpx:course>253.0</gpxtpx:course>
		</gpxtpx:TrackPointExtension>
	</extensions>
</trkpt>
<trkpt lat="46.3815980" lon="15.0536102">
	<ele>411.99</ele>
	<time>2026-07-21T12:36:44.983Z</time>
	<hdop>3.79</hdop>
	<extensions>
		<gpxtpx:TrackPointExtension>
			<gpxtpx:course>257.0</gpxtpx:course>
		</gpxtpx:TrackPointExtension>
	</extensions>
</trkpt>
<trkpt lat="46.3815673" lon="15.0532972">
	<ele>410.06</ele>
	<time>2026-07-21T12:36:49.983Z</time>
	<hdop>3.79</hdop>
	<extensions>
		<gpxtpx:TrackPointExtension>
			<gpxtpx:course>262.0</gpxtpx:course>
		</gpxtpx:TrackPointExtension>
	</extensions>
</trkpt>
<trkpt lat="46.3815806" lon="15.0530057">
	<ele>407.65</ele>
	<time>2026-07-21T12:36:54.983Z</time>
	<hdop>3.79</hdop>
	<extensions>
		<gpxtpx:TrackPointExtension>
			<gpxtpx:course>287.0</gpxtpx:course>
		</gpxtpx:TrackPointExtension>
	</extensions>
</trkpt>
<trkpt lat="46.3816533" lon="15.0527173">
	<ele>404.60</ele>
	<time>2026-07-21T12:36:59.984Z</time>
	<hdop>3.79</hdop>
	<extensions>
		<gpxtpx:TrackPointExtension>
			<gpxtpx:course>296.0</gpxtpx:course>
		</gpxtpx:TrackPointExtension>
	</extensions>
</trkpt>
<trkpt lat="46.3818284" lon="15.0524950">
	<ele>401.25</ele>
	<time>2026-07-21T12:37:05.982Z</time>
	<hdop>3.79</hdop>
	<extensions>
		<gpxtpx:TrackPointExtension>
			<gpxtpx:course>322.0</gpxtpx:course>
		</gpxtpx:TrackPointExtension>
	</extensions>
</trkpt>
<trkpt lat="46.3819188" lon="15.0524761">
	<ele>400.38</ele>
	<time>2026-07-21T12:37:25.984Z</time>
	<hdop>3.79</hdop>
	<extensions>
		<gpxtpx:TrackPointExtension>
			<gpxtpx:course>329.0</gpxtpx:course>
		</gpxtpx:TrackPointExtension>
	</extensions>
</trkpt>
<trkpt lat="46.3818889" lon="15.0522988">
	<ele>398.61</ele>
	<time>2026-07-21T12:37:31.983Z</time>
	<hdop>3.79</hdop>
	<extensions>
		<gpxtpx:TrackPointExtension>
			<gpxtpx:course>249.0</gpxtpx:course>
		</gpxtpx:TrackPointExtension>
	</extensions>
</trkpt>
<trkpt lat="46.3817702" lon="15.0520985">
	<ele>396.89</ele>
	<time>2026-07-21T12:37:36.983Z</time>
	<hdop>3.79</hdop>
	<extensions>
		<gpxtpx:TrackPointExtension>
			<gpxtpx:course>227.0</gpxtpx:course>
		</gpxtpx:TrackPointExtension>
	</extensions>
</trkpt>
<trkpt lat="46.3816532" lon="15.0518133">
	<ele>394.06</ele>
	<time>2026-07-21T12:37:41.983Z</time>
	<hdop>3.79</hdop>
	<extensions>
		<gpxtpx:TrackPointExtension>
			<gpxtpx:course>239.0</gpxtpx:course>
		</gpxtpx:TrackPointExtension>
	</extensions>
</trkpt>
<trkpt lat="46.3814589" lon="15.0515181">
	<ele>391.76</ele>
	<time>2026-07-21T12:37:46.984Z</time>
	<hdop>3.79</hdop>
	<extensions>
		<gpxtpx:TrackPointExtension>
			<gpxtpx:course>210.0</gpxtpx:course>
		</gpxtpx:TrackPointExtension>
	</extensions>
</trkpt>
<trkpt lat="46.3811357" lon="15.0513102">
	<ele>390.15</ele>
	<time>2026-07-21T12:37:52.983Z</time>
	<hdop>3.79</hdop>
	<extensions>
		<gpxtpx:TrackPointExtension>
			<gpxtpx:course>199.0</gpxtpx:course>
		</gpxtpx:TrackPointExtension>
	</extensions>
</trkpt>
<trkpt lat="46.3808543" lon="15.0511270">
	<ele>385.94</ele>
	<time>2026-07-21T12:37:57.983Z</time>
	<hdop>3.79</hdop>
	<extensions>
		<gpxtpx:TrackPointExtension>
			<gpxtpx:course>207.0</gpxtpx:course>
		</gpxtpx:TrackPointExtension>
	</extensions>
</trkpt>
<trkpt lat="46.3805738" lon="15.0510474">
	<ele>381.16</ele>
	<time>2026-07-21T12:38:02.983Z</time>
	<hdop>3.79</hdop>
	<extensions>
		<gpxtpx:TrackPointExtension>
			<gpxtpx:course>172.0</gpxtpx:course>
		</gpxtpx:TrackPointExtension>
	</extensions>
</trkpt>
<trkpt lat="46.3803591" lon="15.0512652">
	<ele>380.51</ele>
	<time>2026-07-21T12:38:07.984Z</time>
	<hdop>3.79</hdop>
	<extensions>
		<gpxtpx:TrackPointExtension>
			<gpxtpx:course>134.0</gpxtpx:course>
		</gpxtpx:TrackPointExtension>
	</extensions>
</trkpt>
<trkpt lat="46.3801452" lon="15.0514986">
	<ele>378.23</ele>
	<time>2026-07-21T12:38:13.983Z</time>
	<hdop>3.79</hdop>
	<extensions>
		<gpxtpx:TrackPointExtension>
			<gpxtpx:course>148.0</gpxtpx:course>
		</gpxtpx:TrackPointExtension>
	</extensions>
</trkpt>
<trkpt lat="46.3799126" lon="15.0516353">
	<ele>374.68</ele>
	<time>2026-07-21T12:38:18.983Z</time>
	<hdop>3.79</hdop>
	<extensions>
		<gpxtpx:TrackPointExtension>
			<gpxtpx:course>166.0</gpxtpx:course>
		</gpxtpx:TrackPointExtension>
	</extensions>
</trkpt>
<trkpt lat="46.3796049" lon="15.0516283">
	<ele>370.43</ele>
	<time>2026-07-21T12:38:23.983Z</time>
	<hdop>3.79</hdop>
	<extensions>
		<gpxtpx:TrackPointExtension>
			<gpxtpx:course>195.0</gpxtpx:course>
		</gpxtpx:TrackPointExtension>
	</extensions>
</trkpt>
<trkpt lat="46.3793815" lon="15.0514325">
	<ele>367.34</ele>
	<time>2026-07-21T12:38:28.984Z</time>
	<hdop>3.79</hdop>
	<extensions>
		<gpxtpx:TrackPointExtension>
			<gpxtpx:course>220.0</gpxtpx:course>
		</gpxtpx:TrackPointExtension>
	</extensions>
</trkpt>
<trkpt lat="46.3792652" lon="15.0513043">
	<ele>365.91</ele>
	<time>2026-07-21T12:38:33.984Z</time>
	<hdop>3.79</hdop>
	<extensions>
		<gpxtpx:TrackPointExtension>
			<gpxtpx:course>255.0</gpxtpx:course>
		</gpxtpx:TrackPointExtension>
	</extensions>
</trkpt>
<trkpt lat="46.3793079" lon="15.0511651">
	<ele>365.86</ele>
	<time>2026-07-21T12:38:40.982Z</time>
	<hdop>3.79</hdop>
	<extensions>
		<gpxtpx:TrackPointExtension>
			<gpxtpx:course>324.0</gpxtpx:course>
		</gpxtpx:TrackPointExtension>
	</extensions>
</trkpt>
<trkpt lat="46.3793512" lon="15.0510117">
	<ele>365.83</ele>
	<time>2026-07-21T12:39:02.984Z</time>
	<hdop>3.79</hdop>
	<extensions>
		<gpxtpx:TrackPointExtension>
			<gpxtpx:course>301.0</gpxtpx:course>
		</gpxtpx:TrackPointExtension>
	</extensions>
</trkpt>
<trkpt lat="46.3794429" lon="15.0508055">
	<ele>365.85</ele>
	<time>2026-07-21T12:39:07.984Z</time>
	<hdop>3.79</hdop>
	<extensions>
		<gpxtpx:TrackPointExtension>
			<gpxtpx:course>300.0</gpxtpx:course>
		</gpxtpx:TrackPointExtension>
	</extensions>
</trkpt>
<trkpt lat="46.3796003" lon="15.0504949">
	<ele>365.30</ele>
	<time>2026-07-21T12:39:13.983Z</time>
	<hdop>3.79</hdop>
	<extensions>
		<gpxtpx:TrackPointExtension>
			<gpxtpx:course>313.0</gpxtpx:course>
		</gpxtpx:TrackPointExtension>
	</extensions>
</trkpt>
<trkpt lat="46.3798190" lon="15.0502118">
	<ele>364.56</ele>
	<time>2026-07-21T12:39:19.983Z</time>
	<hdop>3.79</hdop>
	<extensions>
		<gpxtpx:TrackPointExtension>
			<gpxtpx:course>327.0</gpxtpx:course>
		</gpxtpx:TrackPointExtension>
	</extensions>
</trkpt>
<trkpt lat="46.3800156" lon="15.0500070">
	<ele>364.14</ele>
	<time>2026-07-21T12:39:24.983Z</time>
	<hdop>3.79</hdop>
	<extensions>
		<gpxtpx:TrackPointExtension>
			<gpxtpx:course>321.0</gpxtpx:course>
		</gpxtpx:TrackPointExtension>
	</extensions>
</trkpt>
<trkpt lat="46.3802345" lon="15.0497566">
	<ele>363.83</ele>
	<time>2026-07-21T12:39:30.982Z</time>
	<hdop>3.79</hdop>
	<extensions>
		<gpxtpx:TrackPointExtension>
			<gpxtpx:course>323.0</gpxtpx:course>
		</gpxtpx:TrackPointExtension>
	</extensions>
</trkpt>
<trkpt lat="46.3804135" lon="15.0495768">
	<ele>363.81</ele>
	<time>2026-07-21T12:39:35.983Z</time>
	<hdop>3.79</hdop>
	<extensions>
		<gpxtpx:TrackPointExtension>
			<gpxtpx:course>327.0</gpxtpx:course>
		</gpxtpx:TrackPointExtension>
	</extensions>
</trkpt>
<trkpt lat="46.3805877" lon="15.0494324">
	<ele>363.84</ele>
	<time>2026-07-21T12:39:40.983Z</time>
	<hdop>3.79</hdop>
	<extensions>
		<gpxtpx:TrackPointExtension>
			<gpxtpx:course>332.0</gpxtpx:course>
		</gpxtpx:TrackPointExtension>
	</extensions>
</trkpt>
<trkpt lat="46.3807642" lon="15.0493585">
	<ele>363.99</ele>
	<time>2026-07-21T12:39:45.983Z</time>
	<hdop>3.79</hdop>
	<extensions>
		<gpxtpx:TrackPointExtension>
			<gpxtpx:course>352.0</gpxtpx:course>
		</gpxtpx:TrackPointExtension>
	</extensions>
</trkpt>
<trkpt lat="46.3809603" lon="15.0493326">
	<ele>364.18</ele>
	<time>2026-07-21T12:39:50.983Z</time>
	<hdop>3.79</hdop>
	<extensions>
		<gpxtpx:TrackPointExtension>
			<gpxtpx:course>348.0</gpxtpx:course>
		</gpxtpx:TrackPointExtension>
	</extensions>
</trkpt>
<trkpt lat="46.3812307" lon="15.0493022">
	<ele>364.20</ele>
	<time>2026-07-21T12:39:56.981Z</time>
	<hdop>3.79</hdop>
	<extensions>
		<gpxtpx:TrackPointExtension>
			<gpxtpx:course>0.0</gpxtpx:course>
		</gpxtpx:TrackPointExtension>
	</extensions>
</trkpt>
<trkpt lat="46.3814428" lon="15.0492948">
	<ele>364.16</ele>
	<time>2026-07-21T12:40:01.981Z</time>
	<hdop>4.97</hdop>
	<extensions>
		<gpxtpx:TrackPointExtension>
			<gpxtpx:course>358.0</gpxtpx:course>
		</gpxtpx:TrackPointExtension>
	</extensions>
</trkpt>
<trkpt lat="46.3816243" lon="15.0492760">
	<ele>363.93</ele>
	<time>2026-07-21T12:40:06.982Z</time>
	<hdop>3.79</hdop>
	<extensions>
		<gpxtpx:TrackPointExtension>
			<gpxtpx:course>349.0</gpxtpx:course>
		</gpxtpx:TrackPointExtension>
	</extensions>
</trkpt>
<trkpt lat="46.3817299" lon="15.0491660">
	<ele>363.04</ele>
	<time>2026-07-21T12:40:11.983Z</time>
	<hdop>3.79</hdop>
	<extensions>
		<gpxtpx:TrackPointExtension>
			<gpxtpx:course>296.0</gpxtpx:course>
		</gpxtpx:TrackPointExtension>
	</extensions>
</trkpt>
<trkpt lat="46.3816246" lon="15.0489411">
	<ele>361.81</ele>
	<time>2026-07-21T12:40:16.983Z</time>
	<hdop>3.79</hdop>
	<extensions>
		<gpxtpx:TrackPointExtension>
			<gpxtpx:course>223.0</gpxtpx:course>
		</gpxtpx:TrackPointExtension>
	</extensions>
</trkpt>
<trkpt lat="46.3813979" lon="15.0486432">
	<ele>360.73</ele>
	<time>2026-07-21T12:40:22.982Z</time>
	<hdop>3.79</hdop>
	<extensions>
		<gpxtpx:TrackPointExtension>
			<gpxtpx:course>219.0</gpxtpx:course>
		</gpxtpx:TrackPointExtension>
	</extensions>
</trkpt>
<trkpt lat="46.3812114" lon="15.0483363">
	<ele>359.53</ele>
	<time>2026-07-21T12:40:27.982Z</time>
	<hdop>3.79</hdop>
	<extensions>
		<gpxtpx:TrackPointExtension>
			<gpxtpx:course>229.0</gpxtpx:course>
		</gpxtpx:TrackPointExtension>
	</extensions>
</trkpt>
<trkpt lat="46.3809864" lon="15.0479757">
	<ele>358.46</ele>
	<time>2026-07-21T12:40:33.982Z</time>
	<hdop>3.79</hdop>
	<extensions>
		<gpxtpx:TrackPointExtension>
			<gpxtpx:course>243.0</gpxtpx:course>
		</gpxtpx:TrackPointExtension>
	</extensions>
</trkpt>
<trkpt lat="46.3810691" lon="15.0475885">
	<ele>358.11</ele>
	<time>2026-07-21T12:40:38.982Z</time>
	<hdop>3.79</hdop>
	<extensions>
		<gpxtpx:TrackPointExtension>
			<gpxtpx:course>287.0</gpxtpx:course>
		</gpxtpx:TrackPointExtension>
	</extensions>
</trkpt>
<trkpt lat="46.3811563" lon="15.0471608">
	<ele>357.45</ele>
	<time>2026-07-21T12:40:43.982Z</time>
	<hdop>3.79</hdop>
	<extensions>
		<gpxtpx:TrackPointExtension>
			<gpxtpx:course>285.0</gpxtpx:course>
		</gpxtpx:TrackPointExtension>
	</extensions>
</trkpt>
<trkpt lat="46.3812765" lon="15.0466011">
	<ele>356.65</ele>
	<time>2026-07-21T12:40:49.982Z</time>
	<hdop>3.79</hdop>
	<extensions>
		<gpxtpx:TrackPointExtension>
			<gpxtpx:course>286.0</gpxtpx:course>
		</gpxtpx:TrackPointExtension>
	</extensions>
</trkpt>
<trkpt lat="46.3813774" lon="15.0461140">
	<ele>355.63</ele>
	<time>2026-07-21T12:40:54.982Z</time>
	<hdop>3.79</hdop>
	<extensions>
		<gpxtpx:TrackPointExtension>
			<gpxtpx:course>288.0</gpxtpx:course>
		</gpxtpx:TrackPointExtension>
	</extensions>
</trkpt>
<trkpt lat="46.3814722" lon="15.0456326">
	<ele>354.89</ele>
	<time>2026-07-21T12:40:59.983Z</time>
	<hdop>3.79</hdop>
	<extensions>
		<gpxtpx:TrackPointExtension>
			<gpxtpx:course>288.0</gpxtpx:course>
		</gpxtpx:TrackPointExtension>
	</extensions>
</trkpt>
<trkpt lat="46.3815901" lon="15.0450687">
	<ele>354.97</ele>
	<time>2026-07-21T12:41:05.981Z</time>
	<hdop>3.79</hdop>
	<extensions>
		<gpxtpx:TrackPointExtension>
			<gpxtpx:course>286.0</gpxtpx:course>
		</gpxtpx:TrackPointExtension>
	</extensions>
</trkpt>
<trkpt lat="46.3816726" lon="15.0446192">
	<ele>355.05</ele>
	<time>2026-07-21T12:41:10.983Z</time>
	<hdop>3.79</hdop>
	<extensions>
		<gpxtpx:TrackPointExtension>
			<gpxtpx:course>284.0</gpxtpx:course>
		</gpxtpx:TrackPointExtension>
	</extensions>
</trkpt>
<trkpt lat="46.3817501" lon="15.0441741">
	<ele>355.04</ele>
	<time>2026-07-21T12:41:15.983Z</time>
	<hdop>3.79</hdop>
	<extensions>
		<gpxtpx:TrackPointExtension>
			<gpxtpx:course>283.0</gpxtpx:course>
		</gpxtpx:TrackPointExtension>
	</extensions>
</trkpt>
<trkpt lat="46.3818228" lon="15.0437545">
	<ele>354.59</ele>
	<time>2026-07-21T12:41:20.983Z</time>
	<hdop>3.79</hdop>
	<extensions>
		<gpxtpx:TrackPointExtension>
			<gpxtpx:course>281.0</gpxtpx:course>
		</gpxtpx:TrackPointExtension>
	</extensions>
</trkpt>
<trkpt lat="46.3818621" lon="15.0435230">
	<ele>354.23</ele>
	<time>2026-07-21T12:41:26.983Z</time>
	<hdop>3.79</hdop>
	<extensions>
		<gpxtpx:TrackPointExtension>
			<gpxtpx:course>284.0</gpxtpx:course>
		</gpxtpx:TrackPointExtension>
	</extensions>
</trkpt>
<trkpt lat="46.3819336" lon="15.0432605">
	<ele>353.98</ele>
	<time>2026-07-21T12:41:32.982Z</time>
	<hdop>3.79</hdop>
	<extensions>
		<gpxtpx:TrackPointExtension>
			<gpxtpx:course>301.0</gpxtpx:course>
		</gpxtpx:TrackPointExtension>
	</extensions>
</trkpt>
<trkpt lat="46.3820443" lon="15.0430227">
	<ele>353.87</ele>
	<time>2026-07-21T12:41:37.982Z</time>
	<hdop>3.79</hdop>
	<extensions>
		<gpxtpx:TrackPointExtension>
			<gpxtpx:course>308.0</gpxtpx:course>
		</gpxtpx:TrackPointExtension>
	</extensions>
</trkpt>
<trkpt lat="46.3821777" lon="15.0428078">
	<ele>353.80</ele>
	<time>2026-07-21T12:41:42.982Z</time>
	<hdop>3.79</hdop>
	<extensions>
		<gpxtpx:TrackPointExtension>
			<gpxtpx:course>308.0</gpxtpx:course>
		</gpxtpx:TrackPointExtension>
	</extensions>
</trkpt>
<trkpt lat="46.3822917" lon="15.0426167">
	<ele>353.80</ele>
	<time>2026-07-21T12:41:47.983Z</time>
	<hdop>3.79</hdop>
	<extensions>
		<gpxtpx:TrackPointExtension>
			<gpxtpx:course>312.0</gpxtpx:course>
		</gpxtpx:TrackPointExtension>
	</extensions>
</trkpt>
<trkpt lat="46.3824035" lon="15.0424194">
	<ele>353.87</ele>
	<time>2026-07-21T12:41:52.983Z</time>
	<hdop>3.79</hdop>
	<extensions>
		<gpxtpx:TrackPointExtension>
			<gpxtpx:course>319.0</gpxtpx:course>
		</gpxtpx:TrackPointExtension>
	</extensions>
</trkpt>
<trkpt lat="46.3825784" lon="15.0421826">
	<ele>354.12</ele>
	<time>2026-07-21T12:41:58.983Z</time>
	<hdop>3.79</hdop>
	<extensions>
		<gpxtpx:TrackPointExtension>
			<gpxtpx:course>282.0</gpxtpx:course>
		</gpxtpx:TrackPointExtension>
	</extensions>
</trkpt>
<trkpt lat="46.3826761" lon="15.0420050">
	<ele>354.22</ele>
	<time>2026-07-21T12:42:03.983Z</time>
	<hdop>3.79</hdop>
	<extensions>
		<gpxtpx:TrackPointExtension>
			<gpxtpx:course>337.0</gpxtpx:course>
		</gpxtpx:TrackPointExtension>
	</extensions>
</trkpt>
<trkpt lat="46.3829021" lon="15.0418377">
	<ele>354.40</ele>
	<time>2026-07-21T12:42:09.982Z</time>
	<hdop>3.79</hdop>
	<extensions>
		<gpxtpx:TrackPointExtension>
			<gpxtpx:course>309.0</gpxtpx:course>
		</gpxtpx:TrackPointExtension>
	</extensions>
</trkpt>
<trkpt lat="46.3829227" lon="15.0415575">
	<ele>354.22</ele>
	<time>2026-07-21T12:42:14.983Z</time>
	<hdop>3.79</hdop>
	<extensions>
		<gpxtpx:TrackPointExtension>
			<gpxtpx:course>253.0</gpxtpx:course>
		</gpxtpx:TrackPointExtension>
	</extensions>
</trkpt>
<trkpt lat="46.3829140" lon="15.0412933">
	<ele>354.22</ele>
	<time>2026-07-21T12:42:20.983Z</time>
	<hdop>3.79</hdop>
	<extensions>
		<gpxtpx:TrackPointExtension>
			<gpxtpx:course>326.0</gpxtpx:course>
		</gpxtpx:TrackPointExtension>
	</extensions>
</trkpt>
<trkpt lat="46.3829797" lon="15.0414081">
	<ele>354.26</ele>
	<time>2026-07-21T12:42:28.982Z</time>
	<hdop>3.79</hdop>
	<extensions>
		<gpxtpx:TrackPointExtension>
			<gpxtpx:course>80.0</gpxtpx:course>
		</gpxtpx:TrackPointExtension>
	</extensions>
</trkpt>
<trkpt lat="46.3830479" lon="15.0416589">
	<ele>354.38</ele>
	<time>2026-07-21T12:42:34.982Z</time>
	<hdop>3.79</hdop>
	<extensions>
		<gpxtpx:TrackPointExtension>
			<gpxtpx:course>56.0</gpxtpx:course>
		</gpxtpx:TrackPointExtension>
	</extensions>
</trkpt>
<trkpt lat="46.3830805" lon="15.0418630">
	<ele>354.72</ele>
	<time>2026-07-21T12:42:39.982Z</time>
	<hdop>3.79</hdop>
	<extensions>
		<gpxtpx:TrackPointExtension>
			<gpxtpx:course>64.0</gpxtpx:course>
		</gpxtpx:TrackPointExtension>
	</extensions>
</trkpt>
<trkpt lat="46.3832252" lon="15.0418365">
	<ele>355.01</ele>
	<time>2026-07-21T12:42:44.982Z</time>
	<hdop>3.79</hdop>
	<extensions>
		<gpxtpx:TrackPointExtension>
			<gpxtpx:course>326.0</gpxtpx:course>
		</gpxtpx:TrackPointExtension>
	</extensions>
</trkpt>
<trkpt lat="46.3834179" lon="15.0416647">
	<ele>355.25</ele>
	<time>2026-07-21T12:42:49.982Z</time>
	<hdop>3.79</hdop>
	<extensions>
		<gpxtpx:TrackPointExtension>
			<gpxtpx:course>325.0</gpxtpx:course>
		</gpxtpx:TrackPointExtension>
	</extensions>
</trkpt>
<trkpt lat="46.3836196" lon="15.0414447">
	<ele>355.86</ele>
	<time>2026-07-21T12:42:54.982Z</time>
	<hdop>3.79</hdop>
	<extensions>
		<gpxtpx:TrackPointExtension>
			<gpxtpx:course>316.0</gpxtpx:course>
		</gpxtpx:TrackPointExtension>
	</extensions>
</trkpt>
<trkpt lat="46.3838320" lon="15.0411860">
	<ele>356.72</ele>
	<time>2026-07-21T12:42:59.982Z</time>
	<hdop>3.79</hdop>
	<extensions>
		<gpxtpx:TrackPointExtension>
			<gpxtpx:course>318.0</gpxtpx:course>
		</gpxtpx:TrackPointExtension>
	</extensions>
</trkpt>
<trkpt lat="46.3840488" lon="15.0408902">
	<ele>357.45</ele>
	<time>2026-07-21T12:43:04.982Z</time>
	<hdop>3.79</hdop>
	<extensions>
		<gpxtpx:TrackPointExtension>
			<gpxtpx:course>316.0</gpxtpx:course>
		</gpxtpx:TrackPointExtension>
	</extensions>
</trkpt>
<trkpt lat="46.3842576" lon="15.0405753">
	<ele>357.91</ele>
	<time>2026-07-21T12:43:09.982Z</time>
	<hdop>3.79</hdop>
	<extensions>
		<gpxtpx:TrackPointExtension>
			<gpxtpx:course>310.0</gpxtpx:course>
		</gpxtpx:TrackPointExtension>
	</extensions>
</trkpt>
<trkpt lat="46.3844272" lon="15.0402404">
	<ele>358.06</ele>
	<time>2026-07-21T12:43:14.982Z</time>
	<hdop>3.79</hdop>
	<extensions>
		<gpxtpx:TrackPointExtension>
			<gpxtpx:course>299.0</gpxtpx:course>
		</gpxtpx:TrackPointExtension>
	</extensions>
</trkpt>
<trkpt lat="46.3845703" lon="15.0398896">
	<ele>358.28</ele>
	<time>2026-07-21T12:43:19.982Z</time>
	<hdop>3.79</hdop>
	<extensions>
		<gpxtpx:TrackPointExtension>
			<gpxtpx:course>296.0</gpxtpx:course>
		</gpxtpx:TrackPointExtension>
	</extensions>
</trkpt>
<trkpt lat="46.3846784" lon="15.0395051">
	<ele>358.38</ele>
	<time>2026-07-21T12:43:24.983Z</time>
	<hdop>3.79</hdop>
	<extensions>
		<gpxtpx:TrackPointExtension>
			<gpxtpx:course>286.0</gpxtpx:course>
		</gpxtpx:TrackPointExtension>
	</extensions>
</trkpt>
<trkpt lat="46.3847850" lon="15.0390257">
	<ele>358.68</ele>
	<time>2026-07-21T12:43:30.982Z</time>
	<hdop>3.79</hdop>
	<extensions>
		<gpxtpx:TrackPointExtension>
			<gpxtpx:course>287.0</gpxtpx:course>
		</gpxtpx:TrackPointExtension>
	</extensions>
</trkpt>
<trkpt lat="46.3848867" lon="15.0386250">
	<ele>359.70</ele>
	<time>2026-07-21T12:43:35.982Z</time>
	<hdop>3.79</hdop>
	<extensions>
		<gpxtpx:TrackPointExtension>
			<gpxtpx:course>288.0</gpxtpx:course>
		</gpxtpx:TrackPointExtension>
	</extensions>
</trkpt>
<trkpt lat="46.3849862" lon="15.0382260">
	<ele>360.70</ele>
	<time>2026-07-21T12:43:40.983Z</time>
	<hdop>3.79</hdop>
	<extensions>
		<gpxtpx:TrackPointExtension>
			<gpxtpx:course>293.0</gpxtpx:course>
		</gpxtpx:TrackPointExtension>
	</extensions>
</trkpt>
<trkpt lat="46.3851027" lon="15.0378298">
	<ele>361.35</ele>
	<time>2026-07-21T12:43:45.983Z</time>
	<hdop>3.79</hdop>
	<extensions>
		<gpxtpx:TrackPointExtension>
			<gpxtpx:course>294.0</gpxtpx:course>
		</gpxtpx:TrackPointExtension>
	</extensions>
</trkpt>
<trkpt lat="46.3852733" lon="15.0373600">
	<ele>362.22</ele>
	<time>2026-07-21T12:43:51.982Z</time>
	<hdop>3.79</hdop>
	<extensions>
		<gpxtpx:TrackPointExtension>
			<gpxtpx:course>306.0</gpxtpx:course>
		</gpxtpx:TrackPointExtension>
	</extensions>
</trkpt>
<trkpt lat="46.3855260" lon="15.0371178">
	<ele>362.95</ele>
	<time>2026-07-21T12:43:56.982Z</time>
	<hdop>3.79</hdop>
	<extensions>
		<gpxtpx:TrackPointExtension>
			<gpxtpx:course>346.0</gpxtpx:course>
		</gpxtpx:TrackPointExtension>
	</extensions>
</trkpt>
<trkpt lat="46.3858244" lon="15.0371300">
	<ele>363.34</ele>
	<time>2026-07-21T12:44:01.982Z</time>
	<hdop>3.79</hdop>
	<extensions>
		<gpxtpx:TrackPointExtension>
			<gpxtpx:course>350.0</gpxtpx:course>
		</gpxtpx:TrackPointExtension>
	</extensions>
</trkpt>
<trkpt lat="46.3859711" lon="15.0369083">
	<ele>360.73</ele>
	<time>2026-07-21T12:44:06.982Z</time>
	<hdop>3.79</hdop>
	<extensions>
		<gpxtpx:TrackPointExtension>
			<gpxtpx:course>346.0</gpxtpx:course>
		</gpxtpx:TrackPointExtension>
	</extensions>
</trkpt>
<trkpt lat="46.3862444" lon="15.0369595">
	<ele>359.42</ele>
	<time>2026-07-21T12:44:12.983Z</time>
	<hdop>3.79</hdop>
	<extensions>
		<gpxtpx:TrackPointExtension>
			<gpxtpx:course>17.0</gpxtpx:course>
		</gpxtpx:TrackPointExtension>
	</extensions>
</trkpt>
<trkpt lat="46.3865974" lon="15.0371195">
	<ele>358.13</ele>
	<time>2026-07-21T12:44:18.982Z</time>
	<hdop>3.79</hdop>
	<extensions>
		<gpxtpx:TrackPointExtension>
			<gpxtpx:course>15.0</gpxtpx:course>
		</gpxtpx:TrackPointExtension>
	</extensions>
</trkpt>
<trkpt lat="46.3869255" lon="15.0372118">
	<ele>357.90</ele>
	<time>2026-07-21T12:44:23.983Z</time>
	<hdop>3.79</hdop>
	<extensions>
		<gpxtpx:TrackPointExtension>
			<gpxtpx:course>8.0</gpxtpx:course>
		</gpxtpx:TrackPointExtension>
	</extensions>
</trkpt>
<trkpt lat="46.3872401" lon="15.0372265">
	<ele>358.36</ele>
	<time>2026-07-21T12:44:28.983Z</time>
	<hdop>3.79</hdop>
	<extensions>
		<gpxtpx:TrackPointExtension>
			<gpxtpx:course>345.0</gpxtpx:course>
		</gpxtpx:TrackPointExtension>
	</extensions>
</trkpt>
<trkpt lat="46.3875385" lon="15.0372600">
	<ele>358.78</ele>
	<time>2026-07-21T12:44:33.983Z</time>
	<hdop>3.79</hdop>
	<extensions>
		<gpxtpx:TrackPointExtension>
			<gpxtpx:course>16.0</gpxtpx:course>
		</gpxtpx:TrackPointExtension>
	</extensions>
</trkpt>
<trkpt lat="46.3878520" lon="15.0372523">
	<ele>358.85</ele>
	<time>2026-07-21T12:44:38.983Z</time>
	<hdop>3.79</hdop>
	<extensions>
		<gpxtpx:TrackPointExtension>
			<gpxtpx:course>353.0</gpxtpx:course>
		</gpxtpx:TrackPointExtension>
	</extensions>
</trkpt>
<trkpt lat="46.3882216" lon="15.0371094">
	<ele>358.37</ele>
	<time>2026-07-21T12:44:44.982Z</time>
	<hdop>3.79</hdop>
	<extensions>
		<gpxtpx:TrackPointExtension>
			<gpxtpx:course>339.0</gpxtpx:course>
		</gpxtpx:TrackPointExtension>
	</extensions>
</trkpt>
<trkpt lat="46.3885857" lon="15.0368803">
	<ele>357.71</ele>
	<time>2026-07-21T12:44:50.982Z</time>
	<hdop>3.79</hdop>
	<extensions>
		<gpxtpx:TrackPointExtension>
			<gpxtpx:course>329.0</gpxtpx:course>
		</gpxtpx:TrackPointExtension>
	</extensions>
</trkpt>
<trkpt lat="46.3888656" lon="15.0366253">
	<ele>357.00</ele>
	<time>2026-07-21T12:44:55.983Z</time>
	<hdop>3.79</hdop>
	<extensions>
		<gpxtpx:TrackPointExtension>
			<gpxtpx:course>325.0</gpxtpx:course>
		</gpxtpx:TrackPointExtension>
	</extensions>
</trkpt>
<trkpt lat="46.3891760" lon="15.0362858">
	<ele>355.96</ele>
	<time>2026-07-21T12:45:01.983Z</time>
	<hdop>3.79</hdop>
	<extensions>
		<gpxtpx:TrackPointExtension>
			<gpxtpx:course>320.0</gpxtpx:course>
		</gpxtpx:TrackPointExtension>
	</extensions>
</trkpt>
<trkpt lat="46.3895002" lon="15.0359238">
	<ele>355.46</ele>
	<time>2026-07-21T12:45:07.981Z</time>
	<hdop>3.79</hdop>
	<extensions>
		<gpxtpx:TrackPointExtension>
			<gpxtpx:course>325.0</gpxtpx:course>
		</gpxtpx:TrackPointExtension>
	</extensions>
</trkpt>
<trkpt lat="46.3897771" lon="15.0356536">
	<ele>355.70</ele>
	<time>2026-07-21T12:45:12.982Z</time>
	<hdop>3.79</hdop>
	<extensions>
		<gpxtpx:TrackPointExtension>
			<gpxtpx:course>327.0</gpxtpx:course>
		</gpxtpx:TrackPointExtension>
	</extensions>
</trkpt>
<trkpt lat="46.3900588" lon="15.0354198">
	<ele>355.97</ele>
	<time>2026-07-21T12:45:17.983Z</time>
	<hdop>3.79</hdop>
	<extensions>
		<gpxtpx:TrackPointExtension>
			<gpxtpx:course>328.0</gpxtpx:course>
		</gpxtpx:TrackPointExtension>
	</extensions>
</trkpt>
<trkpt lat="46.3903375" lon="15.0351859">
	<ele>356.18</ele>
	<time>2026-07-21T12:45:22.983Z</time>
	<hdop>3.79</hdop>
	<extensions>
		<gpxtpx:TrackPointExtension>
			<gpxtpx:course>328.0</gpxtpx:course>
		</gpxtpx:TrackPointExtension>
	</extensions>
</trkpt>
<trkpt lat="46.3906712" lon="15.0349147">
	<ele>356.86</ele>
	<time>2026-07-21T12:45:28.981Z</time>
	<hdop>3.79</hdop>
	<extensions>
		<gpxtpx:TrackPointExtension>
			<gpxtpx:course>331.0</gpxtpx:course>
		</gpxtpx:TrackPointExtension>
	</extensions>
</trkpt>
<trkpt lat="46.3909155" lon="15.0347105">
	<ele>358.03</ele>
	<time>2026-07-21T12:45:33.982Z</time>
	<hdop>3.79</hdop>
	<extensions>
		<gpxtpx:TrackPointExtension>
			<gpxtpx:course>329.0</gpxtpx:course>
		</gpxtpx:TrackPointExtension>
	</extensions>
</trkpt>
<trkpt lat="46.3911422" lon="15.0345814">
	<ele>359.67</ele>
	<time>2026-07-21T12:45:38.982Z</time>
	<hdop>3.79</hdop>
	<extensions>
		<gpxtpx:TrackPointExtension>
			<gpxtpx:course>344.0</gpxtpx:course>
		</gpxtpx:TrackPointExtension>
	</extensions>
</trkpt>
<trkpt lat="46.3913834" lon="15.0345198">
	<ele>361.56</ele>
	<time>2026-07-21T12:45:43.982Z</time>
	<hdop>3.79</hdop>
	<extensions>
		<gpxtpx:TrackPointExtension>
			<gpxtpx:course>357.0</gpxtpx:course>
		</gpxtpx:TrackPointExtension>
	</extensions>
</trkpt>
<trkpt lat="46.3916270" lon="15.0345556">
	<ele>362.67</ele>
	<time>2026-07-21T12:45:48.982Z</time>
	<hdop>3.79</hdop>
	<extensions>
		<gpxtpx:TrackPointExtension>
			<gpxtpx:course>10.0</gpxtpx:course>
		</gpxtpx:TrackPointExtension>
	</extensions>
</trkpt>
<trkpt lat="46.3918622" lon="15.0346583">
	<ele>362.90</ele>
	<time>2026-07-21T12:45:53.983Z</time>
	<hdop>3.79</hdop>
	<extensions>
		<gpxtpx:TrackPointExtension>
			<gpxtpx:course>21.0</gpxtpx:course>
		</gpxtpx:TrackPointExtension>
	</extensions>
</trkpt>
<trkpt lat="46.3921503" lon="15.0347898">
	<ele>363.26</ele>
	<time>2026-07-21T12:45:59.982Z</time>
	<hdop>3.79</hdop>
	<extensions>
		<gpxtpx:TrackPointExtension>
			<gpxtpx:course>13.0</gpxtpx:course>
		</gpxtpx:TrackPointExtension>
	</extensions>
</trkpt>
<trkpt lat="46.3924615" lon="15.0348048">
	<ele>364.37</ele>
	<time>2026-07-21T12:46:05.981Z</time>
	<hdop>3.79</hdop>
	<extensions>
		<gpxtpx:TrackPointExtension>
			<gpxtpx:course>350.0</gpxtpx:course>
		</gpxtpx:TrackPointExtension>
	</extensions>
</trkpt>
<trkpt lat="46.3927043" lon="15.0346762">
	<ele>365.40</ele>
	<time>2026-07-21T12:46:10.982Z</time>
	<hdop>3.79</hdop>
	<extensions>
		<gpxtpx:TrackPointExtension>
			<gpxtpx:course>332.0</gpxtpx:course>
		</gpxtpx:TrackPointExtension>
	</extensions>
</trkpt>
<trkpt lat="46.3929014" lon="15.0344598">
	<ele>366.21</ele>
	<time>2026-07-21T12:46:15.982Z</time>
	<hdop>3.79</hdop>
	<extensions>
		<gpxtpx:TrackPointExtension>
			<gpxtpx:course>314.0</gpxtpx:course>
		</gpxtpx:TrackPointExtension>
	</extensions>
</trkpt>
<trkpt lat="46.3930942" lon="15.0342094">
	<ele>366.30</ele>
	<time>2026-07-21T12:46:20.983Z</time>
	<hdop>3.79</hdop>
	<extensions>
		<gpxtpx:TrackPointExtension>
			<gpxtpx:course>316.0</gpxtpx:course>
		</gpxtpx:TrackPointExtension>
	</extensions>
</trkpt>
<trkpt lat="46.3932875" lon="15.0339754">
	<ele>365.78</ele>
	<time>2026-07-21T12:46:25.983Z</time>
	<hdop>3.79</hdop>
	<extensions>
		<gpxtpx:TrackPointExtension>
			<gpxtpx:course>326.0</gpxtpx:course>
		</gpxtpx:TrackPointExtension>
	</extensions>
</trkpt>
<trkpt lat="46.3935358" lon="15.0336901">
	<ele>365.35</ele>
	<time>2026-07-21T12:46:31.983Z</time>
	<hdop>3.79</hdop>
	<extensions>
		<gpxtpx:TrackPointExtension>
			<gpxtpx:course>321.0</gpxtpx:course>
		</gpxtpx:TrackPointExtension>
	</extensions>
</trkpt>
<trkpt lat="46.3938016" lon="15.0334246">
	<ele>365.37</ele>
	<time>2026-07-21T12:46:37.982Z</time>
	<hdop>3.79</hdop>
	<extensions>
		<gpxtpx:TrackPointExtension>
			<gpxtpx:course>324.0</gpxtpx:course>
		</gpxtpx:TrackPointExtension>
	</extensions>
</trkpt>
<trkpt lat="46.3940210" lon="15.0331771">
	<ele>366.27</ele>
	<time>2026-07-21T12:46:42.983Z</time>
	<hdop>3.79</hdop>
	<extensions>
		<gpxtpx:TrackPointExtension>
			<gpxtpx:course>320.0</gpxtpx:course>
		</gpxtpx:TrackPointExtension>
	</extensions>
</trkpt>
<trkpt lat="46.3942269" lon="15.0329130">
	<ele>367.86</ele>
	<time>2026-07-21T12:46:47.983Z</time>
	<hdop>3.79</hdop>
	<extensions>
		<gpxtpx:TrackPointExtension>
			<gpxtpx:course>316.0</gpxtpx:course>
		</gpxtpx:TrackPointExtension>
	</extensions>
</trkpt>
<trkpt lat="46.3944050" lon="15.0326162">
	<ele>369.42</ele>
	<time>2026-07-21T12:46:53.982Z</time>
	<hdop>3.79</hdop>
	<extensions>
		<gpxtpx:TrackPointExtension>
			<gpxtpx:course>272.0</gpxtpx:course>
		</gpxtpx:TrackPointExtension>
	</extensions>
</trkpt>
<trkpt lat="46.3945093" lon="15.0325387">
	<ele>369.24</ele>
	<time>2026-07-21T12:52:09.982Z</time>
	<hdop>3.79</hdop>
	<extensions>
		<gpxtpx:TrackPointExtension>
			<gpxtpx:course>317.0</gpxtpx:course>
		</gpxtpx:TrackPointExtension>
	</extensions>
</trkpt>
<trkpt lat="46.3946336" lon="15.0323209">
	<ele>369.78</ele>
	<time>2026-07-21T12:52:14.982Z</time>
	<hdop>3.79</hdop>
	<extensions>
		<gpxtpx:TrackPointExtension>
			<gpxtpx:course>300.0</gpxtpx:course>
		</gpxtpx:TrackPointExtension>
	</extensions>
</trkpt>
<trkpt lat="46.3948240" lon="15.0321878">
	<ele>369.30</ele>
	<time>2026-07-21T12:52:19.982Z</time>
	<hdop>3.79</hdop>
	<extensions>
		<gpxtpx:TrackPointExtension>
			<gpxtpx:course>341.0</gpxtpx:course>
		</gpxtpx:TrackPointExtension>
	</extensions>
</trkpt>
<trkpt lat="46.3950416" lon="15.0320411">
	<ele>369.02</ele>
	<time>2026-07-21T12:52:24.982Z</time>
	<hdop>3.79</hdop>
	<extensions>
		<gpxtpx:TrackPointExtension>
			<gpxtpx:course>329.0</gpxtpx:course>
		</gpxtpx:TrackPointExtension>
	</extensions>
</trkpt>
<trkpt lat="46.3953165" lon="15.0318347">
	<ele>369.00</ele>
	<time>2026-07-21T12:52:30.982Z</time>
	<hdop>3.79</hdop>
	<extensions>
		<gpxtpx:TrackPointExtension>
			<gpxtpx:course>329.0</gpxtpx:course>
		</gpxtpx:TrackPointExtension>
	</extensions>
</trkpt>
<trkpt lat="46.3955693" lon="15.0316513">
	<ele>368.18</ele>
	<time>2026-07-21T12:52:35.982Z</time>
	<hdop>3.79</hdop>
	<extensions>
		<gpxtpx:TrackPointExtension>
			<gpxtpx:course>330.0</gpxtpx:course>
		</gpxtpx:TrackPointExtension>
	</extensions>
</trkpt>
<trkpt lat="46.3958294" lon="15.0314255">
	<ele>366.99</ele>
	<time>2026-07-21T12:52:40.982Z</time>
	<hdop>3.79</hdop>
	<extensions>
		<gpxtpx:TrackPointExtension>
			<gpxtpx:course>323.0</gpxtpx:course>
		</gpxtpx:TrackPointExtension>
	</extensions>
</trkpt>
<trkpt lat="46.3960950" lon="15.0311328">
	<ele>366.44</ele>
	<time>2026-07-21T12:52:45.983Z</time>
	<hdop>3.79</hdop>
	<extensions>
		<gpxtpx:TrackPointExtension>
			<gpxtpx:course>316.0</gpxtpx:course>
		</gpxtpx:TrackPointExtension>
	</extensions>
</trkpt>
<trkpt lat="46.3963373" lon="15.0307998">
	<ele>367.64</ele>
	<time>2026-07-21T12:52:50.983Z</time>
	<hdop>3.79</hdop>
	<extensions>
		<gpxtpx:TrackPointExtension>
			<gpxtpx:course>311.0</gpxtpx:course>
		</gpxtpx:TrackPointExtension>
	</extensions>
</trkpt>
<trkpt lat="46.3965538" lon="15.0304625">
	<ele>369.66</ele>
	<time>2026-07-21T12:52:55.983Z</time>
	<hdop>3.79</hdop>
	<extensions>
		<gpxtpx:TrackPointExtension>
			<gpxtpx:course>310.0</gpxtpx:course>
		</gpxtpx:TrackPointExtension>
	</extensions>
</trkpt>
<trkpt lat="46.3967505" lon="15.0300894">
	<ele>370.93</ele>
	<time>2026-07-21T12:53:00.983Z</time>
	<hdop>3.79</hdop>
	<extensions>
		<gpxtpx:TrackPointExtension>
			<gpxtpx:course>308.0</gpxtpx:course>
		</gpxtpx:TrackPointExtension>
	</extensions>
</trkpt>
<trkpt lat="46.3969952" lon="15.0296543">
	<ele>369.48</ele>
	<time>2026-07-21T12:53:06.982Z</time>
	<hdop>3.79</hdop>
	<extensions>
		<gpxtpx:TrackPointExtension>
			<gpxtpx:course>309.0</gpxtpx:course>
		</gpxtpx:TrackPointExtension>
	</extensions>
</trkpt>
<trkpt lat="46.3971895" lon="15.0292578">
	<ele>367.78</ele>
	<time>2026-07-21T12:53:11.982Z</time>
	<hdop>3.79</hdop>
	<extensions>
		<gpxtpx:TrackPointExtension>
			<gpxtpx:course>306.0</gpxtpx:course>
		</gpxtpx:TrackPointExtension>
	</extensions>
</trkpt>
<trkpt lat="46.3974159" lon="15.0288493">
	<ele>366.23</ele>
	<time>2026-07-21T12:53:16.982Z</time>
	<hdop>3.79</hdop>
	<extensions>
		<gpxtpx:TrackPointExtension>
			<gpxtpx:course>308.0</gpxtpx:course>
		</gpxtpx:TrackPointExtension>
	</extensions>
</trkpt>
<trkpt lat="46.3976585" lon="15.0284348">
	<ele>365.25</ele>
	<time>2026-07-21T12:53:21.982Z</time>
	<hdop>3.79</hdop>
	<extensions>
		<gpxtpx:TrackPointExtension>
			<gpxtpx:course>310.0</gpxtpx:course>
		</gpxtpx:TrackPointExtension>
	</extensions>
</trkpt>
<trkpt lat="46.3978658" lon="15.0280008">
	<ele>364.43</ele>
	<time>2026-07-21T12:53:26.982Z</time>
	<hdop>3.79</hdop>
	<extensions>
		<gpxtpx:TrackPointExtension>
			<gpxtpx:course>299.0</gpxtpx:course>
		</gpxtpx:TrackPointExtension>
	</extensions>
</trkpt>
<trkpt lat="46.3979676" lon="15.0275388">
	<ele>363.88</ele>
	<time>2026-07-21T12:53:31.982Z</time>
	<hdop>3.79</hdop>
	<extensions>
		<gpxtpx:TrackPointExtension>
			<gpxtpx:course>283.0</gpxtpx:course>
		</gpxtpx:TrackPointExtension>
	</extensions>
</trkpt>
<trkpt lat="46.3981485" lon="15.0271452">
	<ele>364.78</ele>
	<time>2026-07-21T12:53:36.982Z</time>
	<hdop>3.79</hdop>
	<extensions>
		<gpxtpx:TrackPointExtension>
			<gpxtpx:course>301.0</gpxtpx:course>
		</gpxtpx:TrackPointExtension>
	</extensions>
</trkpt>
<trkpt lat="46.3982819" lon="15.0267673">
	<ele>365.73</ele>
	<time>2026-07-21T12:53:41.983Z</time>
	<hdop>3.79</hdop>
	<extensions>
		<gpxtpx:TrackPointExtension>
			<gpxtpx:course>282.0</gpxtpx:course>
		</gpxtpx:TrackPointExtension>
	</extensions>
</trkpt>
<trkpt lat="46.3984152" lon="15.0264650">
	<ele>366.35</ele>
	<time>2026-07-21T12:53:47.983Z</time>
	<hdop>3.79</hdop>
	<extensions>
		<gpxtpx:TrackPointExtension>
			<gpxtpx:course>302.0</gpxtpx:course>
		</gpxtpx:TrackPointExtension>
	</extensions>
</trkpt>
<trkpt lat="46.3985201" lon="15.0260315">
	<ele>367.67</ele>
	<time>2026-07-21T12:53:53.982Z</time>
	<hdop>3.79</hdop>
	<extensions>
		<gpxtpx:TrackPointExtension>
			<gpxtpx:course>279.0</gpxtpx:course>
		</gpxtpx:TrackPointExtension>
	</extensions>
</trkpt>
<trkpt lat="46.3985994" lon="15.0255348">
	<ele>369.27</ele>
	<time>2026-07-21T12:53:59.982Z</time>
	<hdop>3.79</hdop>
	<extensions>
		<gpxtpx:TrackPointExtension>
			<gpxtpx:course>280.0</gpxtpx:course>
		</gpxtpx:TrackPointExtension>
	</extensions>
</trkpt>
<trkpt lat="46.3986555" lon="15.0251757">
	<ele>369.25</ele>
	<time>2026-07-21T12:54:04.982Z</time>
	<hdop>3.79</hdop>
	<extensions>
		<gpxtpx:TrackPointExtension>
			<gpxtpx:course>282.0</gpxtpx:course>
		</gpxtpx:TrackPointExtension>
	</extensions>
</trkpt>
<trkpt lat="46.3987218" lon="15.0248346">
	<ele>369.03</ele>
	<time>2026-07-21T12:54:09.983Z</time>
	<hdop>3.79</hdop>
	<extensions>
		<gpxtpx:TrackPointExtension>
			<gpxtpx:course>285.0</gpxtpx:course>
		</gpxtpx:TrackPointExtension>
	</extensions>
</trkpt>
<trkpt lat="46.3988179" lon="15.0245481">
	<ele>369.06</ele>
	<time>2026-07-21T12:54:14.983Z</time>
	<hdop>3.79</hdop>
	<extensions>
		<gpxtpx:TrackPointExtension>
			<gpxtpx:course>313.0</gpxtpx:course>
		</gpxtpx:TrackPointExtension>
	</extensions>
</trkpt>
<trkpt lat="46.3989354" lon="15.0241942">
	<ele>369.14</ele>
	<time>2026-07-21T12:54:19.983Z</time>
	<hdop>3.79</hdop>
	<extensions>
		<gpxtpx:TrackPointExtension>
			<gpxtpx:course>290.0</gpxtpx:course>
		</gpxtpx:TrackPointExtension>
	</extensions>
</trkpt>
<trkpt lat="46.3990381" lon="15.0237696">
	<ele>369.31</ele>
	<time>2026-07-21T12:54:24.983Z</time>
	<hdop>3.79</hdop>
	<extensions>
		<gpxtpx:TrackPointExtension>
			<gpxtpx:course>291.0</gpxtpx:course>
		</gpxtpx:TrackPointExtension>
	</extensions>
</trkpt>
<trkpt lat="46.3991710" lon="15.0232287">
	<ele>369.85</ele>
	<time>2026-07-21T12:54:30.982Z</time>
	<hdop>3.79</hdop>
	<extensions>
		<gpxtpx:TrackPointExtension>
			<gpxtpx:course>289.0</gpxtpx:course>
		</gpxtpx:TrackPointExtension>
	</extensions>
</trkpt>
<trkpt lat="46.3992925" lon="15.0227756">
	<ele>370.22</ele>
	<time>2026-07-21T12:54:35.982Z</time>
	<hdop>3.79</hdop>
	<extensions>
		<gpxtpx:TrackPointExtension>
			<gpxtpx:course>296.0</gpxtpx:course>
		</gpxtpx:TrackPointExtension>
	</extensions>
</trkpt>
<trkpt lat="46.3995154" lon="15.0223839">
	<ele>370.90</ele>
	<time>2026-07-21T12:54:40.983Z</time>
	<hdop>3.79</hdop>
	<extensions>
		<gpxtpx:TrackPointExtension>
			<gpxtpx:course>319.0</gpxtpx:course>
		</gpxtpx:TrackPointExtension>
	</extensions>
</trkpt>
<trkpt lat="46.3998207" lon="15.0221295">
	<ele>372.08</ele>
	<time>2026-07-21T12:54:45.983Z</time>
	<hdop>3.79</hdop>
	<extensions>
		<gpxtpx:TrackPointExtension>
			<gpxtpx:course>336.0</gpxtpx:course>
		</gpxtpx:TrackPointExtension>
	</extensions>
</trkpt>
<trkpt lat="46.4001889" lon="15.0218840">
	<ele>375.00</ele>
	<time>2026-07-21T12:54:51.981Z</time>
	<hdop>3.79</hdop>
	<extensions>
		<gpxtpx:TrackPointExtension>
			<gpxtpx:course>329.0</gpxtpx:course>
		</gpxtpx:TrackPointExtension>
	</extensions>
</trkpt>
<trkpt lat="46.4004329" lon="15.0215711">
	<ele>377.02</ele>
	<time>2026-07-21T12:54:56.981Z</time>
	<hdop>3.79</hdop>
	<extensions>
		<gpxtpx:TrackPointExtension>
			<gpxtpx:course>315.0</gpxtpx:course>
		</gpxtpx:TrackPointExtension>
	</extensions>
</trkpt>
<trkpt lat="46.4006681" lon="15.0212224">
	<ele>377.15</ele>
	<time>2026-07-21T12:55:01.981Z</time>
	<hdop>3.79</hdop>
	<extensions>
		<gpxtpx:TrackPointExtension>
			<gpxtpx:course>316.0</gpxtpx:course>
		</gpxtpx:TrackPointExtension>
	</extensions>
</trkpt>
<trkpt lat="46.4009090" lon="15.0208612">
	<ele>375.81</ele>
	<time>2026-07-21T12:55:06.982Z</time>
	<hdop>3.79</hdop>
	<extensions>
		<gpxtpx:TrackPointExtension>
			<gpxtpx:course>318.0</gpxtpx:course>
		</gpxtpx:TrackPointExtension>
	</extensions>
</trkpt>
<trkpt lat="46.4012373" lon="15.0204998">
	<ele>375.48</ele>
	<time>2026-07-21T12:55:12.980Z</time>
	<hdop>3.79</hdop>
	<extensions>
		<gpxtpx:TrackPointExtension>
			<gpxtpx:course>329.0</gpxtpx:course>
		</gpxtpx:TrackPointExtension>
	</extensions>
</trkpt>
<trkpt lat="46.4015177" lon="15.0202372">
	<ele>377.24</ele>
	<time>2026-07-21T12:55:17.982Z</time>
	<hdop>3.79</hdop>
	<extensions>
		<gpxtpx:TrackPointExtension>
			<gpxtpx:course>330.0</gpxtpx:course>
		</gpxtpx:TrackPointExtension>
	</extensions>
</trkpt>
<trkpt lat="46.4017922" lon="15.0199888">
	<ele>379.41</ele>
	<time>2026-07-21T12:55:22.982Z</time>
	<hdop>3.79</hdop>
	<extensions>
		<gpxtpx:TrackPointExtension>
			<gpxtpx:course>329.0</gpxtpx:course>
		</gpxtpx:TrackPointExtension>
	</extensions>
</trkpt>
<trkpt lat="46.4020651" lon="15.0197553">
	<ele>380.70</ele>
	<time>2026-07-21T12:55:27.982Z</time>
	<hdop>3.79</hdop>
	<extensions>
		<gpxtpx:TrackPointExtension>
			<gpxtpx:course>329.0</gpxtpx:course>
		</gpxtpx:TrackPointExtension>
	</extensions>
</trkpt>
<trkpt lat="46.4023429" lon="15.0194947">
	<ele>379.77</ele>
	<time>2026-07-21T12:55:33.982Z</time>
	<hdop>3.79</hdop>
	<extensions>
		<gpxtpx:TrackPointExtension>
			<gpxtpx:course>328.0</gpxtpx:course>
		</gpxtpx:TrackPointExtension>
	</extensions>
</trkpt>
<trkpt lat="46.4025521" lon="15.0193138">
	<ele>379.19</ele>
	<time>2026-07-21T12:55:38.982Z</time>
	<hdop>3.79</hdop>
	<extensions>
		<gpxtpx:TrackPointExtension>
			<gpxtpx:course>327.0</gpxtpx:course>
		</gpxtpx:TrackPointExtension>
	</extensions>
</trkpt>
<trkpt lat="46.4027252" lon="15.0190803">
	<ele>378.87</ele>
	<time>2026-07-21T12:55:44.981Z</time>
	<hdop>3.79</hdop>
	<extensions>
		<gpxtpx:TrackPointExtension>
			<gpxtpx:course>279.0</gpxtpx:course>
		</gpxtpx:TrackPointExtension>
	</extensions>
</trkpt>
<trkpt lat="46.4026827" lon="15.0187009">
	<ele>376.32</ele>
	<time>2026-07-21T12:55:49.981Z</time>
	<hdop>3.79</hdop>
	<extensions>
		<gpxtpx:TrackPointExtension>
			<gpxtpx:course>255.0</gpxtpx:course>
		</gpxtpx:TrackPointExtension>
	</extensions>
</trkpt>
<trkpt lat="46.4025816" lon="15.0181831">
	<ele>373.74</ele>
	<time>2026-07-21T12:55:54.982Z</time>
	<hdop>3.79</hdop>
	<extensions>
		<gpxtpx:TrackPointExtension>
			<gpxtpx:course>254.0</gpxtpx:course>
		</gpxtpx:TrackPointExtension>
	</extensions>
</trkpt>
<trkpt lat="46.4024507" lon="15.0175014">
	<ele>371.26</ele>
	<time>2026-07-21T12:56:00.982Z</time>
	<hdop>3.79</hdop>
	<extensions>
		<gpxtpx:TrackPointExtension>
			<gpxtpx:course>256.0</gpxtpx:course>
		</gpxtpx:TrackPointExtension>
	</extensions>
</trkpt>
<trkpt lat="46.4024771" lon="15.0169542">
	<ele>373.70</ele>
	<time>2026-07-21T12:56:06.981Z</time>
	<hdop>3.79</hdop>
	<extensions>
		<gpxtpx:TrackPointExtension>
			<gpxtpx:course>279.0</gpxtpx:course>
		</gpxtpx:TrackPointExtension>
	</extensions>
</trkpt>
<trkpt lat="46.4025048" lon="15.0166285">
	<ele>375.00</ele>
	<time>2026-07-21T12:56:11.981Z</time>
	<hdop>3.79</hdop>
	<extensions>
		<gpxtpx:TrackPointExtension>
			<gpxtpx:course>264.0</gpxtpx:course>
		</gpxtpx:TrackPointExtension>
	</extensions>
</trkpt>
<trkpt lat="46.4025700" lon="15.0164244">
	<ele>375.02</ele>
	<time>2026-07-21T12:56:16.982Z</time>
	<hdop>3.79</hdop>
	<extensions>
		<gpxtpx:TrackPointExtension>
			<gpxtpx:course>313.0</gpxtpx:course>
		</gpxtpx:TrackPointExtension>
	</extensions>
</trkpt>
<trkpt lat="46.4025788" lon="15.0161796">
	<ele>375.02</ele>
	<time>2026-07-21T12:56:22.981Z</time>
	<hdop>3.79</hdop>
	<extensions>
		<gpxtpx:TrackPointExtension>
			<gpxtpx:course>254.0</gpxtpx:course>
		</gpxtpx:TrackPointExtension>
	</extensions>
</trkpt>
<trkpt lat="46.4026246" lon="15.0159782">
	<ele>375.41</ele>
	<time>2026-07-21T12:56:28.981Z</time>
	<hdop>3.79</hdop>
	<extensions>
		<gpxtpx:TrackPointExtension>
			<gpxtpx:course>271.0</gpxtpx:course>
		</gpxtpx:TrackPointExtension>
	</extensions>
</trkpt>
</trkseg>
</trk>
</gpx>
