<?xml version="1.0" encoding="utf-8" standalone="yes"?>
<gpx version="1.1" creator="Locus Map, Android"
 xmlns="http://www.topografix.com/GPX/1/1"
 xmlns:xsi="http://www.w3.org/2001/XMLSchema-instance"
 xsi:schemaLocation="http://www.topografix.com/GPX/1/1 http://www.topografix.com/GPX/1/1/gpx.xsd"
 xmlns:gpxx="http://www.garmin.com/xmlschemas/GpxExtensions/v3"
 xmlns:gpxtrkx="http://www.garmin.com/xmlschemas/TrackStatsExtension/v1"
 xmlns:gpxtpx="http://www.garmin.com/xmlschemas/TrackPointExtension/v2"
 xmlns:locus="http://www.locusmap.eu">
	<metadata>
		<desc>File with points/tracks from Locus Map Classic/3.70.20</desc>
		<time>2026-10-06T19:11:55.345Z</time>
	</metadata>
<trk>
<name>2026-07-28 18:25 Barje </name>
<desc><![CDATA[<!-- desc_gen:start -->
<font color="black"><table width="100%"><tr><td><table width="100%"><tr><td align="left" valign="center"><small><b>Dejavnost</b></small></td><td align="center" valign="center">Kolesarjenje</td></tr>
<tr><td align="left" valign="center"><small><b>Razdalja</b></small></td><td align="center" valign="center">27,2 km</td></tr>
<tr><td align="left" valign="center"><small><b>Ustvarjen</b></small></td><td align="center" valign="center">2026-07-28 18:25:18</td></tr>
<tr><td align="left" valign="center"><small><b>Največja hitrost</b></small></td><td align="center" valign="center">45,5 km/h</td></tr>
<tr><td align="left" valign="center"><small><b>Ritem</b></small></td><td align="center" valign="center">03:27 min/km</td></tr>
<tr><td align="left" valign="center"><small><b>Energija</b></small></td><td align="center" valign="center">958 kcal</td></tr>
<tr><td align="left" valign="center"><small><b>Točke</b></small></td><td align="center" valign="center">889</td></tr>
</table></td></tr><tr><td colspan="1"><hr></td></tr><tr><td><table width="100%"><tr><td align="left" valign="center"><small><b></b></small></td><td align="center" valign="center">Vse</td><td align="center" valign="center">Hitrost > 0</td></tr>
<tr><td align="left" valign="center"><small><b>Pov. hitrost</b></small></td><td align="center" valign="center">17,4 km/h</td><td align="center" valign="center">20,1 km/h</td></tr>
<tr><td align="left" valign="center"><small><b>Čas sledi</b></small></td><td align="center" valign="center">1:34:04</td><td align="center" valign="center">1:21:21</td></tr>
</table></td></tr><tr><td colspan="1"><hr></td></tr><tr><td><table width="100%"><tr><td align="left" valign="center"><small><b>Najm. nadm. višina</b></small></td><td align="center" valign="center">287 m</td></tr>
<tr><td align="left" valign="center"><small><b>Najv. nadm. višina</b></small></td><td align="center" valign="center">450 m</td></tr>
</table></td></tr><tr><td colspan="1"><hr></td></tr><tr><td><table width="100%"><tr><td align="left" valign="center"><small><b></b></small></td><td align="center" valign="center">Nadm. višina</td><td align="center" valign="center">Razdalja</td></tr>
<tr><td align="left" valign="center"><small><b>Navzgor</b></small></td><td align="center" valign="center">206 m</td><td align="center" valign="center">1927 m</td></tr>
<tr><td align="left" valign="center"><small><b>Navzdol</b></small></td><td align="center" valign="center">−206 m</td><td align="center" valign="center">2405 m</td></tr>
<tr><td align="left" valign="center"><small><b>Plosko</b></small></td><td align="center" valign="center">0 m</td><td align="center" valign="center">1614305 m</td></tr>
</table></td></tr></table></font>
<!-- desc_gen:end -->]]></desc>
	<extensions>
		<line xmlns="http://www.topografix.com/GPX/gpx_style/0/2">
			<color>FF0000</color>
			<opacity>0.59</opacity>
			<width>5.0</width>
			<extensions>
				<locus:lsColorBase>#96FF0000</locus:lsColorBase>
				<locus:lsWidth>5.0</locus:lsWidth>
				<locus:lsUnits>PIXELS</locus:lsUnits>
			</extensions>
		</line>
		<locus:activity>cycling</locus:activity>
	</extensions>
<trkseg>
<trkpt lat="46.0352695" lon="14.4766115">
	<ele>294.00</ele>
	<time>2026-07-28T16:25:22.770Z</time>
	<hdop>4.15</hdop>
	<extensions>
		<gpxtpx:TrackPointExtension>
			<gpxtpx:course>165.0</gpxtpx:course>
		</gpxtpx:TrackPointExtension>
	</extensions>
</trkpt>
<trkpt lat="46.0350950" lon="14.4766783">
	<ele>294.00</ele>
	<time>2026-07-28T16:25:28.768Z</time>
	<hdop>3.79</hdop>
	<extensions>
		<gpxtpx:TrackPointExtension>
			<gpxtpx:course>168.0</gpxtpx:course>
		</gpxtpx:TrackPointExtension>
	</extensions>
</trkpt>
<trkpt lat="46.0349490" lon="14.4767233">
	<ele>294.00</ele>
	<time>2026-07-28T16:25:33.769Z</time>
	<hdop>3.79</hdop>
	<extensions>
		<gpxtpx:TrackPointExtension>
			<gpxtpx:course>165.0</gpxtpx:course>
		</gpxtpx:TrackPointExtension>
	</extensions>
</trkpt>
<trkpt lat="46.0348035" lon="14.4767709">
	<ele>294.04</ele>
	<time>2026-07-28T16:25:38.770Z</time>
	<hdop>3.79</hdop>
	<extensions>
		<gpxtpx:TrackPointExtension>
			<gpxtpx:course>168.0</gpxtpx:course>
		</gpxtpx:TrackPointExtension>
	</extensions>
</trkpt>
<trkpt lat="46.0346213" lon="14.4768348">
	<ele>294.09</ele>
	<time>2026-07-28T16:25:43.770Z</time>
	<hdop>3.79</hdop>
	<extensions>
		<gpxtpx:TrackPointExtension>
			<gpxtpx:course>168.0</gpxtpx:course>
		</gpxtpx:TrackPointExtension>
	</extensions>
</trkpt>
<trkpt lat="46.0344367" lon="14.4769010">
	<ele>294.12</ele>
	<time>2026-07-28T16:25:48.770Z</time>
	<hdop>3.79</hdop>
	<extensions>
		<gpxtpx:TrackPointExtension>
			<gpxtpx:course>163.0</gpxtpx:course>
		</gpxtpx:TrackPointExtension>
	</extensions>
</trkpt>
<trkpt lat="46.0342305" lon="14.4770084">
	<ele>294.05</ele>
	<time>2026-07-28T16:25:54.770Z</time>
	<hdop>3.79</hdop>
	<extensions>
		<gpxtpx:TrackPointExtension>
			<gpxtpx:course>157.0</gpxtpx:course>
		</gpxtpx:TrackPointExtension>
	</extensions>
</trkpt>
<trkpt lat="46.0340662" lon="14.4771092">
	<ele>293.94</ele>
	<time>2026-07-28T16:25:59.770Z</time>
	<hdop>3.79</hdop>
	<extensions>
		<gpxtpx:TrackPointExtension>
			<gpxtpx:course>157.0</gpxtpx:course>
		</gpxtpx:TrackPointExtension>
	</extensions>
</trkpt>
<trkpt lat="46.0338993" lon="14.4772194">
	<ele>293.87</ele>
	<time>2026-07-28T16:26:04.770Z</time>
	<hdop>3.79</hdop>
	<extensions>
		<gpxtpx:TrackPointExtension>
			<gpxtpx:course>158.0</gpxtpx:course>
		</gpxtpx:TrackPointExtension>
	</extensions>
</trkpt>
<trkpt lat="46.0337139" lon="14.4772910">
	<ele>293.89</ele>
	<time>2026-07-28T16:26:10.769Z</time>
	<hdop>3.79</hdop>
	<extensions>
		<gpxtpx:TrackPointExtension>
			<gpxtpx:course>196.0</gpxtpx:course>
		</gpxtpx:TrackPointExtension>
	</extensions>
</trkpt>
<trkpt lat="46.0336397" lon="14.4770631">
	<ele>293.34</ele>
	<time>2026-07-28T16:26:15.770Z</time>
	<hdop>3.79</hdop>
	<extensions>
		<gpxtpx:TrackPointExtension>
			<gpxtpx:course>257.0</gpxtpx:course>
		</gpxtpx:TrackPointExtension>
	</extensions>
</trkpt>
<trkpt lat="46.0336096" lon="14.4767929">
	<ele>292.63</ele>
	<time>2026-07-28T16:26:20.770Z</time>
	<hdop>3.79</hdop>
	<extensions>
		<gpxtpx:TrackPointExtension>
			<gpxtpx:course>265.0</gpxtpx:course>
		</gpxtpx:TrackPointExtension>
	</extensions>
</trkpt>
<trkpt lat="46.0335827" lon="14.4765189">
	<ele>292.36</ele>
	<time>2026-07-28T16:26:25.770Z</time>
	<hdop>3.79</hdop>
	<extensions>
		<gpxtpx:TrackPointExtension>
			<gpxtpx:course>270.0</gpxtpx:course>
		</gpxtpx:TrackPointExtension>
	</extensions>
</trkpt>
<trkpt lat="46.0337090" lon="14.4763024">
	<ele>292.88</ele>
	<time>2026-07-28T16:26:30.770Z</time>
	<hdop>3.79</hdop>
	<extensions>
		<gpxtpx:TrackPointExtension>
			<gpxtpx:course>318.0</gpxtpx:course>
		</gpxtpx:TrackPointExtension>
	</extensions>
</trkpt>
<trkpt lat="46.0338557" lon="14.4760935">
	<ele>293.51</ele>
	<time>2026-07-28T16:26:35.770Z</time>
	<hdop>3.79</hdop>
	<extensions>
		<gpxtpx:TrackPointExtension>
			<gpxtpx:course>314.0</gpxtpx:course>
		</gpxtpx:TrackPointExtension>
	</extensions>
</trkpt>
<trkpt lat="46.0340083" lon="14.4758823">
	<ele>293.86</ele>
	<time>2026-07-28T16:26:40.770Z</time>
	<hdop>3.79</hdop>
	<extensions>
		<gpxtpx:TrackPointExtension>
			<gpxtpx:course>312.0</gpxtpx:course>
		</gpxtpx:TrackPointExtension>
	</extensions>
</trkpt>
<trkpt lat="46.0341945" lon="14.4755666">
	<ele>293.55</ele>
	<time>2026-07-28T16:26:46.770Z</time>
	<hdop>3.79</hdop>
	<extensions>
		<gpxtpx:TrackPointExtension>
			<gpxtpx:course>314.0</gpxtpx:course>
		</gpxtpx:TrackPointExtension>
	</extensions>
</trkpt>
<trkpt lat="46.0343237" lon="14.4752300">
	<ele>292.82</ele>
	<time>2026-07-28T16:26:52.769Z</time>
	<hdop>3.79</hdop>
	<extensions>
		<gpxtpx:TrackPointExtension>
			<gpxtpx:course>295.0</gpxtpx:course>
		</gpxtpx:TrackPointExtension>
	</extensions>
</trkpt>
<trkpt lat="46.0343634" lon="14.4748405">
	<ele>291.96</ele>
	<time>2026-07-28T16:26:58.769Z</time>
	<hdop>3.79</hdop>
	<extensions>
		<gpxtpx:TrackPointExtension>
			<gpxtpx:course>279.0</gpxtpx:course>
		</gpxtpx:TrackPointExtension>
	</extensions>
</trkpt>
<trkpt lat="46.0343992" lon="14.4745129">
	<ele>291.16</ele>
	<time>2026-07-28T16:27:03.769Z</time>
	<hdop>3.79</hdop>
	<extensions>
		<gpxtpx:TrackPointExtension>
			<gpxtpx:course>289.0</gpxtpx:course>
		</gpxtpx:TrackPointExtension>
	</extensions>
</trkpt>
<trkpt lat="46.0344548" lon="14.4741940">
	<ele>290.99</ele>
	<time>2026-07-28T16:27:08.769Z</time>
	<hdop>3.79</hdop>
	<extensions>
		<gpxtpx:TrackPointExtension>
			<gpxtpx:course>288.0</gpxtpx:course>
		</gpxtpx:TrackPointExtension>
	</extensions>
</trkpt>
<trkpt lat="46.0345556" lon="14.4738914">
	<ele>292.01</ele>
	<time>2026-07-28T16:27:13.769Z</time>
	<hdop>3.79</hdop>
	<extensions>
		<gpxtpx:TrackPointExtension>
			<gpxtpx:course>296.0</gpxtpx:course>
		</gpxtpx:TrackPointExtension>
	</extensions>
</trkpt>
<trkpt lat="46.0346462" lon="14.4735756">
	<ele>293.21</ele>
	<time>2026-07-28T16:27:18.769Z</time>
	<hdop>3.79</hdop>
	<extensions>
		<gpxtpx:TrackPointExtension>
			<gpxtpx:course>292.0</gpxtpx:course>
		</gpxtpx:TrackPointExtension>
	</extensions>
</trkpt>
<trkpt lat="46.0347629" lon="14.4732675">
	<ele>293.74</ele>
	<time>2026-07-28T16:27:23.769Z</time>
	<hdop>3.79</hdop>
	<extensions>
		<gpxtpx:TrackPointExtension>
			<gpxtpx:course>301.0</gpxtpx:course>
		</gpxtpx:TrackPointExtension>
	</extensions>
</trkpt>
<trkpt lat="46.0348821" lon="14.4729760">
	<ele>293.64</ele>
	<time>2026-07-28T16:27:28.769Z</time>
	<hdop>3.79</hdop>
	<extensions>
		<gpxtpx:TrackPointExtension>
			<gpxtpx:course>300.0</gpxtpx:course>
		</gpxtpx:TrackPointExtension>
	</extensions>
</trkpt>
<trkpt lat="46.0350039" lon="14.4726894">
	<ele>293.34</ele>
	<time>2026-07-28T16:27:33.769Z</time>
	<hdop>3.79</hdop>
	<extensions>
		<gpxtpx:TrackPointExtension>
			<gpxtpx:course>301.0</gpxtpx:course>
		</gpxtpx:TrackPointExtension>
	</extensions>
</trkpt>
<trkpt lat="46.0351377" lon="14.4723152">
	<ele>292.76</ele>
	<time>2026-07-28T16:27:39.768Z</time>
	<hdop>3.79</hdop>
	<extensions>
		<gpxtpx:TrackPointExtension>
			<gpxtpx:course>295.0</gpxtpx:course>
		</gpxtpx:TrackPointExtension>
	</extensions>
</trkpt>
<trkpt lat="46.0352093" lon="14.4719814">
	<ele>292.04</ele>
	<time>2026-07-28T16:27:44.769Z</time>
	<hdop>3.79</hdop>
	<extensions>
		<gpxtpx:TrackPointExtension>
			<gpxtpx:course>286.0</gpxtpx:course>
		</gpxtpx:TrackPointExtension>
	</extensions>
</trkpt>
<trkpt lat="46.0352455" lon="14.4717468">
	<ele>291.65</ele>
	<time>2026-07-28T16:27:49.769Z</time>
	<hdop>3.79</hdop>
	<extensions>
		<gpxtpx:TrackPointExtension>
			<gpxtpx:course>281.0</gpxtpx:course>
		</gpxtpx:TrackPointExtension>
	</extensions>
</trkpt>
<trkpt lat="46.0352444" lon="14.4713917">
	<ele>291.35</ele>
	<time>2026-07-28T16:27:55.769Z</time>
	<hdop>3.79</hdop>
	<extensions>
		<gpxtpx:TrackPointExtension>
			<gpxtpx:course>270.0</gpxtpx:course>
		</gpxtpx:TrackPointExtension>
	</extensions>
</trkpt>
<trkpt lat="46.0352404" lon="14.4710635">
	<ele>291.34</ele>
	<time>2026-07-28T16:28:00.770Z</time>
	<hdop>3.79</hdop>
	<extensions>
		<gpxtpx:TrackPointExtension>
			<gpxtpx:course>263.0</gpxtpx:course>
		</gpxtpx:TrackPointExtension>
	</extensions>
</trkpt>
<trkpt lat="46.0351636" lon="14.4706580">
	<ele>291.70</ele>
	<time>2026-07-28T16:28:06.769Z</time>
	<hdop>3.79</hdop>
	<extensions>
		<gpxtpx:TrackPointExtension>
			<gpxtpx:course>253.0</gpxtpx:course>
		</gpxtpx:TrackPointExtension>
	</extensions>
</trkpt>
<trkpt lat="46.0350934" lon="14.4703398">
	<ele>292.76</ele>
	<time>2026-07-28T16:28:11.769Z</time>
	<hdop>3.79</hdop>
	<extensions>
		<gpxtpx:TrackPointExtension>
			<gpxtpx:course>249.0</gpxtpx:course>
		</gpxtpx:TrackPointExtension>
	</extensions>
</trkpt>
<trkpt lat="46.0350153" lon="14.4700315">
	<ele>293.86</ele>
	<time>2026-07-28T16:28:16.770Z</time>
	<hdop>3.79</hdop>
	<extensions>
		<gpxtpx:TrackPointExtension>
			<gpxtpx:course>249.0</gpxtpx:course>
		</gpxtpx:TrackPointExtension>
	</extensions>
</trkpt>
<trkpt lat="46.0349460" lon="14.4696451">
	<ele>294.60</ele>
	<time>2026-07-28T16:28:22.769Z</time>
	<hdop>3.79</hdop>
	<extensions>
		<gpxtpx:TrackPointExtension>
			<gpxtpx:course>260.0</gpxtpx:course>
		</gpxtpx:TrackPointExtension>
	</extensions>
</trkpt>
<trkpt lat="46.0348831" lon="14.4693145">
	<ele>294.84</ele>
	<time>2026-07-28T16:28:27.769Z</time>
	<hdop>3.79</hdop>
	<extensions>
		<gpxtpx:TrackPointExtension>
			<gpxtpx:course>258.0</gpxtpx:course>
		</gpxtpx:TrackPointExtension>
	</extensions>
</trkpt>
<trkpt lat="46.0348170" lon="14.4689752">
	<ele>294.74</ele>
	<time>2026-07-28T16:28:32.769Z</time>
	<hdop>3.79</hdop>
	<extensions>
		<gpxtpx:TrackPointExtension>
			<gpxtpx:course>250.0</gpxtpx:course>
		</gpxtpx:TrackPointExtension>
	</extensions>
</trkpt>
<trkpt lat="46.0347309" lon="14.4685957">
	<ele>294.28</ele>
	<time>2026-07-28T16:28:38.769Z</time>
	<hdop>3.79</hdop>
	<extensions>
		<gpxtpx:TrackPointExtension>
			<gpxtpx:course>248.0</gpxtpx:course>
		</gpxtpx:TrackPointExtension>
	</extensions>
</trkpt>
<trkpt lat="46.0346620" lon="14.4682876">
	<ele>294.03</ele>
	<time>2026-07-28T16:28:43.769Z</time>
	<hdop>3.79</hdop>
	<extensions>
		<gpxtpx:TrackPointExtension>
			<gpxtpx:course>249.0</gpxtpx:course>
		</gpxtpx:TrackPointExtension>
	</extensions>
</trkpt>
<trkpt lat="46.0345900" lon="14.4679835">
	<ele>293.63</ele>
	<time>2026-07-28T16:28:48.769Z</time>
	<hdop>3.79</hdop>
	<extensions>
		<gpxtpx:TrackPointExtension>
			<gpxtpx:course>257.0</gpxtpx:course>
		</gpxtpx:TrackPointExtension>
	</extensions>
</trkpt>
<trkpt lat="46.0346162" lon="14.4677066">
	<ele>293.35</ele>
	<time>2026-07-28T16:28:53.770Z</time>
	<hdop>3.79</hdop>
	<extensions>
		<gpxtpx:TrackPointExtension>
			<gpxtpx:course>273.0</gpxtpx:course>
		</gpxtpx:TrackPointExtension>
	</extensions>
</trkpt>
<trkpt lat="46.0345591" lon="14.4675669">
	<ele>293.36</ele>
	<time>2026-07-28T16:28:59.768Z</time>
	<hdop>3.79</hdop>
	<extensions>
		<gpxtpx:TrackPointExtension>
			<gpxtpx:course>128.0</gpxtpx:course>
		</gpxtpx:TrackPointExtension>
	</extensions>
</trkpt>
<trkpt lat="46.0344628" lon="14.4677564">
	<ele>293.18</ele>
	<time>2026-07-28T16:29:04.768Z</time>
	<hdop>3.79</hdop>
	<extensions>
		<gpxtpx:TrackPointExtension>
			<gpxtpx:course>139.0</gpxtpx:course>
		</gpxtpx:TrackPointExtension>
	</extensions>
</trkpt>
<trkpt lat="46.0343183" lon="14.4678810">
	<ele>293.21</ele>
	<time>2026-07-28T16:29:09.769Z</time>
	<hdop>3.79</hdop>
	<extensions>
		<gpxtpx:TrackPointExtension>
			<gpxtpx:course>149.0</gpxtpx:course>
		</gpxtpx:TrackPointExtension>
	</extensions>
</trkpt>
<trkpt lat="46.0341757" lon="14.4679946">
	<ele>293.37</ele>
	<time>2026-07-28T16:29:14.769Z</time>
	<hdop>3.79</hdop>
	<extensions>
		<gpxtpx:TrackPointExtension>
			<gpxtpx:course>157.0</gpxtpx:course>
		</gpxtpx:TrackPointExtension>
	</extensions>
</trkpt>
<trkpt lat="46.0340965" lon="14.4677760">
	<ele>292.92</ele>
	<time>2026-07-28T16:29:19.769Z</time>
	<hdop>3.79</hdop>
	<extensions>
		<gpxtpx:TrackPointExtension>
			<gpxtpx:course>256.0</gpxtpx:course>
		</gpxtpx:TrackPointExtension>
	</extensions>
</trkpt>
<trkpt lat="46.0339824" lon="14.4674382">
	<ele>293.05</ele>
	<time>2026-07-28T16:29:24.769Z</time>
	<hdop>3.79</hdop>
	<extensions>
		<gpxtpx:TrackPointExtension>
			<gpxtpx:course>249.0</gpxtpx:course>
		</gpxtpx:TrackPointExtension>
	</extensions>
</trkpt>
<trkpt lat="46.0338311" lon="14.4671498">
	<ele>294.46</ele>
	<time>2026-07-28T16:29:29.769Z</time>
	<hdop>3.79</hdop>
	<extensions>
		<gpxtpx:TrackPointExtension>
			<gpxtpx:course>237.0</gpxtpx:course>
		</gpxtpx:TrackPointExtension>
	</extensions>
</trkpt>
<trkpt lat="46.0336634" lon="14.4668269">
	<ele>295.81</ele>
	<time>2026-07-28T16:29:35.768Z</time>
	<hdop>3.79</hdop>
	<extensions>
		<gpxtpx:TrackPointExtension>
			<gpxtpx:course>224.0</gpxtpx:course>
		</gpxtpx:TrackPointExtension>
	</extensions>
</trkpt>
<trkpt lat="46.0334501" lon="14.4667288">
	<ele>295.33</ele>
	<time>2026-07-28T16:29:40.769Z</time>
	<hdop>3.79</hdop>
	<extensions>
		<gpxtpx:TrackPointExtension>
			<gpxtpx:course>176.0</gpxtpx:course>
		</gpxtpx:TrackPointExtension>
	</extensions>
</trkpt>
<trkpt lat="46.0332223" lon="14.4667439">
	<ele>294.72</ele>
	<time>2026-07-28T16:29:45.770Z</time>
	<hdop>3.79</hdop>
	<extensions>
		<gpxtpx:TrackPointExtension>
			<gpxtpx:course>180.0</gpxtpx:course>
		</gpxtpx:TrackPointExtension>
	</extensions>
</trkpt>
<trkpt lat="46.0329921" lon="14.4665540">
	<ele>294.41</ele>
	<time>2026-07-28T16:29:51.770Z</time>
	<hdop>3.79</hdop>
	<extensions>
		<gpxtpx:TrackPointExtension>
			<gpxtpx:course>224.0</gpxtpx:course>
		</gpxtpx:TrackPointExtension>
	</extensions>
</trkpt>
<trkpt lat="46.0328242" lon="14.4662576">
	<ele>294.43</ele>
	<time>2026-07-28T16:29:57.769Z</time>
	<hdop>3.94</hdop>
	<extensions>
		<gpxtpx:TrackPointExtension>
			<gpxtpx:course>240.0</gpxtpx:course>
		</gpxtpx:TrackPointExtension>
	</extensions>
</trkpt>
<trkpt lat="46.0326982" lon="14.4659785">
	<ele>294.72</ele>
	<time>2026-07-28T16:30:02.769Z</time>
	<hdop>3.79</hdop>
	<extensions>
		<gpxtpx:TrackPointExtension>
			<gpxtpx:course>233.0</gpxtpx:course>
		</gpxtpx:TrackPointExtension>
	</extensions>
</trkpt>
<trkpt lat="46.0325096" lon="14.4656603">
	<ele>294.89</ele>
	<time>2026-07-28T16:30:08.768Z</time>
	<hdop>3.79</hdop>
	<extensions>
		<gpxtpx:TrackPointExtension>
			<gpxtpx:course>239.0</gpxtpx:course>
		</gpxtpx:TrackPointExtension>
	</extensions>
</trkpt>
<trkpt lat="46.0324150" lon="14.4653826">
	<ele>294.54</ele>
	<time>2026-07-28T16:30:13.769Z</time>
	<hdop>3.79</hdop>
	<extensions>
		<gpxtpx:TrackPointExtension>
			<gpxtpx:course>225.0</gpxtpx:course>
		</gpxtpx:TrackPointExtension>
	</extensions>
</trkpt>
<trkpt lat="46.0321290" lon="14.4653968">
	<ele>294.76</ele>
	<time>2026-07-28T16:30:19.769Z</time>
	<hdop>3.79</hdop>
	<extensions>
		<gpxtpx:TrackPointExtension>
			<gpxtpx:course>175.0</gpxtpx:course>
		</gpxtpx:TrackPointExtension>
	</extensions>
</trkpt>
<trkpt lat="46.0318544" lon="14.4654427">
	<ele>294.93</ele>
	<time>2026-07-28T16:30:24.769Z</time>
	<hdop>3.79</hdop>
	<extensions>
		<gpxtpx:TrackPointExtension>
			<gpxtpx:course>174.0</gpxtpx:course>
		</gpxtpx:TrackPointExtension>
	</extensions>
</trkpt>
<trkpt lat="46.0315425" lon="14.4654656">
	<ele>295.01</ele>
	<time>2026-07-28T16:30:29.769Z</time>
	<hdop>3.79</hdop>
	<extensions>
		<gpxtpx:TrackPointExtension>
			<gpxtpx:course>179.0</gpxtpx:course>
		</gpxtpx:TrackPointExtension>
	</extensions>
</trkpt>
<trkpt lat="46.0312009" lon="14.4654943">
	<ele>294.93</ele>
	<time>2026-07-28T16:30:34.769Z</time>
	<hdop>3.79</hdop>
	<extensions>
		<gpxtpx:TrackPointExtension>
			<gpxtpx:course>177.0</gpxtpx:course>
		</gpxtpx:TrackPointExtension>
	</extensions>
</trkpt>
<trkpt lat="46.0308503" lon="14.4655111">
	<ele>294.97</ele>
	<time>2026-07-28T16:30:39.769Z</time>
	<hdop>3.85</hdop>
	<extensions>
		<gpxtpx:TrackPointExtension>
			<gpxtpx:course>177.0</gpxtpx:course>
		</gpxtpx:TrackPointExtension>
	</extensions>
</trkpt>
<trkpt lat="46.0304867" lon="14.4655418">
	<ele>295.64</ele>
	<time>2026-07-28T16:30:44.769Z</time>
	<hdop>3.79</hdop>
	<extensions>
		<gpxtpx:TrackPointExtension>
			<gpxtpx:course>176.0</gpxtpx:course>
		</gpxtpx:TrackPointExtension>
	</extensions>
</trkpt>
<trkpt lat="46.0300376" lon="14.4655777">
	<ele>296.62</ele>
	<time>2026-07-28T16:30:50.769Z</time>
	<hdop>3.79</hdop>
	<extensions>
		<gpxtpx:TrackPointExtension>
			<gpxtpx:course>178.0</gpxtpx:course>
		</gpxtpx:TrackPointExtension>
	</extensions>
</trkpt>
<trkpt lat="46.0296734" lon="14.4655999">
	<ele>296.27</ele>
	<time>2026-07-28T16:30:55.770Z</time>
	<hdop>3.79</hdop>
	<extensions>
		<gpxtpx:TrackPointExtension>
			<gpxtpx:course>179.0</gpxtpx:course>
		</gpxtpx:TrackPointExtension>
	</extensions>
</trkpt>
<trkpt lat="46.0292304" lon="14.4656386">
	<ele>295.14</ele>
	<time>2026-07-28T16:31:01.769Z</time>
	<hdop>3.79</hdop>
	<extensions>
		<gpxtpx:TrackPointExtension>
			<gpxtpx:course>178.0</gpxtpx:course>
		</gpxtpx:TrackPointExtension>
	</extensions>
</trkpt>
<trkpt lat="46.0288626" lon="14.4656812">
	<ele>294.53</ele>
	<time>2026-07-28T16:31:06.769Z</time>
	<hdop>3.79</hdop>
	<extensions>
		<gpxtpx:TrackPointExtension>
			<gpxtpx:course>178.0</gpxtpx:course>
		</gpxtpx:TrackPointExtension>
	</extensions>
</trkpt>
<trkpt lat="46.0285295" lon="14.4657074">
	<ele>294.13</ele>
	<time>2026-07-28T16:31:11.769Z</time>
	<hdop>3.79</hdop>
	<extensions>
		<gpxtpx:TrackPointExtension>
			<gpxtpx:course>177.0</gpxtpx:course>
		</gpxtpx:TrackPointExtension>
	</extensions>
</trkpt>
<trkpt lat="46.0281959" lon="14.4657172">
	<ele>293.88</ele>
	<time>2026-07-28T16:31:17.769Z</time>
	<hdop>3.79</hdop>
	<extensions>
		<gpxtpx:TrackPointExtension>
			<gpxtpx:course>173.0</gpxtpx:course>
		</gpxtpx:TrackPointExtension>
	</extensions>
</trkpt>
<trkpt lat="46.0279439" lon="14.4657382">
	<ele>293.84</ele>
	<time>2026-07-28T16:31:22.769Z</time>
	<hdop>3.79</hdop>
	<extensions>
		<gpxtpx:TrackPointExtension>
			<gpxtpx:course>177.0</gpxtpx:course>
		</gpxtpx:TrackPointExtension>
	</extensions>
</trkpt>
<trkpt lat="46.0276802" lon="14.4657609">
	<ele>293.88</ele>
	<time>2026-07-28T16:31:28.770Z</time>
	<hdop>3.79</hdop>
	<extensions>
		<gpxtpx:TrackPointExtension>
			<gpxtpx:course>174.0</gpxtpx:course>
		</gpxtpx:TrackPointExtension>
	</extensions>
</trkpt>
<trkpt lat="46.0274267" lon="14.4657868">
	<ele>293.93</ele>
	<time>2026-07-28T16:31:34.768Z</time>
	<hdop>3.79</hdop>
	<extensions>
		<gpxtpx:TrackPointExtension>
			<gpxtpx:course>176.0</gpxtpx:course>
		</gpxtpx:TrackPointExtension>
	</extensions>
</trkpt>
<trkpt lat="46.0271728" lon="14.4658202">
	<ele>293.97</ele>
	<time>2026-07-28T16:31:39.770Z</time>
	<hdop>3.79</hdop>
	<extensions>
		<gpxtpx:TrackPointExtension>
			<gpxtpx:course>174.0</gpxtpx:course>
		</gpxtpx:TrackPointExtension>
	</extensions>
</trkpt>
<trkpt lat="46.0269257" lon="14.4658516">
	<ele>294.03</ele>
	<time>2026-07-28T16:31:45.769Z</time>
	<hdop>3.96</hdop>
	<extensions>
		<gpxtpx:TrackPointExtension>
			<gpxtpx:course>176.0</gpxtpx:course>
		</gpxtpx:TrackPointExtension>
	</extensions>
</trkpt>
<trkpt lat="46.0267375" lon="14.4658710">
	<ele>294.07</ele>
	<time>2026-07-28T16:31:50.769Z</time>
	<hdop>3.79</hdop>
	<extensions>
		<gpxtpx:TrackPointExtension>
			<gpxtpx:course>178.0</gpxtpx:course>
		</gpxtpx:TrackPointExtension>
	</extensions>
</trkpt>
<trkpt lat="46.0265770" lon="14.4658603">
	<ele>294.05</ele>
	<time>2026-07-28T16:32:48.769Z</time>
	<hdop>3.79</hdop>
	<extensions>
		<gpxtpx:TrackPointExtension>
			<gpxtpx:course>170.0</gpxtpx:course>
		</gpxtpx:TrackPointExtension>
	</extensions>
</trkpt>
<trkpt lat="46.0264527" lon="14.4659045">
	<ele>294.14</ele>
	<time>2026-07-28T16:32:53.769Z</time>
	<hdop>3.79</hdop>
	<extensions>
		<gpxtpx:TrackPointExtension>
			<gpxtpx:course>171.0</gpxtpx:course>
		</gpxtpx:TrackPointExtension>
	</extensions>
</trkpt>
<trkpt lat="46.0262508" lon="14.4659159">
	<ele>294.19</ele>
	<time>2026-07-28T16:32:58.770Z</time>
	<hdop>3.79</hdop>
	<extensions>
		<gpxtpx:TrackPointExtension>
			<gpxtpx:course>187.0</gpxtpx:course>
		</gpxtpx:TrackPointExtension>
	</extensions>
</trkpt>
<trkpt lat="46.0259630" lon="14.4659345">
	<ele>294.18</ele>
	<time>2026-07-28T16:33:04.769Z</time>
	<hdop>3.79</hdop>
	<extensions>
		<gpxtpx:TrackPointExtension>
			<gpxtpx:course>173.0</gpxtpx:course>
		</gpxtpx:TrackPointExtension>
	</extensions>
</trkpt>
<trkpt lat="46.0257057" lon="14.4659555">
	<ele>294.00</ele>
	<time>2026-07-28T16:33:09.769Z</time>
	<hdop>3.79</hdop>
	<extensions>
		<gpxtpx:TrackPointExtension>
			<gpxtpx:course>173.0</gpxtpx:course>
		</gpxtpx:TrackPointExtension>
	</extensions>
</trkpt>
<trkpt lat="46.0254305" lon="14.4659774">
	<ele>293.57</ele>
	<time>2026-07-28T16:33:14.769Z</time>
	<hdop>3.79</hdop>
	<extensions>
		<gpxtpx:TrackPointExtension>
			<gpxtpx:course>177.0</gpxtpx:course>
		</gpxtpx:TrackPointExtension>
	</extensions>
</trkpt>
<trkpt lat="46.0251396" lon="14.4659946">
	<ele>293.07</ele>
	<time>2026-07-28T16:33:19.769Z</time>
	<hdop>3.79</hdop>
	<extensions>
		<gpxtpx:TrackPointExtension>
			<gpxtpx:course>173.0</gpxtpx:course>
		</gpxtpx:TrackPointExtension>
	</extensions>
</trkpt>
<trkpt lat="46.0247599" lon="14.4660286">
	<ele>292.85</ele>
	<time>2026-07-28T16:33:25.769Z</time>
	<hdop>3.79</hdop>
	<extensions>
		<gpxtpx:TrackPointExtension>
			<gpxtpx:course>178.0</gpxtpx:course>
		</gpxtpx:TrackPointExtension>
	</extensions>
</trkpt>
<trkpt lat="46.0244261" lon="14.4660512">
	<ele>293.05</ele>
	<time>2026-07-28T16:33:30.769Z</time>
	<hdop>3.79</hdop>
	<extensions>
		<gpxtpx:TrackPointExtension>
			<gpxtpx:course>179.0</gpxtpx:course>
		</gpxtpx:TrackPointExtension>
	</extensions>
</trkpt>
<trkpt lat="46.0240096" lon="14.4660891">
	<ele>292.99</ele>
	<time>2026-07-28T16:33:36.768Z</time>
	<hdop>3.79</hdop>
	<extensions>
		<gpxtpx:TrackPointExtension>
			<gpxtpx:course>177.0</gpxtpx:course>
		</gpxtpx:TrackPointExtension>
	</extensions>
</trkpt>
<trkpt lat="46.0236610" lon="14.4661265">
	<ele>292.47</ele>
	<time>2026-07-28T16:33:41.769Z</time>
	<hdop>3.79</hdop>
	<extensions>
		<gpxtpx:TrackPointExtension>
			<gpxtpx:course>172.0</gpxtpx:course>
		</gpxtpx:TrackPointExtension>
	</extensions>
</trkpt>
<trkpt lat="46.0233127" lon="14.4661536">
	<ele>292.01</ele>
	<time>2026-07-28T16:33:46.769Z</time>
	<hdop>3.79</hdop>
	<extensions>
		<gpxtpx:TrackPointExtension>
			<gpxtpx:course>176.0</gpxtpx:course>
		</gpxtpx:TrackPointExtension>
	</extensions>
</trkpt>
<trkpt lat="46.0229251" lon="14.4662309">
	<ele>291.96</ele>
	<time>2026-07-28T16:33:52.769Z</time>
	<hdop>3.79</hdop>
	<extensions>
		<gpxtpx:TrackPointExtension>
			<gpxtpx:course>164.0</gpxtpx:course>
		</gpxtpx:TrackPointExtension>
	</extensions>
</trkpt>
<trkpt lat="46.0226074" lon="14.4663385">
	<ele>292.01</ele>
	<time>2026-07-28T16:33:57.769Z</time>
	<hdop>3.79</hdop>
	<extensions>
		<gpxtpx:TrackPointExtension>
			<gpxtpx:course>168.0</gpxtpx:course>
		</gpxtpx:TrackPointExtension>
	</extensions>
</trkpt>
<trkpt lat="46.0222128" lon="14.4664834">
	<ele>291.96</ele>
	<time>2026-07-28T16:34:03.769Z</time>
	<hdop>3.79</hdop>
	<extensions>
		<gpxtpx:TrackPointExtension>
			<gpxtpx:course>161.0</gpxtpx:course>
		</gpxtpx:TrackPointExtension>
	</extensions>
</trkpt>
<trkpt lat="46.0219081" lon="14.4666933">
	<ele>292.00</ele>
	<time>2026-07-28T16:34:08.769Z</time>
	<hdop>3.79</hdop>
	<extensions>
		<gpxtpx:TrackPointExtension>
			<gpxtpx:course>149.0</gpxtpx:course>
		</gpxtpx:TrackPointExtension>
	</extensions>
</trkpt>
<trkpt lat="46.0215929" lon="14.4669578">
	<ele>291.74</ele>
	<time>2026-07-28T16:34:14.768Z</time>
	<hdop>3.79</hdop>
	<extensions>
		<gpxtpx:TrackPointExtension>
			<gpxtpx:course>154.0</gpxtpx:course>
		</gpxtpx:TrackPointExtension>
	</extensions>
</trkpt>
<trkpt lat="46.0213637" lon="14.4669510">
	<ele>291.75</ele>
	<time>2026-07-28T16:34:19.768Z</time>
	<hdop>3.79</hdop>
	<extensions>
		<gpxtpx:TrackPointExtension>
			<gpxtpx:course>230.0</gpxtpx:course>
		</gpxtpx:TrackPointExtension>
	</extensions>
</trkpt>
<trkpt lat="46.0213020" lon="14.4665550">
	<ele>291.92</ele>
	<time>2026-07-28T16:34:24.769Z</time>
	<hdop>3.79</hdop>
	<extensions>
		<gpxtpx:TrackPointExtension>
			<gpxtpx:course>252.0</gpxtpx:course>
		</gpxtpx:TrackPointExtension>
	</extensions>
</trkpt>
<trkpt lat="46.0211444" lon="14.4663225">
	<ele>291.80</ele>
	<time>2026-07-28T16:34:29.769Z</time>
	<hdop>3.79</hdop>
	<extensions>
		<gpxtpx:TrackPointExtension>
			<gpxtpx:course>183.0</gpxtpx:course>
		</gpxtpx:TrackPointExtension>
	</extensions>
</trkpt>
<trkpt lat="46.0208623" lon="14.4663475">
	<ele>291.97</ele>
	<time>2026-07-28T16:34:34.769Z</time>
	<hdop>3.79</hdop>
	<extensions>
		<gpxtpx:TrackPointExtension>
			<gpxtpx:course>175.0</gpxtpx:course>
		</gpxtpx:TrackPointExtension>
	</extensions>
</trkpt>
<trkpt lat="46.0206204" lon="14.4663781">
	<ele>292.18</ele>
	<time>2026-07-28T16:34:39.769Z</time>
	<hdop>3.79</hdop>
	<extensions>
		<gpxtpx:TrackPointExtension>
			<gpxtpx:course>177.0</gpxtpx:course>
		</gpxtpx:TrackPointExtension>
	</extensions>
</trkpt>
<trkpt lat="46.0204160" lon="14.4663909">
	<ele>292.44</ele>
	<time>2026-07-28T16:34:44.769Z</time>
	<hdop>3.79</hdop>
	<extensions>
		<gpxtpx:TrackPointExtension>
			<gpxtpx:course>173.0</gpxtpx:course>
		</gpxtpx:TrackPointExtension>
	</extensions>
</trkpt>
<trkpt lat="46.0203291" lon="14.4664508">
	<ele>292.60</ele>
	<time>2026-07-28T16:34:51.769Z</time>
	<hdop>3.79</hdop>
	<extensions>
		<gpxtpx:TrackPointExtension>
			<gpxtpx:course>195.0</gpxtpx:course>
		</gpxtpx:TrackPointExtension>
	</extensions>
</trkpt>
<trkpt lat="46.0200645" lon="14.4664550">
	<ele>292.84</ele>
	<time>2026-07-28T16:34:57.767Z</time>
	<hdop>3.79</hdop>
	<extensions>
		<gpxtpx:TrackPointExtension>
			<gpxtpx:course>173.0</gpxtpx:course>
		</gpxtpx:TrackPointExtension>
	</extensions>
</trkpt>
<trkpt lat="46.0197874" lon="14.4664997">
	<ele>292.80</ele>
	<time>2026-07-28T16:35:02.768Z</time>
	<hdop>3.79</hdop>
	<extensions>
		<gpxtpx:TrackPointExtension>
			<gpxtpx:course>178.0</gpxtpx:course>
		</gpxtpx:TrackPointExtension>
	</extensions>
</trkpt>
<trkpt lat="46.0194809" lon="14.4665570">
	<ele>292.41</ele>
	<time>2026-07-28T16:35:07.768Z</time>
	<hdop>3.79</hdop>
	<extensions>
		<gpxtpx:TrackPointExtension>
			<gpxtpx:course>172.0</gpxtpx:course>
		</gpxtpx:TrackPointExtension>
	</extensions>
</trkpt>
<trkpt lat="46.0191363" lon="14.4665876">
	<ele>292.00</ele>
	<time>2026-07-28T16:35:12.768Z</time>
	<hdop>3.79</hdop>
	<extensions>
		<gpxtpx:TrackPointExtension>
			<gpxtpx:course>171.0</gpxtpx:course>
		</gpxtpx:TrackPointExtension>
	</extensions>
</trkpt>
<trkpt lat="46.0187560" lon="14.4666315">
	<ele>291.93</ele>
	<time>2026-07-28T16:35:17.768Z</time>
	<hdop>3.79</hdop>
	<extensions>
		<gpxtpx:TrackPointExtension>
			<gpxtpx:course>175.0</gpxtpx:course>
		</gpxtpx:TrackPointExtension>
	</extensions>
</trkpt>
<trkpt lat="46.0183781" lon="14.4666442">
	<ele>292.00</ele>
	<time>2026-07-28T16:35:22.768Z</time>
	<hdop>3.79</hdop>
	<extensions>
		<gpxtpx:TrackPointExtension>
			<gpxtpx:course>177.0</gpxtpx:course>
		</gpxtpx:TrackPointExtension>
	</extensions>
</trkpt>
<trkpt lat="46.0179930" lon="14.4666662">
	<ele>292.04</ele>
	<time>2026-07-28T16:35:27.768Z</time>
	<hdop>3.79</hdop>
	<extensions>
		<gpxtpx:TrackPointExtension>
			<gpxtpx:course>179.0</gpxtpx:course>
		</gpxtpx:TrackPointExtension>
	</extensions>
</trkpt>
<trkpt lat="46.0175902" lon="14.4666981">
	<ele>292.05</ele>
	<time>2026-07-28T16:35:32.769Z</time>
	<hdop>3.79</hdop>
	<extensions>
		<gpxtpx:TrackPointExtension>
			<gpxtpx:course>175.0</gpxtpx:course>
		</gpxtpx:TrackPointExtension>
	</extensions>
</trkpt>
<trkpt lat="46.0171283" lon="14.4667307">
	<ele>291.63</ele>
	<time>2026-07-28T16:35:38.768Z</time>
	<hdop>3.79</hdop>
	<extensions>
		<gpxtpx:TrackPointExtension>
			<gpxtpx:course>177.0</gpxtpx:course>
		</gpxtpx:TrackPointExtension>
	</extensions>
</trkpt>
<trkpt lat="46.0166365" lon="14.4667598">
	<ele>291.07</ele>
	<time>2026-07-28T16:35:44.768Z</time>
	<hdop>3.79</hdop>
	<extensions>
		<gpxtpx:TrackPointExtension>
			<gpxtpx:course>177.0</gpxtpx:course>
		</gpxtpx:TrackPointExtension>
	</extensions>
</trkpt>
<trkpt lat="46.0162299" lon="14.4667936">
	<ele>290.94</ele>
	<time>2026-07-28T16:35:49.769Z</time>
	<hdop>3.79</hdop>
	<extensions>
		<gpxtpx:TrackPointExtension>
			<gpxtpx:course>177.0</gpxtpx:course>
		</gpxtpx:TrackPointExtension>
	</extensions>
</trkpt>
<trkpt lat="46.0157399" lon="14.4668432">
	<ele>291.06</ele>
	<time>2026-07-28T16:35:55.769Z</time>
	<hdop>3.79</hdop>
	<extensions>
		<gpxtpx:TrackPointExtension>
			<gpxtpx:course>175.0</gpxtpx:course>
		</gpxtpx:TrackPointExtension>
	</extensions>
</trkpt>
<trkpt lat="46.0152509" lon="14.4668926">
	<ele>291.80</ele>
	<time>2026-07-28T16:36:01.769Z</time>
	<hdop>3.79</hdop>
	<extensions>
		<gpxtpx:TrackPointExtension>
			<gpxtpx:course>177.0</gpxtpx:course>
		</gpxtpx:TrackPointExtension>
	</extensions>
</trkpt>
<trkpt lat="46.0148414" lon="14.4669336">
	<ele>291.73</ele>
	<time>2026-07-28T16:36:06.769Z</time>
	<hdop>3.79</hdop>
	<extensions>
		<gpxtpx:TrackPointExtension>
			<gpxtpx:course>174.0</gpxtpx:course>
		</gpxtpx:TrackPointExtension>
	</extensions>
</trkpt>
<trkpt lat="46.0144281" lon="14.4669831">
	<ele>290.61</ele>
	<time>2026-07-28T16:36:11.769Z</time>
	<hdop>3.79</hdop>
	<extensions>
		<gpxtpx:TrackPointExtension>
			<gpxtpx:course>176.0</gpxtpx:course>
		</gpxtpx:TrackPointExtension>
	</extensions>
</trkpt>
<trkpt lat="46.0140152" lon="14.4670190">
	<ele>289.91</ele>
	<time>2026-07-28T16:36:16.769Z</time>
	<hdop>3.79</hdop>
	<extensions>
		<gpxtpx:TrackPointExtension>
			<gpxtpx:course>175.0</gpxtpx:course>
		</gpxtpx:TrackPointExtension>
	</extensions>
</trkpt>
<trkpt lat="46.0135184" lon="14.4670380">
	<ele>289.95</ele>
	<time>2026-07-28T16:36:22.769Z</time>
	<hdop>3.79</hdop>
	<extensions>
		<gpxtpx:TrackPointExtension>
			<gpxtpx:course>176.0</gpxtpx:course>
		</gpxtpx:TrackPointExtension>
	</extensions>
</trkpt>
<trkpt lat="46.0130230" lon="14.4670710">
	<ele>290.07</ele>
	<time>2026-07-28T16:36:28.768Z</time>
	<hdop>3.79</hdop>
	<extensions>
		<gpxtpx:TrackPointExtension>
			<gpxtpx:course>176.0</gpxtpx:course>
		</gpxtpx:TrackPointExtension>
	</extensions>
</trkpt>
<trkpt lat="46.0126074" lon="14.4671089">
	<ele>290.12</ele>
	<time>2026-07-28T16:36:33.769Z</time>
	<hdop>3.79</hdop>
	<extensions>
		<gpxtpx:TrackPointExtension>
			<gpxtpx:course>176.0</gpxtpx:course>
		</gpxtpx:TrackPointExtension>
	</extensions>
</trkpt>
<trkpt lat="46.0121252" lon="14.4671540">
	<ele>289.58</ele>
	<time>2026-07-28T16:36:39.768Z</time>
	<hdop>3.79</hdop>
	<extensions>
		<gpxtpx:TrackPointExtension>
			<gpxtpx:course>176.0</gpxtpx:course>
		</gpxtpx:TrackPointExtension>
	</extensions>
</trkpt>
<trkpt lat="46.0117549" lon="14.4671943">
	<ele>288.99</ele>
	<time>2026-07-28T16:36:44.769Z</time>
	<hdop>3.79</hdop>
	<extensions>
		<gpxtpx:TrackPointExtension>
			<gpxtpx:course>176.0</gpxtpx:course>
		</gpxtpx:TrackPointExtension>
	</extensions>
</trkpt>
<trkpt lat="46.0113439" lon="14.4672236">
	<ele>288.84</ele>
	<time>2026-07-28T16:36:50.769Z</time>
	<hdop>3.79</hdop>
	<extensions>
		<gpxtpx:TrackPointExtension>
			<gpxtpx:course>176.0</gpxtpx:course>
		</gpxtpx:TrackPointExtension>
	</extensions>
</trkpt>
<trkpt lat="46.0109217" lon="14.4672633">
	<ele>288.98</ele>
	<time>2026-07-28T16:36:56.768Z</time>
	<hdop>3.79</hdop>
	<extensions>
		<gpxtpx:TrackPointExtension>
			<gpxtpx:course>178.0</gpxtpx:course>
		</gpxtpx:TrackPointExtension>
	</extensions>
</trkpt>
<trkpt lat="46.0105604" lon="14.4672905">
	<ele>288.97</ele>
	<time>2026-07-28T16:37:01.768Z</time>
	<hdop>3.79</hdop>
	<extensions>
		<gpxtpx:TrackPointExtension>
			<gpxtpx:course>179.0</gpxtpx:course>
		</gpxtpx:TrackPointExtension>
	</extensions>
</trkpt>
<trkpt lat="46.0102071" lon="14.4673341">
	<ele>288.92</ele>
	<time>2026-07-28T16:37:06.768Z</time>
	<hdop>3.79</hdop>
	<extensions>
		<gpxtpx:TrackPointExtension>
			<gpxtpx:course>175.0</gpxtpx:course>
		</gpxtpx:TrackPointExtension>
	</extensions>
</trkpt>
<trkpt lat="46.0097857" lon="14.4673506">
	<ele>289.18</ele>
	<time>2026-07-28T16:37:12.768Z</time>
	<hdop>3.79</hdop>
	<extensions>
		<gpxtpx:TrackPointExtension>
			<gpxtpx:course>180.0</gpxtpx:course>
		</gpxtpx:TrackPointExtension>
	</extensions>
</trkpt>
<trkpt lat="46.0094547" lon="14.4673894">
	<ele>289.69</ele>
	<time>2026-07-28T16:37:17.768Z</time>
	<hdop>3.79</hdop>
	<extensions>
		<gpxtpx:TrackPointExtension>
			<gpxtpx:course>171.0</gpxtpx:course>
		</gpxtpx:TrackPointExtension>
	</extensions>
</trkpt>
<trkpt lat="46.0091495" lon="14.4674442">
	<ele>289.98</ele>
	<time>2026-07-28T16:37:22.768Z</time>
	<hdop>3.79</hdop>
	<extensions>
		<gpxtpx:TrackPointExtension>
			<gpxtpx:course>177.0</gpxtpx:course>
		</gpxtpx:TrackPointExtension>
	</extensions>
</trkpt>
<trkpt lat="46.0088518" lon="14.4674603">
	<ele>289.75</ele>
	<time>2026-07-28T16:37:27.769Z</time>
	<hdop>3.79</hdop>
	<extensions>
		<gpxtpx:TrackPointExtension>
			<gpxtpx:course>176.0</gpxtpx:course>
		</gpxtpx:TrackPointExtension>
	</extensions>
</trkpt>
<trkpt lat="46.0086402" lon="14.4674562">
	<ele>289.40</ele>
	<time>2026-07-28T16:37:33.768Z</time>
	<hdop>3.79</hdop>
	<extensions>
		<gpxtpx:TrackPointExtension>
			<gpxtpx:course>186.0</gpxtpx:course>
		</gpxtpx:TrackPointExtension>
	</extensions>
</trkpt>
<trkpt lat="46.0085207" lon="14.4674760">
	<ele>289.22</ele>
	<time>2026-07-28T16:38:11.769Z</time>
	<hdop>3.79</hdop>
	<extensions>
		<gpxtpx:TrackPointExtension>
			<gpxtpx:course>180.0</gpxtpx:course>
		</gpxtpx:TrackPointExtension>
	</extensions>
</trkpt>
<trkpt lat="46.0083105" lon="14.4674846">
	<ele>289.01</ele>
	<time>2026-07-28T16:38:16.769Z</time>
	<hdop>3.79</hdop>
	<extensions>
		<gpxtpx:TrackPointExtension>
			<gpxtpx:course>179.0</gpxtpx:course>
		</gpxtpx:TrackPointExtension>
	</extensions>
</trkpt>
<trkpt lat="46.0079944" lon="14.4675050">
	<ele>288.93</ele>
	<time>2026-07-28T16:38:22.768Z</time>
	<hdop>3.79</hdop>
	<extensions>
		<gpxtpx:TrackPointExtension>
			<gpxtpx:course>175.0</gpxtpx:course>
		</gpxtpx:TrackPointExtension>
	</extensions>
</trkpt>
<trkpt lat="46.0076854" lon="14.4675585">
	<ele>288.93</ele>
	<time>2026-07-28T16:38:27.769Z</time>
	<hdop>3.79</hdop>
	<extensions>
		<gpxtpx:TrackPointExtension>
			<gpxtpx:course>176.0</gpxtpx:course>
		</gpxtpx:TrackPointExtension>
	</extensions>
</trkpt>
<trkpt lat="46.0072898" lon="14.4675631">
	<ele>288.98</ele>
	<time>2026-07-28T16:38:33.766Z</time>
	<hdop>3.79</hdop>
	<extensions>
		<gpxtpx:TrackPointExtension>
			<gpxtpx:course>178.0</gpxtpx:course>
		</gpxtpx:TrackPointExtension>
	</extensions>
</trkpt>
<trkpt lat="46.0069741" lon="14.4676011">
	<ele>289.05</ele>
	<time>2026-07-28T16:38:38.768Z</time>
	<hdop>3.79</hdop>
	<extensions>
		<gpxtpx:TrackPointExtension>
			<gpxtpx:course>176.0</gpxtpx:course>
		</gpxtpx:TrackPointExtension>
	</extensions>
</trkpt>
<trkpt lat="46.0065713" lon="14.4676597">
	<ele>288.96</ele>
	<time>2026-07-28T16:38:44.768Z</time>
	<hdop>3.79</hdop>
	<extensions>
		<gpxtpx:TrackPointExtension>
			<gpxtpx:course>176.0</gpxtpx:course>
		</gpxtpx:TrackPointExtension>
	</extensions>
</trkpt>
<trkpt lat="46.0062383" lon="14.4676947">
	<ele>288.54</ele>
	<time>2026-07-28T16:38:49.768Z</time>
	<hdop>3.79</hdop>
	<extensions>
		<gpxtpx:TrackPointExtension>
			<gpxtpx:course>177.0</gpxtpx:course>
		</gpxtpx:TrackPointExtension>
	</extensions>
</trkpt>
<trkpt lat="46.0058813" lon="14.4677101">
	<ele>288.06</ele>
	<time>2026-07-28T16:38:54.768Z</time>
	<hdop>3.79</hdop>
	<extensions>
		<gpxtpx:TrackPointExtension>
			<gpxtpx:course>180.0</gpxtpx:course>
		</gpxtpx:TrackPointExtension>
	</extensions>
</trkpt>
<trkpt lat="46.0055175" lon="14.4677323">
	<ele>287.92</ele>
	<time>2026-07-28T16:38:59.769Z</time>
	<hdop>3.79</hdop>
	<extensions>
		<gpxtpx:TrackPointExtension>
			<gpxtpx:course>177.0</gpxtpx:course>
		</gpxtpx:TrackPointExtension>
	</extensions>
</trkpt>
<trkpt lat="46.0050885" lon="14.4677772">
	<ele>287.99</ele>
	<time>2026-07-28T16:39:05.769Z</time>
	<hdop>3.79</hdop>
	<extensions>
		<gpxtpx:TrackPointExtension>
			<gpxtpx:course>175.0</gpxtpx:course>
		</gpxtpx:TrackPointExtension>
	</extensions>
</trkpt>
<trkpt lat="46.0047032" lon="14.4677888">
	<ele>288.05</ele>
	<time>2026-07-28T16:39:11.767Z</time>
	<hdop>3.79</hdop>
	<extensions>
		<gpxtpx:TrackPointExtension>
			<gpxtpx:course>178.0</gpxtpx:course>
		</gpxtpx:TrackPointExtension>
	</extensions>
</trkpt>
<trkpt lat="46.0044489" lon="14.4678347">
	<ele>288.11</ele>
	<time>2026-07-28T16:39:16.768Z</time>
	<hdop>3.79</hdop>
	<extensions>
		<gpxtpx:TrackPointExtension>
			<gpxtpx:course>171.0</gpxtpx:course>
		</gpxtpx:TrackPointExtension>
	</extensions>
</trkpt>
<trkpt lat="46.0041376" lon="14.4679509">
	<ele>288.06</ele>
	<time>2026-07-28T16:39:22.769Z</time>
	<hdop>3.79</hdop>
	<extensions>
		<gpxtpx:TrackPointExtension>
			<gpxtpx:course>164.0</gpxtpx:course>
		</gpxtpx:TrackPointExtension>
	</extensions>
</trkpt>
<trkpt lat="46.0038121" lon="14.4681064">
	<ele>287.66</ele>
	<time>2026-07-28T16:39:28.769Z</time>
	<hdop>3.79</hdop>
	<extensions>
		<gpxtpx:TrackPointExtension>
			<gpxtpx:course>162.0</gpxtpx:course>
		</gpxtpx:TrackPointExtension>
	</extensions>
</trkpt>
<trkpt lat="46.0035203" lon="14.4682284">
	<ele>287.21</ele>
	<time>2026-07-28T16:39:33.769Z</time>
	<hdop>3.79</hdop>
	<extensions>
		<gpxtpx:TrackPointExtension>
			<gpxtpx:course>161.0</gpxtpx:course>
		</gpxtpx:TrackPointExtension>
	</extensions>
</trkpt>
<trkpt lat="46.0031650" lon="14.4683951">
	<ele>286.93</ele>
	<time>2026-07-28T16:39:39.768Z</time>
	<hdop>3.79</hdop>
	<extensions>
		<gpxtpx:TrackPointExtension>
			<gpxtpx:course>162.0</gpxtpx:course>
		</gpxtpx:TrackPointExtension>
	</extensions>
</trkpt>
<trkpt lat="46.0028614" lon="14.4685334">
	<ele>286.88</ele>
	<time>2026-07-28T16:39:44.768Z</time>
	<hdop>3.79</hdop>
	<extensions>
		<gpxtpx:TrackPointExtension>
			<gpxtpx:course>161.0</gpxtpx:course>
		</gpxtpx:TrackPointExtension>
	</extensions>
</trkpt>
<trkpt lat="46.0025561" lon="14.4686748">
	<ele>286.96</ele>
	<time>2026-07-28T16:39:49.768Z</time>
	<hdop>3.79</hdop>
	<extensions>
		<gpxtpx:TrackPointExtension>
			<gpxtpx:course>160.0</gpxtpx:course>
		</gpxtpx:TrackPointExtension>
	</extensions>
</trkpt>
<trkpt lat="46.0022421" lon="14.4688192">
	<ele>287.32</ele>
	<time>2026-07-28T16:39:54.768Z</time>
	<hdop>3.79</hdop>
	<extensions>
		<gpxtpx:TrackPointExtension>
			<gpxtpx:course>162.0</gpxtpx:course>
		</gpxtpx:TrackPointExtension>
	</extensions>
</trkpt>
<trkpt lat="46.0019797" lon="14.4689691">
	<ele>287.85</ele>
	<time>2026-07-28T16:39:59.769Z</time>
	<hdop>3.79</hdop>
	<extensions>
		<gpxtpx:TrackPointExtension>
			<gpxtpx:course>155.0</gpxtpx:course>
		</gpxtpx:TrackPointExtension>
	</extensions>
</trkpt>
<trkpt lat="46.0017531" lon="14.4690987">
	<ele>288.08</ele>
	<time>2026-07-28T16:40:04.769Z</time>
	<hdop>3.79</hdop>
	<extensions>
		<gpxtpx:TrackPointExtension>
			<gpxtpx:course>157.0</gpxtpx:course>
		</gpxtpx:TrackPointExtension>
	</extensions>
</trkpt>
<trkpt lat="46.0015674" lon="14.4692103">
	<ele>287.84</ele>
	<time>2026-07-28T16:40:09.769Z</time>
	<hdop>3.79</hdop>
	<extensions>
		<gpxtpx:TrackPointExtension>
			<gpxtpx:course>153.0</gpxtpx:course>
		</gpxtpx:TrackPointExtension>
	</extensions>
</trkpt>
<trkpt lat="46.0013541" lon="14.4693106">
	<ele>287.15</ele>
	<time>2026-07-28T16:40:15.768Z</time>
	<hdop>3.79</hdop>
	<extensions>
		<gpxtpx:TrackPointExtension>
			<gpxtpx:course>160.0</gpxtpx:course>
		</gpxtpx:TrackPointExtension>
	</extensions>
</trkpt>
<trkpt lat="46.0011581" lon="14.4694032">
	<ele>286.61</ele>
	<time>2026-07-28T16:40:20.769Z</time>
	<hdop>3.79</hdop>
	<extensions>
		<gpxtpx:TrackPointExtension>
			<gpxtpx:course>162.0</gpxtpx:course>
		</gpxtpx:TrackPointExtension>
	</extensions>
</trkpt>
<trkpt lat="46.0009184" lon="14.4695145">
	<ele>286.58</ele>
	<time>2026-07-28T16:40:26.768Z</time>
	<hdop>3.79</hdop>
	<extensions>
		<gpxtpx:TrackPointExtension>
			<gpxtpx:course>162.0</gpxtpx:course>
		</gpxtpx:TrackPointExtension>
	</extensions>
</trkpt>
<trkpt lat="46.0007099" lon="14.4695840">
	<ele>287.01</ele>
	<time>2026-07-28T16:40:31.768Z</time>
	<hdop>3.79</hdop>
	<extensions>
		<gpxtpx:TrackPointExtension>
			<gpxtpx:course>167.0</gpxtpx:course>
		</gpxtpx:TrackPointExtension>
	</extensions>
</trkpt>
<trkpt lat="46.0004584" lon="14.4696807">
	<ele>287.71</ele>
	<time>2026-07-28T16:40:36.769Z</time>
	<hdop>3.79</hdop>
	<extensions>
		<gpxtpx:TrackPointExtension>
			<gpxtpx:course>166.0</gpxtpx:course>
		</gpxtpx:TrackPointExtension>
	</extensions>
</trkpt>
<trkpt lat="46.0001772" lon="14.4697840">
	<ele>288.14</ele>
	<time>2026-07-28T16:40:41.769Z</time>
	<hdop>3.79</hdop>
	<extensions>
		<gpxtpx:TrackPointExtension>
			<gpxtpx:course>162.0</gpxtpx:course>
		</gpxtpx:TrackPointExtension>
	</extensions>
</trkpt>
<trkpt lat="45.9999053" lon="14.4699075">
	<ele>288.00</ele>
	<time>2026-07-28T16:40:46.769Z</time>
	<hdop>3.79</hdop>
	<extensions>
		<gpxtpx:TrackPointExtension>
			<gpxtpx:course>159.0</gpxtpx:course>
		</gpxtpx:TrackPointExtension>
	</extensions>
</trkpt>
<trkpt lat="45.9995814" lon="14.4700659">
	<ele>287.42</ele>
	<time>2026-07-28T16:40:52.767Z</time>
	<hdop>3.79</hdop>
	<extensions>
		<gpxtpx:TrackPointExtension>
			<gpxtpx:course>163.0</gpxtpx:course>
		</gpxtpx:TrackPointExtension>
	</extensions>
</trkpt>
<trkpt lat="45.9993054" lon="14.4701928">
	<ele>287.04</ele>
	<time>2026-07-28T16:40:57.769Z</time>
	<hdop>3.79</hdop>
	<extensions>
		<gpxtpx:TrackPointExtension>
			<gpxtpx:course>162.0</gpxtpx:course>
		</gpxtpx:TrackPointExtension>
	</extensions>
</trkpt>
<trkpt lat="45.9990132" lon="14.4703205">
	<ele>286.93</ele>
	<time>2026-07-28T16:41:03.769Z</time>
	<hdop>3.79</hdop>
	<extensions>
		<gpxtpx:TrackPointExtension>
			<gpxtpx:course>163.0</gpxtpx:course>
		</gpxtpx:TrackPointExtension>
	</extensions>
</trkpt>
<trkpt lat="45.9986993" lon="14.4704436">
	<ele>287.29</ele>
	<time>2026-07-28T16:41:09.768Z</time>
	<hdop>3.79</hdop>
	<extensions>
		<gpxtpx:TrackPointExtension>
			<gpxtpx:course>164.0</gpxtpx:course>
		</gpxtpx:TrackPointExtension>
	</extensions>
</trkpt>
<trkpt lat="45.9984625" lon="14.4705340">
	<ele>287.67</ele>
	<time>2026-07-28T16:41:14.769Z</time>
	<hdop>3.79</hdop>
	<extensions>
		<gpxtpx:TrackPointExtension>
			<gpxtpx:course>163.0</gpxtpx:course>
		</gpxtpx:TrackPointExtension>
	</extensions>
</trkpt>
<trkpt lat="45.9981818" lon="14.4706678">
	<ele>287.83</ele>
	<time>2026-07-28T16:41:20.768Z</time>
	<hdop>3.79</hdop>
	<extensions>
		<gpxtpx:TrackPointExtension>
			<gpxtpx:course>159.0</gpxtpx:course>
		</gpxtpx:TrackPointExtension>
	</extensions>
</trkpt>
<trkpt lat="45.9979478" lon="14.4708174">
	<ele>287.57</ele>
	<time>2026-07-28T16:41:26.767Z</time>
	<hdop>3.79</hdop>
	<extensions>
		<gpxtpx:TrackPointExtension>
			<gpxtpx:course>148.0</gpxtpx:course>
		</gpxtpx:TrackPointExtension>
	</extensions>
</trkpt>
<trkpt lat="45.9978210" lon="14.4709411">
	<ele>287.40</ele>
	<time>2026-07-28T16:41:31.768Z</time>
	<hdop>3.79</hdop>
	<extensions>
		<gpxtpx:TrackPointExtension>
			<gpxtpx:course>141.0</gpxtpx:course>
		</gpxtpx:TrackPointExtension>
	</extensions>
</trkpt>
<trkpt lat="45.9978254" lon="14.4711779">
	<ele>287.53</ele>
	<time>2026-07-28T16:41:36.769Z</time>
	<hdop>3.79</hdop>
	<extensions>
		<gpxtpx:TrackPointExtension>
			<gpxtpx:course>67.0</gpxtpx:course>
		</gpxtpx:TrackPointExtension>
	</extensions>
</trkpt>
<trkpt lat="45.9980177" lon="14.4715930">
	<ele>287.45</ele>
	<time>2026-07-28T16:41:42.767Z</time>
	<hdop>3.79</hdop>
	<extensions>
		<gpxtpx:TrackPointExtension>
			<gpxtpx:course>59.0</gpxtpx:course>
		</gpxtpx:TrackPointExtension>
	</extensions>
</trkpt>
<trkpt lat="45.9981983" lon="14.4719795">
	<ele>287.05</ele>
	<time>2026-07-28T16:41:47.769Z</time>
	<hdop>3.79</hdop>
	<extensions>
		<gpxtpx:TrackPointExtension>
			<gpxtpx:course>59.0</gpxtpx:course>
		</gpxtpx:TrackPointExtension>
	</extensions>
</trkpt>
<trkpt lat="45.9984177" lon="14.4724569">
	<ele>286.99</ele>
	<time>2026-07-28T16:41:53.769Z</time>
	<hdop>3.79</hdop>
	<extensions>
		<gpxtpx:TrackPointExtension>
			<gpxtpx:course>57.0</gpxtpx:course>
		</gpxtpx:TrackPointExtension>
	</extensions>
</trkpt>
<trkpt lat="45.9986420" lon="14.4729508">
	<ele>287.15</ele>
	<time>2026-07-28T16:41:59.769Z</time>
	<hdop>3.79</hdop>
	<extensions>
		<gpxtpx:TrackPointExtension>
			<gpxtpx:course>53.0</gpxtpx:course>
		</gpxtpx:TrackPointExtension>
	</extensions>
</trkpt>
<trkpt lat="45.9988769" lon="14.4734612">
	<ele>287.71</ele>
	<time>2026-07-28T16:42:05.769Z</time>
	<hdop>3.79</hdop>
	<extensions>
		<gpxtpx:TrackPointExtension>
			<gpxtpx:course>54.0</gpxtpx:course>
		</gpxtpx:TrackPointExtension>
	</extensions>
</trkpt>
<trkpt lat="45.9991140" lon="14.4739898">
	<ele>288.04</ele>
	<time>2026-07-28T16:42:11.768Z</time>
	<hdop>3.79</hdop>
	<extensions>
		<gpxtpx:TrackPointExtension>
			<gpxtpx:course>54.0</gpxtpx:course>
		</gpxtpx:TrackPointExtension>
	</extensions>
</trkpt>
<trkpt lat="45.9993084" lon="14.4744188">
	<ele>287.84</ele>
	<time>2026-07-28T16:42:16.768Z</time>
	<hdop>3.79</hdop>
	<extensions>
		<gpxtpx:TrackPointExtension>
			<gpxtpx:course>55.0</gpxtpx:course>
		</gpxtpx:TrackPointExtension>
	</extensions>
</trkpt>
<trkpt lat="45.9995055" lon="14.4748513">
	<ele>287.44</ele>
	<time>2026-07-28T16:42:21.768Z</time>
	<hdop>3.79</hdop>
	<extensions>
		<gpxtpx:TrackPointExtension>
			<gpxtpx:course>54.0</gpxtpx:course>
		</gpxtpx:TrackPointExtension>
	</extensions>
</trkpt>
<trkpt lat="45.9997475" lon="14.4753730">
	<ele>287.58</ele>
	<time>2026-07-28T16:42:27.769Z</time>
	<hdop>3.79</hdop>
	<extensions>
		<gpxtpx:TrackPointExtension>
			<gpxtpx:course>54.0</gpxtpx:course>
		</gpxtpx:TrackPointExtension>
	</extensions>
</trkpt>
<trkpt lat="45.9999929" lon="14.4758999">
	<ele>288.01</ele>
	<time>2026-07-28T16:42:33.768Z</time>
	<hdop>3.79</hdop>
	<extensions>
		<gpxtpx:TrackPointExtension>
			<gpxtpx:course>54.0</gpxtpx:course>
		</gpxtpx:TrackPointExtension>
	</extensions>
</trkpt>
<trkpt lat="46.0001906" lon="14.4763465">
	<ele>288.52</ele>
	<time>2026-07-28T16:42:38.768Z</time>
	<hdop>3.79</hdop>
	<extensions>
		<gpxtpx:TrackPointExtension>
			<gpxtpx:course>55.0</gpxtpx:course>
		</gpxtpx:TrackPointExtension>
	</extensions>
</trkpt>
<trkpt lat="46.0003881" lon="14.4767853">
	<ele>288.48</ele>
	<time>2026-07-28T16:42:43.768Z</time>
	<hdop>3.79</hdop>
	<extensions>
		<gpxtpx:TrackPointExtension>
			<gpxtpx:course>59.0</gpxtpx:course>
		</gpxtpx:TrackPointExtension>
	</extensions>
</trkpt>
<trkpt lat="46.0005987" lon="14.4772171">
	<ele>288.03</ele>
	<time>2026-07-28T16:42:48.768Z</time>
	<hdop>3.79</hdop>
	<extensions>
		<gpxtpx:TrackPointExtension>
			<gpxtpx:course>57.0</gpxtpx:course>
		</gpxtpx:TrackPointExtension>
	</extensions>
</trkpt>
<trkpt lat="46.0007873" lon="14.4776610">
	<ele>288.13</ele>
	<time>2026-07-28T16:42:53.769Z</time>
	<hdop>3.79</hdop>
	<extensions>
		<gpxtpx:TrackPointExtension>
			<gpxtpx:course>58.0</gpxtpx:course>
		</gpxtpx:TrackPointExtension>
	</extensions>
</trkpt>
<trkpt lat="46.0010146" lon="14.4781983">
	<ele>288.84</ele>
	<time>2026-07-28T16:42:59.769Z</time>
	<hdop>3.79</hdop>
	<extensions>
		<gpxtpx:TrackPointExtension>
			<gpxtpx:course>57.0</gpxtpx:course>
		</gpxtpx:TrackPointExtension>
	</extensions>
</trkpt>
<trkpt lat="46.0012080" lon="14.4786609">
	<ele>288.52</ele>
	<time>2026-07-28T16:43:04.769Z</time>
	<hdop>3.79</hdop>
	<extensions>
		<gpxtpx:TrackPointExtension>
			<gpxtpx:course>57.0</gpxtpx:course>
		</gpxtpx:TrackPointExtension>
	</extensions>
</trkpt>
<trkpt lat="46.0014469" lon="14.4792239">
	<ele>288.00</ele>
	<time>2026-07-28T16:43:10.769Z</time>
	<hdop>3.79</hdop>
	<extensions>
		<gpxtpx:TrackPointExtension>
			<gpxtpx:course>60.0</gpxtpx:course>
		</gpxtpx:TrackPointExtension>
	</extensions>
</trkpt>
<trkpt lat="46.0016439" lon="14.4797001">
	<ele>288.00</ele>
	<time>2026-07-28T16:43:15.769Z</time>
	<hdop>3.79</hdop>
	<extensions>
		<gpxtpx:TrackPointExtension>
			<gpxtpx:course>59.0</gpxtpx:course>
		</gpxtpx:TrackPointExtension>
	</extensions>
</trkpt>
<trkpt lat="46.0018778" lon="14.4802749">
	<ele>288.00</ele>
	<time>2026-07-28T16:43:21.767Z</time>
	<hdop>3.79</hdop>
	<extensions>
		<gpxtpx:TrackPointExtension>
			<gpxtpx:course>59.0</gpxtpx:course>
		</gpxtpx:TrackPointExtension>
	</extensions>
</trkpt>
<trkpt lat="46.0020754" lon="14.4807560">
	<ele>288.00</ele>
	<time>2026-07-28T16:43:26.769Z</time>
	<hdop>3.79</hdop>
	<extensions>
		<gpxtpx:TrackPointExtension>
			<gpxtpx:course>59.0</gpxtpx:course>
		</gpxtpx:TrackPointExtension>
	</extensions>
</trkpt>
<trkpt lat="46.0023253" lon="14.4813437">
	<ele>288.00</ele>
	<time>2026-07-28T16:43:32.768Z</time>
	<hdop>3.79</hdop>
	<extensions>
		<gpxtpx:TrackPointExtension>
			<gpxtpx:course>59.0</gpxtpx:course>
		</gpxtpx:TrackPointExtension>
	</extensions>
</trkpt>
<trkpt lat="46.0025768" lon="14.4819395">
	<ele>288.00</ele>
	<time>2026-07-28T16:43:38.767Z</time>
	<hdop>3.79</hdop>
	<extensions>
		<gpxtpx:TrackPointExtension>
			<gpxtpx:course>60.0</gpxtpx:course>
		</gpxtpx:TrackPointExtension>
	</extensions>
</trkpt>
<trkpt lat="46.0027722" lon="14.4824383">
	<ele>288.01</ele>
	<time>2026-07-28T16:43:43.767Z</time>
	<hdop>3.79</hdop>
	<extensions>
		<gpxtpx:TrackPointExtension>
			<gpxtpx:course>61.0</gpxtpx:course>
		</gpxtpx:TrackPointExtension>
	</extensions>
</trkpt>
<trkpt lat="46.0029783" lon="14.4829238">
	<ele>287.69</ele>
	<time>2026-07-28T16:43:48.767Z</time>
	<hdop>3.79</hdop>
	<extensions>
		<gpxtpx:TrackPointExtension>
			<gpxtpx:course>57.0</gpxtpx:course>
		</gpxtpx:TrackPointExtension>
	</extensions>
</trkpt>
<trkpt lat="46.0031762" lon="14.4834192">
	<ele>287.10</ele>
	<time>2026-07-28T16:43:53.768Z</time>
	<hdop>3.79</hdop>
	<extensions>
		<gpxtpx:TrackPointExtension>
			<gpxtpx:course>61.0</gpxtpx:course>
		</gpxtpx:TrackPointExtension>
	</extensions>
</trkpt>
<trkpt lat="46.0033706" lon="14.4839117">
	<ele>287.68</ele>
	<time>2026-07-28T16:43:58.768Z</time>
	<hdop>3.79</hdop>
	<extensions>
		<gpxtpx:TrackPointExtension>
			<gpxtpx:course>62.0</gpxtpx:course>
		</gpxtpx:TrackPointExtension>
	</extensions>
</trkpt>
<trkpt lat="46.0035576" lon="14.4844173">
	<ele>288.32</ele>
	<time>2026-07-28T16:44:03.768Z</time>
	<hdop>3.79</hdop>
	<extensions>
		<gpxtpx:TrackPointExtension>
			<gpxtpx:course>63.0</gpxtpx:course>
		</gpxtpx:TrackPointExtension>
	</extensions>
</trkpt>
<trkpt lat="46.0037326" lon="14.4849087">
	<ele>288.13</ele>
	<time>2026-07-28T16:44:08.768Z</time>
	<hdop>3.79</hdop>
	<extensions>
		<gpxtpx:TrackPointExtension>
			<gpxtpx:course>64.0</gpxtpx:course>
		</gpxtpx:TrackPointExtension>
	</extensions>
</trkpt>
<trkpt lat="46.0039082" lon="14.4853829">
	<ele>287.99</ele>
	<time>2026-07-28T16:44:13.768Z</time>
	<hdop>3.79</hdop>
	<extensions>
		<gpxtpx:TrackPointExtension>
			<gpxtpx:course>63.0</gpxtpx:course>
		</gpxtpx:TrackPointExtension>
	</extensions>
</trkpt>
<trkpt lat="46.0040664" lon="14.4858398">
	<ele>288.00</ele>
	<time>2026-07-28T16:44:18.768Z</time>
	<hdop>3.79</hdop>
	<extensions>
		<gpxtpx:TrackPointExtension>
			<gpxtpx:course>59.0</gpxtpx:course>
		</gpxtpx:TrackPointExtension>
	</extensions>
</trkpt>
<trkpt lat="46.0042431" lon="14.4863006">
	<ele>287.93</ele>
	<time>2026-07-28T16:44:23.769Z</time>
	<hdop>3.79</hdop>
	<extensions>
		<gpxtpx:TrackPointExtension>
			<gpxtpx:course>62.0</gpxtpx:course>
		</gpxtpx:TrackPointExtension>
	</extensions>
</trkpt>
<trkpt lat="46.0044442" lon="14.4868606">
	<ele>288.19</ele>
	<time>2026-07-28T16:44:29.768Z</time>
	<hdop>3.79</hdop>
	<extensions>
		<gpxtpx:TrackPointExtension>
			<gpxtpx:course>61.0</gpxtpx:course>
		</gpxtpx:TrackPointExtension>
	</extensions>
</trkpt>
<trkpt lat="46.0046162" lon="14.4873295">
	<ele>288.97</ele>
	<time>2026-07-28T16:44:34.768Z</time>
	<hdop>3.79</hdop>
	<extensions>
		<gpxtpx:TrackPointExtension>
			<gpxtpx:course>62.0</gpxtpx:course>
		</gpxtpx:TrackPointExtension>
	</extensions>
</trkpt>
<trkpt lat="46.0048155" lon="14.4878981">
	<ele>288.62</ele>
	<time>2026-07-28T16:44:40.768Z</time>
	<hdop>3.79</hdop>
	<extensions>
		<gpxtpx:TrackPointExtension>
			<gpxtpx:course>62.0</gpxtpx:course>
		</gpxtpx:TrackPointExtension>
	</extensions>
</trkpt>
<trkpt lat="46.0049516" lon="14.4882662">
	<ele>288.04</ele>
	<time>2026-07-28T16:44:45.768Z</time>
	<hdop>3.79</hdop>
	<extensions>
		<gpxtpx:TrackPointExtension>
			<gpxtpx:course>68.0</gpxtpx:course>
		</gpxtpx:TrackPointExtension>
	</extensions>
</trkpt>
<trkpt lat="46.0050897" lon="14.4886414">
	<ele>288.26</ele>
	<time>2026-07-28T16:44:50.768Z</time>
	<hdop>3.79</hdop>
	<extensions>
		<gpxtpx:TrackPointExtension>
			<gpxtpx:course>60.0</gpxtpx:course>
		</gpxtpx:TrackPointExtension>
	</extensions>
</trkpt>
<trkpt lat="46.0052185" lon="14.4890144">
	<ele>288.74</ele>
	<time>2026-07-28T16:44:55.768Z</time>
	<hdop>3.79</hdop>
	<extensions>
		<gpxtpx:TrackPointExtension>
			<gpxtpx:course>63.0</gpxtpx:course>
		</gpxtpx:TrackPointExtension>
	</extensions>
</trkpt>
<trkpt lat="46.0053640" lon="14.4893790">
	<ele>288.67</ele>
	<time>2026-07-28T16:45:00.768Z</time>
	<hdop>3.79</hdop>
	<extensions>
		<gpxtpx:TrackPointExtension>
			<gpxtpx:course>62.0</gpxtpx:course>
		</gpxtpx:TrackPointExtension>
	</extensions>
</trkpt>
<trkpt lat="46.0055009" lon="14.4897570">
	<ele>288.65</ele>
	<time>2026-07-28T16:45:05.768Z</time>
	<hdop>3.79</hdop>
	<extensions>
		<gpxtpx:TrackPointExtension>
			<gpxtpx:course>62.0</gpxtpx:course>
		</gpxtpx:TrackPointExtension>
	</extensions>
</trkpt>
<trkpt lat="46.0056289" lon="14.4901393">
	<ele>288.83</ele>
	<time>2026-07-28T16:45:10.768Z</time>
	<hdop>3.79</hdop>
	<extensions>
		<gpxtpx:TrackPointExtension>
			<gpxtpx:course>62.0</gpxtpx:course>
		</gpxtpx:TrackPointExtension>
	</extensions>
</trkpt>
<trkpt lat="46.0057707" lon="14.4905173">
	<ele>288.46</ele>
	<time>2026-07-28T16:45:15.768Z</time>
	<hdop>3.79</hdop>
	<extensions>
		<gpxtpx:TrackPointExtension>
			<gpxtpx:course>61.0</gpxtpx:course>
		</gpxtpx:TrackPointExtension>
	</extensions>
</trkpt>
<trkpt lat="46.0059392" lon="14.4909809">
	<ele>287.92</ele>
	<time>2026-07-28T16:45:21.767Z</time>
	<hdop>3.79</hdop>
	<extensions>
		<gpxtpx:TrackPointExtension>
			<gpxtpx:course>65.0</gpxtpx:course>
		</gpxtpx:TrackPointExtension>
	</extensions>
</trkpt>
<trkpt lat="46.0060828" lon="14.4913507">
	<ele>287.94</ele>
	<time>2026-07-28T16:45:26.768Z</time>
	<hdop>3.79</hdop>
	<extensions>
		<gpxtpx:TrackPointExtension>
			<gpxtpx:course>61.0</gpxtpx:course>
		</gpxtpx:TrackPointExtension>
	</extensions>
</trkpt>
<trkpt lat="46.0062212" lon="14.4917532">
	<ele>288.00</ele>
	<time>2026-07-28T16:45:32.767Z</time>
	<hdop>3.79</hdop>
	<extensions>
		<gpxtpx:TrackPointExtension>
			<gpxtpx:course>66.0</gpxtpx:course>
		</gpxtpx:TrackPointExtension>
	</extensions>
</trkpt>
<trkpt lat="46.0063249" lon="14.4920446">
	<ele>287.98</ele>
	<time>2026-07-28T16:45:37.768Z</time>
	<hdop>3.79</hdop>
	<extensions>
		<gpxtpx:TrackPointExtension>
			<gpxtpx:course>64.0</gpxtpx:course>
		</gpxtpx:TrackPointExtension>
	</extensions>
</trkpt>
<trkpt lat="46.0064235" lon="14.4923113">
	<ele>287.98</ele>
	<time>2026-07-28T16:45:42.768Z</time>
	<hdop>3.79</hdop>
	<extensions>
		<gpxtpx:TrackPointExtension>
			<gpxtpx:course>62.0</gpxtpx:course>
		</gpxtpx:TrackPointExtension>
	</extensions>
</trkpt>
<trkpt lat="46.0065493" lon="14.4926387">
	<ele>288.01</ele>
	<time>2026-07-28T16:45:48.767Z</time>
	<hdop>3.79</hdop>
	<extensions>
		<gpxtpx:TrackPointExtension>
			<gpxtpx:course>63.0</gpxtpx:course>
		</gpxtpx:TrackPointExtension>
	</extensions>
</trkpt>
<trkpt lat="46.0066525" lon="14.4929354">
	<ele>288.01</ele>
	<time>2026-07-28T16:45:53.768Z</time>
	<hdop>3.97</hdop>
	<extensions>
		<gpxtpx:TrackPointExtension>
			<gpxtpx:course>62.0</gpxtpx:course>
		</gpxtpx:TrackPointExtension>
	</extensions>
</trkpt>
<trkpt lat="46.0067644" lon="14.4932246">
	<ele>287.96</ele>
	<time>2026-07-28T16:45:58.768Z</time>
	<hdop>3.79</hdop>
	<extensions>
		<gpxtpx:TrackPointExtension>
			<gpxtpx:course>60.0</gpxtpx:course>
		</gpxtpx:TrackPointExtension>
	</extensions>
</trkpt>
<trkpt lat="46.0068528" lon="14.4934618">
	<ele>287.94</ele>
	<time>2026-07-28T16:46:03.769Z</time>
	<hdop>3.79</hdop>
	<extensions>
		<gpxtpx:TrackPointExtension>
			<gpxtpx:course>57.0</gpxtpx:course>
		</gpxtpx:TrackPointExtension>
	</extensions>
</trkpt>
<trkpt lat="46.0069551" lon="14.4937714">
	<ele>287.96</ele>
	<time>2026-07-28T16:46:09.768Z</time>
	<hdop>3.79</hdop>
	<extensions>
		<gpxtpx:TrackPointExtension>
			<gpxtpx:course>67.0</gpxtpx:course>
		</gpxtpx:TrackPointExtension>
	</extensions>
</trkpt>
<trkpt lat="46.0069952" lon="14.4939033">
	<ele>287.98</ele>
	<time>2026-07-28T16:46:14.768Z</time>
	<hdop>3.79</hdop>
	<extensions>
		<gpxtpx:TrackPointExtension>
			<gpxtpx:course>69.0</gpxtpx:course>
		</gpxtpx:TrackPointExtension>
	</extensions>
</trkpt>
<trkpt lat="46.0070905" lon="14.4941261">
	<ele>288.00</ele>
	<time>2026-07-28T16:46:20.767Z</time>
	<hdop>3.79</hdop>
	<extensions>
		<gpxtpx:TrackPointExtension>
			<gpxtpx:course>59.0</gpxtpx:course>
		</gpxtpx:TrackPointExtension>
	</extensions>
</trkpt>
<trkpt lat="46.0071732" lon="14.4943757">
	<ele>287.99</ele>
	<time>2026-07-28T16:46:25.767Z</time>
	<hdop>3.79</hdop>
	<extensions>
		<gpxtpx:TrackPointExtension>
			<gpxtpx:course>57.0</gpxtpx:course>
		</gpxtpx:TrackPointExtension>
	</extensions>
</trkpt>
<trkpt lat="46.0072528" lon="14.4946111">
	<ele>287.98</ele>
	<time>2026-07-28T16:46:30.767Z</time>
	<hdop>3.79</hdop>
	<extensions>
		<gpxtpx:TrackPointExtension>
			<gpxtpx:course>61.0</gpxtpx:course>
		</gpxtpx:TrackPointExtension>
	</extensions>
</trkpt>
<trkpt lat="46.0073308" lon="14.4948114">
	<ele>287.99</ele>
	<time>2026-07-28T16:46:35.767Z</time>
	<hdop>3.79</hdop>
	<extensions>
		<gpxtpx:TrackPointExtension>
			<gpxtpx:course>51.0</gpxtpx:course>
		</gpxtpx:TrackPointExtension>
	</extensions>
</trkpt>
<trkpt lat="46.0074133" lon="14.4950367">
	<ele>288.00</ele>
	<time>2026-07-28T16:46:40.768Z</time>
	<hdop>3.79</hdop>
	<extensions>
		<gpxtpx:TrackPointExtension>
			<gpxtpx:course>62.0</gpxtpx:course>
		</gpxtpx:TrackPointExtension>
	</extensions>
</trkpt>
<trkpt lat="46.0075142" lon="14.4952889">
	<ele>287.96</ele>
	<time>2026-07-28T16:46:46.768Z</time>
	<hdop>3.79</hdop>
	<extensions>
		<gpxtpx:TrackPointExtension>
			<gpxtpx:course>59.0</gpxtpx:course>
		</gpxtpx:TrackPointExtension>
	</extensions>
</trkpt>
<trkpt lat="46.0075970" lon="14.4954825">
	<ele>287.90</ele>
	<time>2026-07-28T16:46:51.768Z</time>
	<hdop>3.79</hdop>
	<extensions>
		<gpxtpx:TrackPointExtension>
			<gpxtpx:course>70.0</gpxtpx:course>
		</gpxtpx:TrackPointExtension>
	</extensions>
</trkpt>
<trkpt lat="46.0076985" lon="14.4957275">
	<ele>287.89</ele>
	<time>2026-07-28T16:46:56.768Z</time>
	<hdop>3.79</hdop>
	<extensions>
		<gpxtpx:TrackPointExtension>
			<gpxtpx:course>61.0</gpxtpx:course>
		</gpxtpx:TrackPointExtension>
	</extensions>
</trkpt>
<trkpt lat="46.0078398" lon="14.4960661">
	<ele>288.10</ele>
	<time>2026-07-28T16:47:02.767Z</time>
	<hdop>3.79</hdop>
	<extensions>
		<gpxtpx:TrackPointExtension>
			<gpxtpx:course>61.0</gpxtpx:course>
		</gpxtpx:TrackPointExtension>
	</extensions>
</trkpt>
<trkpt lat="46.0079744" lon="14.4963874">
	<ele>288.34</ele>
	<time>2026-07-28T16:47:07.767Z</time>
	<hdop>3.79</hdop>
	<extensions>
		<gpxtpx:TrackPointExtension>
			<gpxtpx:course>58.0</gpxtpx:course>
		</gpxtpx:TrackPointExtension>
	</extensions>
</trkpt>
<trkpt lat="46.0081084" lon="14.4967251">
	<ele>288.26</ele>
	<time>2026-07-28T16:47:12.767Z</time>
	<hdop>3.79</hdop>
	<extensions>
		<gpxtpx:TrackPointExtension>
			<gpxtpx:course>64.0</gpxtpx:course>
		</gpxtpx:TrackPointExtension>
	</extensions>
</trkpt>
<trkpt lat="46.0082311" lon="14.4970286">
	<ele>288.06</ele>
	<time>2026-07-28T16:47:17.767Z</time>
	<hdop>3.79</hdop>
	<extensions>
		<gpxtpx:TrackPointExtension>
			<gpxtpx:course>57.0</gpxtpx:course>
		</gpxtpx:TrackPointExtension>
	</extensions>
</trkpt>
<trkpt lat="46.0083714" lon="14.4973669">
	<ele>288.00</ele>
	<time>2026-07-28T16:47:23.768Z</time>
	<hdop>3.79</hdop>
	<extensions>
		<gpxtpx:TrackPointExtension>
			<gpxtpx:course>62.0</gpxtpx:course>
		</gpxtpx:TrackPointExtension>
	</extensions>
</trkpt>
<trkpt lat="46.0084728" lon="14.4976237">
	<ele>288.00</ele>
	<time>2026-07-28T16:47:28.768Z</time>
	<hdop>3.79</hdop>
	<extensions>
		<gpxtpx:TrackPointExtension>
			<gpxtpx:course>62.0</gpxtpx:course>
		</gpxtpx:TrackPointExtension>
	</extensions>
</trkpt>
<trkpt lat="46.0085845" lon="14.4979073">
	<ele>287.96</ele>
	<time>2026-07-28T16:47:33.768Z</time>
	<hdop>3.79</hdop>
	<extensions>
		<gpxtpx:TrackPointExtension>
			<gpxtpx:course>62.0</gpxtpx:course>
		</gpxtpx:TrackPointExtension>
	</extensions>
</trkpt>
<trkpt lat="46.0087126" lon="14.4982089">
	<ele>287.96</ele>
	<time>2026-07-28T16:47:38.768Z</time>
	<hdop>3.79</hdop>
	<extensions>
		<gpxtpx:TrackPointExtension>
			<gpxtpx:course>59.0</gpxtpx:course>
		</gpxtpx:TrackPointExtension>
	</extensions>
</trkpt>
<trkpt lat="46.0088602" lon="14.4985695">
	<ele>288.09</ele>
	<time>2026-07-28T16:47:44.768Z</time>
	<hdop>3.79</hdop>
	<extensions>
		<gpxtpx:TrackPointExtension>
			<gpxtpx:course>55.0</gpxtpx:course>
		</gpxtpx:TrackPointExtension>
	</extensions>
</trkpt>
<trkpt lat="46.0089986" lon="14.4988783">
	<ele>288.13</ele>
	<time>2026-07-28T16:47:49.768Z</time>
	<hdop>3.79</hdop>
	<extensions>
		<gpxtpx:TrackPointExtension>
			<gpxtpx:course>60.0</gpxtpx:course>
		</gpxtpx:TrackPointExtension>
	</extensions>
</trkpt>
<trkpt lat="46.0091306" lon="14.4992510">
	<ele>288.03</ele>
	<time>2026-07-28T16:47:55.767Z</time>
	<hdop>3.79</hdop>
	<extensions>
		<gpxtpx:TrackPointExtension>
			<gpxtpx:course>59.0</gpxtpx:course>
		</gpxtpx:TrackPointExtension>
	</extensions>
</trkpt>
<trkpt lat="46.0092351" lon="14.4995031">
	<ele>287.98</ele>
	<time>2026-07-28T16:48:00.767Z</time>
	<hdop>3.79</hdop>
	<extensions>
		<gpxtpx:TrackPointExtension>
			<gpxtpx:course>56.0</gpxtpx:course>
		</gpxtpx:TrackPointExtension>
	</extensions>
</trkpt>
<trkpt lat="46.0092414" lon="14.4996669">
	<ele>287.98</ele>
	<time>2026-07-28T16:48:05.767Z</time>
	<hdop>3.79</hdop>
	<extensions>
		<gpxtpx:TrackPointExtension>
			<gpxtpx:course>130.0</gpxtpx:course>
		</gpxtpx:TrackPointExtension>
	</extensions>
</trkpt>
<trkpt lat="46.0090792" lon="14.4998251">
	<ele>288.01</ele>
	<time>2026-07-28T16:48:10.768Z</time>
	<hdop>3.79</hdop>
	<extensions>
		<gpxtpx:TrackPointExtension>
			<gpxtpx:course>148.0</gpxtpx:course>
		</gpxtpx:TrackPointExtension>
	</extensions>
</trkpt>
<trkpt lat="46.0088529" lon="14.5000299">
	<ele>288.00</ele>
	<time>2026-07-28T16:48:16.768Z</time>
	<hdop>3.79</hdop>
	<extensions>
		<gpxtpx:TrackPointExtension>
			<gpxtpx:course>149.0</gpxtpx:course>
		</gpxtpx:TrackPointExtension>
	</extensions>
</trkpt>
<trkpt lat="46.0086227" lon="14.5002593">
	<ele>287.95</ele>
	<time>2026-07-28T16:48:22.767Z</time>
	<hdop>3.79</hdop>
	<extensions>
		<gpxtpx:TrackPointExtension>
			<gpxtpx:course>152.0</gpxtpx:course>
		</gpxtpx:TrackPointExtension>
	</extensions>
</trkpt>
<trkpt lat="46.0084236" lon="14.5004492">
	<ele>287.94</ele>
	<time>2026-07-28T16:48:27.768Z</time>
	<hdop>3.79</hdop>
	<extensions>
		<gpxtpx:TrackPointExtension>
			<gpxtpx:course>154.0</gpxtpx:course>
		</gpxtpx:TrackPointExtension>
	</extensions>
</trkpt>
<trkpt lat="46.0082462" lon="14.5006089">
	<ele>287.97</ele>
	<time>2026-07-28T16:48:32.768Z</time>
	<hdop>3.79</hdop>
	<extensions>
		<gpxtpx:TrackPointExtension>
			<gpxtpx:course>146.0</gpxtpx:course>
		</gpxtpx:TrackPointExtension>
	</extensions>
</trkpt>
<trkpt lat="46.0080882" lon="14.5007652">
	<ele>288.00</ele>
	<time>2026-07-28T16:48:37.768Z</time>
	<hdop>3.79</hdop>
	<extensions>
		<gpxtpx:TrackPointExtension>
			<gpxtpx:course>148.0</gpxtpx:course>
		</gpxtpx:TrackPointExtension>
	</extensions>
</trkpt>
<trkpt lat="46.0078400" lon="14.5009938">
	<ele>288.00</ele>
	<time>2026-07-28T16:48:43.768Z</time>
	<hdop>3.79</hdop>
	<extensions>
		<gpxtpx:TrackPointExtension>
			<gpxtpx:course>145.0</gpxtpx:course>
		</gpxtpx:TrackPointExtension>
	</extensions>
</trkpt>
<trkpt lat="46.0076172" lon="14.5011998">
	<ele>288.00</ele>
	<time>2026-07-28T16:48:48.768Z</time>
	<hdop>3.79</hdop>
	<extensions>
		<gpxtpx:TrackPointExtension>
			<gpxtpx:course>146.0</gpxtpx:course>
		</gpxtpx:TrackPointExtension>
	</extensions>
</trkpt>
<trkpt lat="46.0073404" lon="14.5014765">
	<ele>288.00</ele>
	<time>2026-07-28T16:48:54.767Z</time>
	<hdop>3.79</hdop>
	<extensions>
		<gpxtpx:TrackPointExtension>
			<gpxtpx:course>138.0</gpxtpx:course>
		</gpxtpx:TrackPointExtension>
	</extensions>
</trkpt>
<trkpt lat="46.0070928" lon="14.5016808">
	<ele>288.00</ele>
	<time>2026-07-28T16:48:59.767Z</time>
	<hdop>3.79</hdop>
	<extensions>
		<gpxtpx:TrackPointExtension>
			<gpxtpx:course>148.0</gpxtpx:course>
		</gpxtpx:TrackPointExtension>
	</extensions>
</trkpt>
<trkpt lat="46.0068606" lon="14.5019062">
	<ele>288.00</ele>
	<time>2026-07-28T16:49:04.768Z</time>
	<hdop>3.79</hdop>
	<extensions>
		<gpxtpx:TrackPointExtension>
			<gpxtpx:course>146.0</gpxtpx:course>
		</gpxtpx:TrackPointExtension>
	</extensions>
</trkpt>
<trkpt lat="46.0066249" lon="14.5021237">
	<ele>288.00</ele>
	<time>2026-07-28T16:49:09.768Z</time>
	<hdop>3.79</hdop>
	<extensions>
		<gpxtpx:TrackPointExtension>
			<gpxtpx:course>147.0</gpxtpx:course>
		</gpxtpx:TrackPointExtension>
	</extensions>
</trkpt>
<trkpt lat="46.0063619" lon="14.5023901">
	<ele>288.00</ele>
	<time>2026-07-28T16:49:15.767Z</time>
	<hdop>3.79</hdop>
	<extensions>
		<gpxtpx:TrackPointExtension>
			<gpxtpx:course>143.0</gpxtpx:course>
		</gpxtpx:TrackPointExtension>
	</extensions>
</trkpt>
<trkpt lat="46.0061692" lon="14.5025721">
	<ele>288.00</ele>
	<time>2026-07-28T16:49:20.767Z</time>
	<hdop>3.79</hdop>
	<extensions>
		<gpxtpx:TrackPointExtension>
			<gpxtpx:course>147.0</gpxtpx:course>
		</gpxtpx:TrackPointExtension>
	</extensions>
</trkpt>
<trkpt lat="46.0059808" lon="14.5027118">
	<ele>288.00</ele>
	<time>2026-07-28T16:49:25.768Z</time>
	<hdop>3.79</hdop>
	<extensions>
		<gpxtpx:TrackPointExtension>
			<gpxtpx:course>148.0</gpxtpx:course>
		</gpxtpx:TrackPointExtension>
	</extensions>
</trkpt>
<trkpt lat="46.0057628" lon="14.5028467">
	<ele>288.00</ele>
	<time>2026-07-28T16:49:31.768Z</time>
	<hdop>3.79</hdop>
	<extensions>
		<gpxtpx:TrackPointExtension>
			<gpxtpx:course>155.0</gpxtpx:course>
		</gpxtpx:TrackPointExtension>
	</extensions>
</trkpt>
<trkpt lat="46.0056050" lon="14.5030048">
	<ele>288.02</ele>
	<time>2026-07-28T16:49:37.768Z</time>
	<hdop>3.79</hdop>
	<extensions>
		<gpxtpx:TrackPointExtension>
			<gpxtpx:course>140.0</gpxtpx:course>
		</gpxtpx:TrackPointExtension>
	</extensions>
</trkpt>
<trkpt lat="46.0055225" lon="14.5030909">
	<ele>288.03</ele>
	<time>2026-07-28T16:53:24.767Z</time>
	<hdop>3.79</hdop>
	<extensions>
		<gpxtpx:TrackPointExtension>
			<gpxtpx:course>155.0</gpxtpx:course>
		</gpxtpx:TrackPointExtension>
	</extensions>
</trkpt>
<trkpt lat="46.0053936" lon="14.5031955">
	<ele>288.06</ele>
	<time>2026-07-28T16:53:29.767Z</time>
	<hdop>3.79</hdop>
	<extensions>
		<gpxtpx:TrackPointExtension>
			<gpxtpx:course>143.0</gpxtpx:course>
		</gpxtpx:TrackPointExtension>
	</extensions>
</trkpt>
<trkpt lat="46.0052135" lon="14.5033643">
	<ele>288.07</ele>
	<time>2026-07-28T16:53:35.767Z</time>
	<hdop>3.79</hdop>
	<extensions>
		<gpxtpx:TrackPointExtension>
			<gpxtpx:course>144.0</gpxtpx:course>
		</gpxtpx:TrackPointExtension>
	</extensions>
</trkpt>
<trkpt lat="46.0050466" lon="14.5035126">
	<ele>288.03</ele>
	<time>2026-07-28T16:53:40.767Z</time>
	<hdop>3.79</hdop>
	<extensions>
		<gpxtpx:TrackPointExtension>
			<gpxtpx:course>144.0</gpxtpx:course>
		</gpxtpx:TrackPointExtension>
	</extensions>
</trkpt>
<trkpt lat="46.0048196" lon="14.5037236">
	<ele>287.92</ele>
	<time>2026-07-28T16:53:46.766Z</time>
	<hdop>3.79</hdop>
	<extensions>
		<gpxtpx:TrackPointExtension>
			<gpxtpx:course>143.0</gpxtpx:course>
		</gpxtpx:TrackPointExtension>
	</extensions>
</trkpt>
<trkpt lat="46.0046238" lon="14.5038946">
	<ele>287.93</ele>
	<time>2026-07-28T16:53:51.767Z</time>
	<hdop>3.79</hdop>
	<extensions>
		<gpxtpx:TrackPointExtension>
			<gpxtpx:course>144.0</gpxtpx:course>
		</gpxtpx:TrackPointExtension>
	</extensions>
</trkpt>
<trkpt lat="46.0043914" lon="14.5041117">
	<ele>288.06</ele>
	<time>2026-07-28T16:53:57.766Z</time>
	<hdop>3.79</hdop>
	<extensions>
		<gpxtpx:TrackPointExtension>
			<gpxtpx:course>147.0</gpxtpx:course>
		</gpxtpx:TrackPointExtension>
	</extensions>
</trkpt>
<trkpt lat="46.0041921" lon="14.5042854">
	<ele>287.97</ele>
	<time>2026-07-28T16:54:02.767Z</time>
	<hdop>3.79</hdop>
	<extensions>
		<gpxtpx:TrackPointExtension>
			<gpxtpx:course>144.0</gpxtpx:course>
		</gpxtpx:TrackPointExtension>
	</extensions>
</trkpt>
<trkpt lat="46.0039953" lon="14.5044800">
	<ele>287.58</ele>
	<time>2026-07-28T16:54:07.767Z</time>
	<hdop>3.79</hdop>
	<extensions>
		<gpxtpx:TrackPointExtension>
			<gpxtpx:course>147.0</gpxtpx:course>
		</gpxtpx:TrackPointExtension>
	</extensions>
</trkpt>
<trkpt lat="46.0037578" lon="14.5047035">
	<ele>287.12</ele>
	<time>2026-07-28T16:54:13.766Z</time>
	<hdop>3.79</hdop>
	<extensions>
		<gpxtpx:TrackPointExtension>
			<gpxtpx:course>144.0</gpxtpx:course>
		</gpxtpx:TrackPointExtension>
	</extensions>
</trkpt>
<trkpt lat="46.0035559" lon="14.5048908">
	<ele>286.99</ele>
	<time>2026-07-28T16:54:18.767Z</time>
	<hdop>3.79</hdop>
	<extensions>
		<gpxtpx:TrackPointExtension>
			<gpxtpx:course>141.0</gpxtpx:course>
		</gpxtpx:TrackPointExtension>
	</extensions>
</trkpt>
<trkpt lat="46.0033114" lon="14.5051160">
	<ele>287.00</ele>
	<time>2026-07-28T16:54:24.767Z</time>
	<hdop>3.79</hdop>
	<extensions>
		<gpxtpx:TrackPointExtension>
			<gpxtpx:course>148.0</gpxtpx:course>
		</gpxtpx:TrackPointExtension>
	</extensions>
</trkpt>
<trkpt lat="46.0030789" lon="14.5053326">
	<ele>286.98</ele>
	<time>2026-07-28T16:54:30.767Z</time>
	<hdop>3.79</hdop>
	<extensions>
		<gpxtpx:TrackPointExtension>
			<gpxtpx:course>147.0</gpxtpx:course>
		</gpxtpx:TrackPointExtension>
	</extensions>
</trkpt>
<trkpt lat="46.0028501" lon="14.5055546">
	<ele>286.96</ele>
	<time>2026-07-28T16:54:36.767Z</time>
	<hdop>3.79</hdop>
	<extensions>
		<gpxtpx:TrackPointExtension>
			<gpxtpx:course>147.0</gpxtpx:course>
		</gpxtpx:TrackPointExtension>
	</extensions>
</trkpt>
<trkpt lat="46.0026656" lon="14.5057226">
	<ele>286.98</ele>
	<time>2026-07-28T16:54:41.767Z</time>
	<hdop>3.79</hdop>
	<extensions>
		<gpxtpx:TrackPointExtension>
			<gpxtpx:course>145.0</gpxtpx:course>
		</gpxtpx:TrackPointExtension>
	</extensions>
</trkpt>
<trkpt lat="46.0024740" lon="14.5058955">
	<ele>287.00</ele>
	<time>2026-07-28T16:54:47.765Z</time>
	<hdop>3.79</hdop>
	<extensions>
		<gpxtpx:TrackPointExtension>
			<gpxtpx:course>147.0</gpxtpx:course>
		</gpxtpx:TrackPointExtension>
	</extensions>
</trkpt>
<trkpt lat="46.0023421" lon="14.5060277">
	<ele>287.00</ele>
	<time>2026-07-28T16:54:52.766Z</time>
	<hdop>3.79</hdop>
	<extensions>
		<gpxtpx:TrackPointExtension>
			<gpxtpx:course>125.0</gpxtpx:course>
		</gpxtpx:TrackPointExtension>
	</extensions>
</trkpt>
<trkpt lat="46.0023588" lon="14.5062839">
	<ele>287.00</ele>
	<time>2026-07-28T16:54:57.766Z</time>
	<hdop>3.79</hdop>
	<extensions>
		<gpxtpx:TrackPointExtension>
			<gpxtpx:course>78.0</gpxtpx:course>
		</gpxtpx:TrackPointExtension>
	</extensions>
</trkpt>
<trkpt lat="46.0024452" lon="14.5066747">
	<ele>287.00</ele>
	<time>2026-07-28T16:55:03.767Z</time>
	<hdop>3.79</hdop>
	<extensions>
		<gpxtpx:TrackPointExtension>
			<gpxtpx:course>74.0</gpxtpx:course>
		</gpxtpx:TrackPointExtension>
	</extensions>
</trkpt>
<trkpt lat="46.0025358" lon="14.5070929">
	<ele>287.00</ele>
	<time>2026-07-28T16:55:09.765Z</time>
	<hdop>3.79</hdop>
	<extensions>
		<gpxtpx:TrackPointExtension>
			<gpxtpx:course>69.0</gpxtpx:course>
		</gpxtpx:TrackPointExtension>
	</extensions>
</trkpt>
<trkpt lat="46.0026103" lon="14.5074578">
	<ele>287.00</ele>
	<time>2026-07-28T16:55:14.766Z</time>
	<hdop>3.79</hdop>
	<extensions>
		<gpxtpx:TrackPointExtension>
			<gpxtpx:course>73.0</gpxtpx:course>
		</gpxtpx:TrackPointExtension>
	</extensions>
</trkpt>
<trkpt lat="46.0026972" lon="14.5078378">
	<ele>287.00</ele>
	<time>2026-07-28T16:55:19.766Z</time>
	<hdop>3.79</hdop>
	<extensions>
		<gpxtpx:TrackPointExtension>
			<gpxtpx:course>69.0</gpxtpx:course>
		</gpxtpx:TrackPointExtension>
	</extensions>
</trkpt>
<trkpt lat="46.0027821" lon="14.5082342">
	<ele>287.00</ele>
	<time>2026-07-28T16:55:24.767Z</time>
	<hdop>3.79</hdop>
	<extensions>
		<gpxtpx:TrackPointExtension>
			<gpxtpx:course>72.0</gpxtpx:course>
		</gpxtpx:TrackPointExtension>
	</extensions>
</trkpt>
<trkpt lat="46.0028860" lon="14.5087028">
	<ele>287.00</ele>
	<time>2026-07-28T16:55:30.767Z</time>
	<hdop>3.79</hdop>
	<extensions>
		<gpxtpx:TrackPointExtension>
			<gpxtpx:course>72.0</gpxtpx:course>
		</gpxtpx:TrackPointExtension>
	</extensions>
</trkpt>
<trkpt lat="46.0029747" lon="14.5090972">
	<ele>287.00</ele>
	<time>2026-07-28T16:55:35.767Z</time>
	<hdop>3.79</hdop>
	<extensions>
		<gpxtpx:TrackPointExtension>
			<gpxtpx:course>72.0</gpxtpx:course>
		</gpxtpx:TrackPointExtension>
	</extensions>
</trkpt>
<trkpt lat="46.0030778" lon="14.5095581">
	<ele>287.00</ele>
	<time>2026-07-28T16:55:41.766Z</time>
	<hdop>3.79</hdop>
	<extensions>
		<gpxtpx:TrackPointExtension>
			<gpxtpx:course>73.0</gpxtpx:course>
		</gpxtpx:TrackPointExtension>
	</extensions>
</trkpt>
<trkpt lat="46.0031888" lon="14.5100452">
	<ele>287.00</ele>
	<time>2026-07-28T16:55:47.767Z</time>
	<hdop>3.79</hdop>
	<extensions>
		<gpxtpx:TrackPointExtension>
			<gpxtpx:course>71.0</gpxtpx:course>
		</gpxtpx:TrackPointExtension>
	</extensions>
</trkpt>
<trkpt lat="46.0032932" lon="14.5105198">
	<ele>287.00</ele>
	<time>2026-07-28T16:55:53.765Z</time>
	<hdop>3.79</hdop>
	<extensions>
		<gpxtpx:TrackPointExtension>
			<gpxtpx:course>72.0</gpxtpx:course>
		</gpxtpx:TrackPointExtension>
	</extensions>
</trkpt>
<trkpt lat="46.0033801" lon="14.5109253">
	<ele>287.00</ele>
	<time>2026-07-28T16:55:58.766Z</time>
	<hdop>3.79</hdop>
	<extensions>
		<gpxtpx:TrackPointExtension>
			<gpxtpx:course>72.0</gpxtpx:course>
		</gpxtpx:TrackPointExtension>
	</extensions>
</trkpt>
<trkpt lat="46.0034615" lon="14.5113273">
	<ele>286.97</ele>
	<time>2026-07-28T16:56:03.767Z</time>
	<hdop>3.79</hdop>
	<extensions>
		<gpxtpx:TrackPointExtension>
			<gpxtpx:course>73.0</gpxtpx:course>
		</gpxtpx:TrackPointExtension>
	</extensions>
</trkpt>
<trkpt lat="46.0035768" lon="14.5118193">
	<ele>286.91</ele>
	<time>2026-07-28T16:56:09.765Z</time>
	<hdop>3.79</hdop>
	<extensions>
		<gpxtpx:TrackPointExtension>
			<gpxtpx:course>73.0</gpxtpx:course>
		</gpxtpx:TrackPointExtension>
	</extensions>
</trkpt>
<trkpt lat="46.0036603" lon="14.5122300">
	<ele>286.85</ele>
	<time>2026-07-28T16:56:14.767Z</time>
	<hdop>3.79</hdop>
	<extensions>
		<gpxtpx:TrackPointExtension>
			<gpxtpx:course>71.0</gpxtpx:course>
		</gpxtpx:TrackPointExtension>
	</extensions>
</trkpt>
<trkpt lat="46.0037719" lon="14.5127085">
	<ele>287.12</ele>
	<time>2026-07-28T16:56:20.767Z</time>
	<hdop>3.79</hdop>
	<extensions>
		<gpxtpx:TrackPointExtension>
			<gpxtpx:course>70.0</gpxtpx:course>
		</gpxtpx:TrackPointExtension>
	</extensions>
</trkpt>
<trkpt lat="46.0038880" lon="14.5131757">
	<ele>287.82</ele>
	<time>2026-07-28T16:56:26.767Z</time>
	<hdop>3.79</hdop>
	<extensions>
		<gpxtpx:TrackPointExtension>
			<gpxtpx:course>73.0</gpxtpx:course>
		</gpxtpx:TrackPointExtension>
	</extensions>
</trkpt>
<trkpt lat="46.0039657" lon="14.5135479">
	<ele>288.07</ele>
	<time>2026-07-28T16:56:31.767Z</time>
	<hdop>3.79</hdop>
	<extensions>
		<gpxtpx:TrackPointExtension>
			<gpxtpx:course>70.0</gpxtpx:course>
		</gpxtpx:TrackPointExtension>
	</extensions>
</trkpt>
<trkpt lat="46.0040366" lon="14.5139626">
	<ele>288.03</ele>
	<time>2026-07-28T16:56:37.766Z</time>
	<hdop>3.79</hdop>
	<extensions>
		<gpxtpx:TrackPointExtension>
			<gpxtpx:course>73.0</gpxtpx:course>
		</gpxtpx:TrackPointExtension>
	</extensions>
</trkpt>
<trkpt lat="46.0041029" lon="14.5142631">
	<ele>288.00</ele>
	<time>2026-07-28T16:56:42.767Z</time>
	<hdop>3.79</hdop>
	<extensions>
		<gpxtpx:TrackPointExtension>
			<gpxtpx:course>76.0</gpxtpx:course>
		</gpxtpx:TrackPointExtension>
	</extensions>
</trkpt>
<trkpt lat="46.0041599" lon="14.5145638">
	<ele>288.00</ele>
	<time>2026-07-28T16:56:48.766Z</time>
	<hdop>3.79</hdop>
	<extensions>
		<gpxtpx:TrackPointExtension>
			<gpxtpx:course>77.0</gpxtpx:course>
		</gpxtpx:TrackPointExtension>
	</extensions>
</trkpt>
<trkpt lat="46.0042130" lon="14.5148298">
	<ele>288.00</ele>
	<time>2026-07-28T16:56:54.766Z</time>
	<hdop>3.79</hdop>
	<extensions>
		<gpxtpx:TrackPointExtension>
			<gpxtpx:course>75.0</gpxtpx:course>
		</gpxtpx:TrackPointExtension>
	</extensions>
</trkpt>
<trkpt lat="46.0042515" lon="14.5150122">
	<ele>288.00</ele>
	<time>2026-07-28T16:56:59.766Z</time>
	<hdop>3.79</hdop>
	<extensions>
		<gpxtpx:TrackPointExtension>
			<gpxtpx:course>76.0</gpxtpx:course>
		</gpxtpx:TrackPointExtension>
	</extensions>
</trkpt>
<trkpt lat="46.0043096" lon="14.5152311">
	<ele>288.00</ele>
	<time>2026-07-28T16:57:04.766Z</time>
	<hdop>3.79</hdop>
	<extensions>
		<gpxtpx:TrackPointExtension>
			<gpxtpx:course>74.0</gpxtpx:course>
		</gpxtpx:TrackPointExtension>
	</extensions>
</trkpt>
<trkpt lat="46.0042656" lon="14.5153621">
	<ele>288.00</ele>
	<time>2026-07-28T16:57:09.766Z</time>
	<hdop>3.79</hdop>
	<extensions>
		<gpxtpx:TrackPointExtension>
			<gpxtpx:course>165.0</gpxtpx:course>
		</gpxtpx:TrackPointExtension>
	</extensions>
</trkpt>
<trkpt lat="46.0040792" lon="14.5154165">
	<ele>288.00</ele>
	<time>2026-07-28T16:57:14.766Z</time>
	<hdop>3.79</hdop>
	<extensions>
		<gpxtpx:TrackPointExtension>
			<gpxtpx:course>167.0</gpxtpx:course>
		</gpxtpx:TrackPointExtension>
	</extensions>
</trkpt>
<trkpt lat="46.0038091" lon="14.5155011">
	<ele>287.99</ele>
	<time>2026-07-28T16:57:20.765Z</time>
	<hdop>3.79</hdop>
	<extensions>
		<gpxtpx:TrackPointExtension>
			<gpxtpx:course>164.0</gpxtpx:course>
		</gpxtpx:TrackPointExtension>
	</extensions>
</trkpt>
<trkpt lat="46.0035629" lon="14.5155759">
	<ele>288.00</ele>
	<time>2026-07-28T16:57:25.767Z</time>
	<hdop>3.79</hdop>
	<extensions>
		<gpxtpx:TrackPointExtension>
			<gpxtpx:course>163.0</gpxtpx:course>
		</gpxtpx:TrackPointExtension>
	</extensions>
</trkpt>
<trkpt lat="46.0032494" lon="14.5156788">
	<ele>288.00</ele>
	<time>2026-07-28T16:57:31.765Z</time>
	<hdop>3.79</hdop>
	<extensions>
		<gpxtpx:TrackPointExtension>
			<gpxtpx:course>165.0</gpxtpx:course>
		</gpxtpx:TrackPointExtension>
	</extensions>
</trkpt>
<trkpt lat="46.0029717" lon="14.5157649">
	<ele>288.00</ele>
	<time>2026-07-28T16:57:36.766Z</time>
	<hdop>3.79</hdop>
	<extensions>
		<gpxtpx:TrackPointExtension>
			<gpxtpx:course>166.0</gpxtpx:course>
		</gpxtpx:TrackPointExtension>
	</extensions>
</trkpt>
<trkpt lat="46.0026950" lon="14.5158488">
	<ele>288.00</ele>
	<time>2026-07-28T16:57:41.766Z</time>
	<hdop>3.79</hdop>
	<extensions>
		<gpxtpx:TrackPointExtension>
			<gpxtpx:course>168.0</gpxtpx:course>
		</gpxtpx:TrackPointExtension>
	</extensions>
</trkpt>
<trkpt lat="46.0024259" lon="14.5159283">
	<ele>288.00</ele>
	<time>2026-07-28T16:57:46.766Z</time>
	<hdop>3.79</hdop>
	<extensions>
		<gpxtpx:TrackPointExtension>
			<gpxtpx:course>166.0</gpxtpx:course>
		</gpxtpx:TrackPointExtension>
	</extensions>
</trkpt>
<trkpt lat="46.0021466" lon="14.5160193">
	<ele>288.00</ele>
	<time>2026-07-28T16:57:51.767Z</time>
	<hdop>3.79</hdop>
	<extensions>
		<gpxtpx:TrackPointExtension>
			<gpxtpx:course>168.0</gpxtpx:course>
		</gpxtpx:TrackPointExtension>
	</extensions>
</trkpt>
<trkpt lat="46.0018079" lon="14.5161260">
	<ele>288.00</ele>
	<time>2026-07-28T16:57:57.766Z</time>
	<hdop>3.79</hdop>
	<extensions>
		<gpxtpx:TrackPointExtension>
			<gpxtpx:course>168.0</gpxtpx:course>
		</gpxtpx:TrackPointExtension>
	</extensions>
</trkpt>
<trkpt lat="46.0015295" lon="14.5162173">
	<ele>288.00</ele>
	<time>2026-07-28T16:58:02.766Z</time>
	<hdop>3.79</hdop>
	<extensions>
		<gpxtpx:TrackPointExtension>
			<gpxtpx:course>165.0</gpxtpx:course>
		</gpxtpx:TrackPointExtension>
	</extensions>
</trkpt>
<trkpt lat="46.0012492" lon="14.5163152">
	<ele>288.00</ele>
	<time>2026-07-28T16:58:07.766Z</time>
	<hdop>3.79</hdop>
	<extensions>
		<gpxtpx:TrackPointExtension>
			<gpxtpx:course>167.0</gpxtpx:course>
		</gpxtpx:TrackPointExtension>
	</extensions>
</trkpt>
<trkpt lat="46.0009703" lon="14.5164015">
	<ele>288.00</ele>
	<time>2026-07-28T16:58:12.766Z</time>
	<hdop>3.79</hdop>
	<extensions>
		<gpxtpx:TrackPointExtension>
			<gpxtpx:course>170.0</gpxtpx:course>
		</gpxtpx:TrackPointExtension>
	</extensions>
</trkpt>
<trkpt lat="46.0006356" lon="14.5165037">
	<ele>287.99</ele>
	<time>2026-07-28T16:58:18.766Z</time>
	<hdop>3.79</hdop>
	<extensions>
		<gpxtpx:TrackPointExtension>
			<gpxtpx:course>166.0</gpxtpx:course>
		</gpxtpx:TrackPointExtension>
	</extensions>
</trkpt>
<trkpt lat="46.0003610" lon="14.5166040">
	<ele>287.98</ele>
	<time>2026-07-28T16:58:23.766Z</time>
	<hdop>3.79</hdop>
	<extensions>
		<gpxtpx:TrackPointExtension>
			<gpxtpx:course>167.0</gpxtpx:course>
		</gpxtpx:TrackPointExtension>
	</extensions>
</trkpt>
<trkpt lat="46.0000309" lon="14.5166952">
	<ele>288.02</ele>
	<time>2026-07-28T16:58:29.766Z</time>
	<hdop>3.79</hdop>
	<extensions>
		<gpxtpx:TrackPointExtension>
			<gpxtpx:course>168.0</gpxtpx:course>
		</gpxtpx:TrackPointExtension>
	</extensions>
</trkpt>
<trkpt lat="45.9997733" lon="14.5167861">
	<ele>288.11</ele>
	<time>2026-07-28T16:58:34.766Z</time>
	<hdop>3.79</hdop>
	<extensions>
		<gpxtpx:TrackPointExtension>
			<gpxtpx:course>167.0</gpxtpx:course>
		</gpxtpx:TrackPointExtension>
	</extensions>
</trkpt>
<trkpt lat="45.9995455" lon="14.5168553">
	<ele>288.21</ele>
	<time>2026-07-28T16:58:39.766Z</time>
	<hdop>3.79</hdop>
	<extensions>
		<gpxtpx:TrackPointExtension>
			<gpxtpx:course>163.0</gpxtpx:course>
		</gpxtpx:TrackPointExtension>
	</extensions>
</trkpt>
<trkpt lat="45.9993619" lon="14.5169105">
	<ele>288.32</ele>
	<time>2026-07-28T16:58:44.766Z</time>
	<hdop>3.79</hdop>
	<extensions>
		<gpxtpx:TrackPointExtension>
			<gpxtpx:course>166.0</gpxtpx:course>
		</gpxtpx:TrackPointExtension>
	</extensions>
</trkpt>
<trkpt lat="45.9992345" lon="14.5169490">
	<ele>288.39</ele>
	<time>2026-07-28T16:58:50.764Z</time>
	<hdop>3.79</hdop>
	<extensions>
		<gpxtpx:TrackPointExtension>
			<gpxtpx:course>157.0</gpxtpx:course>
		</gpxtpx:TrackPointExtension>
	</extensions>
</trkpt>
<trkpt lat="45.9992374" lon="14.5170788">
	<ele>288.61</ele>
	<time>2026-07-28T16:59:12.766Z</time>
	<hdop>3.79</hdop>
	<extensions>
		<gpxtpx:TrackPointExtension>
			<gpxtpx:course>70.0</gpxtpx:course>
		</gpxtpx:TrackPointExtension>
	</extensions>
</trkpt>
<trkpt lat="45.9993059" lon="14.5173719">
	<ele>289.03</ele>
	<time>2026-07-28T16:59:17.766Z</time>
	<hdop>3.79</hdop>
	<extensions>
		<gpxtpx:TrackPointExtension>
			<gpxtpx:course>74.0</gpxtpx:course>
		</gpxtpx:TrackPointExtension>
	</extensions>
</trkpt>
<trkpt lat="45.9993915" lon="14.5178126">
	<ele>288.48</ele>
	<time>2026-07-28T16:59:23.766Z</time>
	<hdop>3.79</hdop>
	<extensions>
		<gpxtpx:TrackPointExtension>
			<gpxtpx:course>73.0</gpxtpx:course>
		</gpxtpx:TrackPointExtension>
	</extensions>
</trkpt>
<trkpt lat="45.9994724" lon="14.5182296">
	<ele>287.34</ele>
	<time>2026-07-28T16:59:29.765Z</time>
	<hdop>3.79</hdop>
	<extensions>
		<gpxtpx:TrackPointExtension>
			<gpxtpx:course>70.0</gpxtpx:course>
		</gpxtpx:TrackPointExtension>
	</extensions>
</trkpt>
<trkpt lat="45.9995343" lon="14.5185776">
	<ele>287.50</ele>
	<time>2026-07-28T16:59:34.765Z</time>
	<hdop>3.79</hdop>
	<extensions>
		<gpxtpx:TrackPointExtension>
			<gpxtpx:course>89.0</gpxtpx:course>
		</gpxtpx:TrackPointExtension>
	</extensions>
</trkpt>
<trkpt lat="45.9995556" lon="14.5190079">
	<ele>288.44</ele>
	<time>2026-07-28T16:59:39.766Z</time>
	<hdop>3.79</hdop>
	<extensions>
		<gpxtpx:TrackPointExtension>
			<gpxtpx:course>84.0</gpxtpx:course>
		</gpxtpx:TrackPointExtension>
	</extensions>
</trkpt>
<trkpt lat="45.9995703" lon="14.5194385">
	<ele>288.57</ele>
	<time>2026-07-28T16:59:44.766Z</time>
	<hdop>3.79</hdop>
	<extensions>
		<gpxtpx:TrackPointExtension>
			<gpxtpx:course>85.0</gpxtpx:course>
		</gpxtpx:TrackPointExtension>
	</extensions>
</trkpt>
<trkpt lat="45.9995870" lon="14.5199455">
	<ele>288.05</ele>
	<time>2026-07-28T16:59:50.766Z</time>
	<hdop>3.79</hdop>
	<extensions>
		<gpxtpx:TrackPointExtension>
			<gpxtpx:course>86.0</gpxtpx:course>
		</gpxtpx:TrackPointExtension>
	</extensions>
</trkpt>
<trkpt lat="45.9996168" lon="14.5204563">
	<ele>287.97</ele>
	<time>2026-07-28T16:59:56.766Z</time>
	<hdop>3.79</hdop>
	<extensions>
		<gpxtpx:TrackPointExtension>
			<gpxtpx:course>84.0</gpxtpx:course>
		</gpxtpx:TrackPointExtension>
	</extensions>
</trkpt>
<trkpt lat="45.9996380" lon="14.5209632">
	<ele>288.00</ele>
	<time>2026-07-28T17:00:02.766Z</time>
	<hdop>3.79</hdop>
	<extensions>
		<gpxtpx:TrackPointExtension>
			<gpxtpx:course>87.0</gpxtpx:course>
		</gpxtpx:TrackPointExtension>
	</extensions>
</trkpt>
<trkpt lat="45.9996380" lon="14.5213790">
	<ele>288.00</ele>
	<time>2026-07-28T17:00:07.766Z</time>
	<hdop>3.79</hdop>
	<extensions>
		<gpxtpx:TrackPointExtension>
			<gpxtpx:course>93.0</gpxtpx:course>
		</gpxtpx:TrackPointExtension>
	</extensions>
</trkpt>
<trkpt lat="45.9995238" lon="14.5218619">
	<ele>288.00</ele>
	<time>2026-07-28T17:00:13.766Z</time>
	<hdop>3.79</hdop>
	<extensions>
		<gpxtpx:TrackPointExtension>
			<gpxtpx:course>111.0</gpxtpx:course>
		</gpxtpx:TrackPointExtension>
	</extensions>
</trkpt>
<trkpt lat="45.9993933" lon="14.5222624">
	<ele>288.00</ele>
	<time>2026-07-28T17:00:18.766Z</time>
	<hdop>3.79</hdop>
	<extensions>
		<gpxtpx:TrackPointExtension>
			<gpxtpx:course>115.0</gpxtpx:course>
		</gpxtpx:TrackPointExtension>
	</extensions>
</trkpt>
<trkpt lat="45.9992201" lon="14.5227667">
	<ele>288.00</ele>
	<time>2026-07-28T17:00:24.765Z</time>
	<hdop>3.79</hdop>
	<extensions>
		<gpxtpx:TrackPointExtension>
			<gpxtpx:course>117.0</gpxtpx:course>
		</gpxtpx:TrackPointExtension>
	</extensions>
</trkpt>
<trkpt lat="45.9990854" lon="14.5232002">
	<ele>288.00</ele>
	<time>2026-07-28T17:00:29.766Z</time>
	<hdop>3.79</hdop>
	<extensions>
		<gpxtpx:TrackPointExtension>
			<gpxtpx:course>114.0</gpxtpx:course>
		</gpxtpx:TrackPointExtension>
	</extensions>
</trkpt>
<trkpt lat="45.9989473" lon="14.5236475">
	<ele>288.00</ele>
	<time>2026-07-28T17:00:34.766Z</time>
	<hdop>3.79</hdop>
	<extensions>
		<gpxtpx:TrackPointExtension>
			<gpxtpx:course>114.0</gpxtpx:course>
		</gpxtpx:TrackPointExtension>
	</extensions>
</trkpt>
<trkpt lat="45.9987680" lon="14.5241982">
	<ele>288.00</ele>
	<time>2026-07-28T17:00:40.765Z</time>
	<hdop>3.79</hdop>
	<extensions>
		<gpxtpx:TrackPointExtension>
			<gpxtpx:course>115.0</gpxtpx:course>
		</gpxtpx:TrackPointExtension>
	</extensions>
</trkpt>
<trkpt lat="45.9986115" lon="14.5246683">
	<ele>287.95</ele>
	<time>2026-07-28T17:00:45.765Z</time>
	<hdop>3.79</hdop>
	<extensions>
		<gpxtpx:TrackPointExtension>
			<gpxtpx:course>116.0</gpxtpx:course>
		</gpxtpx:TrackPointExtension>
	</extensions>
</trkpt>
<trkpt lat="45.9984633" lon="14.5251575">
	<ele>287.94</ele>
	<time>2026-07-28T17:00:50.765Z</time>
	<hdop>3.79</hdop>
	<extensions>
		<gpxtpx:TrackPointExtension>
			<gpxtpx:course>113.0</gpxtpx:course>
		</gpxtpx:TrackPointExtension>
	</extensions>
</trkpt>
<trkpt lat="45.9983131" lon="14.5256351">
	<ele>288.01</ele>
	<time>2026-07-28T17:00:55.765Z</time>
	<hdop>3.79</hdop>
	<extensions>
		<gpxtpx:TrackPointExtension>
			<gpxtpx:course>113.0</gpxtpx:course>
		</gpxtpx:TrackPointExtension>
	</extensions>
</trkpt>
<trkpt lat="45.9981561" lon="14.5261125">
	<ele>288.19</ele>
	<time>2026-07-28T17:01:00.765Z</time>
	<hdop>3.79</hdop>
	<extensions>
		<gpxtpx:TrackPointExtension>
			<gpxtpx:course>114.0</gpxtpx:course>
		</gpxtpx:TrackPointExtension>
	</extensions>
</trkpt>
<trkpt lat="45.9979667" lon="14.5266847">
	<ele>288.13</ele>
	<time>2026-07-28T17:01:06.765Z</time>
	<hdop>3.79</hdop>
	<extensions>
		<gpxtpx:TrackPointExtension>
			<gpxtpx:course>114.0</gpxtpx:course>
		</gpxtpx:TrackPointExtension>
	</extensions>
</trkpt>
<trkpt lat="45.9978213" lon="14.5271489">
	<ele>287.35</ele>
	<time>2026-07-28T17:01:11.765Z</time>
	<hdop>3.79</hdop>
	<extensions>
		<gpxtpx:TrackPointExtension>
			<gpxtpx:course>113.0</gpxtpx:course>
		</gpxtpx:TrackPointExtension>
	</extensions>
</trkpt>
<trkpt lat="45.9976659" lon="14.5276277">
	<ele>286.98</ele>
	<time>2026-07-28T17:01:16.766Z</time>
	<hdop>3.79</hdop>
	<extensions>
		<gpxtpx:TrackPointExtension>
			<gpxtpx:course>114.0</gpxtpx:course>
		</gpxtpx:TrackPointExtension>
	</extensions>
</trkpt>
<trkpt lat="45.9975109" lon="14.5281042">
	<ele>287.69</ele>
	<time>2026-07-28T17:01:21.766Z</time>
	<hdop>3.79</hdop>
	<extensions>
		<gpxtpx:TrackPointExtension>
			<gpxtpx:course>115.0</gpxtpx:course>
		</gpxtpx:TrackPointExtension>
	</extensions>
</trkpt>
<trkpt lat="45.9973608" lon="14.5285850">
	<ele>288.07</ele>
	<time>2026-07-28T17:01:26.766Z</time>
	<hdop>3.79</hdop>
	<extensions>
		<gpxtpx:TrackPointExtension>
			<gpxtpx:course>113.0</gpxtpx:course>
		</gpxtpx:TrackPointExtension>
	</extensions>
</trkpt>
<trkpt lat="45.9972084" lon="14.5290353">
	<ele>288.02</ele>
	<time>2026-07-28T17:01:31.766Z</time>
	<hdop>3.79</hdop>
	<extensions>
		<gpxtpx:TrackPointExtension>
			<gpxtpx:course>114.0</gpxtpx:course>
		</gpxtpx:TrackPointExtension>
	</extensions>
</trkpt>
<trkpt lat="45.9970259" lon="14.5295951">
	<ele>287.96</ele>
	<time>2026-07-28T17:01:37.765Z</time>
	<hdop>3.79</hdop>
	<extensions>
		<gpxtpx:TrackPointExtension>
			<gpxtpx:course>116.0</gpxtpx:course>
		</gpxtpx:TrackPointExtension>
	</extensions>
</trkpt>
<trkpt lat="45.9968729" lon="14.5300602">
	<ele>287.98</ele>
	<time>2026-07-28T17:01:42.765Z</time>
	<hdop>3.79</hdop>
	<extensions>
		<gpxtpx:TrackPointExtension>
			<gpxtpx:course>115.0</gpxtpx:course>
		</gpxtpx:TrackPointExtension>
	</extensions>
</trkpt>
<trkpt lat="45.9966888" lon="14.5306245">
	<ele>288.00</ele>
	<time>2026-07-28T17:01:48.766Z</time>
	<hdop>3.79</hdop>
	<extensions>
		<gpxtpx:TrackPointExtension>
			<gpxtpx:course>115.0</gpxtpx:course>
		</gpxtpx:TrackPointExtension>
	</extensions>
</trkpt>
<trkpt lat="45.9965080" lon="14.5312065">
	<ele>287.99</ele>
	<time>2026-07-28T17:01:54.765Z</time>
	<hdop>3.79</hdop>
	<extensions>
		<gpxtpx:TrackPointExtension>
			<gpxtpx:course>111.0</gpxtpx:course>
		</gpxtpx:TrackPointExtension>
	</extensions>
</trkpt>
<trkpt lat="45.9963553" lon="14.5317037">
	<ele>288.00</ele>
	<time>2026-07-28T17:01:59.765Z</time>
	<hdop>3.79</hdop>
	<extensions>
		<gpxtpx:TrackPointExtension>
			<gpxtpx:course>114.0</gpxtpx:course>
		</gpxtpx:TrackPointExtension>
	</extensions>
</trkpt>
<trkpt lat="45.9961666" lon="14.5322750">
	<ele>288.00</ele>
	<time>2026-07-28T17:02:05.765Z</time>
	<hdop>3.79</hdop>
	<extensions>
		<gpxtpx:TrackPointExtension>
			<gpxtpx:course>118.0</gpxtpx:course>
		</gpxtpx:TrackPointExtension>
	</extensions>
</trkpt>
<trkpt lat="45.9960091" lon="14.5327454">
	<ele>288.00</ele>
	<time>2026-07-28T17:02:10.765Z</time>
	<hdop>3.79</hdop>
	<extensions>
		<gpxtpx:TrackPointExtension>
			<gpxtpx:course>116.0</gpxtpx:course>
		</gpxtpx:TrackPointExtension>
	</extensions>
</trkpt>
<trkpt lat="45.9958549" lon="14.5332350">
	<ele>288.00</ele>
	<time>2026-07-28T17:02:15.766Z</time>
	<hdop>3.79</hdop>
	<extensions>
		<gpxtpx:TrackPointExtension>
			<gpxtpx:course>113.0</gpxtpx:course>
		</gpxtpx:TrackPointExtension>
	</extensions>
</trkpt>
<trkpt lat="45.9957036" lon="14.5337120">
	<ele>288.01</ele>
	<time>2026-07-28T17:02:20.766Z</time>
	<hdop>3.79</hdop>
	<extensions>
		<gpxtpx:TrackPointExtension>
			<gpxtpx:course>115.0</gpxtpx:course>
		</gpxtpx:TrackPointExtension>
	</extensions>
</trkpt>
<trkpt lat="45.9955122" lon="14.5342900">
	<ele>287.57</ele>
	<time>2026-07-28T17:02:26.765Z</time>
	<hdop>3.79</hdop>
	<extensions>
		<gpxtpx:TrackPointExtension>
			<gpxtpx:course>113.0</gpxtpx:course>
		</gpxtpx:TrackPointExtension>
	</extensions>
</trkpt>
<trkpt lat="45.9953770" lon="14.5348932">
	<ele>286.88</ele>
	<time>2026-07-28T17:02:32.765Z</time>
	<hdop>3.79</hdop>
	<extensions>
		<gpxtpx:TrackPointExtension>
			<gpxtpx:course>98.0</gpxtpx:course>
		</gpxtpx:TrackPointExtension>
	</extensions>
</trkpt>
<trkpt lat="45.9953416" lon="14.5353633">
	<ele>287.27</ele>
	<time>2026-07-28T17:02:37.765Z</time>
	<hdop>3.79</hdop>
	<extensions>
		<gpxtpx:TrackPointExtension>
			<gpxtpx:course>96.0</gpxtpx:course>
		</gpxtpx:TrackPointExtension>
	</extensions>
</trkpt>
<trkpt lat="45.9953082" lon="14.5357563">
	<ele>287.90</ele>
	<time>2026-07-28T17:02:42.765Z</time>
	<hdop>3.79</hdop>
	<extensions>
		<gpxtpx:TrackPointExtension>
			<gpxtpx:course>96.0</gpxtpx:course>
		</gpxtpx:TrackPointExtension>
	</extensions>
</trkpt>
<trkpt lat="45.9952833" lon="14.5361425">
	<ele>288.08</ele>
	<time>2026-07-28T17:02:47.765Z</time>
	<hdop>3.79</hdop>
	<extensions>
		<gpxtpx:TrackPointExtension>
			<gpxtpx:course>93.0</gpxtpx:course>
		</gpxtpx:TrackPointExtension>
	</extensions>
</trkpt>
<trkpt lat="45.9952565" lon="14.5365592">
	<ele>288.01</ele>
	<time>2026-07-28T17:02:52.765Z</time>
	<hdop>3.79</hdop>
	<extensions>
		<gpxtpx:TrackPointExtension>
			<gpxtpx:course>95.0</gpxtpx:course>
		</gpxtpx:TrackPointExtension>
	</extensions>
</trkpt>
<trkpt lat="45.9952127" lon="14.5370907">
	<ele>288.00</ele>
	<time>2026-07-28T17:02:58.766Z</time>
	<hdop>3.79</hdop>
	<extensions>
		<gpxtpx:TrackPointExtension>
			<gpxtpx:course>95.0</gpxtpx:course>
		</gpxtpx:TrackPointExtension>
	</extensions>
</trkpt>
<trkpt lat="45.9951789" lon="14.5374958">
	<ele>288.00</ele>
	<time>2026-07-28T17:03:03.766Z</time>
	<hdop>3.79</hdop>
	<extensions>
		<gpxtpx:TrackPointExtension>
			<gpxtpx:course>96.0</gpxtpx:course>
		</gpxtpx:TrackPointExtension>
	</extensions>
</trkpt>
<trkpt lat="45.9951534" lon="14.5379075">
	<ele>288.00</ele>
	<time>2026-07-28T17:03:09.764Z</time>
	<hdop>3.79</hdop>
	<extensions>
		<gpxtpx:TrackPointExtension>
			<gpxtpx:course>95.0</gpxtpx:course>
		</gpxtpx:TrackPointExtension>
	</extensions>
</trkpt>
<trkpt lat="45.9951263" lon="14.5382472">
	<ele>288.00</ele>
	<time>2026-07-28T17:03:14.765Z</time>
	<hdop>3.79</hdop>
	<extensions>
		<gpxtpx:TrackPointExtension>
			<gpxtpx:course>96.0</gpxtpx:course>
		</gpxtpx:TrackPointExtension>
	</extensions>
</trkpt>
<trkpt lat="45.9950970" lon="14.5386369">
	<ele>288.00</ele>
	<time>2026-07-28T17:03:20.764Z</time>
	<hdop>3.79</hdop>
	<extensions>
		<gpxtpx:TrackPointExtension>
			<gpxtpx:course>93.0</gpxtpx:course>
		</gpxtpx:TrackPointExtension>
	</extensions>
</trkpt>
<trkpt lat="45.9950665" lon="14.5389742">
	<ele>288.01</ele>
	<time>2026-07-28T17:03:25.766Z</time>
	<hdop>3.79</hdop>
	<extensions>
		<gpxtpx:TrackPointExtension>
			<gpxtpx:course>99.0</gpxtpx:course>
		</gpxtpx:TrackPointExtension>
	</extensions>
</trkpt>
<trkpt lat="45.9950405" lon="14.5393349">
	<ele>288.00</ele>
	<time>2026-07-28T17:03:31.764Z</time>
	<hdop>3.79</hdop>
	<extensions>
		<gpxtpx:TrackPointExtension>
			<gpxtpx:course>94.0</gpxtpx:course>
		</gpxtpx:TrackPointExtension>
	</extensions>
</trkpt>
<trkpt lat="45.9950257" lon="14.5395760">
	<ele>287.99</ele>
	<time>2026-07-28T17:03:36.765Z</time>
	<hdop>3.79</hdop>
	<extensions>
		<gpxtpx:TrackPointExtension>
			<gpxtpx:course>97.0</gpxtpx:course>
		</gpxtpx:TrackPointExtension>
	</extensions>
</trkpt>
<trkpt lat="45.9950220" lon="14.5397336">
	<ele>287.99</ele>
	<time>2026-07-28T17:03:41.765Z</time>
	<hdop>3.79</hdop>
	<extensions>
		<gpxtpx:TrackPointExtension>
			<gpxtpx:course>100.0</gpxtpx:course>
		</gpxtpx:TrackPointExtension>
	</extensions>
</trkpt>
<trkpt lat="45.9950086" lon="14.5398834">
	<ele>287.99</ele>
	<time>2026-07-28T17:05:34.765Z</time>
	<hdop>3.79</hdop>
	<extensions>
		<gpxtpx:TrackPointExtension>
			<gpxtpx:course>102.0</gpxtpx:course>
		</gpxtpx:TrackPointExtension>
	</extensions>
</trkpt>
<trkpt lat="45.9949894" lon="14.5400731">
	<ele>288.01</ele>
	<time>2026-07-28T17:05:39.765Z</time>
	<hdop>3.79</hdop>
	<extensions>
		<gpxtpx:TrackPointExtension>
			<gpxtpx:course>97.0</gpxtpx:course>
		</gpxtpx:TrackPointExtension>
	</extensions>
</trkpt>
<trkpt lat="45.9949703" lon="14.5402533">
	<ele>288.01</ele>
	<time>2026-07-28T17:05:44.765Z</time>
	<hdop>3.79</hdop>
	<extensions>
		<gpxtpx:TrackPointExtension>
			<gpxtpx:course>97.0</gpxtpx:course>
		</gpxtpx:TrackPointExtension>
	</extensions>
</trkpt>
<trkpt lat="45.9949669" lon="14.5404205">
	<ele>288.01</ele>
	<time>2026-07-28T17:05:49.765Z</time>
	<hdop>3.79</hdop>
	<extensions>
		<gpxtpx:TrackPointExtension>
			<gpxtpx:course>97.0</gpxtpx:course>
		</gpxtpx:TrackPointExtension>
	</extensions>
</trkpt>
<trkpt lat="45.9949449" lon="14.5407089">
	<ele>288.00</ele>
	<time>2026-07-28T17:05:55.764Z</time>
	<hdop>3.79</hdop>
	<extensions>
		<gpxtpx:TrackPointExtension>
			<gpxtpx:course>98.0</gpxtpx:course>
		</gpxtpx:TrackPointExtension>
	</extensions>
</trkpt>
<trkpt lat="45.9949135" lon="14.5409993">
	<ele>288.00</ele>
	<time>2026-07-28T17:06:00.765Z</time>
	<hdop>3.79</hdop>
	<extensions>
		<gpxtpx:TrackPointExtension>
			<gpxtpx:course>98.0</gpxtpx:course>
		</gpxtpx:TrackPointExtension>
	</extensions>
</trkpt>
<trkpt lat="45.9948866" lon="14.5414052">
	<ele>288.00</ele>
	<time>2026-07-28T17:06:06.764Z</time>
	<hdop>3.79</hdop>
	<extensions>
		<gpxtpx:TrackPointExtension>
			<gpxtpx:course>94.0</gpxtpx:course>
		</gpxtpx:TrackPointExtension>
	</extensions>
</trkpt>
<trkpt lat="45.9948578" lon="14.5417694">
	<ele>288.00</ele>
	<time>2026-07-28T17:06:11.764Z</time>
	<hdop>3.79</hdop>
	<extensions>
		<gpxtpx:TrackPointExtension>
			<gpxtpx:course>98.0</gpxtpx:course>
		</gpxtpx:TrackPointExtension>
	</extensions>
</trkpt>
<trkpt lat="45.9948295" lon="14.5421502">
	<ele>288.00</ele>
	<time>2026-07-28T17:06:16.765Z</time>
	<hdop>3.79</hdop>
	<extensions>
		<gpxtpx:TrackPointExtension>
			<gpxtpx:course>97.0</gpxtpx:course>
		</gpxtpx:TrackPointExtension>
	</extensions>
</trkpt>
<trkpt lat="45.9947926" lon="14.5426393">
	<ele>288.00</ele>
	<time>2026-07-28T17:06:22.764Z</time>
	<hdop>3.79</hdop>
	<extensions>
		<gpxtpx:TrackPointExtension>
			<gpxtpx:course>97.0</gpxtpx:course>
		</gpxtpx:TrackPointExtension>
	</extensions>
</trkpt>
<trkpt lat="45.9947599" lon="14.5430561">
	<ele>288.00</ele>
	<time>2026-07-28T17:06:27.764Z</time>
	<hdop>3.79</hdop>
	<extensions>
		<gpxtpx:TrackPointExtension>
			<gpxtpx:course>97.0</gpxtpx:course>
		</gpxtpx:TrackPointExtension>
	</extensions>
</trkpt>
<trkpt lat="45.9947236" lon="14.5435210">
	<ele>288.00</ele>
	<time>2026-07-28T17:06:33.763Z</time>
	<hdop>3.79</hdop>
	<extensions>
		<gpxtpx:TrackPointExtension>
			<gpxtpx:course>97.0</gpxtpx:course>
		</gpxtpx:TrackPointExtension>
	</extensions>
</trkpt>
<trkpt lat="45.9946962" lon="14.5439563">
	<ele>288.00</ele>
	<time>2026-07-28T17:06:38.765Z</time>
	<hdop>3.79</hdop>
	<extensions>
		<gpxtpx:TrackPointExtension>
			<gpxtpx:course>96.0</gpxtpx:course>
		</gpxtpx:TrackPointExtension>
	</extensions>
</trkpt>
<trkpt lat="45.9946627" lon="14.5444014">
	<ele>288.00</ele>
	<time>2026-07-28T17:06:43.765Z</time>
	<hdop>3.79</hdop>
	<extensions>
		<gpxtpx:TrackPointExtension>
			<gpxtpx:course>95.0</gpxtpx:course>
		</gpxtpx:TrackPointExtension>
	</extensions>
</trkpt>
<trkpt lat="45.9946218" lon="14.5449427">
	<ele>288.00</ele>
	<time>2026-07-28T17:06:49.764Z</time>
	<hdop>3.79</hdop>
	<extensions>
		<gpxtpx:TrackPointExtension>
			<gpxtpx:course>96.0</gpxtpx:course>
		</gpxtpx:TrackPointExtension>
	</extensions>
</trkpt>
<trkpt lat="45.9945876" lon="14.5453919">
	<ele>288.00</ele>
	<time>2026-07-28T17:06:54.765Z</time>
	<hdop>3.79</hdop>
	<extensions>
		<gpxtpx:TrackPointExtension>
			<gpxtpx:course>96.0</gpxtpx:course>
		</gpxtpx:TrackPointExtension>
	</extensions>
</trkpt>
<trkpt lat="45.9945525" lon="14.5458471">
	<ele>288.00</ele>
	<time>2026-07-28T17:06:59.765Z</time>
	<hdop>3.79</hdop>
	<extensions>
		<gpxtpx:TrackPointExtension>
			<gpxtpx:course>92.0</gpxtpx:course>
		</gpxtpx:TrackPointExtension>
	</extensions>
</trkpt>
<trkpt lat="45.9945682" lon="14.5462955">
	<ele>287.90</ele>
	<time>2026-07-28T17:07:04.765Z</time>
	<hdop>3.79</hdop>
	<extensions>
		<gpxtpx:TrackPointExtension>
			<gpxtpx:course>84.0</gpxtpx:course>
		</gpxtpx:TrackPointExtension>
	</extensions>
</trkpt>
<trkpt lat="45.9946692" lon="14.5468189">
	<ele>288.19</ele>
	<time>2026-07-28T17:07:10.765Z</time>
	<hdop>3.79</hdop>
	<extensions>
		<gpxtpx:TrackPointExtension>
			<gpxtpx:course>67.0</gpxtpx:course>
		</gpxtpx:TrackPointExtension>
	</extensions>
</trkpt>
<trkpt lat="45.9948563" lon="14.5472743">
	<ele>289.50</ele>
	<time>2026-07-28T17:07:16.765Z</time>
	<hdop>3.79</hdop>
	<extensions>
		<gpxtpx:TrackPointExtension>
			<gpxtpx:course>52.0</gpxtpx:course>
		</gpxtpx:TrackPointExtension>
	</extensions>
</trkpt>
<trkpt lat="45.9950658" lon="14.5475875">
	<ele>290.00</ele>
	<time>2026-07-28T17:07:21.765Z</time>
	<hdop>3.79</hdop>
	<extensions>
		<gpxtpx:TrackPointExtension>
			<gpxtpx:course>43.0</gpxtpx:course>
		</gpxtpx:TrackPointExtension>
	</extensions>
</trkpt>
<trkpt lat="45.9953036" lon="14.5478669">
	<ele>289.66</ele>
	<time>2026-07-28T17:07:26.765Z</time>
	<hdop>3.79</hdop>
	<extensions>
		<gpxtpx:TrackPointExtension>
			<gpxtpx:course>36.0</gpxtpx:course>
		</gpxtpx:TrackPointExtension>
	</extensions>
</trkpt>
<trkpt lat="45.9955517" lon="14.5481417">
	<ele>289.67</ele>
	<time>2026-07-28T17:07:31.765Z</time>
	<hdop>3.79</hdop>
	<extensions>
		<gpxtpx:TrackPointExtension>
			<gpxtpx:course>38.0</gpxtpx:course>
		</gpxtpx:TrackPointExtension>
	</extensions>
</trkpt>
<trkpt lat="45.9958574" lon="14.5484711">
	<ele>290.06</ele>
	<time>2026-07-28T17:07:37.764Z</time>
	<hdop>3.79</hdop>
	<extensions>
		<gpxtpx:TrackPointExtension>
			<gpxtpx:course>35.0</gpxtpx:course>
		</gpxtpx:TrackPointExtension>
	</extensions>
</trkpt>
<trkpt lat="45.9961095" lon="14.5487392">
	<ele>289.96</ele>
	<time>2026-07-28T17:07:42.764Z</time>
	<hdop>3.79</hdop>
	<extensions>
		<gpxtpx:TrackPointExtension>
			<gpxtpx:course>36.0</gpxtpx:course>
		</gpxtpx:TrackPointExtension>
	</extensions>
</trkpt>
<trkpt lat="45.9964103" lon="14.5490694">
	<ele>289.94</ele>
	<time>2026-07-28T17:07:48.764Z</time>
	<hdop>3.79</hdop>
	<extensions>
		<gpxtpx:TrackPointExtension>
			<gpxtpx:course>39.0</gpxtpx:course>
		</gpxtpx:TrackPointExtension>
	</extensions>
</trkpt>
<trkpt lat="45.9967153" lon="14.5493780">
	<ele>290.07</ele>
	<time>2026-07-28T17:07:54.765Z</time>
	<hdop>3.79</hdop>
	<extensions>
		<gpxtpx:TrackPointExtension>
			<gpxtpx:course>35.0</gpxtpx:course>
		</gpxtpx:TrackPointExtension>
	</extensions>
</trkpt>
<trkpt lat="45.9970095" lon="14.5497090">
	<ele>290.05</ele>
	<time>2026-07-28T17:08:00.764Z</time>
	<hdop>3.79</hdop>
	<extensions>
		<gpxtpx:TrackPointExtension>
			<gpxtpx:course>44.0</gpxtpx:course>
		</gpxtpx:TrackPointExtension>
	</extensions>
</trkpt>
<trkpt lat="45.9972522" lon="14.5499867">
	<ele>290.02</ele>
	<time>2026-07-28T17:08:05.764Z</time>
	<hdop>3.79</hdop>
	<extensions>
		<gpxtpx:TrackPointExtension>
			<gpxtpx:course>35.0</gpxtpx:course>
		</gpxtpx:TrackPointExtension>
	</extensions>
</trkpt>
<trkpt lat="45.9974995" lon="14.5502532">
	<ele>290.24</ele>
	<time>2026-07-28T17:08:10.765Z</time>
	<hdop>3.79</hdop>
	<extensions>
		<gpxtpx:TrackPointExtension>
			<gpxtpx:course>35.0</gpxtpx:course>
		</gpxtpx:TrackPointExtension>
	</extensions>
</trkpt>
<trkpt lat="45.9978012" lon="14.5505841">
	<ele>290.71</ele>
	<time>2026-07-28T17:08:16.764Z</time>
	<hdop>3.79</hdop>
	<extensions>
		<gpxtpx:TrackPointExtension>
			<gpxtpx:course>39.0</gpxtpx:course>
		</gpxtpx:TrackPointExtension>
	</extensions>
</trkpt>
<trkpt lat="45.9980750" lon="14.5508873">
	<ele>291.00</ele>
	<time>2026-07-28T17:08:22.765Z</time>
	<hdop>3.79</hdop>
	<extensions>
		<gpxtpx:TrackPointExtension>
			<gpxtpx:course>37.0</gpxtpx:course>
		</gpxtpx:TrackPointExtension>
	</extensions>
</trkpt>
<trkpt lat="45.9982963" lon="14.5511417">
	<ele>291.37</ele>
	<time>2026-07-28T17:08:28.764Z</time>
	<hdop>3.79</hdop>
	<extensions>
		<gpxtpx:TrackPointExtension>
			<gpxtpx:course>38.0</gpxtpx:course>
		</gpxtpx:TrackPointExtension>
	</extensions>
</trkpt>
<trkpt lat="45.9984276" lon="14.5514090">
	<ele>291.79</ele>
	<time>2026-07-28T17:08:33.765Z</time>
	<hdop>3.79</hdop>
	<extensions>
		<gpxtpx:TrackPointExtension>
			<gpxtpx:course>67.0</gpxtpx:course>
		</gpxtpx:TrackPointExtension>
	</extensions>
</trkpt>
<trkpt lat="45.9985146" lon="14.5518183">
	<ele>292.11</ele>
	<time>2026-07-28T17:08:39.765Z</time>
	<hdop>3.79</hdop>
	<extensions>
		<gpxtpx:TrackPointExtension>
			<gpxtpx:course>71.0</gpxtpx:course>
		</gpxtpx:TrackPointExtension>
	</extensions>
</trkpt>
<trkpt lat="45.9985912" lon="14.5522216">
	<ele>292.09</ele>
	<time>2026-07-28T17:08:45.765Z</time>
	<hdop>3.79</hdop>
	<extensions>
		<gpxtpx:TrackPointExtension>
			<gpxtpx:course>70.0</gpxtpx:course>
		</gpxtpx:TrackPointExtension>
	</extensions>
</trkpt>
<trkpt lat="45.9986585" lon="14.5525886">
	<ele>291.98</ele>
	<time>2026-07-28T17:08:51.765Z</time>
	<hdop>3.79</hdop>
	<extensions>
		<gpxtpx:TrackPointExtension>
			<gpxtpx:course>73.0</gpxtpx:course>
		</gpxtpx:TrackPointExtension>
	</extensions>
</trkpt>
<trkpt lat="45.9987345" lon="14.5529955">
	<ele>291.93</ele>
	<time>2026-07-28T17:08:57.763Z</time>
	<hdop>3.79</hdop>
	<extensions>
		<gpxtpx:TrackPointExtension>
			<gpxtpx:course>75.0</gpxtpx:course>
		</gpxtpx:TrackPointExtension>
	</extensions>
</trkpt>
<trkpt lat="45.9988054" lon="14.5533534">
	<ele>292.15</ele>
	<time>2026-07-28T17:09:02.764Z</time>
	<hdop>3.79</hdop>
	<extensions>
		<gpxtpx:TrackPointExtension>
			<gpxtpx:course>76.0</gpxtpx:course>
		</gpxtpx:TrackPointExtension>
	</extensions>
</trkpt>
<trkpt lat="45.9988809" lon="14.5537273">
	<ele>292.44</ele>
	<time>2026-07-28T17:09:08.765Z</time>
	<hdop>3.79</hdop>
	<extensions>
		<gpxtpx:TrackPointExtension>
			<gpxtpx:course>70.0</gpxtpx:course>
		</gpxtpx:TrackPointExtension>
	</extensions>
</trkpt>
<trkpt lat="45.9989479" lon="14.5540616">
	<ele>292.64</ele>
	<time>2026-07-28T17:09:14.764Z</time>
	<hdop>3.79</hdop>
	<extensions>
		<gpxtpx:TrackPointExtension>
			<gpxtpx:course>76.0</gpxtpx:course>
		</gpxtpx:TrackPointExtension>
	</extensions>
</trkpt>
<trkpt lat="45.9989875" lon="14.5542887">
	<ele>292.85</ele>
	<time>2026-07-28T17:09:19.765Z</time>
	<hdop>3.79</hdop>
	<extensions>
		<gpxtpx:TrackPointExtension>
			<gpxtpx:course>79.0</gpxtpx:course>
		</gpxtpx:TrackPointExtension>
	</extensions>
</trkpt>
<trkpt lat="45.9990422" lon="14.5546104">
	<ele>293.32</ele>
	<time>2026-07-28T17:09:25.765Z</time>
	<hdop>3.79</hdop>
	<extensions>
		<gpxtpx:TrackPointExtension>
			<gpxtpx:course>69.0</gpxtpx:course>
		</gpxtpx:TrackPointExtension>
	</extensions>
</trkpt>
<trkpt lat="45.9991114" lon="14.5549723">
	<ele>293.90</ele>
	<time>2026-07-28T17:09:31.765Z</time>
	<hdop>3.79</hdop>
	<extensions>
		<gpxtpx:TrackPointExtension>
			<gpxtpx:course>74.0</gpxtpx:course>
		</gpxtpx:TrackPointExtension>
	</extensions>
</trkpt>
<trkpt lat="45.9991760" lon="14.5552942">
	<ele>294.41</ele>
	<time>2026-07-28T17:09:37.765Z</time>
	<hdop>3.79</hdop>
	<extensions>
		<gpxtpx:TrackPointExtension>
			<gpxtpx:course>79.0</gpxtpx:course>
		</gpxtpx:TrackPointExtension>
	</extensions>
</trkpt>
<trkpt lat="45.9992144" lon="14.5555146">
	<ele>294.79</ele>
	<time>2026-07-28T17:09:43.764Z</time>
	<hdop>3.79</hdop>
	<extensions>
		<gpxtpx:TrackPointExtension>
			<gpxtpx:course>73.0</gpxtpx:course>
		</gpxtpx:TrackPointExtension>
	</extensions>
</trkpt>
<trkpt lat="45.9992283" lon="14.5556428">
	<ele>294.97</ele>
	<time>2026-07-28T17:09:48.764Z</time>
	<hdop>3.79</hdop>
	<extensions>
		<gpxtpx:TrackPointExtension>
			<gpxtpx:course>87.0</gpxtpx:course>
		</gpxtpx:TrackPointExtension>
	</extensions>
</trkpt>
<trkpt lat="45.9992947" lon="14.5557403">
	<ele>295.11</ele>
	<time>2026-07-28T17:10:35.763Z</time>
	<hdop>3.79</hdop>
	<extensions>
		<gpxtpx:TrackPointExtension>
			<gpxtpx:course>24.0</gpxtpx:course>
		</gpxtpx:TrackPointExtension>
	</extensions>
</trkpt>
<trkpt lat="45.9994880" lon="14.5556603">
	<ele>295.26</ele>
	<time>2026-07-28T17:10:40.764Z</time>
	<hdop>3.79</hdop>
	<extensions>
		<gpxtpx:TrackPointExtension>
			<gpxtpx:course>339.0</gpxtpx:course>
		</gpxtpx:TrackPointExtension>
	</extensions>
</trkpt>
<trkpt lat="45.9997163" lon="14.5555466">
	<ele>295.26</ele>
	<time>2026-07-28T17:10:46.765Z</time>
	<hdop>3.79</hdop>
	<extensions>
		<gpxtpx:TrackPointExtension>
			<gpxtpx:course>344.0</gpxtpx:course>
		</gpxtpx:TrackPointExtension>
	</extensions>
</trkpt>
<trkpt lat="45.9999147" lon="14.5554621">
	<ele>295.16</ele>
	<time>2026-07-28T17:10:51.765Z</time>
	<hdop>3.79</hdop>
	<extensions>
		<gpxtpx:TrackPointExtension>
			<gpxtpx:course>346.0</gpxtpx:course>
		</gpxtpx:TrackPointExtension>
	</extensions>
</trkpt>
<trkpt lat="46.0001314" lon="14.5553732">
	<ele>295.23</ele>
	<time>2026-07-28T17:10:57.765Z</time>
	<hdop>3.79</hdop>
	<extensions>
		<gpxtpx:TrackPointExtension>
			<gpxtpx:course>346.0</gpxtpx:course>
		</gpxtpx:TrackPointExtension>
	</extensions>
</trkpt>
<trkpt lat="46.0003210" lon="14.5552950">
	<ele>295.46</ele>
	<time>2026-07-28T17:11:03.764Z</time>
	<hdop>3.79</hdop>
	<extensions>
		<gpxtpx:TrackPointExtension>
			<gpxtpx:course>329.0</gpxtpx:course>
		</gpxtpx:TrackPointExtension>
	</extensions>
</trkpt>
<trkpt lat="46.0005104" lon="14.5551355">
	<ele>295.50</ele>
	<time>2026-07-28T17:11:09.764Z</time>
	<hdop>3.79</hdop>
	<extensions>
		<gpxtpx:TrackPointExtension>
			<gpxtpx:course>324.0</gpxtpx:course>
		</gpxtpx:TrackPointExtension>
	</extensions>
</trkpt>
<trkpt lat="46.0007459" lon="14.5549971">
	<ele>295.76</ele>
	<time>2026-07-28T17:11:15.764Z</time>
	<hdop>3.79</hdop>
	<extensions>
		<gpxtpx:TrackPointExtension>
			<gpxtpx:course>345.0</gpxtpx:course>
		</gpxtpx:TrackPointExtension>
	</extensions>
</trkpt>
<trkpt lat="46.0009899" lon="14.5548632">
	<ele>296.06</ele>
	<time>2026-07-28T17:11:21.764Z</time>
	<hdop>3.79</hdop>
	<extensions>
		<gpxtpx:TrackPointExtension>
			<gpxtpx:course>337.0</gpxtpx:course>
		</gpxtpx:TrackPointExtension>
	</extensions>
</trkpt>
<trkpt lat="46.0012095" lon="14.5547464">
	<ele>296.13</ele>
	<time>2026-07-28T17:11:27.764Z</time>
	<hdop>3.79</hdop>
	<extensions>
		<gpxtpx:TrackPointExtension>
			<gpxtpx:course>346.0</gpxtpx:course>
		</gpxtpx:TrackPointExtension>
	</extensions>
</trkpt>
<trkpt lat="46.0013448" lon="14.5547916">
	<ele>296.38</ele>
	<time>2026-07-28T17:11:32.764Z</time>
	<hdop>3.79</hdop>
	<extensions>
		<gpxtpx:TrackPointExtension>
			<gpxtpx:course>58.0</gpxtpx:course>
		</gpxtpx:TrackPointExtension>
	</extensions>
</trkpt>
<trkpt lat="46.0014052" lon="14.5550757">
	<ele>297.14</ele>
	<time>2026-07-28T17:11:37.764Z</time>
	<hdop>3.79</hdop>
	<extensions>
		<gpxtpx:TrackPointExtension>
			<gpxtpx:course>75.0</gpxtpx:course>
		</gpxtpx:TrackPointExtension>
	</extensions>
</trkpt>
<trkpt lat="46.0014305" lon="14.5553604">
	<ele>298.02</ele>
	<time>2026-07-28T17:11:42.765Z</time>
	<hdop>3.79</hdop>
	<extensions>
		<gpxtpx:TrackPointExtension>
			<gpxtpx:course>85.0</gpxtpx:course>
		</gpxtpx:TrackPointExtension>
	</extensions>
</trkpt>
<trkpt lat="46.0014834" lon="14.5556922">
	<ele>299.06</ele>
	<time>2026-07-28T17:11:48.764Z</time>
	<hdop>3.79</hdop>
	<extensions>
		<gpxtpx:TrackPointExtension>
			<gpxtpx:course>71.0</gpxtpx:course>
		</gpxtpx:TrackPointExtension>
	</extensions>
</trkpt>
<trkpt lat="46.0016189" lon="14.5559539">
	<ele>299.99</ele>
	<time>2026-07-28T17:11:53.765Z</time>
	<hdop>3.79</hdop>
	<extensions>
		<gpxtpx:TrackPointExtension>
			<gpxtpx:course>45.0</gpxtpx:course>
		</gpxtpx:TrackPointExtension>
	</extensions>
</trkpt>
<trkpt lat="46.0018100" lon="14.5562742">
	<ele>301.15</ele>
	<time>2026-07-28T17:11:59.763Z</time>
	<hdop>3.79</hdop>
	<extensions>
		<gpxtpx:TrackPointExtension>
			<gpxtpx:course>47.0</gpxtpx:course>
		</gpxtpx:TrackPointExtension>
	</extensions>
</trkpt>
<trkpt lat="46.0019613" lon="14.5565544">
	<ele>301.97</ele>
	<time>2026-07-28T17:12:04.764Z</time>
	<hdop>3.79</hdop>
	<extensions>
		<gpxtpx:TrackPointExtension>
			<gpxtpx:course>55.0</gpxtpx:course>
		</gpxtpx:TrackPointExtension>
	</extensions>
</trkpt>
<trkpt lat="46.0020814" lon="14.5568573">
	<ele>302.42</ele>
	<time>2026-07-28T17:12:09.764Z</time>
	<hdop>3.79</hdop>
	<extensions>
		<gpxtpx:TrackPointExtension>
			<gpxtpx:course>54.0</gpxtpx:course>
		</gpxtpx:TrackPointExtension>
	</extensions>
</trkpt>
<trkpt lat="46.0022221" lon="14.5571447">
	<ele>302.69</ele>
	<time>2026-07-28T17:12:14.764Z</time>
	<hdop>3.79</hdop>
	<extensions>
		<gpxtpx:TrackPointExtension>
			<gpxtpx:course>49.0</gpxtpx:course>
		</gpxtpx:TrackPointExtension>
	</extensions>
</trkpt>
<trkpt lat="46.0024053" lon="14.5573711">
	<ele>302.95</ele>
	<time>2026-07-28T17:12:19.764Z</time>
	<hdop>3.79</hdop>
	<extensions>
		<gpxtpx:TrackPointExtension>
			<gpxtpx:course>22.0</gpxtpx:course>
		</gpxtpx:TrackPointExtension>
	</extensions>
</trkpt>
<trkpt lat="46.0026324" lon="14.5573964">
	<ele>303.53</ele>
	<time>2026-07-28T17:12:24.764Z</time>
	<hdop>3.79</hdop>
	<extensions>
		<gpxtpx:TrackPointExtension>
			<gpxtpx:course>344.0</gpxtpx:course>
		</gpxtpx:TrackPointExtension>
	</extensions>
</trkpt>
<trkpt lat="46.0028435" lon="14.5572734">
	<ele>304.14</ele>
	<time>2026-07-28T17:12:29.764Z</time>
	<hdop>3.79</hdop>
	<extensions>
		<gpxtpx:TrackPointExtension>
			<gpxtpx:course>335.0</gpxtpx:course>
		</gpxtpx:TrackPointExtension>
	</extensions>
</trkpt>
<trkpt lat="46.0030552" lon="14.5571382">
	<ele>304.67</ele>
	<time>2026-07-28T17:12:34.764Z</time>
	<hdop>3.79</hdop>
	<extensions>
		<gpxtpx:TrackPointExtension>
			<gpxtpx:course>338.0</gpxtpx:course>
		</gpxtpx:TrackPointExtension>
	</extensions>
</trkpt>
<trkpt lat="46.0033400" lon="14.5570952">
	<ele>305.57</ele>
	<time>2026-07-28T17:12:40.763Z</time>
	<hdop>3.79</hdop>
	<extensions>
		<gpxtpx:TrackPointExtension>
			<gpxtpx:course>359.0</gpxtpx:course>
		</gpxtpx:TrackPointExtension>
	</extensions>
</trkpt>
<trkpt lat="46.0035893" lon="14.5571168">
	<ele>306.84</ele>
	<time>2026-07-28T17:12:45.764Z</time>
	<hdop>3.79</hdop>
	<extensions>
		<gpxtpx:TrackPointExtension>
			<gpxtpx:course>8.0</gpxtpx:course>
		</gpxtpx:TrackPointExtension>
	</extensions>
</trkpt>
<trkpt lat="46.0038501" lon="14.5572391">
	<ele>308.10</ele>
	<time>2026-07-28T17:12:51.764Z</time>
	<hdop>3.79</hdop>
	<extensions>
		<gpxtpx:TrackPointExtension>
			<gpxtpx:course>34.0</gpxtpx:course>
		</gpxtpx:TrackPointExtension>
	</extensions>
</trkpt>
<trkpt lat="46.0039469" lon="14.5575491">
	<ele>307.75</ele>
	<time>2026-07-28T17:12:56.764Z</time>
	<hdop>3.79</hdop>
	<extensions>
		<gpxtpx:TrackPointExtension>
			<gpxtpx:course>81.0</gpxtpx:course>
		</gpxtpx:TrackPointExtension>
	</extensions>
</trkpt>
<trkpt lat="46.0039440" lon="14.5579282">
	<ele>307.58</ele>
	<time>2026-07-28T17:13:01.764Z</time>
	<hdop>3.79</hdop>
	<extensions>
		<gpxtpx:TrackPointExtension>
			<gpxtpx:course>95.0</gpxtpx:course>
		</gpxtpx:TrackPointExtension>
	</extensions>
</trkpt>
<trkpt lat="46.0039150" lon="14.5583777">
	<ele>307.78</ele>
	<time>2026-07-28T17:13:07.763Z</time>
	<hdop>3.79</hdop>
	<extensions>
		<gpxtpx:TrackPointExtension>
			<gpxtpx:course>94.0</gpxtpx:course>
		</gpxtpx:TrackPointExtension>
	</extensions>
</trkpt>
<trkpt lat="46.0038737" lon="14.5587269">
	<ele>307.76</ele>
	<time>2026-07-28T17:13:12.764Z</time>
	<hdop>3.79</hdop>
	<extensions>
		<gpxtpx:TrackPointExtension>
			<gpxtpx:course>100.0</gpxtpx:course>
		</gpxtpx:TrackPointExtension>
	</extensions>
</trkpt>
<trkpt lat="46.0038460" lon="14.5591182">
	<ele>307.54</ele>
	<time>2026-07-28T17:13:17.764Z</time>
	<hdop>3.79</hdop>
	<extensions>
		<gpxtpx:TrackPointExtension>
			<gpxtpx:course>95.0</gpxtpx:course>
		</gpxtpx:TrackPointExtension>
	</extensions>
</trkpt>
<trkpt lat="46.0038235" lon="14.5595792">
	<ele>306.05</ele>
	<time>2026-07-28T17:13:23.764Z</time>
	<hdop>3.79</hdop>
	<extensions>
		<gpxtpx:TrackPointExtension>
			<gpxtpx:course>95.0</gpxtpx:course>
		</gpxtpx:TrackPointExtension>
	</extensions>
</trkpt>
<trkpt lat="46.0037782" lon="14.5599325">
	<ele>305.09</ele>
	<time>2026-07-28T17:13:28.764Z</time>
	<hdop>3.79</hdop>
	<extensions>
		<gpxtpx:TrackPointExtension>
			<gpxtpx:course>100.0</gpxtpx:course>
		</gpxtpx:TrackPointExtension>
	</extensions>
</trkpt>
<trkpt lat="46.0037746" lon="14.5603205">
	<ele>306.47</ele>
	<time>2026-07-28T17:13:34.764Z</time>
	<hdop>3.79</hdop>
	<extensions>
		<gpxtpx:TrackPointExtension>
			<gpxtpx:course>92.0</gpxtpx:course>
		</gpxtpx:TrackPointExtension>
	</extensions>
</trkpt>
<trkpt lat="46.0037270" lon="14.5606445">
	<ele>309.05</ele>
	<time>2026-07-28T17:13:39.764Z</time>
	<hdop>3.79</hdop>
	<extensions>
		<gpxtpx:TrackPointExtension>
			<gpxtpx:course>109.0</gpxtpx:course>
		</gpxtpx:TrackPointExtension>
	</extensions>
</trkpt>
<trkpt lat="46.0036566" lon="14.5609022">
	<ele>312.26</ele>
	<time>2026-07-28T17:13:44.764Z</time>
	<hdop>3.79</hdop>
	<extensions>
		<gpxtpx:TrackPointExtension>
			<gpxtpx:course>115.0</gpxtpx:course>
		</gpxtpx:TrackPointExtension>
	</extensions>
</trkpt>
<trkpt lat="46.0035505" lon="14.5611451">
	<ele>316.26</ele>
	<time>2026-07-28T17:13:50.764Z</time>
	<hdop>3.79</hdop>
	<extensions>
		<gpxtpx:TrackPointExtension>
			<gpxtpx:course>128.0</gpxtpx:course>
		</gpxtpx:TrackPointExtension>
	</extensions>
</trkpt>
<trkpt lat="46.0034468" lon="14.5613013">
	<ele>318.92</ele>
	<time>2026-07-28T17:13:55.764Z</time>
	<hdop>3.79</hdop>
	<extensions>
		<gpxtpx:TrackPointExtension>
			<gpxtpx:course>123.0</gpxtpx:course>
		</gpxtpx:TrackPointExtension>
	</extensions>
</trkpt>
<trkpt lat="46.0033717" lon="14.5614666">
	<ele>321.33</ele>
	<time>2026-07-28T17:14:00.764Z</time>
	<hdop>3.79</hdop>
	<extensions>
		<gpxtpx:TrackPointExtension>
			<gpxtpx:course>108.0</gpxtpx:course>
		</gpxtpx:TrackPointExtension>
	</extensions>
</trkpt>
<trkpt lat="46.0033224" lon="14.5616898">
	<ele>324.08</ele>
	<time>2026-07-28T17:14:06.764Z</time>
	<hdop>3.79</hdop>
	<extensions>
		<gpxtpx:TrackPointExtension>
			<gpxtpx:course>110.0</gpxtpx:course>
		</gpxtpx:TrackPointExtension>
	</extensions>
</trkpt>
<trkpt lat="46.0032802" lon="14.5619196">
	<ele>326.42</ele>
	<time>2026-07-28T17:14:12.764Z</time>
	<hdop>3.79</hdop>
	<extensions>
		<gpxtpx:TrackPointExtension>
			<gpxtpx:course>110.0</gpxtpx:course>
		</gpxtpx:TrackPointExtension>
	</extensions>
</trkpt>
<trkpt lat="46.0032618" lon="14.5621114">
	<ele>328.23</ele>
	<time>2026-07-28T17:14:17.764Z</time>
	<hdop>3.79</hdop>
	<extensions>
		<gpxtpx:TrackPointExtension>
			<gpxtpx:course>98.0</gpxtpx:course>
		</gpxtpx:TrackPointExtension>
	</extensions>
</trkpt>
<trkpt lat="46.0032251" lon="14.5623151">
	<ele>329.30</ele>
	<time>2026-07-28T17:14:23.764Z</time>
	<hdop>3.79</hdop>
	<extensions>
		<gpxtpx:TrackPointExtension>
			<gpxtpx:course>96.0</gpxtpx:course>
		</gpxtpx:TrackPointExtension>
	</extensions>
</trkpt>
<trkpt lat="46.0032245" lon="14.5624913">
	<ele>329.98</ele>
	<time>2026-07-28T17:14:28.764Z</time>
	<hdop>3.79</hdop>
	<extensions>
		<gpxtpx:TrackPointExtension>
			<gpxtpx:course>85.0</gpxtpx:course>
		</gpxtpx:TrackPointExtension>
	</extensions>
</trkpt>
<trkpt lat="46.0033045" lon="14.5626224">
	<ele>331.33</ele>
	<time>2026-07-28T17:14:33.764Z</time>
	<hdop>3.79</hdop>
	<extensions>
		<gpxtpx:TrackPointExtension>
			<gpxtpx:course>32.0</gpxtpx:course>
		</gpxtpx:TrackPointExtension>
	</extensions>
</trkpt>
<trkpt lat="46.0034310" lon="14.5627215">
	<ele>333.62</ele>
	<time>2026-07-28T17:14:39.764Z</time>
	<hdop>3.79</hdop>
	<extensions>
		<gpxtpx:TrackPointExtension>
			<gpxtpx:course>43.0</gpxtpx:course>
		</gpxtpx:TrackPointExtension>
	</extensions>
</trkpt>
<trkpt lat="46.0035020" lon="14.5628617">
	<ele>334.47</ele>
	<time>2026-07-28T17:14:44.764Z</time>
	<hdop>3.79</hdop>
	<extensions>
		<gpxtpx:TrackPointExtension>
			<gpxtpx:course>56.0</gpxtpx:course>
		</gpxtpx:TrackPointExtension>
	</extensions>
</trkpt>
<trkpt lat="46.0035853" lon="14.5629788">
	<ele>335.33</ele>
	<time>2026-07-28T17:14:49.764Z</time>
	<hdop>3.79</hdop>
	<extensions>
		<gpxtpx:TrackPointExtension>
			<gpxtpx:course>31.0</gpxtpx:course>
		</gpxtpx:TrackPointExtension>
	</extensions>
</trkpt>
<trkpt lat="46.0036916" lon="14.5630834">
	<ele>336.62</ele>
	<time>2026-07-28T17:14:54.764Z</time>
	<hdop>3.79</hdop>
	<extensions>
		<gpxtpx:TrackPointExtension>
			<gpxtpx:course>39.0</gpxtpx:course>
		</gpxtpx:TrackPointExtension>
	</extensions>
</trkpt>
<trkpt lat="46.0038411" lon="14.5631868">
	<ele>338.62</ele>
	<time>2026-07-28T17:15:00.764Z</time>
	<hdop>3.79</hdop>
	<extensions>
		<gpxtpx:TrackPointExtension>
			<gpxtpx:course>17.0</gpxtpx:course>
		</gpxtpx:TrackPointExtension>
	</extensions>
</trkpt>
<trkpt lat="46.0039791" lon="14.5632483">
	<ele>340.80</ele>
	<time>2026-07-28T17:15:05.764Z</time>
	<hdop>3.79</hdop>
	<extensions>
		<gpxtpx:TrackPointExtension>
			<gpxtpx:course>12.0</gpxtpx:course>
		</gpxtpx:TrackPointExtension>
	</extensions>
</trkpt>
<trkpt lat="46.0041194" lon="14.5633171">
	<ele>343.01</ele>
	<time>2026-07-28T17:15:10.764Z</time>
	<hdop>3.79</hdop>
	<extensions>
		<gpxtpx:TrackPointExtension>
			<gpxtpx:course>17.0</gpxtpx:course>
		</gpxtpx:TrackPointExtension>
	</extensions>
</trkpt>
<trkpt lat="46.0042586" lon="14.5633559">
	<ele>345.70</ele>
	<time>2026-07-28T17:15:15.764Z</time>
	<hdop>3.79</hdop>
	<extensions>
		<gpxtpx:TrackPointExtension>
			<gpxtpx:course>15.0</gpxtpx:course>
		</gpxtpx:TrackPointExtension>
	</extensions>
</trkpt>
<trkpt lat="46.0044089" lon="14.5634290">
	<ele>348.71</ele>
	<time>2026-07-28T17:15:21.764Z</time>
	<hdop>3.79</hdop>
	<extensions>
		<gpxtpx:TrackPointExtension>
			<gpxtpx:course>17.0</gpxtpx:course>
		</gpxtpx:TrackPointExtension>
	</extensions>
</trkpt>
<trkpt lat="46.0045894" lon="14.5635078">
	<ele>352.95</ele>
	<time>2026-07-28T17:15:27.764Z</time>
	<hdop>3.79</hdop>
	<extensions>
		<gpxtpx:TrackPointExtension>
			<gpxtpx:course>15.0</gpxtpx:course>
		</gpxtpx:TrackPointExtension>
	</extensions>
</trkpt>
<trkpt lat="46.0047166" lon="14.5635999">
	<ele>355.74</ele>
	<time>2026-07-28T17:15:32.764Z</time>
	<hdop>3.79</hdop>
	<extensions>
		<gpxtpx:TrackPointExtension>
			<gpxtpx:course>20.0</gpxtpx:course>
		</gpxtpx:TrackPointExtension>
	</extensions>
</trkpt>
<trkpt lat="46.0048432" lon="14.5637592">
	<ele>357.73</ele>
	<time>2026-07-28T17:15:38.764Z</time>
	<hdop>3.79</hdop>
	<extensions>
		<gpxtpx:TrackPointExtension>
			<gpxtpx:course>58.0</gpxtpx:course>
		</gpxtpx:TrackPointExtension>
	</extensions>
</trkpt>
<trkpt lat="46.0049225" lon="14.5639472">
	<ele>357.61</ele>
	<time>2026-07-28T17:15:43.764Z</time>
	<hdop>3.79</hdop>
	<extensions>
		<gpxtpx:TrackPointExtension>
			<gpxtpx:course>56.0</gpxtpx:course>
		</gpxtpx:TrackPointExtension>
	</extensions>
</trkpt>
<trkpt lat="46.0050024" lon="14.5641627">
	<ele>358.05</ele>
	<time>2026-07-28T17:15:49.763Z</time>
	<hdop>3.79</hdop>
	<extensions>
		<gpxtpx:TrackPointExtension>
			<gpxtpx:course>64.0</gpxtpx:course>
		</gpxtpx:TrackPointExtension>
	</extensions>
</trkpt>
<trkpt lat="46.0050671" lon="14.5643626">
	<ele>359.23</ele>
	<time>2026-07-28T17:15:54.763Z</time>
	<hdop>3.79</hdop>
	<extensions>
		<gpxtpx:TrackPointExtension>
			<gpxtpx:course>65.0</gpxtpx:course>
		</gpxtpx:TrackPointExtension>
	</extensions>
</trkpt>
<trkpt lat="46.0051435" lon="14.5645716">
	<ele>360.50</ele>
	<time>2026-07-28T17:15:59.764Z</time>
	<hdop>3.79</hdop>
	<extensions>
		<gpxtpx:TrackPointExtension>
			<gpxtpx:course>61.0</gpxtpx:course>
		</gpxtpx:TrackPointExtension>
	</extensions>
</trkpt>
<trkpt lat="46.0052306" lon="14.5647483">
	<ele>360.73</ele>
	<time>2026-07-28T17:16:04.764Z</time>
	<hdop>3.79</hdop>
	<extensions>
		<gpxtpx:TrackPointExtension>
			<gpxtpx:course>44.0</gpxtpx:course>
		</gpxtpx:TrackPointExtension>
	</extensions>
</trkpt>
<trkpt lat="46.0054053" lon="14.5647886">
	<ele>360.36</ele>
	<time>2026-07-28T17:16:10.764Z</time>
	<hdop>3.79</hdop>
	<extensions>
		<gpxtpx:TrackPointExtension>
			<gpxtpx:course>345.0</gpxtpx:course>
		</gpxtpx:TrackPointExtension>
	</extensions>
</trkpt>
<trkpt lat="46.0055624" lon="14.5646928">
	<ele>361.59</ele>
	<time>2026-07-28T17:16:16.763Z</time>
	<hdop>3.79</hdop>
	<extensions>
		<gpxtpx:TrackPointExtension>
			<gpxtpx:course>332.0</gpxtpx:course>
		</gpxtpx:TrackPointExtension>
	</extensions>
</trkpt>
<trkpt lat="46.0057045" lon="14.5645668">
	<ele>364.46</ele>
	<time>2026-07-28T17:16:21.763Z</time>
	<hdop>3.79</hdop>
	<extensions>
		<gpxtpx:TrackPointExtension>
			<gpxtpx:course>330.0</gpxtpx:course>
		</gpxtpx:TrackPointExtension>
	</extensions>
</trkpt>
<trkpt lat="46.0058406" lon="14.5644780">
	<ele>367.56</ele>
	<time>2026-07-28T17:16:26.764Z</time>
	<hdop>3.79</hdop>
	<extensions>
		<gpxtpx:TrackPointExtension>
			<gpxtpx:course>337.0</gpxtpx:course>
		</gpxtpx:TrackPointExtension>
	</extensions>
</trkpt>
<trkpt lat="46.0059970" lon="14.5644227">
	<ele>370.17</ele>
	<time>2026-07-28T17:16:31.764Z</time>
	<hdop>3.79</hdop>
	<extensions>
		<gpxtpx:TrackPointExtension>
			<gpxtpx:course>350.0</gpxtpx:course>
		</gpxtpx:TrackPointExtension>
	</extensions>
</trkpt>
<trkpt lat="46.0061651" lon="14.5644055">
	<ele>371.54</ele>
	<time>2026-07-28T17:16:36.764Z</time>
	<hdop>3.79</hdop>
	<extensions>
		<gpxtpx:TrackPointExtension>
			<gpxtpx:course>359.0</gpxtpx:course>
		</gpxtpx:TrackPointExtension>
	</extensions>
</trkpt>
<trkpt lat="46.0063628" lon="14.5643985">
	<ele>372.49</ele>
	<time>2026-07-28T17:16:41.764Z</time>
	<hdop>3.79</hdop>
	<extensions>
		<gpxtpx:TrackPointExtension>
			<gpxtpx:course>2.0</gpxtpx:course>
		</gpxtpx:TrackPointExtension>
	</extensions>
</trkpt>
<trkpt lat="46.0065899" lon="14.5643868">
	<ele>373.42</ele>
	<time>2026-07-28T17:16:47.762Z</time>
	<hdop>3.79</hdop>
	<extensions>
		<gpxtpx:TrackPointExtension>
			<gpxtpx:course>2.0</gpxtpx:course>
		</gpxtpx:TrackPointExtension>
	</extensions>
</trkpt>
<trkpt lat="46.0067913" lon="14.5643770">
	<ele>374.21</ele>
	<time>2026-07-28T17:16:52.764Z</time>
	<hdop>3.79</hdop>
	<extensions>
		<gpxtpx:TrackPointExtension>
			<gpxtpx:course>352.0</gpxtpx:course>
		</gpxtpx:TrackPointExtension>
	</extensions>
</trkpt>
<trkpt lat="46.0069983" lon="14.5643291">
	<ele>375.50</ele>
	<time>2026-07-28T17:16:57.764Z</time>
	<hdop>3.79</hdop>
	<extensions>
		<gpxtpx:TrackPointExtension>
			<gpxtpx:course>353.0</gpxtpx:course>
		</gpxtpx:TrackPointExtension>
	</extensions>
</trkpt>
<trkpt lat="46.0072579" lon="14.5642823">
	<ele>376.68</ele>
	<time>2026-07-28T17:17:03.762Z</time>
	<hdop>3.79</hdop>
	<extensions>
		<gpxtpx:TrackPointExtension>
			<gpxtpx:course>352.0</gpxtpx:course>
		</gpxtpx:TrackPointExtension>
	</extensions>
</trkpt>
<trkpt lat="46.0074702" lon="14.5642365">
	<ele>377.93</ele>
	<time>2026-07-28T17:17:08.762Z</time>
	<hdop>3.79</hdop>
	<extensions>
		<gpxtpx:TrackPointExtension>
			<gpxtpx:course>349.0</gpxtpx:course>
		</gpxtpx:TrackPointExtension>
	</extensions>
</trkpt>
<trkpt lat="46.0076785" lon="14.5642171">
	<ele>379.73</ele>
	<time>2026-07-28T17:17:13.763Z</time>
	<hdop>3.79</hdop>
	<extensions>
		<gpxtpx:TrackPointExtension>
			<gpxtpx:course>7.0</gpxtpx:course>
		</gpxtpx:TrackPointExtension>
	</extensions>
</trkpt>
<trkpt lat="46.0078809" lon="14.5643339">
	<ele>379.90</ele>
	<time>2026-07-28T17:17:18.764Z</time>
	<hdop>3.79</hdop>
	<extensions>
		<gpxtpx:TrackPointExtension>
			<gpxtpx:course>26.0</gpxtpx:course>
		</gpxtpx:TrackPointExtension>
	</extensions>
</trkpt>
<trkpt lat="46.0082348" lon="14.5644627">
	<ele>378.54</ele>
	<time>2026-07-28T17:17:24.764Z</time>
	<hdop>3.79</hdop>
	<extensions>
		<gpxtpx:TrackPointExtension>
			<gpxtpx:course>12.0</gpxtpx:course>
		</gpxtpx:TrackPointExtension>
	</extensions>
</trkpt>
<trkpt lat="46.0086859" lon="14.5647255">
	<ele>371.66</ele>
	<time>2026-07-28T17:17:30.764Z</time>
	<hdop>3.79</hdop>
	<extensions>
		<gpxtpx:TrackPointExtension>
			<gpxtpx:course>28.0</gpxtpx:course>
		</gpxtpx:TrackPointExtension>
	</extensions>
</trkpt>
<trkpt lat="46.0089982" lon="14.5651773">
	<ele>374.34</ele>
	<time>2026-07-28T17:17:36.763Z</time>
	<hdop>3.79</hdop>
	<extensions>
		<gpxtpx:TrackPointExtension>
			<gpxtpx:course>70.0</gpxtpx:course>
		</gpxtpx:TrackPointExtension>
	</extensions>
</trkpt>
<trkpt lat="46.0090182" lon="14.5656161">
	<ele>379.94</ele>
	<time>2026-07-28T17:17:42.763Z</time>
	<hdop>3.79</hdop>
	<extensions>
		<gpxtpx:TrackPointExtension>
			<gpxtpx:course>93.0</gpxtpx:course>
		</gpxtpx:TrackPointExtension>
	</extensions>
</trkpt>
<trkpt lat="46.0090165" lon="14.5660327">
	<ele>383.37</ele>
	<time>2026-07-28T17:17:48.763Z</time>
	<hdop>3.79</hdop>
	<extensions>
		<gpxtpx:TrackPointExtension>
			<gpxtpx:course>83.0</gpxtpx:course>
		</gpxtpx:TrackPointExtension>
	</extensions>
</trkpt>
<trkpt lat="46.0090722" lon="14.5663813">
	<ele>386.47</ele>
	<time>2026-07-28T17:17:54.763Z</time>
	<hdop>3.79</hdop>
	<extensions>
		<gpxtpx:TrackPointExtension>
			<gpxtpx:course>58.0</gpxtpx:course>
		</gpxtpx:TrackPointExtension>
	</extensions>
</trkpt>
<trkpt lat="46.0091780" lon="14.5665629">
	<ele>388.57</ele>
	<time>2026-07-28T17:17:59.763Z</time>
	<hdop>3.79</hdop>
	<extensions>
		<gpxtpx:TrackPointExtension>
			<gpxtpx:course>41.0</gpxtpx:course>
		</gpxtpx:TrackPointExtension>
	</extensions>
</trkpt>
<trkpt lat="46.0093572" lon="14.5666848">
	<ele>391.39</ele>
	<time>2026-07-28T17:18:04.764Z</time>
	<hdop>3.79</hdop>
	<extensions>
		<gpxtpx:TrackPointExtension>
			<gpxtpx:course>27.0</gpxtpx:course>
		</gpxtpx:TrackPointExtension>
	</extensions>
</trkpt>
<trkpt lat="46.0095953" lon="14.5668076">
	<ele>394.79</ele>
	<time>2026-07-28T17:18:10.763Z</time>
	<hdop>3.79</hdop>
	<extensions>
		<gpxtpx:TrackPointExtension>
			<gpxtpx:course>15.0</gpxtpx:course>
		</gpxtpx:TrackPointExtension>
	</extensions>
</trkpt>
<trkpt lat="46.0098097" lon="14.5668513">
	<ele>397.23</ele>
	<time>2026-07-28T17:18:15.764Z</time>
	<hdop>3.79</hdop>
	<extensions>
		<gpxtpx:TrackPointExtension>
			<gpxtpx:course>3.0</gpxtpx:course>
		</gpxtpx:TrackPointExtension>
	</extensions>
</trkpt>
<trkpt lat="46.0100195" lon="14.5668707">
	<ele>397.80</ele>
	<time>2026-07-28T17:18:20.764Z</time>
	<hdop>3.79</hdop>
	<extensions>
		<gpxtpx:TrackPointExtension>
			<gpxtpx:course>8.0</gpxtpx:course>
		</gpxtpx:TrackPointExtension>
	</extensions>
</trkpt>
<trkpt lat="46.0102561" lon="14.5669606">
	<ele>396.13</ele>
	<time>2026-07-28T17:18:26.763Z</time>
	<hdop>3.79</hdop>
	<extensions>
		<gpxtpx:TrackPointExtension>
			<gpxtpx:course>31.0</gpxtpx:course>
		</gpxtpx:TrackPointExtension>
	</extensions>
</trkpt>
<trkpt lat="46.0104334" lon="14.5672338">
	<ele>396.59</ele>
	<time>2026-07-28T17:18:32.763Z</time>
	<hdop>3.79</hdop>
	<extensions>
		<gpxtpx:TrackPointExtension>
			<gpxtpx:course>42.0</gpxtpx:course>
		</gpxtpx:TrackPointExtension>
	</extensions>
</trkpt>
<trkpt lat="46.0105858" lon="14.5674337">
	<ele>398.09</ele>
	<time>2026-07-28T17:18:37.764Z</time>
	<hdop>3.79</hdop>
	<extensions>
		<gpxtpx:TrackPointExtension>
			<gpxtpx:course>47.0</gpxtpx:course>
		</gpxtpx:TrackPointExtension>
	</extensions>
</trkpt>
<trkpt lat="46.0106854" lon="14.5676772">
	<ele>400.88</ele>
	<time>2026-07-28T17:18:42.764Z</time>
	<hdop>3.79</hdop>
	<extensions>
		<gpxtpx:TrackPointExtension>
			<gpxtpx:course>74.0</gpxtpx:course>
		</gpxtpx:TrackPointExtension>
	</extensions>
</trkpt>
<trkpt lat="46.0107536" lon="14.5679793">
	<ele>404.62</ele>
	<time>2026-07-28T17:18:48.762Z</time>
	<hdop>3.79</hdop>
	<extensions>
		<gpxtpx:TrackPointExtension>
			<gpxtpx:course>74.0</gpxtpx:course>
		</gpxtpx:TrackPointExtension>
	</extensions>
</trkpt>
<trkpt lat="46.0107923" lon="14.5682306">
	<ele>407.85</ele>
	<time>2026-07-28T17:18:53.763Z</time>
	<hdop>3.79</hdop>
	<extensions>
		<gpxtpx:TrackPointExtension>
			<gpxtpx:course>70.0</gpxtpx:course>
		</gpxtpx:TrackPointExtension>
	</extensions>
</trkpt>
<trkpt lat="46.0108341" lon="14.5684939">
	<ele>411.37</ele>
	<time>2026-07-28T17:18:58.763Z</time>
	<hdop>3.79</hdop>
	<extensions>
		<gpxtpx:TrackPointExtension>
			<gpxtpx:course>74.0</gpxtpx:course>
		</gpxtpx:TrackPointExtension>
	</extensions>
</trkpt>
<trkpt lat="46.0108698" lon="14.5687283">
	<ele>414.70</ele>
	<time>2026-07-28T17:19:03.764Z</time>
	<hdop>3.79</hdop>
	<extensions>
		<gpxtpx:TrackPointExtension>
			<gpxtpx:course>74.0</gpxtpx:course>
		</gpxtpx:TrackPointExtension>
	</extensions>
</trkpt>
<trkpt lat="46.0108679" lon="14.5689357">
	<ele>418.01</ele>
	<time>2026-07-28T17:19:08.764Z</time>
	<hdop>3.79</hdop>
	<extensions>
		<gpxtpx:TrackPointExtension>
			<gpxtpx:course>89.0</gpxtpx:course>
		</gpxtpx:TrackPointExtension>
	</extensions>
</trkpt>
<trkpt lat="46.0108466" lon="14.5691603">
	<ele>421.55</ele>
	<time>2026-07-28T17:19:14.763Z</time>
	<hdop>3.79</hdop>
	<extensions>
		<gpxtpx:TrackPointExtension>
			<gpxtpx:course>98.0</gpxtpx:course>
		</gpxtpx:TrackPointExtension>
	</extensions>
</trkpt>
<trkpt lat="46.0108209" lon="14.5693998">
	<ele>425.09</ele>
	<time>2026-07-28T17:19:20.762Z</time>
	<hdop>3.79</hdop>
	<extensions>
		<gpxtpx:TrackPointExtension>
			<gpxtpx:course>94.0</gpxtpx:course>
		</gpxtpx:TrackPointExtension>
	</extensions>
</trkpt>
<trkpt lat="46.0108139" lon="14.5695807">
	<ele>427.52</ele>
	<time>2026-07-28T17:19:25.764Z</time>
	<hdop>3.79</hdop>
	<extensions>
		<gpxtpx:TrackPointExtension>
			<gpxtpx:course>82.0</gpxtpx:course>
		</gpxtpx:TrackPointExtension>
	</extensions>
</trkpt>
<trkpt lat="46.0108707" lon="14.5698330">
	<ele>429.48</ele>
	<time>2026-07-28T17:19:31.764Z</time>
	<hdop>3.79</hdop>
	<extensions>
		<gpxtpx:TrackPointExtension>
			<gpxtpx:course>59.0</gpxtpx:course>
		</gpxtpx:TrackPointExtension>
	</extensions>
</trkpt>
<trkpt lat="46.0109583" lon="14.5700200">
	<ele>429.41</ele>
	<time>2026-07-28T17:19:36.764Z</time>
	<hdop>3.79</hdop>
	<extensions>
		<gpxtpx:TrackPointExtension>
			<gpxtpx:course>51.0</gpxtpx:course>
		</gpxtpx:TrackPointExtension>
	</extensions>
</trkpt>
<trkpt lat="46.0111061" lon="14.5701992">
	<ele>428.43</ele>
	<time>2026-07-28T17:19:42.764Z</time>
	<hdop>3.79</hdop>
	<extensions>
		<gpxtpx:TrackPointExtension>
			<gpxtpx:course>43.0</gpxtpx:course>
		</gpxtpx:TrackPointExtension>
	</extensions>
</trkpt>
<trkpt lat="46.0112341" lon="14.5703730">
	<ele>429.45</ele>
	<time>2026-07-28T17:19:48.762Z</time>
	<hdop>3.79</hdop>
	<extensions>
		<gpxtpx:TrackPointExtension>
			<gpxtpx:course>48.0</gpxtpx:course>
		</gpxtpx:TrackPointExtension>
	</extensions>
</trkpt>
<trkpt lat="46.0113211" lon="14.5705485">
	<ele>432.59</ele>
	<time>2026-07-28T17:19:53.762Z</time>
	<hdop>3.79</hdop>
	<extensions>
		<gpxtpx:TrackPointExtension>
			<gpxtpx:course>67.0</gpxtpx:course>
		</gpxtpx:TrackPointExtension>
	</extensions>
</trkpt>
<trkpt lat="46.0113642" lon="14.5707817">
	<ele>436.58</ele>
	<time>2026-07-28T17:19:58.764Z</time>
	<hdop>3.79</hdop>
	<extensions>
		<gpxtpx:TrackPointExtension>
			<gpxtpx:course>83.0</gpxtpx:course>
		</gpxtpx:TrackPointExtension>
	</extensions>
</trkpt>
<trkpt lat="46.0114263" lon="14.5710801">
	<ele>439.66</ele>
	<time>2026-07-28T17:20:04.762Z</time>
	<hdop>3.79</hdop>
	<extensions>
		<gpxtpx:TrackPointExtension>
			<gpxtpx:course>65.0</gpxtpx:course>
		</gpxtpx:TrackPointExtension>
	</extensions>
</trkpt>
<trkpt lat="46.0115239" lon="14.5712822">
	<ele>441.81</ele>
	<time>2026-07-28T17:20:09.763Z</time>
	<hdop>3.79</hdop>
	<extensions>
		<gpxtpx:TrackPointExtension>
			<gpxtpx:course>52.0</gpxtpx:course>
		</gpxtpx:TrackPointExtension>
	</extensions>
</trkpt>
<trkpt lat="46.0116716" lon="14.5715120">
	<ele>443.84</ele>
	<time>2026-07-28T17:20:15.763Z</time>
	<hdop>3.79</hdop>
	<extensions>
		<gpxtpx:TrackPointExtension>
			<gpxtpx:course>49.0</gpxtpx:course>
		</gpxtpx:TrackPointExtension>
	</extensions>
</trkpt>
<trkpt lat="46.0117628" lon="14.5716962">
	<ele>444.77</ele>
	<time>2026-07-28T17:20:20.763Z</time>
	<hdop>3.79</hdop>
	<extensions>
		<gpxtpx:TrackPointExtension>
			<gpxtpx:course>65.0</gpxtpx:course>
		</gpxtpx:TrackPointExtension>
	</extensions>
</trkpt>
<trkpt lat="46.0118278" lon="14.5718975">
	<ele>444.68</ele>
	<time>2026-07-28T17:20:25.764Z</time>
	<hdop>3.79</hdop>
	<extensions>
		<gpxtpx:TrackPointExtension>
			<gpxtpx:course>62.0</gpxtpx:course>
		</gpxtpx:TrackPointExtension>
	</extensions>
</trkpt>
<trkpt lat="46.0119167" lon="14.5721749">
	<ele>442.74</ele>
	<time>2026-07-28T17:20:31.763Z</time>
	<hdop>3.79</hdop>
	<extensions>
		<gpxtpx:TrackPointExtension>
			<gpxtpx:course>67.0</gpxtpx:course>
		</gpxtpx:TrackPointExtension>
	</extensions>
</trkpt>
<trkpt lat="46.0119756" lon="14.5723837">
	<ele>440.36</ele>
	<time>2026-07-28T17:20:36.764Z</time>
	<hdop>3.79</hdop>
	<extensions>
		<gpxtpx:TrackPointExtension>
			<gpxtpx:course>68.0</gpxtpx:course>
		</gpxtpx:TrackPointExtension>
	</extensions>
</trkpt>
<trkpt lat="46.0120359" lon="14.5726269">
	<ele>438.25</ele>
	<time>2026-07-28T17:20:42.763Z</time>
	<hdop>3.79</hdop>
	<extensions>
		<gpxtpx:TrackPointExtension>
			<gpxtpx:course>60.0</gpxtpx:course>
		</gpxtpx:TrackPointExtension>
	</extensions>
</trkpt>
<trkpt lat="46.0121828" lon="14.5726980">
	<ele>437.58</ele>
	<time>2026-07-28T17:20:47.764Z</time>
	<hdop>3.79</hdop>
	<extensions>
		<gpxtpx:TrackPointExtension>
			<gpxtpx:course>338.0</gpxtpx:course>
		</gpxtpx:TrackPointExtension>
	</extensions>
</trkpt>
<trkpt lat="46.0123358" lon="14.5724330">
	<ele>439.44</ele>
	<time>2026-07-28T17:20:53.762Z</time>
	<hdop>3.79</hdop>
	<extensions>
		<gpxtpx:TrackPointExtension>
			<gpxtpx:course>317.0</gpxtpx:course>
		</gpxtpx:TrackPointExtension>
	</extensions>
</trkpt>
<trkpt lat="46.0124374" lon="14.5721977">
	<ele>443.56</ele>
	<time>2026-07-28T17:20:58.763Z</time>
	<hdop>3.79</hdop>
	<extensions>
		<gpxtpx:TrackPointExtension>
			<gpxtpx:course>313.0</gpxtpx:course>
		</gpxtpx:TrackPointExtension>
	</extensions>
</trkpt>
<trkpt lat="46.0125520" lon="14.5719725">
	<ele>448.26</ele>
	<time>2026-07-28T17:21:03.764Z</time>
	<hdop>3.79</hdop>
	<extensions>
		<gpxtpx:TrackPointExtension>
			<gpxtpx:course>316.0</gpxtpx:course>
		</gpxtpx:TrackPointExtension>
	</extensions>
</trkpt>
<trkpt lat="46.0127083" lon="14.5717793">
	<ele>449.98</ele>
	<time>2026-07-28T17:21:09.763Z</time>
	<hdop>3.79</hdop>
	<extensions>
		<gpxtpx:TrackPointExtension>
			<gpxtpx:course>330.0</gpxtpx:course>
		</gpxtpx:TrackPointExtension>
	</extensions>
</trkpt>
<trkpt lat="46.0128921" lon="14.5716775">
	<ele>448.72</ele>
	<time>2026-07-28T17:21:15.762Z</time>
	<hdop>3.79</hdop>
	<extensions>
		<gpxtpx:TrackPointExtension>
			<gpxtpx:course>340.0</gpxtpx:course>
		</gpxtpx:TrackPointExtension>
	</extensions>
</trkpt>
<trkpt lat="46.0130758" lon="14.5715923">
	<ele>446.98</ele>
	<time>2026-07-28T17:21:20.763Z</time>
	<hdop>3.79</hdop>
	<extensions>
		<gpxtpx:TrackPointExtension>
			<gpxtpx:course>339.0</gpxtpx:course>
		</gpxtpx:TrackPointExtension>
	</extensions>
</trkpt>
<trkpt lat="46.0133013" lon="14.5714521">
	<ele>445.43</ele>
	<time>2026-07-28T17:21:26.764Z</time>
	<hdop>3.79</hdop>
	<extensions>
		<gpxtpx:TrackPointExtension>
			<gpxtpx:course>332.0</gpxtpx:course>
		</gpxtpx:TrackPointExtension>
	</extensions>
</trkpt>
<trkpt lat="46.0135322" lon="14.5713089">
	<ele>445.05</ele>
	<time>2026-07-28T17:21:32.763Z</time>
	<hdop>3.79</hdop>
	<extensions>
		<gpxtpx:TrackPointExtension>
			<gpxtpx:course>334.0</gpxtpx:course>
		</gpxtpx:TrackPointExtension>
	</extensions>
</trkpt>
<trkpt lat="46.0137520" lon="14.5711723">
	<ele>445.53</ele>
	<time>2026-07-28T17:21:38.762Z</time>
	<hdop>3.79</hdop>
	<extensions>
		<gpxtpx:TrackPointExtension>
			<gpxtpx:course>330.0</gpxtpx:course>
		</gpxtpx:TrackPointExtension>
	</extensions>
</trkpt>
<trkpt lat="46.0139749" lon="14.5710587">
	<ele>446.80</ele>
	<time>2026-07-28T17:21:43.762Z</time>
	<hdop>3.79</hdop>
	<extensions>
		<gpxtpx:TrackPointExtension>
			<gpxtpx:course>329.0</gpxtpx:course>
		</gpxtpx:TrackPointExtension>
	</extensions>
</trkpt>
<trkpt lat="46.0141701" lon="14.5708449">
	<ele>447.19</ele>
	<time>2026-07-28T17:21:48.762Z</time>
	<hdop>3.79</hdop>
	<extensions>
		<gpxtpx:TrackPointExtension>
			<gpxtpx:course>321.0</gpxtpx:course>
		</gpxtpx:TrackPointExtension>
	</extensions>
</trkpt>
<trkpt lat="46.0143540" lon="14.5706405">
	<ele>447.39</ele>
	<time>2026-07-28T17:21:53.764Z</time>
	<hdop>3.79</hdop>
	<extensions>
		<gpxtpx:TrackPointExtension>
			<gpxtpx:course>320.0</gpxtpx:course>
		</gpxtpx:TrackPointExtension>
	</extensions>
</trkpt>
<trkpt lat="46.0145863" lon="14.5703974">
	<ele>447.94</ele>
	<time>2026-07-28T17:21:59.763Z</time>
	<hdop>3.79</hdop>
	<extensions>
		<gpxtpx:TrackPointExtension>
			<gpxtpx:course>321.0</gpxtpx:course>
		</gpxtpx:TrackPointExtension>
	</extensions>
</trkpt>
<trkpt lat="46.0147904" lon="14.5701977">
	<ele>448.21</ele>
	<time>2026-07-28T17:22:04.763Z</time>
	<hdop>3.79</hdop>
	<extensions>
		<gpxtpx:TrackPointExtension>
			<gpxtpx:course>327.0</gpxtpx:course>
		</gpxtpx:TrackPointExtension>
	</extensions>
</trkpt>
<trkpt lat="46.0149670" lon="14.5700176">
	<ele>447.35</ele>
	<time>2026-07-28T17:22:09.763Z</time>
	<hdop>3.79</hdop>
	<extensions>
		<gpxtpx:TrackPointExtension>
			<gpxtpx:course>324.0</gpxtpx:course>
		</gpxtpx:TrackPointExtension>
	</extensions>
</trkpt>
<trkpt lat="46.0151230" lon="14.5697843">
	<ele>444.49</ele>
	<time>2026-07-28T17:22:14.763Z</time>
	<hdop>3.79</hdop>
	<extensions>
		<gpxtpx:TrackPointExtension>
			<gpxtpx:course>306.0</gpxtpx:course>
		</gpxtpx:TrackPointExtension>
	</extensions>
</trkpt>
<trkpt lat="46.0152454" lon="14.5694960">
	<ele>441.53</ele>
	<time>2026-07-28T17:22:19.763Z</time>
	<hdop>3.79</hdop>
	<extensions>
		<gpxtpx:TrackPointExtension>
			<gpxtpx:course>301.0</gpxtpx:course>
		</gpxtpx:TrackPointExtension>
	</extensions>
</trkpt>
<trkpt lat="46.0154140" lon="14.5692674">
	<ele>438.42</ele>
	<time>2026-07-28T17:22:24.763Z</time>
	<hdop>3.79</hdop>
	<extensions>
		<gpxtpx:TrackPointExtension>
			<gpxtpx:course>309.0</gpxtpx:course>
		</gpxtpx:TrackPointExtension>
	</extensions>
</trkpt>
<trkpt lat="46.0156826" lon="14.5689403">
	<ele>433.77</ele>
	<time>2026-07-28T17:22:30.763Z</time>
	<hdop>3.79</hdop>
	<extensions>
		<gpxtpx:TrackPointExtension>
			<gpxtpx:course>324.0</gpxtpx:course>
		</gpxtpx:TrackPointExtension>
	</extensions>
</trkpt>
<trkpt lat="46.0158744" lon="14.5686529">
	<ele>431.02</ele>
	<time>2026-07-28T17:22:35.763Z</time>
	<hdop>3.79</hdop>
	<extensions>
		<gpxtpx:TrackPointExtension>
			<gpxtpx:course>303.0</gpxtpx:course>
		</gpxtpx:TrackPointExtension>
	</extensions>
</trkpt>
<trkpt lat="46.0160546" lon="14.5681436">
	<ele>426.91</ele>
	<time>2026-07-28T17:22:40.763Z</time>
	<hdop>3.79</hdop>
	<extensions>
		<gpxtpx:TrackPointExtension>
			<gpxtpx:course>287.0</gpxtpx:course>
		</gpxtpx:TrackPointExtension>
	</extensions>
</trkpt>
<trkpt lat="46.0161439" lon="14.5674499">
	<ele>425.02</ele>
	<time>2026-07-28T17:22:46.763Z</time>
	<hdop>3.79</hdop>
	<extensions>
		<gpxtpx:TrackPointExtension>
			<gpxtpx:course>279.0</gpxtpx:course>
		</gpxtpx:TrackPointExtension>
	</extensions>
</trkpt>
<trkpt lat="46.0162554" lon="14.5669144">
	<ele>418.46</ele>
	<time>2026-07-28T17:22:51.763Z</time>
	<hdop>3.79</hdop>
	<extensions>
		<gpxtpx:TrackPointExtension>
			<gpxtpx:course>290.0</gpxtpx:course>
		</gpxtpx:TrackPointExtension>
	</extensions>
</trkpt>
<trkpt lat="46.0164362" lon="14.5664473">
	<ele>419.06</ele>
	<time>2026-07-28T17:22:56.763Z</time>
	<hdop>3.79</hdop>
	<extensions>
		<gpxtpx:TrackPointExtension>
			<gpxtpx:course>306.0</gpxtpx:course>
		</gpxtpx:TrackPointExtension>
	</extensions>
</trkpt>
<trkpt lat="46.0166663" lon="14.5660785">
	<ele>423.49</ele>
	<time>2026-07-28T17:23:01.764Z</time>
	<hdop>3.79</hdop>
	<extensions>
		<gpxtpx:TrackPointExtension>
			<gpxtpx:course>311.0</gpxtpx:course>
		</gpxtpx:TrackPointExtension>
	</extensions>
</trkpt>
<trkpt lat="46.0168186" lon="14.5656655">
	<ele>424.64</ele>
	<time>2026-07-28T17:23:07.763Z</time>
	<hdop>3.79</hdop>
	<extensions>
		<gpxtpx:TrackPointExtension>
			<gpxtpx:course>292.0</gpxtpx:course>
		</gpxtpx:TrackPointExtension>
	</extensions>
</trkpt>
<trkpt lat="46.0168902" lon="14.5653365">
	<ele>422.98</ele>
	<time>2026-07-28T17:23:12.763Z</time>
	<hdop>3.79</hdop>
	<extensions>
		<gpxtpx:TrackPointExtension>
			<gpxtpx:course>287.0</gpxtpx:course>
		</gpxtpx:TrackPointExtension>
	</extensions>
</trkpt>
<trkpt lat="46.0169693" lon="14.5649180">
	<ele>420.09</ele>
	<time>2026-07-28T17:23:17.763Z</time>
	<hdop>3.79</hdop>
	<extensions>
		<gpxtpx:TrackPointExtension>
			<gpxtpx:course>288.0</gpxtpx:course>
		</gpxtpx:TrackPointExtension>
	</extensions>
</trkpt>
<trkpt lat="46.0170774" lon="14.5644569">
	<ele>415.72</ele>
	<time>2026-07-28T17:23:22.763Z</time>
	<hdop>3.79</hdop>
	<extensions>
		<gpxtpx:TrackPointExtension>
			<gpxtpx:course>291.0</gpxtpx:course>
		</gpxtpx:TrackPointExtension>
	</extensions>
</trkpt>
<trkpt lat="46.0171623" lon="14.5638703">
	<ele>413.71</ele>
	<time>2026-07-28T17:23:27.763Z</time>
	<hdop>3.79</hdop>
	<extensions>
		<gpxtpx:TrackPointExtension>
			<gpxtpx:course>275.0</gpxtpx:course>
		</gpxtpx:TrackPointExtension>
	</extensions>
</trkpt>
<trkpt lat="46.0172994" lon="14.5632443">
	<ele>414.90</ele>
	<time>2026-07-28T17:23:32.763Z</time>
	<hdop>3.79</hdop>
	<extensions>
		<gpxtpx:TrackPointExtension>
			<gpxtpx:course>293.0</gpxtpx:course>
		</gpxtpx:TrackPointExtension>
	</extensions>
</trkpt>
<trkpt lat="46.0175264" lon="14.5627396">
	<ele>416.60</ele>
	<time>2026-07-28T17:23:37.763Z</time>
	<hdop>3.79</hdop>
	<extensions>
		<gpxtpx:TrackPointExtension>
			<gpxtpx:course>303.0</gpxtpx:course>
		</gpxtpx:TrackPointExtension>
	</extensions>
</trkpt>
<trkpt lat="46.0177343" lon="14.5623716">
	<ele>418.26</ele>
	<time>2026-07-28T17:23:42.763Z</time>
	<hdop>3.79</hdop>
	<extensions>
		<gpxtpx:TrackPointExtension>
			<gpxtpx:course>311.0</gpxtpx:course>
		</gpxtpx:TrackPointExtension>
	</extensions>
</trkpt>
<trkpt lat="46.0179976" lon="14.5620649">
	<ele>418.99</ele>
	<time>2026-07-28T17:23:48.763Z</time>
	<hdop>3.79</hdop>
	<extensions>
		<gpxtpx:TrackPointExtension>
			<gpxtpx:course>325.0</gpxtpx:course>
		</gpxtpx:TrackPointExtension>
	</extensions>
</trkpt>
<trkpt lat="46.0182265" lon="14.5618467">
	<ele>419.21</ele>
	<time>2026-07-28T17:23:53.763Z</time>
	<hdop>3.79</hdop>
	<extensions>
		<gpxtpx:TrackPointExtension>
			<gpxtpx:course>328.0</gpxtpx:course>
		</gpxtpx:TrackPointExtension>
	</extensions>
</trkpt>
<trkpt lat="46.0184586" lon="14.5616581">
	<ele>418.83</ele>
	<time>2026-07-28T17:23:58.764Z</time>
	<hdop>3.79</hdop>
	<extensions>
		<gpxtpx:TrackPointExtension>
			<gpxtpx:course>324.0</gpxtpx:course>
		</gpxtpx:TrackPointExtension>
	</extensions>
</trkpt>
<trkpt lat="46.0187588" lon="14.5614516">
	<ele>418.43</ele>
	<time>2026-07-28T17:24:04.763Z</time>
	<hdop>3.79</hdop>
	<extensions>
		<gpxtpx:TrackPointExtension>
			<gpxtpx:course>339.0</gpxtpx:course>
		</gpxtpx:TrackPointExtension>
	</extensions>
</trkpt>
<trkpt lat="46.0190275" lon="14.5612296">
	<ele>417.74</ele>
	<time>2026-07-28T17:24:09.763Z</time>
	<hdop>3.79</hdop>
	<extensions>
		<gpxtpx:TrackPointExtension>
			<gpxtpx:course>329.0</gpxtpx:course>
		</gpxtpx:TrackPointExtension>
	</extensions>
</trkpt>
<trkpt lat="46.0192406" lon="14.5609336">
	<ele>415.33</ele>
	<time>2026-07-28T17:24:14.763Z</time>
	<hdop>3.79</hdop>
	<extensions>
		<gpxtpx:TrackPointExtension>
			<gpxtpx:course>311.0</gpxtpx:course>
		</gpxtpx:TrackPointExtension>
	</extensions>
</trkpt>
<trkpt lat="46.0193958" lon="14.5605763">
	<ele>413.64</ele>
	<time>2026-07-28T17:24:19.763Z</time>
	<hdop>3.79</hdop>
	<extensions>
		<gpxtpx:TrackPointExtension>
			<gpxtpx:course>300.0</gpxtpx:course>
		</gpxtpx:TrackPointExtension>
	</extensions>
</trkpt>
<trkpt lat="46.0195606" lon="14.5602524">
	<ele>413.79</ele>
	<time>2026-07-28T17:24:24.763Z</time>
	<hdop>3.79</hdop>
	<extensions>
		<gpxtpx:TrackPointExtension>
			<gpxtpx:course>310.0</gpxtpx:course>
		</gpxtpx:TrackPointExtension>
	</extensions>
</trkpt>
<trkpt lat="46.0197861" lon="14.5599966">
	<ele>415.09</ele>
	<time>2026-07-28T17:24:29.763Z</time>
	<hdop>3.79</hdop>
	<extensions>
		<gpxtpx:TrackPointExtension>
			<gpxtpx:course>330.0</gpxtpx:course>
		</gpxtpx:TrackPointExtension>
	</extensions>
</trkpt>
<trkpt lat="46.0200424" lon="14.5597897">
	<ele>415.14</ele>
	<time>2026-07-28T17:24:34.763Z</time>
	<hdop>3.79</hdop>
	<extensions>
		<gpxtpx:TrackPointExtension>
			<gpxtpx:course>319.0</gpxtpx:course>
		</gpxtpx:TrackPointExtension>
	</extensions>
</trkpt>
<trkpt lat="46.0202643" lon="14.5594233">
	<ele>412.83</ele>
	<time>2026-07-28T17:24:40.763Z</time>
	<hdop>3.79</hdop>
	<extensions>
		<gpxtpx:TrackPointExtension>
			<gpxtpx:course>297.0</gpxtpx:course>
		</gpxtpx:TrackPointExtension>
	</extensions>
</trkpt>
<trkpt lat="46.0203826" lon="14.5590388">
	<ele>412.54</ele>
	<time>2026-07-28T17:24:45.763Z</time>
	<hdop>3.79</hdop>
	<extensions>
		<gpxtpx:TrackPointExtension>
			<gpxtpx:course>295.0</gpxtpx:course>
		</gpxtpx:TrackPointExtension>
	</extensions>
</trkpt>
<trkpt lat="46.0205181" lon="14.5585646">
	<ele>410.92</ele>
	<time>2026-07-28T17:24:50.763Z</time>
	<hdop>3.79</hdop>
	<extensions>
		<gpxtpx:TrackPointExtension>
			<gpxtpx:course>291.0</gpxtpx:course>
		</gpxtpx:TrackPointExtension>
	</extensions>
</trkpt>
<trkpt lat="46.0206758" lon="14.5579930">
	<ele>409.82</ele>
	<time>2026-07-28T17:24:56.762Z</time>
	<hdop>3.79</hdop>
	<extensions>
		<gpxtpx:TrackPointExtension>
			<gpxtpx:course>287.0</gpxtpx:course>
		</gpxtpx:TrackPointExtension>
	</extensions>
</trkpt>
<trkpt lat="46.0207464" lon="14.5575403">
	<ele>409.80</ele>
	<time>2026-07-28T17:25:01.762Z</time>
	<hdop>3.79</hdop>
	<extensions>
		<gpxtpx:TrackPointExtension>
			<gpxtpx:course>274.0</gpxtpx:course>
		</gpxtpx:TrackPointExtension>
	</extensions>
</trkpt>
<trkpt lat="46.0207496" lon="14.5571455">
	<ele>409.69</ele>
	<time>2026-07-28T17:25:06.763Z</time>
	<hdop>3.79</hdop>
	<extensions>
		<gpxtpx:TrackPointExtension>
			<gpxtpx:course>269.0</gpxtpx:course>
		</gpxtpx:TrackPointExtension>
	</extensions>
</trkpt>
<trkpt lat="46.0207463" lon="14.5567037">
	<ele>411.18</ele>
	<time>2026-07-28T17:25:12.763Z</time>
	<hdop>3.79</hdop>
	<extensions>
		<gpxtpx:TrackPointExtension>
			<gpxtpx:course>265.0</gpxtpx:course>
		</gpxtpx:TrackPointExtension>
	</extensions>
</trkpt>
<trkpt lat="46.0207108" lon="14.5563562">
	<ele>413.69</ele>
	<time>2026-07-28T17:25:17.763Z</time>
	<hdop>3.79</hdop>
	<extensions>
		<gpxtpx:TrackPointExtension>
			<gpxtpx:course>234.0</gpxtpx:course>
		</gpxtpx:TrackPointExtension>
	</extensions>
</trkpt>
<trkpt lat="46.0204935" lon="14.5562433">
	<ele>413.87</ele>
	<time>2026-07-28T17:25:23.763Z</time>
	<hdop>3.79</hdop>
	<extensions>
		<gpxtpx:TrackPointExtension>
			<gpxtpx:course>168.0</gpxtpx:course>
		</gpxtpx:TrackPointExtension>
	</extensions>
</trkpt>
<trkpt lat="46.0202842" lon="14.5563112">
	<ele>412.02</ele>
	<time>2026-07-28T17:25:28.763Z</time>
	<hdop>3.79</hdop>
	<extensions>
		<gpxtpx:TrackPointExtension>
			<gpxtpx:course>165.0</gpxtpx:course>
		</gpxtpx:TrackPointExtension>
	</extensions>
</trkpt>
<trkpt lat="46.0200663" lon="14.5562999">
	<ele>410.80</ele>
	<time>2026-07-28T17:25:33.763Z</time>
	<hdop>3.79</hdop>
	<extensions>
		<gpxtpx:TrackPointExtension>
			<gpxtpx:course>183.0</gpxtpx:course>
		</gpxtpx:TrackPointExtension>
	</extensions>
</trkpt>
<trkpt lat="46.0198273" lon="14.5562223">
	<ele>409.31</ele>
	<time>2026-07-28T17:25:38.763Z</time>
	<hdop>3.79</hdop>
	<extensions>
		<gpxtpx:TrackPointExtension>
			<gpxtpx:course>200.0</gpxtpx:course>
		</gpxtpx:TrackPointExtension>
	</extensions>
</trkpt>
<trkpt lat="46.0196345" lon="14.5560308">
	<ele>409.85</ele>
	<time>2026-07-28T17:25:43.763Z</time>
	<hdop>3.79</hdop>
	<extensions>
		<gpxtpx:TrackPointExtension>
			<gpxtpx:course>236.0</gpxtpx:course>
		</gpxtpx:TrackPointExtension>
	</extensions>
</trkpt>
<trkpt lat="46.0196043" lon="14.5557217">
	<ele>411.98</ele>
	<time>2026-07-28T17:25:48.763Z</time>
	<hdop>3.85</hdop>
	<extensions>
		<gpxtpx:TrackPointExtension>
			<gpxtpx:course>280.0</gpxtpx:course>
		</gpxtpx:TrackPointExtension>
	</extensions>
</trkpt>
<trkpt lat="46.0196767" lon="14.5552905">
	<ele>411.08</ele>
	<time>2026-07-28T17:25:54.762Z</time>
	<hdop>3.79</hdop>
	<extensions>
		<gpxtpx:TrackPointExtension>
			<gpxtpx:course>293.0</gpxtpx:course>
		</gpxtpx:TrackPointExtension>
	</extensions>
</trkpt>
<trkpt lat="46.0198071" lon="14.5549809">
	<ele>408.75</ele>
	<time>2026-07-28T17:25:59.763Z</time>
	<hdop>3.79</hdop>
	<extensions>
		<gpxtpx:TrackPointExtension>
			<gpxtpx:course>299.0</gpxtpx:course>
		</gpxtpx:TrackPointExtension>
	</extensions>
</trkpt>
<trkpt lat="46.0199384" lon="14.5544210">
	<ele>401.01</ele>
	<time>2026-07-28T17:26:05.763Z</time>
	<hdop>3.79</hdop>
	<extensions>
		<gpxtpx:TrackPointExtension>
			<gpxtpx:course>296.0</gpxtpx:course>
		</gpxtpx:TrackPointExtension>
	</extensions>
</trkpt>
<trkpt lat="46.0201529" lon="14.5539012">
	<ele>395.25</ele>
	<time>2026-07-28T17:26:10.763Z</time>
	<hdop>3.79</hdop>
	<extensions>
		<gpxtpx:TrackPointExtension>
			<gpxtpx:course>302.0</gpxtpx:course>
		</gpxtpx:TrackPointExtension>
	</extensions>
</trkpt>
<trkpt lat="46.0203195" lon="14.5533599">
	<ele>388.60</ele>
	<time>2026-07-28T17:26:15.763Z</time>
	<hdop>3.79</hdop>
	<extensions>
		<gpxtpx:TrackPointExtension>
			<gpxtpx:course>268.0</gpxtpx:course>
		</gpxtpx:TrackPointExtension>
	</extensions>
</trkpt>
<trkpt lat="46.0199617" lon="14.5528509">
	<ele>383.09</ele>
	<time>2026-07-28T17:26:21.762Z</time>
	<hdop>3.79</hdop>
	<extensions>
		<gpxtpx:TrackPointExtension>
			<gpxtpx:course>217.0</gpxtpx:course>
		</gpxtpx:TrackPointExtension>
	</extensions>
</trkpt>
<trkpt lat="46.0196914" lon="14.5524319">
	<ele>380.78</ele>
	<time>2026-07-28T17:26:26.763Z</time>
	<hdop>3.79</hdop>
	<extensions>
		<gpxtpx:TrackPointExtension>
			<gpxtpx:course>248.0</gpxtpx:course>
		</gpxtpx:TrackPointExtension>
	</extensions>
</trkpt>
<trkpt lat="46.0195603" lon="14.5516558">
	<ele>377.56</ele>
	<time>2026-07-28T17:26:32.763Z</time>
	<hdop>3.79</hdop>
	<extensions>
		<gpxtpx:TrackPointExtension>
			<gpxtpx:course>260.0</gpxtpx:course>
		</gpxtpx:TrackPointExtension>
	</extensions>
</trkpt>
<trkpt lat="46.0196179" lon="14.5508887">
	<ele>364.18</ele>
	<time>2026-07-28T17:26:38.763Z</time>
	<hdop>3.79</hdop>
	<extensions>
		<gpxtpx:TrackPointExtension>
			<gpxtpx:course>267.0</gpxtpx:course>
		</gpxtpx:TrackPointExtension>
	</extensions>
</trkpt>
<trkpt lat="46.0196506" lon="14.5504982">
	<ele>356.76</ele>
	<time>2026-07-28T17:26:43.763Z</time>
	<hdop>3.79</hdop>
	<extensions>
		<gpxtpx:TrackPointExtension>
			<gpxtpx:course>300.0</gpxtpx:course>
		</gpxtpx:TrackPointExtension>
	</extensions>
</trkpt>
<trkpt lat="46.0199491" lon="14.5504173">
	<ele>357.33</ele>
	<time>2026-07-28T17:26:48.763Z</time>
	<hdop>3.79</hdop>
	<extensions>
		<gpxtpx:TrackPointExtension>
			<gpxtpx:course>23.0</gpxtpx:course>
		</gpxtpx:TrackPointExtension>
	</extensions>
</trkpt>
<trkpt lat="46.0203528" lon="14.5506919">
	<ele>366.48</ele>
	<time>2026-07-28T17:26:54.762Z</time>
	<hdop>3.79</hdop>
	<extensions>
		<gpxtpx:TrackPointExtension>
			<gpxtpx:course>6.0</gpxtpx:course>
		</gpxtpx:TrackPointExtension>
	</extensions>
</trkpt>
<trkpt lat="46.0207438" lon="14.5506563">
	<ele>359.50</ele>
	<time>2026-07-28T17:26:59.763Z</time>
	<hdop>3.79</hdop>
	<extensions>
		<gpxtpx:TrackPointExtension>
			<gpxtpx:course>347.0</gpxtpx:course>
		</gpxtpx:TrackPointExtension>
	</extensions>
</trkpt>
<trkpt lat="46.0209961" lon="14.5500564">
	<ele>348.90</ele>
	<time>2026-07-28T17:27:05.762Z</time>
	<hdop>3.79</hdop>
	<extensions>
		<gpxtpx:TrackPointExtension>
			<gpxtpx:course>280.0</gpxtpx:course>
		</gpxtpx:TrackPointExtension>
	</extensions>
</trkpt>
<trkpt lat="46.0209924" lon="14.5493415">
	<ele>344.53</ele>
	<time>2026-07-28T17:27:10.762Z</time>
	<hdop>3.79</hdop>
	<extensions>
		<gpxtpx:TrackPointExtension>
			<gpxtpx:course>264.0</gpxtpx:course>
		</gpxtpx:TrackPointExtension>
	</extensions>
</trkpt>
<trkpt lat="46.0209837" lon="14.5487561">
	<ele>339.85</ele>
	<time>2026-07-28T17:27:15.762Z</time>
	<hdop>3.79</hdop>
	<extensions>
		<gpxtpx:TrackPointExtension>
			<gpxtpx:course>267.0</gpxtpx:course>
		</gpxtpx:TrackPointExtension>
	</extensions>
</trkpt>
<trkpt lat="46.0209307" lon="14.5481218">
	<ele>334.78</ele>
	<time>2026-07-28T17:27:20.763Z</time>
	<hdop>3.79</hdop>
	<extensions>
		<gpxtpx:TrackPointExtension>
			<gpxtpx:course>260.0</gpxtpx:course>
		</gpxtpx:TrackPointExtension>
	</extensions>
</trkpt>
<trkpt lat="46.0209976" lon="14.5474687">
	<ele>328.28</ele>
	<time>2026-07-28T17:27:25.763Z</time>
	<hdop>3.79</hdop>
	<extensions>
		<gpxtpx:TrackPointExtension>
			<gpxtpx:course>258.0</gpxtpx:course>
		</gpxtpx:TrackPointExtension>
	</extensions>
</trkpt>
<trkpt lat="46.0208488" lon="14.5467719">
	<ele>324.64</ele>
	<time>2026-07-28T17:27:30.763Z</time>
	<hdop>3.79</hdop>
	<extensions>
		<gpxtpx:TrackPointExtension>
			<gpxtpx:course>255.0</gpxtpx:course>
		</gpxtpx:TrackPointExtension>
	</extensions>
</trkpt>
<trkpt lat="46.0207305" lon="14.5461965">
	<ele>315.68</ele>
	<time>2026-07-28T17:27:36.762Z</time>
	<hdop>3.79</hdop>
	<extensions>
		<gpxtpx:TrackPointExtension>
			<gpxtpx:course>255.0</gpxtpx:course>
		</gpxtpx:TrackPointExtension>
	</extensions>
</trkpt>
<trkpt lat="46.0205650" lon="14.5458728">
	<ele>311.29</ele>
	<time>2026-07-28T17:27:41.763Z</time>
	<hdop>3.79</hdop>
	<extensions>
		<gpxtpx:TrackPointExtension>
			<gpxtpx:course>230.0</gpxtpx:course>
		</gpxtpx:TrackPointExtension>
	</extensions>
</trkpt>
<trkpt lat="46.0203860" lon="14.5451860">
	<ele>309.86</ele>
	<time>2026-07-28T17:27:47.763Z</time>
	<hdop>3.79</hdop>
	<extensions>
		<gpxtpx:TrackPointExtension>
			<gpxtpx:course>253.0</gpxtpx:course>
		</gpxtpx:TrackPointExtension>
	</extensions>
</trkpt>
<trkpt lat="46.0202965" lon="14.5446456">
	<ele>310.15</ele>
	<time>2026-07-28T17:27:52.763Z</time>
	<hdop>3.79</hdop>
	<extensions>
		<gpxtpx:TrackPointExtension>
			<gpxtpx:course>260.0</gpxtpx:course>
		</gpxtpx:TrackPointExtension>
	</extensions>
</trkpt>
<trkpt lat="46.0201697" lon="14.5441018">
	<ele>310.05</ele>
	<time>2026-07-28T17:27:57.763Z</time>
	<hdop>3.79</hdop>
	<extensions>
		<gpxtpx:TrackPointExtension>
			<gpxtpx:course>243.0</gpxtpx:course>
		</gpxtpx:TrackPointExtension>
	</extensions>
</trkpt>
<trkpt lat="46.0201132" lon="14.5435759">
	<ele>306.99</ele>
	<time>2026-07-28T17:28:02.763Z</time>
	<hdop>3.79</hdop>
	<extensions>
		<gpxtpx:TrackPointExtension>
			<gpxtpx:course>268.0</gpxtpx:course>
		</gpxtpx:TrackPointExtension>
	</extensions>
</trkpt>
<trkpt lat="46.0201854" lon="14.5431239">
	<ele>302.57</ele>
	<time>2026-07-28T17:28:07.763Z</time>
	<hdop>3.79</hdop>
	<extensions>
		<gpxtpx:TrackPointExtension>
			<gpxtpx:course>283.0</gpxtpx:course>
		</gpxtpx:TrackPointExtension>
	</extensions>
</trkpt>
<trkpt lat="46.0203315" lon="14.5426052">
	<ele>297.54</ele>
	<time>2026-07-28T17:28:13.763Z</time>
	<hdop>3.79</hdop>
	<extensions>
		<gpxtpx:TrackPointExtension>
			<gpxtpx:course>289.0</gpxtpx:course>
		</gpxtpx:TrackPointExtension>
	</extensions>
</trkpt>
<trkpt lat="46.0205023" lon="14.5422250">
	<ele>295.63</ele>
	<time>2026-07-28T17:28:19.762Z</time>
	<hdop>3.79</hdop>
	<extensions>
		<gpxtpx:TrackPointExtension>
			<gpxtpx:course>338.0</gpxtpx:course>
		</gpxtpx:TrackPointExtension>
	</extensions>
</trkpt>
<trkpt lat="46.0207157" lon="14.5421057">
	<ele>295.43</ele>
	<time>2026-07-28T17:28:24.762Z</time>
	<hdop>3.79</hdop>
	<extensions>
		<gpxtpx:TrackPointExtension>
			<gpxtpx:course>334.0</gpxtpx:course>
		</gpxtpx:TrackPointExtension>
	</extensions>
</trkpt>
<trkpt lat="46.0209213" lon="14.5419741">
	<ele>295.49</ele>
	<time>2026-07-28T17:28:29.763Z</time>
	<hdop>3.79</hdop>
	<extensions>
		<gpxtpx:TrackPointExtension>
			<gpxtpx:course>338.0</gpxtpx:course>
		</gpxtpx:TrackPointExtension>
	</extensions>
</trkpt>
<trkpt lat="46.0211208" lon="14.5418426">
	<ele>295.79</ele>
	<time>2026-07-28T17:28:34.763Z</time>
	<hdop>3.79</hdop>
	<extensions>
		<gpxtpx:TrackPointExtension>
			<gpxtpx:course>335.0</gpxtpx:course>
		</gpxtpx:TrackPointExtension>
	</extensions>
</trkpt>
<trkpt lat="46.0213393" lon="14.5417003">
	<ele>296.30</ele>
	<time>2026-07-28T17:28:39.763Z</time>
	<hdop>3.79</hdop>
	<extensions>
		<gpxtpx:TrackPointExtension>
			<gpxtpx:course>336.0</gpxtpx:course>
		</gpxtpx:TrackPointExtension>
	</extensions>
</trkpt>
<trkpt lat="46.0215526" lon="14.5415586">
	<ele>296.69</ele>
	<time>2026-07-28T17:28:44.763Z</time>
	<hdop>3.79</hdop>
	<extensions>
		<gpxtpx:TrackPointExtension>
			<gpxtpx:course>336.0</gpxtpx:course>
		</gpxtpx:TrackPointExtension>
	</extensions>
</trkpt>
<trkpt lat="46.0217547" lon="14.5414280">
	<ele>296.73</ele>
	<time>2026-07-28T17:28:49.763Z</time>
	<hdop>3.79</hdop>
	<extensions>
		<gpxtpx:TrackPointExtension>
			<gpxtpx:course>334.0</gpxtpx:course>
		</gpxtpx:TrackPointExtension>
	</extensions>
</trkpt>
<trkpt lat="46.0220042" lon="14.5412644">
	<ele>296.42</ele>
	<time>2026-07-28T17:28:55.763Z</time>
	<hdop>3.79</hdop>
	<extensions>
		<gpxtpx:TrackPointExtension>
			<gpxtpx:course>337.0</gpxtpx:course>
		</gpxtpx:TrackPointExtension>
	</extensions>
</trkpt>
<trkpt lat="46.0222763" lon="14.5410771">
	<ele>296.13</ele>
	<time>2026-07-28T17:29:01.762Z</time>
	<hdop>3.79</hdop>
	<extensions>
		<gpxtpx:TrackPointExtension>
			<gpxtpx:course>331.0</gpxtpx:course>
		</gpxtpx:TrackPointExtension>
	</extensions>
</trkpt>
<trkpt lat="46.0225262" lon="14.5409272">
	<ele>296.14</ele>
	<time>2026-07-28T17:29:06.763Z</time>
	<hdop>3.79</hdop>
	<extensions>
		<gpxtpx:TrackPointExtension>
			<gpxtpx:course>336.0</gpxtpx:course>
		</gpxtpx:TrackPointExtension>
	</extensions>
</trkpt>
<trkpt lat="46.0227673" lon="14.5407729">
	<ele>296.28</ele>
	<time>2026-07-28T17:29:11.763Z</time>
	<hdop>3.79</hdop>
	<extensions>
		<gpxtpx:TrackPointExtension>
			<gpxtpx:course>334.0</gpxtpx:course>
		</gpxtpx:TrackPointExtension>
	</extensions>
</trkpt>
<trkpt lat="46.0229949" lon="14.5406092">
	<ele>296.44</ele>
	<time>2026-07-28T17:29:16.763Z</time>
	<hdop>3.79</hdop>
	<extensions>
		<gpxtpx:TrackPointExtension>
			<gpxtpx:course>332.0</gpxtpx:course>
		</gpxtpx:TrackPointExtension>
	</extensions>
</trkpt>
<trkpt lat="46.0232551" lon="14.5404523">
	<ele>296.55</ele>
	<time>2026-07-28T17:29:22.762Z</time>
	<hdop>3.79</hdop>
	<extensions>
		<gpxtpx:TrackPointExtension>
			<gpxtpx:course>338.0</gpxtpx:course>
		</gpxtpx:TrackPointExtension>
	</extensions>
</trkpt>
<trkpt lat="46.0234485" lon="14.5403166">
	<ele>296.50</ele>
	<time>2026-07-28T17:29:27.762Z</time>
	<hdop>3.79</hdop>
	<extensions>
		<gpxtpx:TrackPointExtension>
			<gpxtpx:course>332.0</gpxtpx:course>
		</gpxtpx:TrackPointExtension>
	</extensions>
</trkpt>
<trkpt lat="46.0236584" lon="14.5401662">
	<ele>296.33</ele>
	<time>2026-07-28T17:29:32.762Z</time>
	<hdop>3.79</hdop>
	<extensions>
		<gpxtpx:TrackPointExtension>
			<gpxtpx:course>334.0</gpxtpx:course>
		</gpxtpx:TrackPointExtension>
	</extensions>
</trkpt>
<trkpt lat="46.0238633" lon="14.5400138">
	<ele>296.08</ele>
	<time>2026-07-28T17:29:37.763Z</time>
	<hdop>3.79</hdop>
	<extensions>
		<gpxtpx:TrackPointExtension>
			<gpxtpx:course>336.0</gpxtpx:course>
		</gpxtpx:TrackPointExtension>
	</extensions>
</trkpt>
<trkpt lat="46.0240682" lon="14.5398562">
	<ele>295.83</ele>
	<time>2026-07-28T17:29:42.763Z</time>
	<hdop>3.79</hdop>
	<extensions>
		<gpxtpx:TrackPointExtension>
			<gpxtpx:course>331.0</gpxtpx:course>
		</gpxtpx:TrackPointExtension>
	</extensions>
</trkpt>
<trkpt lat="46.0242729" lon="14.5396912">
	<ele>295.64</ele>
	<time>2026-07-28T17:29:47.763Z</time>
	<hdop>3.79</hdop>
	<extensions>
		<gpxtpx:TrackPointExtension>
			<gpxtpx:course>331.0</gpxtpx:course>
		</gpxtpx:TrackPointExtension>
	</extensions>
</trkpt>
<trkpt lat="46.0244912" lon="14.5395125">
	<ele>295.44</ele>
	<time>2026-07-28T17:29:53.761Z</time>
	<hdop>4.84</hdop>
	<extensions>
		<gpxtpx:TrackPointExtension>
			<gpxtpx:course>330.0</gpxtpx:course>
		</gpxtpx:TrackPointExtension>
	</extensions>
</trkpt>
<trkpt lat="46.0246579" lon="14.5393766">
	<ele>295.58</ele>
	<time>2026-07-28T17:29:58.762Z</time>
	<hdop>3.79</hdop>
	<extensions>
		<gpxtpx:TrackPointExtension>
			<gpxtpx:course>333.0</gpxtpx:course>
		</gpxtpx:TrackPointExtension>
	</extensions>
</trkpt>
<trkpt lat="46.0248287" lon="14.5392156">
	<ele>296.11</ele>
	<time>2026-07-28T17:30:03.762Z</time>
	<hdop>3.79</hdop>
	<extensions>
		<gpxtpx:TrackPointExtension>
			<gpxtpx:course>323.0</gpxtpx:course>
		</gpxtpx:TrackPointExtension>
	</extensions>
</trkpt>
<trkpt lat="46.0250080" lon="14.5390459">
	<ele>296.96</ele>
	<time>2026-07-28T17:30:08.762Z</time>
	<hdop>3.79</hdop>
	<extensions>
		<gpxtpx:TrackPointExtension>
			<gpxtpx:course>323.0</gpxtpx:course>
		</gpxtpx:TrackPointExtension>
	</extensions>
</trkpt>
<trkpt lat="46.0251802" lon="14.5388840">
	<ele>297.75</ele>
	<time>2026-07-28T17:30:13.762Z</time>
	<hdop>3.79</hdop>
	<extensions>
		<gpxtpx:TrackPointExtension>
			<gpxtpx:course>328.0</gpxtpx:course>
		</gpxtpx:TrackPointExtension>
	</extensions>
</trkpt>
<trkpt lat="46.0253312" lon="14.5387281">
	<ele>297.85</ele>
	<time>2026-07-28T17:30:18.762Z</time>
	<hdop>3.79</hdop>
	<extensions>
		<gpxtpx:TrackPointExtension>
			<gpxtpx:course>320.0</gpxtpx:course>
		</gpxtpx:TrackPointExtension>
	</extensions>
</trkpt>
<trkpt lat="46.0254816" lon="14.5385881">
	<ele>297.36</ele>
	<time>2026-07-28T17:30:23.762Z</time>
	<hdop>3.79</hdop>
	<extensions>
		<gpxtpx:TrackPointExtension>
			<gpxtpx:course>322.0</gpxtpx:course>
		</gpxtpx:TrackPointExtension>
	</extensions>
</trkpt>
<trkpt lat="46.0256151" lon="14.5384614">
	<ele>296.68</ele>
	<time>2026-07-28T17:30:28.762Z</time>
	<hdop>3.79</hdop>
	<extensions>
		<gpxtpx:TrackPointExtension>
			<gpxtpx:course>323.0</gpxtpx:course>
		</gpxtpx:TrackPointExtension>
	</extensions>
</trkpt>
<trkpt lat="46.0256714" lon="14.5383366">
	<ele>296.03</ele>
	<time>2026-07-28T17:30:59.762Z</time>
	<hdop>3.79</hdop>
	<extensions>
		<gpxtpx:TrackPointExtension>
			<gpxtpx:course>249.0</gpxtpx:course>
		</gpxtpx:TrackPointExtension>
	</extensions>
</trkpt>
<trkpt lat="46.0255575" lon="14.5381306">
	<ele>294.92</ele>
	<time>2026-07-28T17:31:04.762Z</time>
	<hdop>3.79</hdop>
	<extensions>
		<gpxtpx:TrackPointExtension>
			<gpxtpx:course>237.0</gpxtpx:course>
		</gpxtpx:TrackPointExtension>
	</extensions>
</trkpt>
<trkpt lat="46.0254322" lon="14.5377922">
	<ele>294.31</ele>
	<time>2026-07-28T17:31:10.762Z</time>
	<hdop>3.79</hdop>
	<extensions>
		<gpxtpx:TrackPointExtension>
			<gpxtpx:course>234.0</gpxtpx:course>
		</gpxtpx:TrackPointExtension>
	</extensions>
</trkpt>
<trkpt lat="46.0252929" lon="14.5374963">
	<ele>293.90</ele>
	<time>2026-07-28T17:31:15.762Z</time>
	<hdop>3.79</hdop>
	<extensions>
		<gpxtpx:TrackPointExtension>
			<gpxtpx:course>233.0</gpxtpx:course>
		</gpxtpx:TrackPointExtension>
	</extensions>
</trkpt>
<trkpt lat="46.0251614" lon="14.5372269">
	<ele>293.33</ele>
	<time>2026-07-28T17:31:20.763Z</time>
	<hdop>3.79</hdop>
	<extensions>
		<gpxtpx:TrackPointExtension>
			<gpxtpx:course>230.0</gpxtpx:course>
		</gpxtpx:TrackPointExtension>
	</extensions>
</trkpt>
<trkpt lat="46.0250265" lon="14.5370153">
	<ele>292.80</ele>
	<time>2026-07-28T17:31:25.763Z</time>
	<hdop>3.79</hdop>
	<extensions>
		<gpxtpx:TrackPointExtension>
			<gpxtpx:course>228.0</gpxtpx:course>
		</gpxtpx:TrackPointExtension>
	</extensions>
</trkpt>
<trkpt lat="46.0248517" lon="14.5367747">
	<ele>292.32</ele>
	<time>2026-07-28T17:31:31.763Z</time>
	<hdop>3.79</hdop>
	<extensions>
		<gpxtpx:TrackPointExtension>
			<gpxtpx:course>221.0</gpxtpx:course>
		</gpxtpx:TrackPointExtension>
	</extensions>
</trkpt>
<trkpt lat="46.0246272" lon="14.5365621">
	<ele>292.22</ele>
	<time>2026-07-28T17:31:37.763Z</time>
	<hdop>3.79</hdop>
	<extensions>
		<gpxtpx:TrackPointExtension>
			<gpxtpx:course>209.0</gpxtpx:course>
		</gpxtpx:TrackPointExtension>
	</extensions>
</trkpt>
<trkpt lat="46.0243840" lon="14.5363949">
	<ele>292.24</ele>
	<time>2026-07-28T17:31:43.763Z</time>
	<hdop>3.79</hdop>
	<extensions>
		<gpxtpx:TrackPointExtension>
			<gpxtpx:course>203.0</gpxtpx:course>
		</gpxtpx:TrackPointExtension>
	</extensions>
</trkpt>
<trkpt lat="46.0241851" lon="14.5362595">
	<ele>292.04</ele>
	<time>2026-07-28T17:31:48.763Z</time>
	<hdop>3.79</hdop>
	<extensions>
		<gpxtpx:TrackPointExtension>
			<gpxtpx:course>201.0</gpxtpx:course>
		</gpxtpx:TrackPointExtension>
	</extensions>
</trkpt>
<trkpt lat="46.0239977" lon="14.5361285">
	<ele>291.71</ele>
	<time>2026-07-28T17:31:53.763Z</time>
	<hdop>3.79</hdop>
	<extensions>
		<gpxtpx:TrackPointExtension>
			<gpxtpx:course>203.0</gpxtpx:course>
		</gpxtpx:TrackPointExtension>
	</extensions>
</trkpt>
<trkpt lat="46.0238162" lon="14.5360023">
	<ele>291.42</ele>
	<time>2026-07-28T17:31:58.763Z</time>
	<hdop>3.79</hdop>
	<extensions>
		<gpxtpx:TrackPointExtension>
			<gpxtpx:course>207.0</gpxtpx:course>
		</gpxtpx:TrackPointExtension>
	</extensions>
</trkpt>
<trkpt lat="46.0236051" lon="14.5358914">
	<ele>291.19</ele>
	<time>2026-07-28T17:32:04.763Z</time>
	<hdop>3.79</hdop>
	<extensions>
		<gpxtpx:TrackPointExtension>
			<gpxtpx:course>175.0</gpxtpx:course>
		</gpxtpx:TrackPointExtension>
	</extensions>
</trkpt>
<trkpt lat="46.0234453" lon="14.5358237">
	<ele>291.06</ele>
	<time>2026-07-28T17:32:09.763Z</time>
	<hdop>3.79</hdop>
	<extensions>
		<gpxtpx:TrackPointExtension>
			<gpxtpx:course>227.0</gpxtpx:course>
		</gpxtpx:TrackPointExtension>
	</extensions>
</trkpt>
<trkpt lat="46.0232966" lon="14.5356832">
	<ele>290.69</ele>
	<time>2026-07-28T17:32:14.763Z</time>
	<hdop>3.79</hdop>
	<extensions>
		<gpxtpx:TrackPointExtension>
			<gpxtpx:course>202.0</gpxtpx:course>
		</gpxtpx:TrackPointExtension>
	</extensions>
</trkpt>
<trkpt lat="46.0231521" lon="14.5355341">
	<ele>290.27</ele>
	<time>2026-07-28T17:32:20.762Z</time>
	<hdop>3.79</hdop>
	<extensions>
		<gpxtpx:TrackPointExtension>
			<gpxtpx:course>273.0</gpxtpx:course>
		</gpxtpx:TrackPointExtension>
	</extensions>
</trkpt>
<trkpt lat="46.0231515" lon="14.5353636">
	<ele>289.89</ele>
	<time>2026-07-28T17:32:25.762Z</time>
	<hdop>3.79</hdop>
	<extensions>
		<gpxtpx:TrackPointExtension>
			<gpxtpx:course>215.0</gpxtpx:course>
		</gpxtpx:TrackPointExtension>
	</extensions>
</trkpt>
<trkpt lat="46.0229644" lon="14.5352339">
	<ele>289.73</ele>
	<time>2026-07-28T17:32:30.763Z</time>
	<hdop>3.79</hdop>
	<extensions>
		<gpxtpx:TrackPointExtension>
			<gpxtpx:course>208.0</gpxtpx:course>
		</gpxtpx:TrackPointExtension>
	</extensions>
</trkpt>
<trkpt lat="46.0227102" lon="14.5350546">
	<ele>289.83</ele>
	<time>2026-07-28T17:32:36.762Z</time>
	<hdop>3.79</hdop>
	<extensions>
		<gpxtpx:TrackPointExtension>
			<gpxtpx:course>205.0</gpxtpx:course>
		</gpxtpx:TrackPointExtension>
	</extensions>
</trkpt>
<trkpt lat="46.0224879" lon="14.5349069">
	<ele>289.86</ele>
	<time>2026-07-28T17:32:41.762Z</time>
	<hdop>3.79</hdop>
	<extensions>
		<gpxtpx:TrackPointExtension>
			<gpxtpx:course>204.0</gpxtpx:course>
		</gpxtpx:TrackPointExtension>
	</extensions>
</trkpt>
<trkpt lat="46.0222660" lon="14.5347423">
	<ele>289.58</ele>
	<time>2026-07-28T17:32:46.763Z</time>
	<hdop>3.79</hdop>
	<extensions>
		<gpxtpx:TrackPointExtension>
			<gpxtpx:course>205.0</gpxtpx:course>
		</gpxtpx:TrackPointExtension>
	</extensions>
</trkpt>
<trkpt lat="46.0220012" lon="14.5345742">
	<ele>289.26</ele>
	<time>2026-07-28T17:32:52.763Z</time>
	<hdop>3.79</hdop>
	<extensions>
		<gpxtpx:TrackPointExtension>
			<gpxtpx:course>205.0</gpxtpx:course>
		</gpxtpx:TrackPointExtension>
	</extensions>
</trkpt>
<trkpt lat="46.0217723" lon="14.5343755">
	<ele>289.09</ele>
	<time>2026-07-28T17:32:58.763Z</time>
	<hdop>3.79</hdop>
	<extensions>
		<gpxtpx:TrackPointExtension>
			<gpxtpx:course>205.0</gpxtpx:course>
		</gpxtpx:TrackPointExtension>
	</extensions>
</trkpt>
<trkpt lat="46.0216732" lon="14.5340472">
	<ele>288.96</ele>
	<time>2026-07-28T17:33:04.762Z</time>
	<hdop>3.79</hdop>
	<extensions>
		<gpxtpx:TrackPointExtension>
			<gpxtpx:course>281.0</gpxtpx:course>
		</gpxtpx:TrackPointExtension>
	</extensions>
</trkpt>
<trkpt lat="46.0218702" lon="14.5337899">
	<ele>288.86</ele>
	<time>2026-07-28T17:33:09.762Z</time>
	<hdop>3.79</hdop>
	<extensions>
		<gpxtpx:TrackPointExtension>
			<gpxtpx:course>328.0</gpxtpx:course>
		</gpxtpx:TrackPointExtension>
	</extensions>
</trkpt>
<trkpt lat="46.0221447" lon="14.5336016">
	<ele>288.87</ele>
	<time>2026-07-28T17:33:14.762Z</time>
	<hdop>3.79</hdop>
	<extensions>
		<gpxtpx:TrackPointExtension>
			<gpxtpx:course>334.0</gpxtpx:course>
		</gpxtpx:TrackPointExtension>
	</extensions>
</trkpt>
<trkpt lat="46.0224486" lon="14.5334006">
	<ele>288.98</ele>
	<time>2026-07-28T17:33:19.762Z</time>
	<hdop>3.79</hdop>
	<extensions>
		<gpxtpx:TrackPointExtension>
			<gpxtpx:course>334.0</gpxtpx:course>
		</gpxtpx:TrackPointExtension>
	</extensions>
</trkpt>
<trkpt lat="46.0227670" lon="14.5331869">
	<ele>289.01</ele>
	<time>2026-07-28T17:33:24.762Z</time>
	<hdop>3.79</hdop>
	<extensions>
		<gpxtpx:TrackPointExtension>
			<gpxtpx:course>336.0</gpxtpx:course>
		</gpxtpx:TrackPointExtension>
	</extensions>
</trkpt>
<trkpt lat="46.0231607" lon="14.5329211">
	<ele>289.07</ele>
	<time>2026-07-28T17:33:30.762Z</time>
	<hdop>3.79</hdop>
	<extensions>
		<gpxtpx:TrackPointExtension>
			<gpxtpx:course>336.0</gpxtpx:course>
		</gpxtpx:TrackPointExtension>
	</extensions>
</trkpt>
<trkpt lat="46.0235005" lon="14.5326936">
	<ele>289.11</ele>
	<time>2026-07-28T17:33:35.763Z</time>
	<hdop>3.79</hdop>
	<extensions>
		<gpxtpx:TrackPointExtension>
			<gpxtpx:course>337.0</gpxtpx:course>
		</gpxtpx:TrackPointExtension>
	</extensions>
</trkpt>
<trkpt lat="46.0239213" lon="14.5324130">
	<ele>289.00</ele>
	<time>2026-07-28T17:33:41.762Z</time>
	<hdop>3.79</hdop>
	<extensions>
		<gpxtpx:TrackPointExtension>
			<gpxtpx:course>335.0</gpxtpx:course>
		</gpxtpx:TrackPointExtension>
	</extensions>
</trkpt>
<trkpt lat="46.0242624" lon="14.5321465">
	<ele>288.72</ele>
	<time>2026-07-28T17:33:46.763Z</time>
	<hdop>3.79</hdop>
	<extensions>
		<gpxtpx:TrackPointExtension>
			<gpxtpx:course>328.0</gpxtpx:course>
		</gpxtpx:TrackPointExtension>
	</extensions>
</trkpt>
<trkpt lat="46.0246202" lon="14.5316943">
	<ele>288.56</ele>
	<time>2026-07-28T17:33:52.761Z</time>
	<hdop>3.79</hdop>
	<extensions>
		<gpxtpx:TrackPointExtension>
			<gpxtpx:course>312.0</gpxtpx:course>
		</gpxtpx:TrackPointExtension>
	</extensions>
</trkpt>
<trkpt lat="46.0248560" lon="14.5312204">
	<ele>288.89</ele>
	<time>2026-07-28T17:33:57.763Z</time>
	<hdop>3.79</hdop>
	<extensions>
		<gpxtpx:TrackPointExtension>
			<gpxtpx:course>305.0</gpxtpx:course>
		</gpxtpx:TrackPointExtension>
	</extensions>
</trkpt>
<trkpt lat="46.0250825" lon="14.5307335">
	<ele>288.97</ele>
	<time>2026-07-28T17:34:02.763Z</time>
	<hdop>3.79</hdop>
	<extensions>
		<gpxtpx:TrackPointExtension>
			<gpxtpx:course>302.0</gpxtpx:course>
		</gpxtpx:TrackPointExtension>
	</extensions>
</trkpt>
<trkpt lat="46.0253154" lon="14.5302482">
	<ele>288.50</ele>
	<time>2026-07-28T17:34:07.763Z</time>
	<hdop>3.79</hdop>
	<extensions>
		<gpxtpx:TrackPointExtension>
			<gpxtpx:course>306.0</gpxtpx:course>
		</gpxtpx:TrackPointExtension>
	</extensions>
</trkpt>
<trkpt lat="46.0255907" lon="14.5296633">
	<ele>288.72</ele>
	<time>2026-07-28T17:34:13.763Z</time>
	<hdop>3.79</hdop>
	<extensions>
		<gpxtpx:TrackPointExtension>
			<gpxtpx:course>302.0</gpxtpx:course>
		</gpxtpx:TrackPointExtension>
	</extensions>
</trkpt>
<trkpt lat="46.0258444" lon="14.5291184">
	<ele>288.98</ele>
	<time>2026-07-28T17:34:19.762Z</time>
	<hdop>3.79</hdop>
	<extensions>
		<gpxtpx:TrackPointExtension>
			<gpxtpx:course>304.0</gpxtpx:course>
		</gpxtpx:TrackPointExtension>
	</extensions>
</trkpt>
<trkpt lat="46.0260338" lon="14.5287046">
	<ele>288.60</ele>
	<time>2026-07-28T17:34:24.762Z</time>
	<hdop>3.79</hdop>
	<extensions>
		<gpxtpx:TrackPointExtension>
			<gpxtpx:course>302.0</gpxtpx:course>
		</gpxtpx:TrackPointExtension>
	</extensions>
</trkpt>
<trkpt lat="46.0262201" lon="14.5283058">
	<ele>288.44</ele>
	<time>2026-07-28T17:34:30.761Z</time>
	<hdop>3.79</hdop>
	<extensions>
		<gpxtpx:TrackPointExtension>
			<gpxtpx:course>306.0</gpxtpx:course>
		</gpxtpx:TrackPointExtension>
	</extensions>
</trkpt>
<trkpt lat="46.0263745" lon="14.5281286">
	<ele>288.51</ele>
	<time>2026-07-28T17:34:35.763Z</time>
	<hdop>3.79</hdop>
	<extensions>
		<gpxtpx:TrackPointExtension>
			<gpxtpx:course>323.0</gpxtpx:course>
		</gpxtpx:TrackPointExtension>
	</extensions>
</trkpt>
<trkpt lat="46.0264333" lon="14.5280092">
	<ele>288.45</ele>
	<time>2026-07-28T17:34:40.763Z</time>
	<hdop>3.79</hdop>
	<extensions>
		<gpxtpx:TrackPointExtension>
			<gpxtpx:course>250.0</gpxtpx:course>
		</gpxtpx:TrackPointExtension>
	</extensions>
</trkpt>
<trkpt lat="46.0263429" lon="14.5279092">
	<ele>288.27</ele>
	<time>2026-07-28T17:34:46.762Z</time>
	<hdop>3.93</hdop>
	<extensions>
		<gpxtpx:TrackPointExtension>
			<gpxtpx:course>222.0</gpxtpx:course>
		</gpxtpx:TrackPointExtension>
	</extensions>
</trkpt>
<trkpt lat="46.0262962" lon="14.5276602">
	<ele>288.03</ele>
	<time>2026-07-28T17:34:51.763Z</time>
	<hdop>3.79</hdop>
	<extensions>
		<gpxtpx:TrackPointExtension>
			<gpxtpx:course>287.0</gpxtpx:course>
		</gpxtpx:TrackPointExtension>
	</extensions>
</trkpt>
<trkpt lat="46.0264699" lon="14.5272539">
	<ele>287.87</ele>
	<time>2026-07-28T17:34:57.761Z</time>
	<hdop>3.79</hdop>
	<extensions>
		<gpxtpx:TrackPointExtension>
			<gpxtpx:course>307.0</gpxtpx:course>
		</gpxtpx:TrackPointExtension>
	</extensions>
</trkpt>
<trkpt lat="46.0266445" lon="14.5269049">
	<ele>287.95</ele>
	<time>2026-07-28T17:35:02.762Z</time>
	<hdop>3.79</hdop>
	<extensions>
		<gpxtpx:TrackPointExtension>
			<gpxtpx:course>303.0</gpxtpx:course>
		</gpxtpx:TrackPointExtension>
	</extensions>
</trkpt>
<trkpt lat="46.0268057" lon="14.5265796">
	<ele>288.11</ele>
	<time>2026-07-28T17:35:07.762Z</time>
	<hdop>3.79</hdop>
	<extensions>
		<gpxtpx:TrackPointExtension>
			<gpxtpx:course>302.0</gpxtpx:course>
		</gpxtpx:TrackPointExtension>
	</extensions>
</trkpt>
<trkpt lat="46.0268629" lon="14.5262210">
	<ele>288.13</ele>
	<time>2026-07-28T17:35:12.762Z</time>
	<hdop>3.79</hdop>
	<extensions>
		<gpxtpx:TrackPointExtension>
			<gpxtpx:course>249.0</gpxtpx:course>
		</gpxtpx:TrackPointExtension>
	</extensions>
</trkpt>
<trkpt lat="46.0266654" lon="14.5259437">
	<ele>288.01</ele>
	<time>2026-07-28T17:35:17.762Z</time>
	<hdop>3.79</hdop>
	<extensions>
		<gpxtpx:TrackPointExtension>
			<gpxtpx:course>212.0</gpxtpx:course>
		</gpxtpx:TrackPointExtension>
	</extensions>
</trkpt>
<trkpt lat="46.0264184" lon="14.5256798">
	<ele>287.76</ele>
	<time>2026-07-28T17:35:22.763Z</time>
	<hdop>3.79</hdop>
	<extensions>
		<gpxtpx:TrackPointExtension>
			<gpxtpx:course>217.0</gpxtpx:course>
		</gpxtpx:TrackPointExtension>
	</extensions>
</trkpt>
<trkpt lat="46.0261185" lon="14.5253762">
	<ele>287.62</ele>
	<time>2026-07-28T17:35:28.763Z</time>
	<hdop>3.79</hdop>
	<extensions>
		<gpxtpx:TrackPointExtension>
			<gpxtpx:course>214.0</gpxtpx:course>
		</gpxtpx:TrackPointExtension>
	</extensions>
</trkpt>
<trkpt lat="46.0259072" lon="14.5251462">
	<ele>287.85</ele>
	<time>2026-07-28T17:35:33.763Z</time>
	<hdop>3.79</hdop>
	<extensions>
		<gpxtpx:TrackPointExtension>
			<gpxtpx:course>215.0</gpxtpx:course>
		</gpxtpx:TrackPointExtension>
	</extensions>
</trkpt>
<trkpt lat="46.0258147" lon="14.5248722">
	<ele>288.05</ele>
	<time>2026-07-28T17:35:38.763Z</time>
	<hdop>3.79</hdop>
	<extensions>
		<gpxtpx:TrackPointExtension>
			<gpxtpx:course>286.0</gpxtpx:course>
		</gpxtpx:TrackPointExtension>
	</extensions>
</trkpt>
<trkpt lat="46.0260098" lon="14.5245047">
	<ele>288.11</ele>
	<time>2026-07-28T17:35:44.763Z</time>
	<hdop>3.79</hdop>
	<extensions>
		<gpxtpx:TrackPointExtension>
			<gpxtpx:course>308.0</gpxtpx:course>
		</gpxtpx:TrackPointExtension>
	</extensions>
</trkpt>
<trkpt lat="46.0261752" lon="14.5241636">
	<ele>288.01</ele>
	<time>2026-07-28T17:35:49.763Z</time>
	<hdop>3.79</hdop>
	<extensions>
		<gpxtpx:TrackPointExtension>
			<gpxtpx:course>306.0</gpxtpx:course>
		</gpxtpx:TrackPointExtension>
	</extensions>
</trkpt>
<trkpt lat="46.0263827" lon="14.5238002">
	<ele>287.84</ele>
	<time>2026-07-28T17:35:55.762Z</time>
	<hdop>3.79</hdop>
	<extensions>
		<gpxtpx:TrackPointExtension>
			<gpxtpx:course>300.0</gpxtpx:course>
		</gpxtpx:TrackPointExtension>
	</extensions>
</trkpt>
<trkpt lat="46.0266061" lon="14.5235658">
	<ele>287.95</ele>
	<time>2026-07-28T17:36:00.762Z</time>
	<hdop>3.79</hdop>
	<extensions>
		<gpxtpx:TrackPointExtension>
			<gpxtpx:course>334.0</gpxtpx:course>
		</gpxtpx:TrackPointExtension>
	</extensions>
</trkpt>
<trkpt lat="46.0267260" lon="14.5232113">
	<ele>288.03</ele>
	<time>2026-07-28T17:36:05.762Z</time>
	<hdop>3.79</hdop>
	<extensions>
		<gpxtpx:TrackPointExtension>
			<gpxtpx:course>273.0</gpxtpx:course>
		</gpxtpx:TrackPointExtension>
	</extensions>
</trkpt>
<trkpt lat="46.0268829" lon="14.5228894">
	<ele>288.03</ele>
	<time>2026-07-28T17:36:10.762Z</time>
	<hdop>3.79</hdop>
	<extensions>
		<gpxtpx:TrackPointExtension>
			<gpxtpx:course>318.0</gpxtpx:course>
		</gpxtpx:TrackPointExtension>
	</extensions>
</trkpt>
<trkpt lat="46.0270741" lon="14.5225939">
	<ele>288.00</ele>
	<time>2026-07-28T17:36:15.763Z</time>
	<hdop>3.79</hdop>
	<extensions>
		<gpxtpx:TrackPointExtension>
			<gpxtpx:course>309.0</gpxtpx:course>
		</gpxtpx:TrackPointExtension>
	</extensions>
</trkpt>
<trkpt lat="46.0272504" lon="14.5222520">
	<ele>288.00</ele>
	<time>2026-07-28T17:36:21.761Z</time>
	<hdop>3.79</hdop>
	<extensions>
		<gpxtpx:TrackPointExtension>
			<gpxtpx:course>308.0</gpxtpx:course>
		</gpxtpx:TrackPointExtension>
	</extensions>
</trkpt>
<trkpt lat="46.0273703" lon="14.5220167">
	<ele>288.00</ele>
	<time>2026-07-28T17:36:26.762Z</time>
	<hdop>3.79</hdop>
	<extensions>
		<gpxtpx:TrackPointExtension>
			<gpxtpx:course>307.0</gpxtpx:course>
		</gpxtpx:TrackPointExtension>
	</extensions>
</trkpt>
<trkpt lat="46.0274938" lon="14.5218061">
	<ele>288.00</ele>
	<time>2026-07-28T17:36:31.763Z</time>
	<hdop>3.79</hdop>
	<extensions>
		<gpxtpx:TrackPointExtension>
			<gpxtpx:course>325.0</gpxtpx:course>
		</gpxtpx:TrackPointExtension>
	</extensions>
</trkpt>
<trkpt lat="46.0276771" lon="14.5215282">
	<ele>287.99</ele>
	<time>2026-07-28T17:36:36.763Z</time>
	<hdop>3.79</hdop>
	<extensions>
		<gpxtpx:TrackPointExtension>
			<gpxtpx:course>310.0</gpxtpx:course>
		</gpxtpx:TrackPointExtension>
	</extensions>
</trkpt>
<trkpt lat="46.0279056" lon="14.5211739">
	<ele>287.73</ele>
	<time>2026-07-28T17:36:42.762Z</time>
	<hdop>3.79</hdop>
	<extensions>
		<gpxtpx:TrackPointExtension>
			<gpxtpx:course>324.0</gpxtpx:course>
		</gpxtpx:TrackPointExtension>
	</extensions>
</trkpt>
<trkpt lat="46.0281284" lon="14.5208786">
	<ele>287.20</ele>
	<time>2026-07-28T17:36:47.762Z</time>
	<hdop>3.79</hdop>
	<extensions>
		<gpxtpx:TrackPointExtension>
			<gpxtpx:course>317.0</gpxtpx:course>
		</gpxtpx:TrackPointExtension>
	</extensions>
</trkpt>
<trkpt lat="46.0283852" lon="14.5205027">
	<ele>286.90</ele>
	<time>2026-07-28T17:36:53.761Z</time>
	<hdop>3.79</hdop>
	<extensions>
		<gpxtpx:TrackPointExtension>
			<gpxtpx:course>317.0</gpxtpx:course>
		</gpxtpx:TrackPointExtension>
	</extensions>
</trkpt>
<trkpt lat="46.0285853" lon="14.5201814">
	<ele>287.18</ele>
	<time>2026-07-28T17:36:58.762Z</time>
	<hdop>3.79</hdop>
	<extensions>
		<gpxtpx:TrackPointExtension>
			<gpxtpx:course>312.0</gpxtpx:course>
		</gpxtpx:TrackPointExtension>
	</extensions>
</trkpt>
<trkpt lat="46.0286715" lon="14.5198086">
	<ele>287.43</ele>
	<time>2026-07-28T17:37:03.762Z</time>
	<hdop>3.79</hdop>
	<extensions>
		<gpxtpx:TrackPointExtension>
			<gpxtpx:course>268.0</gpxtpx:course>
		</gpxtpx:TrackPointExtension>
	</extensions>
</trkpt>
<trkpt lat="46.0287768" lon="14.5193971">
	<ele>287.48</ele>
	<time>2026-07-28T17:37:09.762Z</time>
	<hdop>3.79</hdop>
	<extensions>
		<gpxtpx:TrackPointExtension>
			<gpxtpx:course>289.0</gpxtpx:course>
		</gpxtpx:TrackPointExtension>
	</extensions>
</trkpt>
<trkpt lat="46.0288915" lon="14.5190092">
	<ele>287.34</ele>
	<time>2026-07-28T17:37:14.762Z</time>
	<hdop>3.79</hdop>
	<extensions>
		<gpxtpx:TrackPointExtension>
			<gpxtpx:course>294.0</gpxtpx:course>
		</gpxtpx:TrackPointExtension>
	</extensions>
</trkpt>
<trkpt lat="46.0289989" lon="14.5186195">
	<ele>287.64</ele>
	<time>2026-07-28T17:37:19.762Z</time>
	<hdop>3.79</hdop>
	<extensions>
		<gpxtpx:TrackPointExtension>
			<gpxtpx:course>289.0</gpxtpx:course>
		</gpxtpx:TrackPointExtension>
	</extensions>
</trkpt>
<trkpt lat="46.0290957" lon="14.5182679">
	<ele>287.93</ele>
	<time>2026-07-28T17:37:24.762Z</time>
	<hdop>3.79</hdop>
	<extensions>
		<gpxtpx:TrackPointExtension>
			<gpxtpx:course>286.0</gpxtpx:course>
		</gpxtpx:TrackPointExtension>
	</extensions>
</trkpt>
<trkpt lat="46.0290129" lon="14.5179729">
	<ele>287.57</ele>
	<time>2026-07-28T17:37:30.762Z</time>
	<hdop>3.79</hdop>
	<extensions>
		<gpxtpx:TrackPointExtension>
			<gpxtpx:course>205.0</gpxtpx:course>
		</gpxtpx:TrackPointExtension>
	</extensions>
</trkpt>
<trkpt lat="46.0288201" lon="14.5178766">
	<ele>287.30</ele>
	<time>2026-07-28T17:37:35.762Z</time>
	<hdop>3.79</hdop>
	<extensions>
		<gpxtpx:TrackPointExtension>
			<gpxtpx:course>193.0</gpxtpx:course>
		</gpxtpx:TrackPointExtension>
	</extensions>
</trkpt>
<trkpt lat="46.0285703" lon="14.5177876">
	<ele>287.07</ele>
	<time>2026-07-28T17:37:40.762Z</time>
	<hdop>3.79</hdop>
	<extensions>
		<gpxtpx:TrackPointExtension>
			<gpxtpx:course>196.0</gpxtpx:course>
		</gpxtpx:TrackPointExtension>
	</extensions>
</trkpt>
<trkpt lat="46.0283403" lon="14.5176781">
	<ele>286.98</ele>
	<time>2026-07-28T17:37:45.762Z</time>
	<hdop>3.79</hdop>
	<extensions>
		<gpxtpx:TrackPointExtension>
			<gpxtpx:course>196.0</gpxtpx:course>
		</gpxtpx:TrackPointExtension>
	</extensions>
</trkpt>
<trkpt lat="46.0281767" lon="14.5175335">
	<ele>287.00</ele>
	<time>2026-07-28T17:37:50.762Z</time>
	<hdop>3.85</hdop>
	<extensions>
		<gpxtpx:TrackPointExtension>
			<gpxtpx:course>251.0</gpxtpx:course>
		</gpxtpx:TrackPointExtension>
	</extensions>
</trkpt>
<trkpt lat="46.0281928" lon="14.5172745">
	<ele>287.00</ele>
	<time>2026-07-28T17:37:55.762Z</time>
	<hdop>3.79</hdop>
	<extensions>
		<gpxtpx:TrackPointExtension>
			<gpxtpx:course>233.0</gpxtpx:course>
		</gpxtpx:TrackPointExtension>
	</extensions>
</trkpt>
<trkpt lat="46.0280424" lon="14.5171658">
	<ele>287.01</ele>
	<time>2026-07-28T17:38:00.763Z</time>
	<hdop>3.79</hdop>
	<extensions>
		<gpxtpx:TrackPointExtension>
			<gpxtpx:course>195.0</gpxtpx:course>
		</gpxtpx:TrackPointExtension>
	</extensions>
</trkpt>
<trkpt lat="46.0277492" lon="14.5170216">
	<ele>287.00</ele>
	<time>2026-07-28T17:38:06.763Z</time>
	<hdop>3.79</hdop>
	<extensions>
		<gpxtpx:TrackPointExtension>
			<gpxtpx:course>194.0</gpxtpx:course>
		</gpxtpx:TrackPointExtension>
	</extensions>
</trkpt>
<trkpt lat="46.0274432" lon="14.5168721">
	<ele>287.00</ele>
	<time>2026-07-28T17:38:12.762Z</time>
	<hdop>3.79</hdop>
	<extensions>
		<gpxtpx:TrackPointExtension>
			<gpxtpx:course>197.0</gpxtpx:course>
		</gpxtpx:TrackPointExtension>
	</extensions>
</trkpt>
<trkpt lat="46.0271142" lon="14.5167321">
	<ele>287.00</ele>
	<time>2026-07-28T17:38:18.763Z</time>
	<hdop>3.79</hdop>
	<extensions>
		<gpxtpx:TrackPointExtension>
			<gpxtpx:course>197.0</gpxtpx:course>
		</gpxtpx:TrackPointExtension>
	</extensions>
</trkpt>
<trkpt lat="46.0267958" lon="14.5165859">
	<ele>287.00</ele>
	<time>2026-07-28T17:38:24.762Z</time>
	<hdop>3.79</hdop>
	<extensions>
		<gpxtpx:TrackPointExtension>
			<gpxtpx:course>197.0</gpxtpx:course>
		</gpxtpx:TrackPointExtension>
	</extensions>
</trkpt>
<trkpt lat="46.0265351" lon="14.5164735">
	<ele>286.98</ele>
	<time>2026-07-28T17:38:29.763Z</time>
	<hdop>3.79</hdop>
	<extensions>
		<gpxtpx:TrackPointExtension>
			<gpxtpx:course>195.0</gpxtpx:course>
		</gpxtpx:TrackPointExtension>
	</extensions>
</trkpt>
<trkpt lat="46.0263352" lon="14.5162241">
	<ele>286.96</ele>
	<time>2026-07-28T17:38:35.763Z</time>
	<hdop>3.79</hdop>
	<extensions>
		<gpxtpx:TrackPointExtension>
			<gpxtpx:course>257.0</gpxtpx:course>
		</gpxtpx:TrackPointExtension>
	</extensions>
</trkpt>
<trkpt lat="46.0264176" lon="14.5158465">
	<ele>286.99</ele>
	<time>2026-07-28T17:38:41.763Z</time>
	<hdop>3.79</hdop>
	<extensions>
		<gpxtpx:TrackPointExtension>
			<gpxtpx:course>293.0</gpxtpx:course>
		</gpxtpx:TrackPointExtension>
	</extensions>
</trkpt>
<trkpt lat="46.0265739" lon="14.5154376">
	<ele>287.47</ele>
	<time>2026-07-28T17:38:47.760Z</time>
	<hdop>3.79</hdop>
	<extensions>
		<gpxtpx:TrackPointExtension>
			<gpxtpx:course>296.0</gpxtpx:course>
		</gpxtpx:TrackPointExtension>
	</extensions>
</trkpt>
<trkpt lat="46.0266811" lon="14.5151007">
	<ele>287.95</ele>
	<time>2026-07-28T17:38:52.763Z</time>
	<hdop>3.79</hdop>
	<extensions>
		<gpxtpx:TrackPointExtension>
			<gpxtpx:course>290.0</gpxtpx:course>
		</gpxtpx:TrackPointExtension>
	</extensions>
</trkpt>
<trkpt lat="46.0265813" lon="14.5147627">
	<ele>287.83</ele>
	<time>2026-07-28T17:38:58.763Z</time>
	<hdop>3.79</hdop>
	<extensions>
		<gpxtpx:TrackPointExtension>
			<gpxtpx:course>221.0</gpxtpx:course>
		</gpxtpx:TrackPointExtension>
	</extensions>
</trkpt>
<trkpt lat="46.0263792" lon="14.5144703">
	<ele>287.25</ele>
	<time>2026-07-28T17:39:04.761Z</time>
	<hdop>3.79</hdop>
	<extensions>
		<gpxtpx:TrackPointExtension>
			<gpxtpx:course>226.0</gpxtpx:course>
		</gpxtpx:TrackPointExtension>
	</extensions>
</trkpt>
<trkpt lat="46.0262282" lon="14.5142504">
	<ele>286.96</ele>
	<time>2026-07-28T17:39:09.762Z</time>
	<hdop>3.79</hdop>
	<extensions>
		<gpxtpx:TrackPointExtension>
			<gpxtpx:course>224.0</gpxtpx:course>
		</gpxtpx:TrackPointExtension>
	</extensions>
</trkpt>
<trkpt lat="46.0261540" lon="14.5139814">
	<ele>287.02</ele>
	<time>2026-07-28T17:39:15.762Z</time>
	<hdop>3.79</hdop>
	<extensions>
		<gpxtpx:TrackPointExtension>
			<gpxtpx:course>316.0</gpxtpx:course>
		</gpxtpx:TrackPointExtension>
	</extensions>
</trkpt>
<trkpt lat="46.0263434" lon="14.5136707">
	<ele>287.15</ele>
	<time>2026-07-28T17:39:21.762Z</time>
	<hdop>3.79</hdop>
	<extensions>
		<gpxtpx:TrackPointExtension>
			<gpxtpx:course>320.0</gpxtpx:course>
		</gpxtpx:TrackPointExtension>
	</extensions>
</trkpt>
<trkpt lat="46.0265086" lon="14.5133878">
	<ele>287.12</ele>
	<time>2026-07-28T17:39:26.762Z</time>
	<hdop>3.79</hdop>
	<extensions>
		<gpxtpx:TrackPointExtension>
			<gpxtpx:course>315.0</gpxtpx:course>
		</gpxtpx:TrackPointExtension>
	</extensions>
</trkpt>
<trkpt lat="46.0266770" lon="14.5130811">
	<ele>287.24</ele>
	<time>2026-07-28T17:39:31.762Z</time>
	<hdop>3.79</hdop>
	<extensions>
		<gpxtpx:TrackPointExtension>
			<gpxtpx:course>307.0</gpxtpx:course>
		</gpxtpx:TrackPointExtension>
	</extensions>
</trkpt>
<trkpt lat="46.0268430" lon="14.5127767">
	<ele>287.59</ele>
	<time>2026-07-28T17:39:36.763Z</time>
	<hdop>3.79</hdop>
	<extensions>
		<gpxtpx:TrackPointExtension>
			<gpxtpx:course>305.0</gpxtpx:course>
		</gpxtpx:TrackPointExtension>
	</extensions>
</trkpt>
<trkpt lat="46.0270501" lon="14.5124198">
	<ele>287.67</ele>
	<time>2026-07-28T17:39:42.761Z</time>
	<hdop>3.79</hdop>
	<extensions>
		<gpxtpx:TrackPointExtension>
			<gpxtpx:course>315.0</gpxtpx:course>
		</gpxtpx:TrackPointExtension>
	</extensions>
</trkpt>
<trkpt lat="46.0272172" lon="14.5121238">
	<ele>287.65</ele>
	<time>2026-07-28T17:39:47.762Z</time>
	<hdop>3.79</hdop>
	<extensions>
		<gpxtpx:TrackPointExtension>
			<gpxtpx:course>310.0</gpxtpx:course>
		</gpxtpx:TrackPointExtension>
	</extensions>
</trkpt>
<trkpt lat="46.0273788" lon="14.5118710">
	<ele>287.81</ele>
	<time>2026-07-28T17:39:52.762Z</time>
	<hdop>3.79</hdop>
	<extensions>
		<gpxtpx:TrackPointExtension>
			<gpxtpx:course>309.0</gpxtpx:course>
		</gpxtpx:TrackPointExtension>
	</extensions>
</trkpt>
<trkpt lat="46.0275742" lon="14.5117053">
	<ele>287.97</ele>
	<time>2026-07-28T17:39:58.762Z</time>
	<hdop>3.79</hdop>
	<extensions>
		<gpxtpx:TrackPointExtension>
			<gpxtpx:course>4.0</gpxtpx:course>
		</gpxtpx:TrackPointExtension>
	</extensions>
</trkpt>
<trkpt lat="46.0277735" lon="14.5117435">
	<ele>287.94</ele>
	<time>2026-07-28T17:40:03.763Z</time>
	<hdop>3.79</hdop>
	<extensions>
		<gpxtpx:TrackPointExtension>
			<gpxtpx:course>7.0</gpxtpx:course>
		</gpxtpx:TrackPointExtension>
	</extensions>
</trkpt>
<trkpt lat="46.0279530" lon="14.5117797">
	<ele>287.90</ele>
	<time>2026-07-28T17:40:09.761Z</time>
	<hdop>3.79</hdop>
	<extensions>
		<gpxtpx:TrackPointExtension>
			<gpxtpx:course>5.0</gpxtpx:course>
		</gpxtpx:TrackPointExtension>
	</extensions>
</trkpt>
<trkpt lat="46.0280848" lon="14.5117837">
	<ele>287.89</ele>
	<time>2026-07-28T17:40:14.762Z</time>
	<hdop>3.79</hdop>
	<extensions>
		<gpxtpx:TrackPointExtension>
			<gpxtpx:course>348.0</gpxtpx:course>
		</gpxtpx:TrackPointExtension>
	</extensions>
</trkpt>
<trkpt lat="46.0282243" lon="14.5116777">
	<ele>287.99</ele>
	<time>2026-07-28T17:40:19.762Z</time>
	<hdop>3.79</hdop>
	<extensions>
		<gpxtpx:TrackPointExtension>
			<gpxtpx:course>2.0</gpxtpx:course>
		</gpxtpx:TrackPointExtension>
	</extensions>
</trkpt>
<trkpt lat="46.0284447" lon="14.5117124">
	<ele>287.97</ele>
	<time>2026-07-28T17:40:24.762Z</time>
	<hdop>3.79</hdop>
	<extensions>
		<gpxtpx:TrackPointExtension>
			<gpxtpx:course>3.0</gpxtpx:course>
		</gpxtpx:TrackPointExtension>
	</extensions>
</trkpt>
<trkpt lat="46.0286735" lon="14.5117448">
	<ele>287.96</ele>
	<time>2026-07-28T17:40:29.763Z</time>
	<hdop>3.79</hdop>
	<extensions>
		<gpxtpx:TrackPointExtension>
			<gpxtpx:course>0.0</gpxtpx:course>
		</gpxtpx:TrackPointExtension>
	</extensions>
</trkpt>
<trkpt lat="46.0289171" lon="14.5117850">
	<ele>287.97</ele>
	<time>2026-07-28T17:40:34.763Z</time>
	<hdop>3.79</hdop>
	<extensions>
		<gpxtpx:TrackPointExtension>
			<gpxtpx:course>4.0</gpxtpx:course>
		</gpxtpx:TrackPointExtension>
	</extensions>
</trkpt>
<trkpt lat="46.0292108" lon="14.5118336">
	<ele>288.00</ele>
	<time>2026-07-28T17:40:40.763Z</time>
	<hdop>3.79</hdop>
	<extensions>
		<gpxtpx:TrackPointExtension>
			<gpxtpx:course>2.0</gpxtpx:course>
		</gpxtpx:TrackPointExtension>
	</extensions>
</trkpt>
<trkpt lat="46.0295277" lon="14.5118932">
	<ele>288.02</ele>
	<time>2026-07-28T17:40:46.762Z</time>
	<hdop>3.79</hdop>
	<extensions>
		<gpxtpx:TrackPointExtension>
			<gpxtpx:course>5.0</gpxtpx:course>
		</gpxtpx:TrackPointExtension>
	</extensions>
</trkpt>
<trkpt lat="46.0298029" lon="14.5119311">
	<ele>288.01</ele>
	<time>2026-07-28T17:40:51.762Z</time>
	<hdop>3.79</hdop>
	<extensions>
		<gpxtpx:TrackPointExtension>
			<gpxtpx:course>10.0</gpxtpx:course>
		</gpxtpx:TrackPointExtension>
	</extensions>
</trkpt>
<trkpt lat="46.0300788" lon="14.5119672">
	<ele>288.00</ele>
	<time>2026-07-28T17:40:56.762Z</time>
	<hdop>3.79</hdop>
	<extensions>
		<gpxtpx:TrackPointExtension>
			<gpxtpx:course>5.0</gpxtpx:course>
		</gpxtpx:TrackPointExtension>
	</extensions>
</trkpt>
<trkpt lat="46.0304053" lon="14.5120269">
	<ele>288.00</ele>
	<time>2026-07-28T17:41:02.762Z</time>
	<hdop>3.79</hdop>
	<extensions>
		<gpxtpx:TrackPointExtension>
			<gpxtpx:course>4.0</gpxtpx:course>
		</gpxtpx:TrackPointExtension>
	</extensions>
</trkpt>
<trkpt lat="46.0306998" lon="14.5120785">
	<ele>288.00</ele>
	<time>2026-07-28T17:41:08.762Z</time>
	<hdop>3.79</hdop>
	<extensions>
		<gpxtpx:TrackPointExtension>
			<gpxtpx:course>8.0</gpxtpx:course>
		</gpxtpx:TrackPointExtension>
	</extensions>
</trkpt>
<trkpt lat="46.0309530" lon="14.5121064">
	<ele>288.00</ele>
	<time>2026-07-28T17:41:13.763Z</time>
	<hdop>3.79</hdop>
	<extensions>
		<gpxtpx:TrackPointExtension>
			<gpxtpx:course>5.0</gpxtpx:course>
		</gpxtpx:TrackPointExtension>
	</extensions>
</trkpt>
<trkpt lat="46.0312707" lon="14.5121590">
	<ele>287.98</ele>
	<time>2026-07-28T17:41:19.762Z</time>
	<hdop>3.79</hdop>
	<extensions>
		<gpxtpx:TrackPointExtension>
			<gpxtpx:course>10.0</gpxtpx:course>
		</gpxtpx:TrackPointExtension>
	</extensions>
</trkpt>
<trkpt lat="46.0316079" lon="14.5122253">
	<ele>288.01</ele>
	<time>2026-07-28T17:41:25.762Z</time>
	<hdop>3.79</hdop>
	<extensions>
		<gpxtpx:TrackPointExtension>
			<gpxtpx:course>7.0</gpxtpx:course>
		</gpxtpx:TrackPointExtension>
	</extensions>
</trkpt>
<trkpt lat="46.0319187" lon="14.5122769">
	<ele>288.23</ele>
	<time>2026-07-28T17:41:31.761Z</time>
	<hdop>3.79</hdop>
	<extensions>
		<gpxtpx:TrackPointExtension>
			<gpxtpx:course>9.0</gpxtpx:course>
		</gpxtpx:TrackPointExtension>
	</extensions>
</trkpt>
<trkpt lat="46.0321425" lon="14.5123181">
	<ele>288.53</ele>
	<time>2026-07-28T17:41:36.761Z</time>
	<hdop>3.79</hdop>
	<extensions>
		<gpxtpx:TrackPointExtension>
			<gpxtpx:course>7.0</gpxtpx:course>
		</gpxtpx:TrackPointExtension>
	</extensions>
</trkpt>
<trkpt lat="46.0323536" lon="14.5123458">
	<ele>288.80</ele>
	<time>2026-07-28T17:41:41.762Z</time>
	<hdop>3.79</hdop>
	<extensions>
		<gpxtpx:TrackPointExtension>
			<gpxtpx:course>1.0</gpxtpx:course>
		</gpxtpx:TrackPointExtension>
	</extensions>
</trkpt>
<trkpt lat="46.0326172" lon="14.5123831">
	<ele>289.00</ele>
	<time>2026-07-28T17:41:47.762Z</time>
	<hdop>3.79</hdop>
	<extensions>
		<gpxtpx:TrackPointExtension>
			<gpxtpx:course>5.0</gpxtpx:course>
		</gpxtpx:TrackPointExtension>
	</extensions>
</trkpt>
<trkpt lat="46.0328739" lon="14.5124330">
	<ele>289.00</ele>
	<time>2026-07-28T17:41:53.762Z</time>
	<hdop>3.79</hdop>
	<extensions>
		<gpxtpx:TrackPointExtension>
			<gpxtpx:course>1.0</gpxtpx:course>
		</gpxtpx:TrackPointExtension>
	</extensions>
</trkpt>
<trkpt lat="46.0330815" lon="14.5124258">
	<ele>288.94</ele>
	<time>2026-07-28T17:41:58.762Z</time>
	<hdop>3.79</hdop>
	<extensions>
		<gpxtpx:TrackPointExtension>
			<gpxtpx:course>350.0</gpxtpx:course>
		</gpxtpx:TrackPointExtension>
	</extensions>
</trkpt>
<trkpt lat="46.0333343" lon="14.5124438">
	<ele>288.98</ele>
	<time>2026-07-28T17:42:04.762Z</time>
	<hdop>3.79</hdop>
	<extensions>
		<gpxtpx:TrackPointExtension>
			<gpxtpx:course>1.0</gpxtpx:course>
		</gpxtpx:TrackPointExtension>
	</extensions>
</trkpt>
<trkpt lat="46.0334935" lon="14.5123614">
	<ele>289.09</ele>
	<time>2026-07-28T17:42:09.762Z</time>
	<hdop>3.79</hdop>
	<extensions>
		<gpxtpx:TrackPointExtension>
			<gpxtpx:course>312.0</gpxtpx:course>
		</gpxtpx:TrackPointExtension>
	</extensions>
</trkpt>
<trkpt lat="46.0335956" lon="14.5121572">
	<ele>289.00</ele>
	<time>2026-07-28T17:42:14.762Z</time>
	<hdop>3.79</hdop>
	<extensions>
		<gpxtpx:TrackPointExtension>
			<gpxtpx:course>307.0</gpxtpx:course>
		</gpxtpx:TrackPointExtension>
	</extensions>
</trkpt>
<trkpt lat="46.0337329" lon="14.5118816">
	<ele>288.77</ele>
	<time>2026-07-28T17:42:20.762Z</time>
	<hdop>3.79</hdop>
	<extensions>
		<gpxtpx:TrackPointExtension>
			<gpxtpx:course>305.0</gpxtpx:course>
		</gpxtpx:TrackPointExtension>
	</extensions>
</trkpt>
<trkpt lat="46.0338710" lon="14.5116402">
	<ele>288.65</ele>
	<time>2026-07-28T17:42:25.763Z</time>
	<hdop>3.79</hdop>
	<extensions>
		<gpxtpx:TrackPointExtension>
			<gpxtpx:course>312.0</gpxtpx:course>
		</gpxtpx:TrackPointExtension>
	</extensions>
</trkpt>
<trkpt lat="46.0340247" lon="14.5113258">
	<ele>288.48</ele>
	<time>2026-07-28T17:42:31.761Z</time>
	<hdop>3.79</hdop>
	<extensions>
		<gpxtpx:TrackPointExtension>
			<gpxtpx:course>303.0</gpxtpx:course>
		</gpxtpx:TrackPointExtension>
	</extensions>
</trkpt>
<trkpt lat="46.0341281" lon="14.5110873">
	<ele>288.24</ele>
	<time>2026-07-28T17:42:36.761Z</time>
	<hdop>3.79</hdop>
	<extensions>
		<gpxtpx:TrackPointExtension>
			<gpxtpx:course>301.0</gpxtpx:course>
		</gpxtpx:TrackPointExtension>
	</extensions>
</trkpt>
<trkpt lat="46.0342436" lon="14.5108558">
	<ele>288.03</ele>
	<time>2026-07-28T17:42:41.761Z</time>
	<hdop>3.79</hdop>
	<extensions>
		<gpxtpx:TrackPointExtension>
			<gpxtpx:course>306.0</gpxtpx:course>
		</gpxtpx:TrackPointExtension>
	</extensions>
</trkpt>
<trkpt lat="46.0343588" lon="14.5106082">
	<ele>287.92</ele>
	<time>2026-07-28T17:42:46.762Z</time>
	<hdop>3.79</hdop>
	<extensions>
		<gpxtpx:TrackPointExtension>
			<gpxtpx:course>304.0</gpxtpx:course>
		</gpxtpx:TrackPointExtension>
	</extensions>
</trkpt>
<trkpt lat="46.0345201" lon="14.5102626">
	<ele>287.93</ele>
	<time>2026-07-28T17:42:52.761Z</time>
	<hdop>3.79</hdop>
	<extensions>
		<gpxtpx:TrackPointExtension>
			<gpxtpx:course>303.0</gpxtpx:course>
		</gpxtpx:TrackPointExtension>
	</extensions>
</trkpt>
<trkpt lat="46.0346492" lon="14.5099727">
	<ele>288.01</ele>
	<time>2026-07-28T17:42:57.761Z</time>
	<hdop>3.79</hdop>
	<extensions>
		<gpxtpx:TrackPointExtension>
			<gpxtpx:course>305.0</gpxtpx:course>
		</gpxtpx:TrackPointExtension>
	</extensions>
</trkpt>
<trkpt lat="46.0347720" lon="14.5097008">
	<ele>288.29</ele>
	<time>2026-07-28T17:43:02.762Z</time>
	<hdop>3.79</hdop>
	<extensions>
		<gpxtpx:TrackPointExtension>
			<gpxtpx:course>305.0</gpxtpx:course>
		</gpxtpx:TrackPointExtension>
	</extensions>
</trkpt>
<trkpt lat="46.0348953" lon="14.5094208">
	<ele>288.76</ele>
	<time>2026-07-28T17:43:08.762Z</time>
	<hdop>3.79</hdop>
	<extensions>
		<gpxtpx:TrackPointExtension>
			<gpxtpx:course>299.0</gpxtpx:course>
		</gpxtpx:TrackPointExtension>
	</extensions>
</trkpt>
<trkpt lat="46.0349819" lon="14.5092344">
	<ele>288.98</ele>
	<time>2026-07-28T17:43:13.762Z</time>
	<hdop>3.79</hdop>
	<extensions>
		<gpxtpx:TrackPointExtension>
			<gpxtpx:course>294.0</gpxtpx:course>
		</gpxtpx:TrackPointExtension>
	</extensions>
</trkpt>
<trkpt lat="46.0350516" lon="14.5090584">
	<ele>288.96</ele>
	<time>2026-07-28T17:43:18.762Z</time>
	<hdop>3.79</hdop>
	<extensions>
		<gpxtpx:TrackPointExtension>
			<gpxtpx:course>303.0</gpxtpx:course>
		</gpxtpx:TrackPointExtension>
	</extensions>
</trkpt>
<trkpt lat="46.0351822" lon="14.5088160">
	<ele>288.65</ele>
	<time>2026-07-28T17:43:24.762Z</time>
	<hdop>3.79</hdop>
	<extensions>
		<gpxtpx:TrackPointExtension>
			<gpxtpx:course>297.0</gpxtpx:course>
		</gpxtpx:TrackPointExtension>
	</extensions>
</trkpt>
<trkpt lat="46.0353067" lon="14.5085247">
	<ele>288.41</ele>
	<time>2026-07-28T17:43:30.761Z</time>
	<hdop>3.79</hdop>
	<extensions>
		<gpxtpx:TrackPointExtension>
			<gpxtpx:course>305.0</gpxtpx:course>
		</gpxtpx:TrackPointExtension>
	</extensions>
</trkpt>
<trkpt lat="46.0354150" lon="14.5083019">
	<ele>288.56</ele>
	<time>2026-07-28T17:43:35.762Z</time>
	<hdop>3.79</hdop>
	<extensions>
		<gpxtpx:TrackPointExtension>
			<gpxtpx:course>312.0</gpxtpx:course>
		</gpxtpx:TrackPointExtension>
	</extensions>
</trkpt>
<trkpt lat="46.0354999" lon="14.5081203">
	<ele>288.90</ele>
	<time>2026-07-28T17:43:40.762Z</time>
	<hdop>3.79</hdop>
	<extensions>
		<gpxtpx:TrackPointExtension>
			<gpxtpx:course>308.0</gpxtpx:course>
		</gpxtpx:TrackPointExtension>
	</extensions>
</trkpt>
<trkpt lat="46.0354463" lon="14.5078942">
	<ele>289.18</ele>
	<time>2026-07-28T17:43:46.762Z</time>
	<hdop>3.79</hdop>
	<extensions>
		<gpxtpx:TrackPointExtension>
			<gpxtpx:course>205.0</gpxtpx:course>
		</gpxtpx:TrackPointExtension>
	</extensions>
</trkpt>
<trkpt lat="46.0351929" lon="14.5076943">
	<ele>289.03</ele>
	<time>2026-07-28T17:43:52.761Z</time>
	<hdop>3.79</hdop>
	<extensions>
		<gpxtpx:TrackPointExtension>
			<gpxtpx:course>208.0</gpxtpx:course>
		</gpxtpx:TrackPointExtension>
	</extensions>
</trkpt>
<trkpt lat="46.0349522" lon="14.5075636">
	<ele>288.93</ele>
	<time>2026-07-28T17:43:57.762Z</time>
	<hdop>3.79</hdop>
	<extensions>
		<gpxtpx:TrackPointExtension>
			<gpxtpx:course>190.0</gpxtpx:course>
		</gpxtpx:TrackPointExtension>
	</extensions>
</trkpt>
<trkpt lat="46.0346760" lon="14.5075273">
	<ele>288.94</ele>
	<time>2026-07-28T17:44:02.762Z</time>
	<hdop>3.79</hdop>
	<extensions>
		<gpxtpx:TrackPointExtension>
			<gpxtpx:course>181.0</gpxtpx:course>
		</gpxtpx:TrackPointExtension>
	</extensions>
</trkpt>
<trkpt lat="46.0344099" lon="14.5074871">
	<ele>289.05</ele>
	<time>2026-07-28T17:44:07.762Z</time>
	<hdop>3.79</hdop>
	<extensions>
		<gpxtpx:TrackPointExtension>
			<gpxtpx:course>186.0</gpxtpx:course>
		</gpxtpx:TrackPointExtension>
	</extensions>
</trkpt>
<trkpt lat="46.0341425" lon="14.5074293">
	<ele>289.06</ele>
	<time>2026-07-28T17:44:12.762Z</time>
	<hdop>3.79</hdop>
	<extensions>
		<gpxtpx:TrackPointExtension>
			<gpxtpx:course>194.0</gpxtpx:course>
		</gpxtpx:TrackPointExtension>
	</extensions>
</trkpt>
<trkpt lat="46.0339478" lon="14.5071738">
	<ele>288.97</ele>
	<time>2026-07-28T17:44:17.762Z</time>
	<hdop>3.79</hdop>
	<extensions>
		<gpxtpx:TrackPointExtension>
			<gpxtpx:course>252.0</gpxtpx:course>
		</gpxtpx:TrackPointExtension>
	</extensions>
</trkpt>
<trkpt lat="46.0338780" lon="14.5067777">
	<ele>288.98</ele>
	<time>2026-07-28T17:44:22.762Z</time>
	<hdop>3.79</hdop>
	<extensions>
		<gpxtpx:TrackPointExtension>
			<gpxtpx:course>261.0</gpxtpx:course>
		</gpxtpx:TrackPointExtension>
	</extensions>
</trkpt>
<trkpt lat="46.0338034" lon="14.5062854">
	<ele>289.03</ele>
	<time>2026-07-28T17:44:28.762Z</time>
	<hdop>3.79</hdop>
	<extensions>
		<gpxtpx:TrackPointExtension>
			<gpxtpx:course>257.0</gpxtpx:course>
		</gpxtpx:TrackPointExtension>
	</extensions>
</trkpt>
<trkpt lat="46.0337210" lon="14.5058975">
	<ele>289.00</ele>
	<time>2026-07-28T17:44:33.762Z</time>
	<hdop>3.79</hdop>
	<extensions>
		<gpxtpx:TrackPointExtension>
			<gpxtpx:course>253.0</gpxtpx:course>
		</gpxtpx:TrackPointExtension>
	</extensions>
</trkpt>
<trkpt lat="46.0336579" lon="14.5054571">
	<ele>288.98</ele>
	<time>2026-07-28T17:44:39.762Z</time>
	<hdop>3.79</hdop>
	<extensions>
		<gpxtpx:TrackPointExtension>
			<gpxtpx:course>256.0</gpxtpx:course>
		</gpxtpx:TrackPointExtension>
	</extensions>
</trkpt>
<trkpt lat="46.0335458" lon="14.5051419">
	<ele>288.99</ele>
	<time>2026-07-28T17:44:44.762Z</time>
	<hdop>3.79</hdop>
	<extensions>
		<gpxtpx:TrackPointExtension>
			<gpxtpx:course>223.0</gpxtpx:course>
		</gpxtpx:TrackPointExtension>
	</extensions>
</trkpt>
<trkpt lat="46.0334409" lon="14.5047212">
	<ele>288.99</ele>
	<time>2026-07-28T17:44:50.762Z</time>
	<hdop>3.79</hdop>
	<extensions>
		<gpxtpx:TrackPointExtension>
			<gpxtpx:course>257.0</gpxtpx:course>
		</gpxtpx:TrackPointExtension>
	</extensions>
</trkpt>
<trkpt lat="46.0333677" lon="14.5042550">
	<ele>288.98</ele>
	<time>2026-07-28T17:44:56.762Z</time>
	<hdop>3.79</hdop>
	<extensions>
		<gpxtpx:TrackPointExtension>
			<gpxtpx:course>248.0</gpxtpx:course>
		</gpxtpx:TrackPointExtension>
	</extensions>
</trkpt>
<trkpt lat="46.0332941" lon="14.5037865">
	<ele>289.38</ele>
	<time>2026-07-28T17:45:02.762Z</time>
	<hdop>3.79</hdop>
	<extensions>
		<gpxtpx:TrackPointExtension>
			<gpxtpx:course>253.0</gpxtpx:course>
		</gpxtpx:TrackPointExtension>
	</extensions>
</trkpt>
<trkpt lat="46.0332458" lon="14.5033648">
	<ele>289.89</ele>
	<time>2026-07-28T17:45:08.762Z</time>
	<hdop>3.79</hdop>
	<extensions>
		<gpxtpx:TrackPointExtension>
			<gpxtpx:course>259.0</gpxtpx:course>
		</gpxtpx:TrackPointExtension>
	</extensions>
</trkpt>
<trkpt lat="46.0332006" lon="14.5030457">
	<ele>289.98</ele>
	<time>2026-07-28T17:45:13.762Z</time>
	<hdop>3.79</hdop>
	<extensions>
		<gpxtpx:TrackPointExtension>
			<gpxtpx:course>259.0</gpxtpx:course>
		</gpxtpx:TrackPointExtension>
	</extensions>
</trkpt>
<trkpt lat="46.0331668" lon="14.5027338">
	<ele>289.98</ele>
	<time>2026-07-28T17:45:18.762Z</time>
	<hdop>3.79</hdop>
	<extensions>
		<gpxtpx:TrackPointExtension>
			<gpxtpx:course>257.0</gpxtpx:course>
		</gpxtpx:TrackPointExtension>
	</extensions>
</trkpt>
<trkpt lat="46.0331169" lon="14.5023561">
	<ele>290.09</ele>
	<time>2026-07-28T17:45:24.761Z</time>
	<hdop>3.79</hdop>
	<extensions>
		<gpxtpx:TrackPointExtension>
			<gpxtpx:course>260.0</gpxtpx:course>
		</gpxtpx:TrackPointExtension>
	</extensions>
</trkpt>
<trkpt lat="46.0330739" lon="14.5020984">
	<ele>290.28</ele>
	<time>2026-07-28T17:45:29.761Z</time>
	<hdop>3.79</hdop>
	<extensions>
		<gpxtpx:TrackPointExtension>
			<gpxtpx:course>261.0</gpxtpx:course>
		</gpxtpx:TrackPointExtension>
	</extensions>
</trkpt>
<trkpt lat="46.0330786" lon="14.5019300">
	<ele>290.38</ele>
	<time>2026-07-28T17:45:34.762Z</time>
	<hdop>3.79</hdop>
	<extensions>
		<gpxtpx:TrackPointExtension>
			<gpxtpx:course>327.0</gpxtpx:course>
		</gpxtpx:TrackPointExtension>
	</extensions>
</trkpt>
<trkpt lat="46.0330870" lon="14.5017772">
	<ele>290.39</ele>
	<time>2026-07-28T17:45:41.762Z</time>
	<hdop>3.96</hdop>
	<extensions>
		<gpxtpx:TrackPointExtension>
			<gpxtpx:course>236.0</gpxtpx:course>
		</gpxtpx:TrackPointExtension>
	</extensions>
</trkpt>
<trkpt lat="46.0329764" lon="14.5016163">
	<ele>290.31</ele>
	<time>2026-07-28T17:45:46.762Z</time>
	<hdop>3.79</hdop>
	<extensions>
		<gpxtpx:TrackPointExtension>
			<gpxtpx:course>243.0</gpxtpx:course>
		</gpxtpx:TrackPointExtension>
	</extensions>
</trkpt>
<trkpt lat="46.0328849" lon="14.5013593">
	<ele>290.03</ele>
	<time>2026-07-28T17:45:51.762Z</time>
	<hdop>3.79</hdop>
	<extensions>
		<gpxtpx:TrackPointExtension>
			<gpxtpx:course>244.0</gpxtpx:course>
		</gpxtpx:TrackPointExtension>
	</extensions>
</trkpt>
<trkpt lat="46.0327729" lon="14.5011103">
	<ele>290.09</ele>
	<time>2026-07-28T17:45:56.762Z</time>
	<hdop>3.79</hdop>
	<extensions>
		<gpxtpx:TrackPointExtension>
			<gpxtpx:course>248.0</gpxtpx:course>
		</gpxtpx:TrackPointExtension>
	</extensions>
</trkpt>
<trkpt lat="46.0326856" lon="14.5008429">
	<ele>290.51</ele>
	<time>2026-07-28T17:46:01.762Z</time>
	<hdop>3.79</hdop>
	<extensions>
		<gpxtpx:TrackPointExtension>
			<gpxtpx:course>244.0</gpxtpx:course>
		</gpxtpx:TrackPointExtension>
	</extensions>
</trkpt>
<trkpt lat="46.0325990" lon="14.5005872">
	<ele>291.20</ele>
	<time>2026-07-28T17:46:06.762Z</time>
	<hdop>3.79</hdop>
	<extensions>
		<gpxtpx:TrackPointExtension>
			<gpxtpx:course>239.0</gpxtpx:course>
		</gpxtpx:TrackPointExtension>
	</extensions>
</trkpt>
<trkpt lat="46.0324909" lon="14.5001457">
	<ele>292.11</ele>
	<time>2026-07-28T17:46:12.761Z</time>
	<hdop>3.79</hdop>
	<extensions>
		<gpxtpx:TrackPointExtension>
			<gpxtpx:course>255.0</gpxtpx:course>
		</gpxtpx:TrackPointExtension>
	</extensions>
</trkpt>
<trkpt lat="46.0324190" lon="14.4997153">
	<ele>290.97</ele>
	<time>2026-07-28T17:46:17.761Z</time>
	<hdop>3.79</hdop>
	<extensions>
		<gpxtpx:TrackPointExtension>
			<gpxtpx:course>256.0</gpxtpx:course>
		</gpxtpx:TrackPointExtension>
	</extensions>
</trkpt>
<trkpt lat="46.0323374" lon="14.4992628">
	<ele>288.42</ele>
	<time>2026-07-28T17:46:22.762Z</time>
	<hdop>3.79</hdop>
	<extensions>
		<gpxtpx:TrackPointExtension>
			<gpxtpx:course>256.0</gpxtpx:course>
		</gpxtpx:TrackPointExtension>
	</extensions>
</trkpt>
<trkpt lat="46.0322402" lon="14.4987951">
	<ele>288.99</ele>
	<time>2026-07-28T17:46:27.762Z</time>
	<hdop>3.79</hdop>
	<extensions>
		<gpxtpx:TrackPointExtension>
			<gpxtpx:course>246.0</gpxtpx:course>
		</gpxtpx:TrackPointExtension>
	</extensions>
</trkpt>
<trkpt lat="46.0321066" lon="14.4983603">
	<ele>290.50</ele>
	<time>2026-07-28T17:46:32.762Z</time>
	<hdop>3.79</hdop>
	<extensions>
		<gpxtpx:TrackPointExtension>
			<gpxtpx:course>244.0</gpxtpx:course>
		</gpxtpx:TrackPointExtension>
	</extensions>
</trkpt>
<trkpt lat="46.0319285" lon="14.4978556">
	<ele>290.37</ele>
	<time>2026-07-28T17:46:38.761Z</time>
	<hdop>3.79</hdop>
	<extensions>
		<gpxtpx:TrackPointExtension>
			<gpxtpx:course>241.0</gpxtpx:course>
		</gpxtpx:TrackPointExtension>
	</extensions>
</trkpt>
<trkpt lat="46.0317822" lon="14.4974493">
	<ele>290.18</ele>
	<time>2026-07-28T17:46:43.761Z</time>
	<hdop>3.79</hdop>
	<extensions>
		<gpxtpx:TrackPointExtension>
			<gpxtpx:course>244.0</gpxtpx:course>
		</gpxtpx:TrackPointExtension>
	</extensions>
</trkpt>
<trkpt lat="46.0316438" lon="14.4970259">
	<ele>290.53</ele>
	<time>2026-07-28T17:46:48.762Z</time>
	<hdop>3.79</hdop>
	<extensions>
		<gpxtpx:TrackPointExtension>
			<gpxtpx:course>243.0</gpxtpx:course>
		</gpxtpx:TrackPointExtension>
	</extensions>
</trkpt>
<trkpt lat="46.0315014" lon="14.4966042">
	<ele>290.89</ele>
	<time>2026-07-28T17:46:53.762Z</time>
	<hdop>3.79</hdop>
	<extensions>
		<gpxtpx:TrackPointExtension>
			<gpxtpx:course>243.0</gpxtpx:course>
		</gpxtpx:TrackPointExtension>
	</extensions>
</trkpt>
<trkpt lat="46.0313379" lon="14.4961042">
	<ele>290.77</ele>
	<time>2026-07-28T17:46:59.761Z</time>
	<hdop>3.79</hdop>
	<extensions>
		<gpxtpx:TrackPointExtension>
			<gpxtpx:course>243.0</gpxtpx:course>
		</gpxtpx:TrackPointExtension>
	</extensions>
</trkpt>
<trkpt lat="46.0312100" lon="14.4956813">
	<ele>290.41</ele>
	<time>2026-07-28T17:47:04.762Z</time>
	<hdop>3.79</hdop>
	<extensions>
		<gpxtpx:TrackPointExtension>
			<gpxtpx:course>245.0</gpxtpx:course>
		</gpxtpx:TrackPointExtension>
	</extensions>
</trkpt>
<trkpt lat="46.0310574" lon="14.4951901">
	<ele>290.47</ele>
	<time>2026-07-28T17:47:10.762Z</time>
	<hdop>3.79</hdop>
	<extensions>
		<gpxtpx:TrackPointExtension>
			<gpxtpx:course>244.0</gpxtpx:course>
		</gpxtpx:TrackPointExtension>
	</extensions>
</trkpt>
<trkpt lat="46.0309043" lon="14.4946915">
	<ele>291.01</ele>
	<time>2026-07-28T17:47:16.762Z</time>
	<hdop>3.79</hdop>
	<extensions>
		<gpxtpx:TrackPointExtension>
			<gpxtpx:course>246.0</gpxtpx:course>
		</gpxtpx:TrackPointExtension>
	</extensions>
</trkpt>
<trkpt lat="46.0307515" lon="14.4941743">
	<ele>290.95</ele>
	<time>2026-07-28T17:47:22.762Z</time>
	<hdop>3.79</hdop>
	<extensions>
		<gpxtpx:TrackPointExtension>
			<gpxtpx:course>246.0</gpxtpx:course>
		</gpxtpx:TrackPointExtension>
	</extensions>
</trkpt>
<trkpt lat="46.0306197" lon="14.4937425">
	<ele>290.90</ele>
	<time>2026-07-28T17:47:27.762Z</time>
	<hdop>3.79</hdop>
	<extensions>
		<gpxtpx:TrackPointExtension>
			<gpxtpx:course>245.0</gpxtpx:course>
		</gpxtpx:TrackPointExtension>
	</extensions>
</trkpt>
<trkpt lat="46.0305098" lon="14.4932281">
	<ele>291.07</ele>
	<time>2026-07-28T17:47:33.761Z</time>
	<hdop>3.79</hdop>
	<extensions>
		<gpxtpx:TrackPointExtension>
			<gpxtpx:course>257.0</gpxtpx:course>
		</gpxtpx:TrackPointExtension>
	</extensions>
</trkpt>
<trkpt lat="46.0303400" lon="14.4928481">
	<ele>291.17</ele>
	<time>2026-07-28T17:47:38.762Z</time>
	<hdop>3.79</hdop>
	<extensions>
		<gpxtpx:TrackPointExtension>
			<gpxtpx:course>232.0</gpxtpx:course>
		</gpxtpx:TrackPointExtension>
	</extensions>
</trkpt>
<trkpt lat="46.0301807" lon="14.4924376">
	<ele>291.06</ele>
	<time>2026-07-28T17:47:43.762Z</time>
	<hdop>3.79</hdop>
	<extensions>
		<gpxtpx:TrackPointExtension>
			<gpxtpx:course>240.0</gpxtpx:course>
		</gpxtpx:TrackPointExtension>
	</extensions>
</trkpt>
<trkpt lat="46.0299910" lon="14.4919377">
	<ele>291.00</ele>
	<time>2026-07-28T17:47:49.762Z</time>
	<hdop>3.79</hdop>
	<extensions>
		<gpxtpx:TrackPointExtension>
			<gpxtpx:course>243.0</gpxtpx:course>
		</gpxtpx:TrackPointExtension>
	</extensions>
</trkpt>
<trkpt lat="46.0298121" lon="14.4914215">
	<ele>290.96</ele>
	<time>2026-07-28T17:47:55.761Z</time>
	<hdop>3.79</hdop>
	<extensions>
		<gpxtpx:TrackPointExtension>
			<gpxtpx:course>232.0</gpxtpx:course>
		</gpxtpx:TrackPointExtension>
	</extensions>
</trkpt>
<trkpt lat="46.0296520" lon="14.4909718">
	<ele>290.68</ele>
	<time>2026-07-28T17:48:00.762Z</time>
	<hdop>3.79</hdop>
	<extensions>
		<gpxtpx:TrackPointExtension>
			<gpxtpx:course>243.0</gpxtpx:course>
		</gpxtpx:TrackPointExtension>
	</extensions>
</trkpt>
<trkpt lat="46.0294899" lon="14.4904350">
	<ele>290.69</ele>
	<time>2026-07-28T17:48:06.762Z</time>
	<hdop>3.79</hdop>
	<extensions>
		<gpxtpx:TrackPointExtension>
			<gpxtpx:course>242.0</gpxtpx:course>
		</gpxtpx:TrackPointExtension>
	</extensions>
</trkpt>
<trkpt lat="46.0293200" lon="14.4899207">
	<ele>291.06</ele>
	<time>2026-07-28T17:48:12.762Z</time>
	<hdop>3.79</hdop>
	<extensions>
		<gpxtpx:TrackPointExtension>
			<gpxtpx:course>244.0</gpxtpx:course>
		</gpxtpx:TrackPointExtension>
	</extensions>
</trkpt>
<trkpt lat="46.0292341" lon="14.4893933">
	<ele>291.03</ele>
	<time>2026-07-28T17:48:18.762Z</time>
	<hdop>3.79</hdop>
	<extensions>
		<gpxtpx:TrackPointExtension>
			<gpxtpx:course>265.0</gpxtpx:course>
		</gpxtpx:TrackPointExtension>
	</extensions>
</trkpt>
<trkpt lat="46.0292859" lon="14.4888447">
	<ele>291.03</ele>
	<time>2026-07-28T17:48:24.761Z</time>
	<hdop>3.79</hdop>
	<extensions>
		<gpxtpx:TrackPointExtension>
			<gpxtpx:course>282.0</gpxtpx:course>
		</gpxtpx:TrackPointExtension>
	</extensions>
</trkpt>
<trkpt lat="46.0293651" lon="14.4884189">
	<ele>291.20</ele>
	<time>2026-07-28T17:48:29.761Z</time>
	<hdop>3.79</hdop>
	<extensions>
		<gpxtpx:TrackPointExtension>
			<gpxtpx:course>284.0</gpxtpx:course>
		</gpxtpx:TrackPointExtension>
	</extensions>
</trkpt>
<trkpt lat="46.0294508" lon="14.4879108">
	<ele>291.12</ele>
	<time>2026-07-28T17:48:35.760Z</time>
	<hdop>3.79</hdop>
	<extensions>
		<gpxtpx:TrackPointExtension>
			<gpxtpx:course>287.0</gpxtpx:course>
		</gpxtpx:TrackPointExtension>
	</extensions>
</trkpt>
<trkpt lat="46.0295186" lon="14.4874857">
	<ele>290.98</ele>
	<time>2026-07-28T17:48:40.762Z</time>
	<hdop>3.79</hdop>
	<extensions>
		<gpxtpx:TrackPointExtension>
			<gpxtpx:course>285.0</gpxtpx:course>
		</gpxtpx:TrackPointExtension>
	</extensions>
</trkpt>
<trkpt lat="46.0296030" lon="14.4869656">
	<ele>291.64</ele>
	<time>2026-07-28T17:48:46.761Z</time>
	<hdop>3.79</hdop>
	<extensions>
		<gpxtpx:TrackPointExtension>
			<gpxtpx:course>281.0</gpxtpx:course>
		</gpxtpx:TrackPointExtension>
	</extensions>
</trkpt>
<trkpt lat="46.0296787" lon="14.4865297">
	<ele>291.99</ele>
	<time>2026-07-28T17:48:51.761Z</time>
	<hdop>3.79</hdop>
	<extensions>
		<gpxtpx:TrackPointExtension>
			<gpxtpx:course>284.0</gpxtpx:course>
		</gpxtpx:TrackPointExtension>
	</extensions>
</trkpt>
<trkpt lat="46.0297475" lon="14.4861068">
	<ele>291.85</ele>
	<time>2026-07-28T17:48:56.762Z</time>
	<hdop>3.79</hdop>
	<extensions>
		<gpxtpx:TrackPointExtension>
			<gpxtpx:course>284.0</gpxtpx:course>
		</gpxtpx:TrackPointExtension>
	</extensions>
</trkpt>
<trkpt lat="46.0298259" lon="14.4856667">
	<ele>291.82</ele>
	<time>2026-07-28T17:49:01.762Z</time>
	<hdop>3.79</hdop>
	<extensions>
		<gpxtpx:TrackPointExtension>
			<gpxtpx:course>286.0</gpxtpx:course>
		</gpxtpx:TrackPointExtension>
	</extensions>
</trkpt>
<trkpt lat="46.0298998" lon="14.4852414">
	<ele>291.90</ele>
	<time>2026-07-28T17:49:06.762Z</time>
	<hdop>3.79</hdop>
	<extensions>
		<gpxtpx:TrackPointExtension>
			<gpxtpx:course>283.0</gpxtpx:course>
		</gpxtpx:TrackPointExtension>
	</extensions>
</trkpt>
<trkpt lat="46.0299889" lon="14.4847377">
	<ele>292.00</ele>
	<time>2026-07-28T17:49:12.761Z</time>
	<hdop>3.79</hdop>
	<extensions>
		<gpxtpx:TrackPointExtension>
			<gpxtpx:course>284.0</gpxtpx:course>
		</gpxtpx:TrackPointExtension>
	</extensions>
</trkpt>
<trkpt lat="46.0300493" lon="14.4843159">
	<ele>291.95</ele>
	<time>2026-07-28T17:49:17.761Z</time>
	<hdop>3.79</hdop>
	<extensions>
		<gpxtpx:TrackPointExtension>
			<gpxtpx:course>283.0</gpxtpx:course>
		</gpxtpx:TrackPointExtension>
	</extensions>
</trkpt>
<trkpt lat="46.0301182" lon="14.4838887">
	<ele>291.79</ele>
	<time>2026-07-28T17:49:22.761Z</time>
	<hdop>3.79</hdop>
	<extensions>
		<gpxtpx:TrackPointExtension>
			<gpxtpx:course>283.0</gpxtpx:course>
		</gpxtpx:TrackPointExtension>
	</extensions>
</trkpt>
<trkpt lat="46.0301841" lon="14.4834700">
	<ele>291.74</ele>
	<time>2026-07-28T17:49:27.761Z</time>
	<hdop>3.79</hdop>
	<extensions>
		<gpxtpx:TrackPointExtension>
			<gpxtpx:course>280.0</gpxtpx:course>
		</gpxtpx:TrackPointExtension>
	</extensions>
</trkpt>
<trkpt lat="46.0302601" lon="14.4830597">
	<ele>291.84</ele>
	<time>2026-07-28T17:49:32.761Z</time>
	<hdop>3.79</hdop>
	<extensions>
		<gpxtpx:TrackPointExtension>
			<gpxtpx:course>281.0</gpxtpx:course>
		</gpxtpx:TrackPointExtension>
	</extensions>
</trkpt>
<trkpt lat="46.0303295" lon="14.4826509">
	<ele>292.21</ele>
	<time>2026-07-28T17:49:37.761Z</time>
	<hdop>3.79</hdop>
	<extensions>
		<gpxtpx:TrackPointExtension>
			<gpxtpx:course>287.0</gpxtpx:course>
		</gpxtpx:TrackPointExtension>
	</extensions>
</trkpt>
<trkpt lat="46.0304038" lon="14.4822110">
	<ele>292.53</ele>
	<time>2026-07-28T17:49:43.762Z</time>
	<hdop>3.79</hdop>
	<extensions>
		<gpxtpx:TrackPointExtension>
			<gpxtpx:course>281.0</gpxtpx:course>
		</gpxtpx:TrackPointExtension>
	</extensions>
</trkpt>
<trkpt lat="46.0304720" lon="14.4817576">
	<ele>292.58</ele>
	<time>2026-07-28T17:49:49.761Z</time>
	<hdop>3.79</hdop>
	<extensions>
		<gpxtpx:TrackPointExtension>
			<gpxtpx:course>282.0</gpxtpx:course>
		</gpxtpx:TrackPointExtension>
	</extensions>
</trkpt>
<trkpt lat="46.0305390" lon="14.4813862">
	<ele>292.90</ele>
	<time>2026-07-28T17:49:54.762Z</time>
	<hdop>3.79</hdop>
	<extensions>
		<gpxtpx:TrackPointExtension>
			<gpxtpx:course>284.0</gpxtpx:course>
		</gpxtpx:TrackPointExtension>
	</extensions>
</trkpt>
<trkpt lat="46.0306006" lon="14.4810168">
	<ele>293.42</ele>
	<time>2026-07-28T17:49:59.762Z</time>
	<hdop>3.79</hdop>
	<extensions>
		<gpxtpx:TrackPointExtension>
			<gpxtpx:course>283.0</gpxtpx:course>
		</gpxtpx:TrackPointExtension>
	</extensions>
</trkpt>
<trkpt lat="46.0306758" lon="14.4805853">
	<ele>293.58</ele>
	<time>2026-07-28T17:50:05.761Z</time>
	<hdop>3.79</hdop>
	<extensions>
		<gpxtpx:TrackPointExtension>
			<gpxtpx:course>288.0</gpxtpx:course>
		</gpxtpx:TrackPointExtension>
	</extensions>
</trkpt>
<trkpt lat="46.0307358" lon="14.4802314">
	<ele>293.23</ele>
	<time>2026-07-28T17:50:10.761Z</time>
	<hdop>3.79</hdop>
	<extensions>
		<gpxtpx:TrackPointExtension>
			<gpxtpx:course>284.0</gpxtpx:course>
		</gpxtpx:TrackPointExtension>
	</extensions>
</trkpt>
<trkpt lat="46.0308029" lon="14.4797962">
	<ele>292.95</ele>
	<time>2026-07-28T17:50:16.760Z</time>
	<hdop>3.79</hdop>
	<extensions>
		<gpxtpx:TrackPointExtension>
			<gpxtpx:course>285.0</gpxtpx:course>
		</gpxtpx:TrackPointExtension>
	</extensions>
</trkpt>
<trkpt lat="46.0309080" lon="14.4793667">
	<ele>293.08</ele>
	<time>2026-07-28T17:50:22.761Z</time>
	<hdop>3.79</hdop>
	<extensions>
		<gpxtpx:TrackPointExtension>
			<gpxtpx:course>301.0</gpxtpx:course>
		</gpxtpx:TrackPointExtension>
	</extensions>
</trkpt>
<trkpt lat="46.0309996" lon="14.4790437">
	<ele>293.00</ele>
	<time>2026-07-28T17:50:27.761Z</time>
	<hdop>3.79</hdop>
	<extensions>
		<gpxtpx:TrackPointExtension>
			<gpxtpx:course>280.0</gpxtpx:course>
		</gpxtpx:TrackPointExtension>
	</extensions>
</trkpt>
<trkpt lat="46.0310103" lon="14.4787282">
	<ele>292.52</ele>
	<time>2026-07-28T17:50:32.762Z</time>
	<hdop>3.79</hdop>
	<extensions>
		<gpxtpx:TrackPointExtension>
			<gpxtpx:course>282.0</gpxtpx:course>
		</gpxtpx:TrackPointExtension>
	</extensions>
</trkpt>
<trkpt lat="46.0310745" lon="14.4783979">
	<ele>292.00</ele>
	<time>2026-07-28T17:50:37.762Z</time>
	<hdop>3.79</hdop>
	<extensions>
		<gpxtpx:TrackPointExtension>
			<gpxtpx:course>281.0</gpxtpx:course>
		</gpxtpx:TrackPointExtension>
	</extensions>
</trkpt>
<trkpt lat="46.0311307" lon="14.4780587">
	<ele>291.90</ele>
	<time>2026-07-28T17:50:42.762Z</time>
	<hdop>3.79</hdop>
	<extensions>
		<gpxtpx:TrackPointExtension>
			<gpxtpx:course>281.0</gpxtpx:course>
		</gpxtpx:TrackPointExtension>
	</extensions>
</trkpt>
<trkpt lat="46.0311873" lon="14.4776989">
	<ele>292.18</ele>
	<time>2026-07-28T17:50:47.762Z</time>
	<hdop>3.79</hdop>
	<extensions>
		<gpxtpx:TrackPointExtension>
			<gpxtpx:course>284.0</gpxtpx:course>
		</gpxtpx:TrackPointExtension>
	</extensions>
</trkpt>
<trkpt lat="46.0312686" lon="14.4772735">
	<ele>292.76</ele>
	<time>2026-07-28T17:50:53.762Z</time>
	<hdop>3.79</hdop>
	<extensions>
		<gpxtpx:TrackPointExtension>
			<gpxtpx:course>287.0</gpxtpx:course>
		</gpxtpx:TrackPointExtension>
	</extensions>
</trkpt>
<trkpt lat="46.0313752" lon="14.4769441">
	<ele>293.39</ele>
	<time>2026-07-28T17:50:58.762Z</time>
	<hdop>3.79</hdop>
	<extensions>
		<gpxtpx:TrackPointExtension>
			<gpxtpx:course>297.0</gpxtpx:course>
		</gpxtpx:TrackPointExtension>
	</extensions>
</trkpt>
<trkpt lat="46.0315207" lon="14.4765894">
	<ele>293.89</ele>
	<time>2026-07-28T17:51:04.761Z</time>
	<hdop>3.79</hdop>
	<extensions>
		<gpxtpx:TrackPointExtension>
			<gpxtpx:course>303.0</gpxtpx:course>
		</gpxtpx:TrackPointExtension>
	</extensions>
</trkpt>
<trkpt lat="46.0316696" lon="14.4763327">
	<ele>294.07</ele>
	<time>2026-07-28T17:51:09.762Z</time>
	<hdop>3.79</hdop>
	<extensions>
		<gpxtpx:TrackPointExtension>
			<gpxtpx:course>311.0</gpxtpx:course>
		</gpxtpx:TrackPointExtension>
	</extensions>
</trkpt>
<trkpt lat="46.0318371" lon="14.4760958">
	<ele>294.27</ele>
	<time>2026-07-28T17:51:14.762Z</time>
	<hdop>3.79</hdop>
	<extensions>
		<gpxtpx:TrackPointExtension>
			<gpxtpx:course>319.0</gpxtpx:course>
		</gpxtpx:TrackPointExtension>
	</extensions>
</trkpt>
<trkpt lat="46.0320493" lon="14.4758440">
	<ele>294.62</ele>
	<time>2026-07-28T17:51:20.761Z</time>
	<hdop>3.79</hdop>
	<extensions>
		<gpxtpx:TrackPointExtension>
			<gpxtpx:course>323.0</gpxtpx:course>
		</gpxtpx:TrackPointExtension>
	</extensions>
</trkpt>
<trkpt lat="46.0322805" lon="14.4756605">
	<ele>294.72</ele>
	<time>2026-07-28T17:51:26.761Z</time>
	<hdop>3.79</hdop>
	<extensions>
		<gpxtpx:TrackPointExtension>
			<gpxtpx:course>345.0</gpxtpx:course>
		</gpxtpx:TrackPointExtension>
	</extensions>
</trkpt>
<trkpt lat="46.0325110" lon="14.4757454">
	<ele>294.89</ele>
	<time>2026-07-28T17:51:32.760Z</time>
	<hdop>3.79</hdop>
	<extensions>
		<gpxtpx:TrackPointExtension>
			<gpxtpx:course>35.0</gpxtpx:course>
		</gpxtpx:TrackPointExtension>
	</extensions>
</trkpt>
<trkpt lat="46.0326746" lon="14.4759309">
	<ele>294.75</ele>
	<time>2026-07-28T17:51:37.761Z</time>
	<hdop>3.79</hdop>
	<extensions>
		<gpxtpx:TrackPointExtension>
			<gpxtpx:course>44.0</gpxtpx:course>
		</gpxtpx:TrackPointExtension>
	</extensions>
</trkpt>
<trkpt lat="46.0328658" lon="14.4761763">
	<ele>293.89</ele>
	<time>2026-07-28T17:51:43.761Z</time>
	<hdop>3.79</hdop>
	<extensions>
		<gpxtpx:TrackPointExtension>
			<gpxtpx:course>43.0</gpxtpx:course>
		</gpxtpx:TrackPointExtension>
	</extensions>
</trkpt>
<trkpt lat="46.0330332" lon="14.4763668">
	<ele>292.90</ele>
	<time>2026-07-28T17:51:48.762Z</time>
	<hdop>3.79</hdop>
	<extensions>
		<gpxtpx:TrackPointExtension>
			<gpxtpx:course>39.0</gpxtpx:course>
		</gpxtpx:TrackPointExtension>
	</extensions>
</trkpt>
<trkpt lat="46.0332086" lon="14.4766030">
	<ele>292.13</ele>
	<time>2026-07-28T17:51:53.762Z</time>
	<hdop>3.79</hdop>
	<extensions>
		<gpxtpx:TrackPointExtension>
			<gpxtpx:course>45.0</gpxtpx:course>
		</gpxtpx:TrackPointExtension>
	</extensions>
</trkpt>
<trkpt lat="46.0333647" lon="14.4768699">
	<ele>292.31</ele>
	<time>2026-07-28T17:51:58.762Z</time>
	<hdop>3.79</hdop>
	<extensions>
		<gpxtpx:TrackPointExtension>
			<gpxtpx:course>54.0</gpxtpx:course>
		</gpxtpx:TrackPointExtension>
	</extensions>
</trkpt>
<trkpt lat="46.0335242" lon="14.4771898">
	<ele>293.43</ele>
	<time>2026-07-28T17:52:03.762Z</time>
	<hdop>3.79</hdop>
	<extensions>
		<gpxtpx:TrackPointExtension>
			<gpxtpx:course>53.0</gpxtpx:course>
		</gpxtpx:TrackPointExtension>
	</extensions>
</trkpt>
<trkpt lat="46.0337969" lon="14.4774427">
	<ele>294.08</ele>
	<time>2026-07-28T17:52:09.761Z</time>
	<hdop>3.79</hdop>
	<extensions>
		<gpxtpx:TrackPointExtension>
			<gpxtpx:course>356.0</gpxtpx:course>
		</gpxtpx:TrackPointExtension>
	</extensions>
</trkpt>
<trkpt lat="46.0341115" lon="14.4772596">
	<ele>293.98</ele>
	<time>2026-07-28T17:52:15.761Z</time>
	<hdop>3.79</hdop>
	<extensions>
		<gpxtpx:TrackPointExtension>
			<gpxtpx:course>338.0</gpxtpx:course>
		</gpxtpx:TrackPointExtension>
	</extensions>
</trkpt>
<trkpt lat="46.0343471" lon="14.4770782">
	<ele>294.06</ele>
	<time>2026-07-28T17:52:20.762Z</time>
	<hdop>3.79</hdop>
	<extensions>
		<gpxtpx:TrackPointExtension>
			<gpxtpx:course>335.0</gpxtpx:course>
		</gpxtpx:TrackPointExtension>
	</extensions>
</trkpt>
<trkpt lat="46.0345816" lon="14.4769560">
	<ele>294.09</ele>
	<time>2026-07-28T17:52:25.762Z</time>
	<hdop>3.79</hdop>
	<extensions>
		<gpxtpx:TrackPointExtension>
			<gpxtpx:course>342.0</gpxtpx:course>
		</gpxtpx:TrackPointExtension>
	</extensions>
</trkpt>
<trkpt lat="46.0348734" lon="14.4768371">
	<ele>294.02</ele>
	<time>2026-07-28T17:52:31.762Z</time>
	<hdop>3.79</hdop>
	<extensions>
		<gpxtpx:TrackPointExtension>
			<gpxtpx:course>343.0</gpxtpx:course>
		</gpxtpx:TrackPointExtension>
	</extensions>
</trkpt>
<trkpt lat="46.0351860" lon="14.4767331">
	<ele>294.00</ele>
	<time>2026-07-28T17:52:37.762Z</time>
	<hdop>3.79</hdop>
	<extensions>
		<gpxtpx:TrackPointExtension>
			<gpxtpx:course>342.0</gpxtpx:course>
		</gpxtpx:TrackPointExtension>
	</extensions>
</trkpt>
<trkpt lat="46.0354670" lon="14.4766391">
	<ele>294.00</ele>
	<time>2026-07-28T17:52:43.761Z</time>
	<hdop>3.79</hdop>
	<extensions>
		<gpxtpx:TrackPointExtension>
			<gpxtpx:course>348.0</gpxtpx:course>
		</gpxtpx:TrackPointExtension>
	</extensions>
</trkpt>
<trkpt lat="46.0357108" lon="14.4765621">
	<ele>294.00</ele>
	<time>2026-07-28T17:52:49.760Z</time>
	<hdop>3.79</hdop>
	<extensions>
		<gpxtpx:TrackPointExtension>
			<gpxtpx:course>347.0</gpxtpx:course>
		</gpxtpx:TrackPointExtension>
	</extensions>
</trkpt>
<trkpt lat="46.0358886" lon="14.4764834">
	<ele>294.00</ele>
	<time>2026-07-28T17:52:54.761Z</time>
	<hdop>3.79</hdop>
	<extensions>
		<gpxtpx:TrackPointExtension>
			<gpxtpx:course>331.0</gpxtpx:course>
		</gpxtpx:TrackPointExtension>
	</extensions>
</trkpt>
<trkpt lat="46.0359704" lon="14.4763013">
	<ele>294.00</ele>
	<time>2026-07-28T17:52:59.761Z</time>
	<hdop>3.79</hdop>
	<extensions>
		<gpxtpx:TrackPointExtension>
			<gpxtpx:course>268.0</gpxtpx:course>
		</gpxtpx:TrackPointExtension>
	</extensions>
</trkpt>
<trkpt lat="46.0359391" lon="14.4761187">
	<ele>294.00</ele>
	<time>2026-07-28T17:53:04.762Z</time>
	<hdop>3.79</hdop>
	<extensions>
		<gpxtpx:TrackPointExtension>
			<gpxtpx:course>259.0</gpxtpx:course>
		</gpxtpx:TrackPointExtension>
	</extensions>
</trkpt>
<trkpt lat="46.0359209" lon="14.4759872">
	<ele>294.00</ele>
	<time>2026-07-28T17:53:10.760Z</time>
	<hdop>3.79</hdop>
	<extensions>
		<gpxtpx:TrackPointExtension>
			<gpxtpx:course>234.0</gpxtpx:course>
		</gpxtpx:TrackPointExtension>
	</extensions>
</trkpt>
<trkpt lat="46.0358640" lon="14.4760884">
	<ele>294.00</ele>
	<time>2026-07-28T17:56:31.761Z</time>
	<hdop>9.47</hdop>
	<extensions>
		<gpxtpx:TrackPointExtension>
			<gpxtpx:course>118.0</gpxtpx:course>
		</gpxtpx:TrackPointExtension>
	</extensions>
</trkpt>
<trkpt lat="46.0357244" lon="14.4760526">
	<ele>294.00</ele>
	<time>2026-07-28T17:59:26.723Z</time>
	<hdop>19.06</hdop>
	<extensions>
		<gpxtpx:TrackPointExtension>
			<gpxtpx:course>256.70715</gpxtpx:course>
		</gpxtpx:TrackPointExtension>
	</extensions>
</trkpt>
</trkseg>
</trk>
</gpx>
