<?xml version="1.0" encoding="utf-8" standalone="yes"?>
<gpx version="1.1" creator="Locus Map, Android"
 xmlns="http://www.topografix.com/GPX/1/1"
 xmlns:xsi="http://www.w3.org/2001/XMLSchema-instance"
 xsi:schemaLocation="http://www.topografix.com/GPX/1/1 http://www.topografix.com/GPX/1/1/gpx.xsd"
 xmlns:gpxx="http://www.garmin.com/xmlschemas/GpxExtensions/v3"
 xmlns:gpxtrkx="http://www.garmin.com/xmlschemas/TrackStatsExtension/v1"
 xmlns:gpxtpx="http://www.garmin.com/xmlschemas/TrackPointExtension/v2"
 xmlns:locus="http://www.locusmap.eu">
	<metadata>
		<desc>File with points/tracks from Locus Map Classic/3.70.20</desc>
		<time>2026-10-06T19:11:55.867Z</time>
	</metadata>
<trk>
<name>2026-08-24 16:30 Močilnik Borovnica</name>
<desc><![CDATA[<!-- desc_gen:start -->
<font color="black"><table width="100%"><tr><td><table width="100%"><tr><td align="left" valign="center"><small><b>Dejavnost</b></small></td><td align="center" valign="center">Kolesarjenje</td></tr>
<tr><td align="left" valign="center"><small><b>Razdalja</b></small></td><td align="center" valign="center">49,9 km</td></tr>
<tr><td align="left" valign="center"><small><b>Ustvarjen</b></small></td><td align="center" valign="center">2026-08-24 16:30:24</td></tr>
<tr><td align="left" valign="center"><small><b>Največja hitrost</b></small></td><td align="center" valign="center">39,2 km/h</td></tr>
<tr><td align="left" valign="center"><small><b>Ritem</b></small></td><td align="center" valign="center">03:42 min/km</td></tr>
<tr><td align="left" valign="center"><small><b>Energija</b></small></td><td align="center" valign="center">1762 kcal</td></tr>
<tr><td align="left" valign="center"><small><b>Točke</b></small></td><td align="center" valign="center">1615</td></tr>
</table></td></tr><tr><td colspan="1"><hr></td></tr><tr><td><table width="100%"><tr><td align="left" valign="center"><small><b></b></small></td><td align="center" valign="center">Vse</td><td align="center" valign="center">Hitrost > 0</td></tr>
<tr><td align="left" valign="center"><small><b>Pov. hitrost</b></small></td><td align="center" valign="center">16,2 km/h</td><td align="center" valign="center">19,6 km/h</td></tr>
<tr><td align="left" valign="center"><small><b>Čas sledi</b></small></td><td align="center" valign="center">3:04:54</td><td align="center" valign="center">1:59:33</td></tr>
</table></td></tr><tr><td colspan="1"><hr></td></tr><tr><td><table width="100%"><tr><td align="left" valign="center"><small><b>Najm. nadm. višina</b></small></td><td align="center" valign="center">287 m</td></tr>
<tr><td align="left" valign="center"><small><b>Najv. nadm. višina</b></small></td><td align="center" valign="center">527 m</td></tr>
</table></td></tr><tr><td colspan="1"><hr></td></tr><tr><td><table width="100%"><tr><td align="left" valign="center"><small><b></b></small></td><td align="center" valign="center">Nadm. višina</td><td align="center" valign="center">Razdalja</td></tr>
<tr><td align="left" valign="center"><small><b>Navzgor</b></small></td><td align="center" valign="center">450 m</td><td align="center" valign="center">4608 m</td></tr>
<tr><td align="left" valign="center"><small><b>Navzdol</b></small></td><td align="center" valign="center">−449 m</td><td align="center" valign="center">6090 m</td></tr>
<tr><td align="left" valign="center"><small><b>Plosko</b></small></td><td align="center" valign="center">0 m</td><td align="center" valign="center">1913878 m</td></tr>
</table></td></tr></table></font>
<!-- desc_gen:end -->]]></desc>
	<extensions>
		<line xmlns="http://www.topografix.com/GPX/gpx_style/0/2">
			<color>FF0000</color>
			<opacity>0.59</opacity>
			<width>5.0</width>
			<extensions>
				<locus:lsColorBase>#96FF0000</locus:lsColorBase>
				<locus:lsWidth>5.0</locus:lsWidth>
				<locus:lsUnits>PIXELS</locus:lsUnits>
			</extensions>
		</line>
		<locus:activity>cycling</locus:activity>
		<locus:rteComputeType>5</locus:rteComputeType>
	</extensions>
<trkseg>
<trkpt lat="46.0348290" lon="14.4740290">
	<ele>293.37</ele>
</trkpt>
<trkpt lat="46.0347320" lon="14.4740510">
	<ele>292.83</ele>
</trkpt>
<trkpt lat="46.0346970" lon="14.4740670">
	<ele>292.61</ele>
</trkpt>
<trkpt lat="46.0346490" lon="14.4741170">
	<ele>292.26</ele>
</trkpt>
<trkpt lat="46.0344580" lon="14.4741520">
	<ele>291.05</ele>
</trkpt>
<trkpt lat="46.0344930" lon="14.4740380">
	<ele>291.40</ele>
</trkpt>
<trkpt lat="46.0346180" lon="14.4735210">
	<ele>293.31</ele>
</trkpt>
<trkpt lat="46.0350020" lon="14.4725880">
	<ele>293.15</ele>
</trkpt>
<trkpt lat="46.0350950" lon="14.4723040">
	<ele>292.64</ele>
</trkpt>
<trkpt lat="46.0351390" lon="14.4721660">
	<ele>292.32</ele>
</trkpt>
<trkpt lat="46.0352160" lon="14.4717410">
	<ele>291.52</ele>
</trkpt>
<trkpt lat="46.0351980" lon="14.4709490">
	<ele>291.28</ele>
</trkpt>
<trkpt lat="46.0349320" lon="14.4699060">
	<ele>294.16</ele>
</trkpt>
<trkpt lat="46.0348990" lon="14.4695510">
	<ele>294.69</ele>
</trkpt>
<trkpt lat="46.0348260" lon="14.4691510">
	<ele>294.81</ele>
</trkpt>
<trkpt lat="46.0347920" lon="14.4689610">
	<ele>294.68</ele>
</trkpt>
<trkpt lat="46.0346100" lon="14.4682260">
	<ele>293.96</ele>
</trkpt>
<trkpt lat="46.0345560" lon="14.4680070">
	<ele>293.62</ele>
</trkpt>
<trkpt lat="46.0345990" lon="14.4674860">
	<ele>293.56</ele>
</trkpt>
<trkpt lat="46.0346990" lon="14.4673030">
	<ele>294.43</ele>
</trkpt>
<trkpt lat="46.0354410" lon="14.4667870">
	<ele>295.73</ele>
</trkpt>
<trkpt lat="46.0358590" lon="14.4667710">
	<ele>294.89</ele>
</trkpt>
<trkpt lat="46.0362410" lon="14.4666840">
	<ele>294.87</ele>
</trkpt>
<trkpt lat="46.0362610" lon="14.4666720">
	<ele>294.88</ele>
</trkpt>
<trkpt lat="46.0365750" lon="14.4664770">
	<ele>295.00</ele>
</trkpt>
<trkpt lat="46.0367570" lon="14.4663640">
	<ele>294.99</ele>
</trkpt>
<trkpt lat="46.0368360" lon="14.4663260">
	<ele>294.98</ele>
</trkpt>
<trkpt lat="46.0368370" lon="14.4662840">
	<ele>294.98</ele>
</trkpt>
<trkpt lat="46.0368480" lon="14.4662420">
	<ele>294.97</ele>
</trkpt>
<trkpt lat="46.0368590" lon="14.4661910">
	<ele>294.97</ele>
</trkpt>
<trkpt lat="46.0368650" lon="14.4661640">
	<ele>294.97</ele>
</trkpt>
<trkpt lat="46.0369110" lon="14.4661770">
	<ele>294.96</ele>
</trkpt>
<trkpt lat="46.0369440" lon="14.4661510">
	<ele>294.94</ele>
</trkpt>
<trkpt lat="46.0370340" lon="14.4660820">
	<ele>294.91</ele>
</trkpt>
<trkpt lat="46.0370900" lon="14.4660380">
	<ele>294.89</ele>
</trkpt>
<trkpt lat="46.0371430" lon="14.4660010">
	<ele>294.87</ele>
</trkpt>
<trkpt lat="46.0371290" lon="14.4659670">
	<ele>294.87</ele>
</trkpt>
<trkpt lat="46.0371240" lon="14.4659270">
	<ele>294.87</ele>
</trkpt>
<trkpt lat="46.0371100" lon="14.4658860">
	<ele>294.87</ele>
</trkpt>
<trkpt lat="46.0370780" lon="14.4657930">
	<ele>294.88</ele>
</trkpt>
<trkpt lat="46.0370480" lon="14.4657030">
	<ele>294.88</ele>
</trkpt>
<trkpt lat="46.0370270" lon="14.4656430">
	<ele>294.87</ele>
</trkpt>
<trkpt lat="46.0370000" lon="14.4656120">
	<ele>294.88</ele>
</trkpt>
<trkpt lat="46.0369710" lon="14.4655620">
	<ele>294.88</ele>
</trkpt>
<trkpt lat="46.0368610" lon="14.4653030">
	<ele>294.89</ele>
</trkpt>
<trkpt lat="46.0368070" lon="14.4651780">
	<ele>294.92</ele>
</trkpt>
<trkpt lat="46.0367810" lon="14.4651240">
	<ele>294.94</ele>
</trkpt>
<trkpt lat="46.0367010" lon="14.4650010">
	<ele>295.00</ele>
</trkpt>
<trkpt lat="46.0366710" lon="14.4649330">
	<ele>295.05</ele>
</trkpt>
<trkpt lat="46.0364340" lon="14.4642890">
	<ele>295.34</ele>
</trkpt>
<trkpt lat="46.0362370" lon="14.4636830">
	<ele>295.39</ele>
</trkpt>
<trkpt lat="46.0361280" lon="14.4633260">
	<ele>295.94</ele>
</trkpt>
<trkpt lat="46.0358460" lon="14.4623140">
	<ele>298.37</ele>
</trkpt>
<trkpt lat="46.0358350" lon="14.4622340">
	<ele>298.53</ele>
</trkpt>
<trkpt lat="46.0358280" lon="14.4620480">
	<ele>298.87</ele>
</trkpt>
<trkpt lat="46.0357510" lon="14.4617410">
	<ele>299.06</ele>
</trkpt>
<trkpt lat="46.0357200" lon="14.4616130">
	<ele>298.89</ele>
</trkpt>
<trkpt lat="46.0356950" lon="14.4614830">
	<ele>298.49</ele>
</trkpt>
<trkpt lat="46.0356800" lon="14.4614330">
	<ele>298.27</ele>
</trkpt>
<trkpt lat="46.0356300" lon="14.4613720">
	<ele>297.94</ele>
</trkpt>
<trkpt lat="46.0356080" lon="14.4613290">
	<ele>297.71</ele>
</trkpt>
<trkpt lat="46.0355590" lon="14.4610770">
	<ele>296.45</ele>
</trkpt>
<trkpt lat="46.0355140" lon="14.4609230">
	<ele>295.82</ele>
</trkpt>
<trkpt lat="46.0354400" lon="14.4608280">
	<ele>295.47</ele>
</trkpt>
<trkpt lat="46.0354180" lon="14.4605900">
	<ele>295.03</ele>
</trkpt>
<trkpt lat="46.0353990" lon="14.4601600">
	<ele>294.69</ele>
</trkpt>
<trkpt lat="46.0353580" lon="14.4590950">
	<ele>296.71</ele>
</trkpt>
<trkpt lat="46.0353260" lon="14.4585470">
	<ele>296.83</ele>
</trkpt>
<trkpt lat="46.0352750" lon="14.4580760">
	<ele>296.89</ele>
</trkpt>
<trkpt lat="46.0352210" lon="14.4577190">
	<ele>296.88</ele>
</trkpt>
<trkpt lat="46.0351740" lon="14.4574760">
	<ele>297.04</ele>
</trkpt>
<trkpt lat="46.0351290" lon="14.4572800">
	<ele>297.48</ele>
</trkpt>
<trkpt lat="46.0350240" lon="14.4568770">
	<ele>298.73</ele>
</trkpt>
<trkpt lat="46.0349430" lon="14.4565940">
	<ele>298.95</ele>
</trkpt>
<trkpt lat="46.0346460" lon="14.4556160">
	<ele>296.88</ele>
</trkpt>
<trkpt lat="46.0345420" lon="14.4552790">
	<ele>296.71</ele>
</trkpt>
<trkpt lat="46.0344940" lon="14.4551230">
	<ele>296.73</ele>
</trkpt>
<trkpt lat="46.0344000" lon="14.4548220">
	<ele>297.00</ele>
</trkpt>
<trkpt lat="46.0342910" lon="14.4544620">
	<ele>297.60</ele>
</trkpt>
<trkpt lat="46.0340840" lon="14.4537880">
	<ele>298.12</ele>
</trkpt>
<trkpt lat="46.0339560" lon="14.4533750">
	<ele>298.12</ele>
</trkpt>
<trkpt lat="46.0339170" lon="14.4532540">
	<ele>298.13</ele>
</trkpt>
<trkpt lat="46.0338390" lon="14.4529920">
	<ele>298.15</ele>
</trkpt>
<trkpt lat="46.0337330" lon="14.4526500">
	<ele>298.14</ele>
</trkpt>
<trkpt lat="46.0337130" lon="14.4525860">
	<ele>298.13</ele>
</trkpt>
<trkpt lat="46.0334990" lon="14.4518860">
	<ele>298.07</ele>
</trkpt>
<trkpt lat="46.0332820" lon="14.4511810">
	<ele>297.96</ele>
</trkpt>
<trkpt lat="46.0332570" lon="14.4511010">
	<ele>297.94</ele>
</trkpt>
<trkpt lat="46.0331760" lon="14.4508380">
	<ele>297.86</ele>
</trkpt>
<trkpt lat="46.0331230" lon="14.4506700">
	<ele>297.79</ele>
</trkpt>
<trkpt lat="46.0330280" lon="14.4503620">
	<ele>297.62</ele>
</trkpt>
<trkpt lat="46.0329850" lon="14.4502270">
	<ele>297.54</ele>
</trkpt>
<trkpt lat="46.0329380" lon="14.4500750">
	<ele>297.50</ele>
</trkpt>
<trkpt lat="46.0328420" lon="14.4497620">
	<ele>297.70</ele>
</trkpt>
<trkpt lat="46.0327300" lon="14.4494040">
	<ele>298.45</ele>
</trkpt>
<trkpt lat="46.0323930" lon="14.4483590">
	<ele>297.92</ele>
</trkpt>
<trkpt lat="46.0319010" lon="14.4468430">
	<ele>299.45</ele>
</trkpt>
<trkpt lat="46.0315850" lon="14.4458830">
	<ele>298.46</ele>
</trkpt>
<trkpt lat="46.0314520" lon="14.4454790">
	<ele>298.73</ele>
</trkpt>
<trkpt lat="46.0312590" lon="14.4449040">
	<ele>297.00</ele>
</trkpt>
<trkpt lat="46.0311470" lon="14.4445630">
	<ele>296.68</ele>
</trkpt>
<trkpt lat="46.0311100" lon="14.4444540">
	<ele>296.71</ele>
</trkpt>
<trkpt lat="46.0310610" lon="14.4443080">
	<ele>296.79</ele>
</trkpt>
<trkpt lat="46.0310000" lon="14.4441270">
	<ele>296.83</ele>
</trkpt>
<trkpt lat="46.0309470" lon="14.4439660">
	<ele>296.88</ele>
</trkpt>
<trkpt lat="46.0308690" lon="14.4437390">
	<ele>297.00</ele>
</trkpt>
<trkpt lat="46.0307620" lon="14.4434330">
	<ele>297.02</ele>
</trkpt>
<trkpt lat="46.0307430" lon="14.4433760">
	<ele>296.99</ele>
</trkpt>
<trkpt lat="46.0305920" lon="14.4429390">
	<ele>296.47</ele>
</trkpt>
<trkpt lat="46.0305280" lon="14.4427510">
	<ele>296.24</ele>
</trkpt>
<trkpt lat="46.0304000" lon="14.4423800">
	<ele>296.03</ele>
</trkpt>
<trkpt lat="46.0303120" lon="14.4421250">
	<ele>296.00</ele>
</trkpt>
<trkpt lat="46.0302880" lon="14.4420570">
	<ele>296.00</ele>
</trkpt>
<trkpt lat="46.0302180" lon="14.4418520">
	<ele>296.00</ele>
</trkpt>
<trkpt lat="46.0300560" lon="14.4413830">
	<ele>295.96</ele>
</trkpt>
<trkpt lat="46.0299720" lon="14.4411370">
	<ele>295.93</ele>
</trkpt>
<trkpt lat="46.0299530" lon="14.4410840">
	<ele>295.93</ele>
</trkpt>
<trkpt lat="46.0298450" lon="14.4407640">
	<ele>296.07</ele>
</trkpt>
<trkpt lat="46.0298230" lon="14.4407050">
	<ele>296.13</ele>
</trkpt>
<trkpt lat="46.0297640" lon="14.4405360">
	<ele>296.36</ele>
</trkpt>
<trkpt lat="46.0297360" lon="14.4404530">
	<ele>296.48</ele>
</trkpt>
<trkpt lat="46.0297080" lon="14.4403730">
	<ele>296.57</ele>
</trkpt>
<trkpt lat="46.0296080" lon="14.4400810">
	<ele>296.72</ele>
</trkpt>
<trkpt lat="46.0295350" lon="14.4398680">
	<ele>296.57</ele>
</trkpt>
<trkpt lat="46.0294470" lon="14.4396120">
	<ele>296.27</ele>
</trkpt>
<trkpt lat="46.0294190" lon="14.4395290">
	<ele>296.18</ele>
</trkpt>
<trkpt lat="46.0293450" lon="14.4393140">
	<ele>296.03</ele>
</trkpt>
<trkpt lat="46.0293330" lon="14.4392800">
	<ele>296.02</ele>
</trkpt>
<trkpt lat="46.0292050" lon="14.4389070">
	<ele>296.00</ele>
</trkpt>
<trkpt lat="46.0291200" lon="14.4386600">
	<ele>295.98</ele>
</trkpt>
<trkpt lat="46.0290890" lon="14.4385720">
	<ele>295.96</ele>
</trkpt>
<trkpt lat="46.0289350" lon="14.4381250">
	<ele>295.79</ele>
</trkpt>
<trkpt lat="46.0289190" lon="14.4380780">
	<ele>295.78</ele>
</trkpt>
<trkpt lat="46.0288940" lon="14.4380070">
	<ele>295.78</ele>
</trkpt>
<trkpt lat="46.0285910" lon="14.4371220">
	<ele>296.08</ele>
</trkpt>
<trkpt lat="46.0285560" lon="14.4370190">
	<ele>296.07</ele>
</trkpt>
<trkpt lat="46.0284220" lon="14.4366280">
	<ele>296.04</ele>
</trkpt>
<trkpt lat="46.0284430" lon="14.4365130">
	<ele>296.05</ele>
</trkpt>
<trkpt lat="46.0281540" lon="14.4356580">
	<ele>295.73</ele>
</trkpt>
<trkpt lat="46.0281210" lon="14.4355190">
	<ele>295.63</ele>
</trkpt>
<trkpt lat="46.0280550" lon="14.4353250">
	<ele>295.48</ele>
</trkpt>
<trkpt lat="46.0280000" lon="14.4351980">
	<ele>295.41</ele>
</trkpt>
<trkpt lat="46.0278180" lon="14.4346710">
	<ele>296.01</ele>
</trkpt>
<trkpt lat="46.0278000" lon="14.4346410">
	<ele>296.07</ele>
</trkpt>
<trkpt lat="46.0275710" lon="14.4339900">
	<ele>297.39</ele>
</trkpt>
<trkpt lat="46.0275710" lon="14.4339530">
	<ele>297.45</ele>
</trkpt>
<trkpt lat="46.0275830" lon="14.4339180">
	<ele>297.52</ele>
</trkpt>
<trkpt lat="46.0276010" lon="14.4338390">
	<ele>297.66</ele>
</trkpt>
<trkpt lat="46.0275820" lon="14.4337920">
	<ele>297.70</ele>
</trkpt>
<trkpt lat="46.0275470" lon="14.4337020">
	<ele>297.76</ele>
</trkpt>
<trkpt lat="46.0275330" lon="14.4336640">
	<ele>297.78</ele>
</trkpt>
<trkpt lat="46.0275180" lon="14.4336330">
	<ele>297.79</ele>
</trkpt>
<trkpt lat="46.0274860" lon="14.4336100">
	<ele>297.75</ele>
</trkpt>
<trkpt lat="46.0274560" lon="14.4335720">
	<ele>297.71</ele>
</trkpt>
<trkpt lat="46.0274100" lon="14.4334800">
	<ele>297.64</ele>
</trkpt>
<trkpt lat="46.0272700" lon="14.4330950">
	<ele>296.65</ele>
</trkpt>
<trkpt lat="46.0271940" lon="14.4329630">
	<ele>296.04</ele>
</trkpt>
<trkpt lat="46.0271160" lon="14.4329090">
	<ele>295.86</ele>
</trkpt>
<trkpt lat="46.0269960" lon="14.4325710">
	<ele>296.53</ele>
</trkpt>
<trkpt lat="46.0268930" lon="14.4322820">
	<ele>298.17</ele>
</trkpt>
<trkpt lat="46.0263570" lon="14.4307400">
	<ele>304.11</ele>
</trkpt>
<trkpt lat="46.0261350" lon="14.4299270">
	<ele>305.20</ele>
</trkpt>
<trkpt lat="46.0260420" lon="14.4294340">
	<ele>302.95</ele>
</trkpt>
<trkpt lat="46.0258040" lon="14.4281290">
	<ele>300.99</ele>
</trkpt>
<trkpt lat="46.0257030" lon="14.4275960">
	<ele>300.98</ele>
</trkpt>
<trkpt lat="46.0256820" lon="14.4274860">
	<ele>301.09</ele>
</trkpt>
<trkpt lat="46.0256550" lon="14.4273460">
	<ele>301.27</ele>
</trkpt>
<trkpt lat="46.0255860" lon="14.4269650">
	<ele>301.78</ele>
</trkpt>
<trkpt lat="46.0255210" lon="14.4266050">
	<ele>302.25</ele>
</trkpt>
<trkpt lat="46.0254210" lon="14.4260940">
	<ele>302.58</ele>
</trkpt>
<trkpt lat="46.0253950" lon="14.4259560">
	<ele>302.79</ele>
</trkpt>
<trkpt lat="46.0252860" lon="14.4254120">
	<ele>305.41</ele>
</trkpt>
<trkpt lat="46.0252080" lon="14.4250920">
	<ele>307.05</ele>
</trkpt>
<trkpt lat="46.0250290" lon="14.4243960">
	<ele>306.21</ele>
</trkpt>
<trkpt lat="46.0247750" lon="14.4234070">
	<ele>306.79</ele>
</trkpt>
<trkpt lat="46.0246240" lon="14.4228170">
	<ele>305.26</ele>
</trkpt>
<trkpt lat="46.0245860" lon="14.4226650">
	<ele>304.58</ele>
</trkpt>
<trkpt lat="46.0245300" lon="14.4223920">
	<ele>303.71</ele>
</trkpt>
<trkpt lat="46.0244900" lon="14.4221840">
	<ele>303.28</ele>
</trkpt>
<trkpt lat="46.0244570" lon="14.4219540">
	<ele>303.04</ele>
</trkpt>
<trkpt lat="46.0244480" lon="14.4218820">
	<ele>303.01</ele>
</trkpt>
<trkpt lat="46.0244360" lon="14.4217930">
	<ele>303.01</ele>
</trkpt>
<trkpt lat="46.0244210" lon="14.4216610">
	<ele>303.05</ele>
</trkpt>
<trkpt lat="46.0242730" lon="14.4202990">
	<ele>305.53</ele>
</trkpt>
<trkpt lat="46.0242280" lon="14.4199240">
	<ele>306.27</ele>
</trkpt>
<trkpt lat="46.0241630" lon="14.4191580">
	<ele>307.00</ele>
</trkpt>
<trkpt lat="46.0241590" lon="14.4190970">
	<ele>307.06</ele>
</trkpt>
<trkpt lat="46.0241430" lon="14.4189380">
	<ele>307.18</ele>
</trkpt>
<trkpt lat="46.0241180" lon="14.4186380">
	<ele>307.34</ele>
</trkpt>
<trkpt lat="46.0241050" lon="14.4184910">
	<ele>307.39</ele>
</trkpt>
<trkpt lat="46.0240680" lon="14.4179490">
	<ele>307.75</ele>
</trkpt>
<trkpt lat="46.0240630" lon="14.4174390">
	<ele>307.93</ele>
</trkpt>
<trkpt lat="46.0240690" lon="14.4172100">
	<ele>307.56</ele>
</trkpt>
<trkpt lat="46.0240870" lon="14.4164560">
	<ele>306.41</ele>
</trkpt>
<trkpt lat="46.0241090" lon="14.4161330">
	<ele>306.69</ele>
</trkpt>
<trkpt lat="46.0241360" lon="14.4156490">
	<ele>306.66</ele>
</trkpt>
<trkpt lat="46.0241490" lon="14.4152400">
	<ele>306.08</ele>
</trkpt>
<trkpt lat="46.0241500" lon="14.4149250">
	<ele>305.92</ele>
</trkpt>
<trkpt lat="46.0241410" lon="14.4146060">
	<ele>306.11</ele>
</trkpt>
<trkpt lat="46.0241100" lon="14.4141350">
	<ele>306.57</ele>
</trkpt>
<trkpt lat="46.0240550" lon="14.4136950">
	<ele>307.14</ele>
</trkpt>
<trkpt lat="46.0240330" lon="14.4135530">
	<ele>307.26</ele>
</trkpt>
<trkpt lat="46.0239910" lon="14.4133000">
	<ele>307.22</ele>
</trkpt>
<trkpt lat="46.0238740" lon="14.4127270">
	<ele>306.31</ele>
</trkpt>
<trkpt lat="46.0236520" lon="14.4117800">
	<ele>304.78</ele>
</trkpt>
<trkpt lat="46.0236020" lon="14.4115580">
	<ele>304.96</ele>
</trkpt>
<trkpt lat="46.0234450" lon="14.4108710">
	<ele>305.68</ele>
</trkpt>
<trkpt lat="46.0231440" lon="14.4094960">
	<ele>304.51</ele>
</trkpt>
<trkpt lat="46.0230600" lon="14.4091110">
	<ele>304.47</ele>
</trkpt>
<trkpt lat="46.0228090" lon="14.4079060">
	<ele>306.70</ele>
</trkpt>
<trkpt lat="46.0226540" lon="14.4070150">
	<ele>307.32</ele>
</trkpt>
<trkpt lat="46.0226130" lon="14.4065900">
	<ele>306.74</ele>
</trkpt>
<trkpt lat="46.0226050" lon="14.4065090">
	<ele>306.76</ele>
</trkpt>
<trkpt lat="46.0225950" lon="14.4064090">
	<ele>306.82</ele>
</trkpt>
<trkpt lat="46.0225400" lon="14.4058170">
	<ele>307.28</ele>
</trkpt>
<trkpt lat="46.0224820" lon="14.4051250">
	<ele>306.91</ele>
</trkpt>
<trkpt lat="46.0223540" lon="14.4034940">
	<ele>305.69</ele>
</trkpt>
<trkpt lat="46.0222840" lon="14.4029200">
	<ele>305.42</ele>
</trkpt>
<trkpt lat="46.0222220" lon="14.4025660">
	<ele>305.83</ele>
</trkpt>
<trkpt lat="46.0221270" lon="14.4021410">
	<ele>307.68</ele>
</trkpt>
<trkpt lat="46.0220630" lon="14.4019150">
	<ele>308.27</ele>
</trkpt>
<trkpt lat="46.0218600" lon="14.4012590">
	<ele>305.81</ele>
</trkpt>
<trkpt lat="46.0216280" lon="14.4006870">
	<ele>303.77</ele>
</trkpt>
<trkpt lat="46.0210060" lon="14.3993820">
	<ele>301.25</ele>
</trkpt>
<trkpt lat="46.0208130" lon="14.3990150">
	<ele>300.87</ele>
</trkpt>
<trkpt lat="46.0204970" lon="14.3983810">
	<ele>298.69</ele>
</trkpt>
<trkpt lat="46.0201740" lon="14.3977500">
	<ele>299.33</ele>
</trkpt>
<trkpt lat="46.0201510" lon="14.3977770">
	<ele>299.23</ele>
</trkpt>
<trkpt lat="46.0201410" lon="14.3977890">
	<ele>299.19</ele>
</trkpt>
<trkpt lat="46.0200680" lon="14.3976440">
	<ele>299.92</ele>
</trkpt>
<trkpt lat="46.0199520" lon="14.3974120">
	<ele>301.87</ele>
</trkpt>
<trkpt lat="46.0199350" lon="14.3973770">
	<ele>302.28</ele>
</trkpt>
<trkpt lat="46.0199240" lon="14.3973550">
	<ele>302.55</ele>
</trkpt>
<trkpt lat="46.0199010" lon="14.3973100">
	<ele>303.10</ele>
</trkpt>
<trkpt lat="46.0197310" lon="14.3969810">
	<ele>306.53</ele>
</trkpt>
<trkpt lat="46.0197150" lon="14.3969520">
	<ele>306.68</ele>
</trkpt>
<trkpt lat="46.0196830" lon="14.3968930">
	<ele>306.87</ele>
</trkpt>
<trkpt lat="46.0196070" lon="14.3967410">
	<ele>306.86</ele>
</trkpt>
<trkpt lat="46.0195870" lon="14.3966990">
	<ele>306.73</ele>
</trkpt>
<trkpt lat="46.0195750" lon="14.3966760">
	<ele>306.60</ele>
</trkpt>
<trkpt lat="46.0194330" lon="14.3963960">
	<ele>304.08</ele>
</trkpt>
<trkpt lat="46.0194190" lon="14.3963690">
	<ele>303.80</ele>
</trkpt>
<trkpt lat="46.0194000" lon="14.3963310">
	<ele>303.42</ele>
</trkpt>
<trkpt lat="46.0193170" lon="14.3961680">
	<ele>301.97</ele>
</trkpt>
<trkpt lat="46.0193060" lon="14.3961460">
	<ele>301.81</ele>
</trkpt>
<trkpt lat="46.0192870" lon="14.3961070">
	<ele>301.57</ele>
</trkpt>
<trkpt lat="46.0191980" lon="14.3959240">
	<ele>300.87</ele>
</trkpt>
<trkpt lat="46.0190890" lon="14.3956730">
	<ele>301.23</ele>
</trkpt>
<trkpt lat="46.0189240" lon="14.3951890">
	<ele>303.12</ele>
</trkpt>
<trkpt lat="46.0188260" lon="14.3947560">
	<ele>304.26</ele>
</trkpt>
<trkpt lat="46.0187820" lon="14.3944810">
	<ele>304.99</ele>
</trkpt>
<trkpt lat="46.0187450" lon="14.3940680">
	<ele>305.59</ele>
</trkpt>
<trkpt lat="46.0187290" lon="14.3937350">
	<ele>305.47</ele>
</trkpt>
<trkpt lat="46.0187270" lon="14.3922990">
	<ele>299.77</ele>
</trkpt>
<trkpt lat="46.0187140" lon="14.3920920">
	<ele>299.85</ele>
</trkpt>
<trkpt lat="46.0187050" lon="14.3919530">
	<ele>299.99</ele>
</trkpt>
<trkpt lat="46.0186980" lon="14.3918420">
	<ele>300.09</ele>
</trkpt>
<trkpt lat="46.0186910" lon="14.3917350">
	<ele>300.13</ele>
</trkpt>
<trkpt lat="46.0186810" lon="14.3915740">
	<ele>300.00</ele>
</trkpt>
<trkpt lat="46.0186770" lon="14.3913700">
	<ele>299.66</ele>
</trkpt>
<trkpt lat="46.0186440" lon="14.3910390">
	<ele>298.88</ele>
</trkpt>
<trkpt lat="46.0186320" lon="14.3909200">
	<ele>298.72</ele>
</trkpt>
<trkpt lat="46.0186250" lon="14.3908770">
	<ele>298.67</ele>
</trkpt>
<trkpt lat="46.0185580" lon="14.3904550">
	<ele>298.57</ele>
</trkpt>
<trkpt lat="46.0184700" lon="14.3900020">
	<ele>299.09</ele>
</trkpt>
<trkpt lat="46.0182930" lon="14.3893340">
	<ele>299.01</ele>
</trkpt>
<trkpt lat="46.0182640" lon="14.3892230">
	<ele>299.37</ele>
</trkpt>
<trkpt lat="46.0182560" lon="14.3891920">
	<ele>299.53</ele>
</trkpt>
<trkpt lat="46.0182280" lon="14.3890780">
	<ele>300.40</ele>
</trkpt>
<trkpt lat="46.0180340" lon="14.3884660">
	<ele>306.34</ele>
</trkpt>
<trkpt lat="46.0179950" lon="14.3883830">
	<ele>306.21</ele>
</trkpt>
<trkpt lat="46.0179410" lon="14.3882930">
	<ele>305.46</ele>
</trkpt>
<trkpt lat="46.0178710" lon="14.3881220">
	<ele>304.57</ele>
</trkpt>
<trkpt lat="46.0177740" lon="14.3877940">
	<ele>303.00</ele>
</trkpt>
<trkpt lat="46.0177630" lon="14.3877450">
	<ele>302.77</ele>
</trkpt>
<trkpt lat="46.0177480" lon="14.3876810">
	<ele>302.43</ele>
</trkpt>
<trkpt lat="46.0176810" lon="14.3875130">
	<ele>300.69</ele>
</trkpt>
<trkpt lat="46.0175620" lon="14.3871970">
	<ele>298.26</ele>
</trkpt>
<trkpt lat="46.0174130" lon="14.3867950">
	<ele>297.46</ele>
</trkpt>
<trkpt lat="46.0173970" lon="14.3867520">
	<ele>297.44</ele>
</trkpt>
<trkpt lat="46.0173870" lon="14.3867240">
	<ele>297.42</ele>
</trkpt>
<trkpt lat="46.0172840" lon="14.3864300">
	<ele>297.10</ele>
</trkpt>
<trkpt lat="46.0169530" lon="14.3856890">
	<ele>296.42</ele>
</trkpt>
<trkpt lat="46.0169220" lon="14.3856230">
	<ele>296.41</ele>
</trkpt>
<trkpt lat="46.0169100" lon="14.3855960">
	<ele>296.40</ele>
</trkpt>
<trkpt lat="46.0166020" lon="14.3849400">
	<ele>295.89</ele>
</trkpt>
<trkpt lat="46.0165750" lon="14.3848850">
	<ele>295.82</ele>
</trkpt>
<trkpt lat="46.0165480" lon="14.3848300">
	<ele>295.74</ele>
</trkpt>
<trkpt lat="46.0162570" lon="14.3842500">
	<ele>294.56</ele>
</trkpt>
<trkpt lat="46.0162400" lon="14.3842170">
	<ele>294.51</ele>
</trkpt>
<trkpt lat="46.0162230" lon="14.3841840">
	<ele>294.47</ele>
</trkpt>
<trkpt lat="46.0159950" lon="14.3837550">
	<ele>295.09</ele>
</trkpt>
<trkpt lat="46.0155880" lon="14.3830430">
	<ele>295.06</ele>
</trkpt>
<trkpt lat="46.0133000" lon="14.3792890">
	<ele>294.90</ele>
</trkpt>
<trkpt lat="46.0127470" lon="14.3783840">
	<ele>294.40</ele>
</trkpt>
<trkpt lat="46.0127150" lon="14.3782060">
	<ele>294.36</ele>
</trkpt>
<trkpt lat="46.0115450" lon="14.3762800">
	<ele>294.51</ele>
</trkpt>
<trkpt lat="46.0108050" lon="14.3750650">
	<ele>294.99</ele>
</trkpt>
<trkpt lat="46.0107720" lon="14.3750080">
	<ele>294.99</ele>
</trkpt>
<trkpt lat="46.0107490" lon="14.3749700">
	<ele>294.99</ele>
</trkpt>
<trkpt lat="46.0106660" lon="14.3748330">
	<ele>294.90</ele>
</trkpt>
<trkpt lat="46.0102750" lon="14.3741600">
	<ele>294.11</ele>
</trkpt>
<trkpt lat="46.0101260" lon="14.3739220">
	<ele>294.03</ele>
</trkpt>
<trkpt lat="46.0093330" lon="14.3726490">
	<ele>294.91</ele>
</trkpt>
<trkpt lat="46.0088870" lon="14.3719090">
	<ele>294.65</ele>
</trkpt>
<trkpt lat="46.0084040" lon="14.3711490">
	<ele>294.28</ele>
</trkpt>
<trkpt lat="46.0081530" lon="14.3706740">
	<ele>299.59</ele>
</trkpt>
<trkpt lat="46.0079390" lon="14.3701870">
	<ele>306.85</ele>
</trkpt>
<trkpt lat="46.0077210" lon="14.3696160">
	<ele>302.95</ele>
</trkpt>
<trkpt lat="46.0075020" lon="14.3689010">
	<ele>296.95</ele>
</trkpt>
<trkpt lat="46.0073920" lon="14.3683840">
	<ele>295.79</ele>
</trkpt>
<trkpt lat="46.0067990" lon="14.3687330">
	<ele>291.57</ele>
</trkpt>
<trkpt lat="46.0060750" lon="14.3691460">
	<ele>292.01</ele>
</trkpt>
<trkpt lat="46.0058180" lon="14.3692600">
	<ele>292.00</ele>
</trkpt>
<trkpt lat="46.0054910" lon="14.3693910">
	<ele>291.19</ele>
</trkpt>
<trkpt lat="46.0054610" lon="14.3691940">
	<ele>291.14</ele>
</trkpt>
<trkpt lat="46.0053980" lon="14.3686530">
	<ele>290.32</ele>
</trkpt>
<trkpt lat="46.0053050" lon="14.3677300">
	<ele>289.93</ele>
</trkpt>
<trkpt lat="46.0053510" lon="14.3670270">
	<ele>289.87</ele>
</trkpt>
<trkpt lat="46.0053650" lon="14.3653460">
	<ele>290.36</ele>
</trkpt>
<trkpt lat="46.0053440" lon="14.3651790">
	<ele>290.34</ele>
</trkpt>
<trkpt lat="46.0052510" lon="14.3634140">
	<ele>291.49</ele>
</trkpt>
<trkpt lat="46.0052630" lon="14.3632590">
	<ele>291.63</ele>
</trkpt>
<trkpt lat="46.0052870" lon="14.3630950">
	<ele>291.77</ele>
</trkpt>
<trkpt lat="46.0053510" lon="14.3627900">
	<ele>291.90</ele>
</trkpt>
<trkpt lat="46.0053390" lon="14.3626690">
	<ele>291.90</ele>
</trkpt>
<trkpt lat="46.0051740" lon="14.3619480">
	<ele>291.93</ele>
</trkpt>
<trkpt lat="46.0050660" lon="14.3615740">
	<ele>292.07</ele>
</trkpt>
<trkpt lat="46.0049760" lon="14.3611630">
	<ele>292.63</ele>
</trkpt>
<trkpt lat="46.0049490" lon="14.3609380">
	<ele>292.92</ele>
</trkpt>
<trkpt lat="46.0048880" lon="14.3602930">
	<ele>293.05</ele>
</trkpt>
<trkpt lat="46.0048660" lon="14.3597870">
	<ele>292.97</ele>
</trkpt>
<trkpt lat="46.0048420" lon="14.3588180">
	<ele>293.19</ele>
</trkpt>
<trkpt lat="46.0048200" lon="14.3583240">
	<ele>293.62</ele>
</trkpt>
<trkpt lat="46.0047880" lon="14.3580860">
	<ele>293.59</ele>
</trkpt>
<trkpt lat="46.0046270" lon="14.3571780">
	<ele>293.05</ele>
</trkpt>
<trkpt lat="46.0044660" lon="14.3563320">
	<ele>293.16</ele>
</trkpt>
<trkpt lat="46.0043690" lon="14.3558690">
	<ele>294.07</ele>
</trkpt>
<trkpt lat="46.0042310" lon="14.3552730">
	<ele>294.10</ele>
</trkpt>
<trkpt lat="46.0039670" lon="14.3544050">
	<ele>294.29</ele>
</trkpt>
<trkpt lat="46.0038150" lon="14.3538730">
	<ele>293.96</ele>
</trkpt>
<trkpt lat="46.0038445" lon="14.3538566">
	<ele>294.09</ele>
	<time>2026-08-24T14:43:09.006Z</time>
	<hdop>3.79</hdop>
	<extensions>
		<gpxtpx:TrackPointExtension>
			<gpxtpx:course>250.0</gpxtpx:course>
		</gpxtpx:TrackPointExtension>
	</extensions>
</trkpt>
<trkpt lat="46.0036645" lon="14.3535422">
	<ele>293.28</ele>
	<time>2026-08-24T14:43:14.006Z</time>
	<hdop>3.79</hdop>
	<extensions>
		<gpxtpx:TrackPointExtension>
			<gpxtpx:course>186.0</gpxtpx:course>
		</gpxtpx:TrackPointExtension>
	</extensions>
</trkpt>
<trkpt lat="46.0033339" lon="14.3537296">
	<ele>291.99</ele>
	<time>2026-08-24T14:43:20.005Z</time>
	<hdop>3.79</hdop>
	<extensions>
		<gpxtpx:TrackPointExtension>
			<gpxtpx:course>158.0</gpxtpx:course>
		</gpxtpx:TrackPointExtension>
	</extensions>
</trkpt>
<trkpt lat="46.0030263" lon="14.3538742">
	<ele>291.46</ele>
	<time>2026-08-24T14:43:25.006Z</time>
	<hdop>3.79</hdop>
	<extensions>
		<gpxtpx:TrackPointExtension>
			<gpxtpx:course>159.0</gpxtpx:course>
		</gpxtpx:TrackPointExtension>
	</extensions>
</trkpt>
<trkpt lat="46.0026699" lon="14.3540541">
	<ele>291.18</ele>
	<time>2026-08-24T14:43:31.005Z</time>
	<hdop>3.79</hdop>
	<extensions>
		<gpxtpx:TrackPointExtension>
			<gpxtpx:course>161.0</gpxtpx:course>
		</gpxtpx:TrackPointExtension>
	</extensions>
</trkpt>
<trkpt lat="46.0023855" lon="14.3541920">
	<ele>290.88</ele>
	<time>2026-08-24T14:43:36.005Z</time>
	<hdop>3.79</hdop>
	<extensions>
		<gpxtpx:TrackPointExtension>
			<gpxtpx:course>161.0</gpxtpx:course>
		</gpxtpx:TrackPointExtension>
	</extensions>
</trkpt>
<trkpt lat="46.0021132" lon="14.3543022">
	<ele>290.48</ele>
	<time>2026-08-24T14:43:41.005Z</time>
	<hdop>3.79</hdop>
	<extensions>
		<gpxtpx:TrackPointExtension>
			<gpxtpx:course>180.0</gpxtpx:course>
		</gpxtpx:TrackPointExtension>
	</extensions>
</trkpt>
<trkpt lat="46.0019191" lon="14.3540123">
	<ele>290.33</ele>
	<time>2026-08-24T14:43:46.005Z</time>
	<hdop>3.79</hdop>
	<extensions>
		<gpxtpx:TrackPointExtension>
			<gpxtpx:course>253.0</gpxtpx:course>
		</gpxtpx:TrackPointExtension>
	</extensions>
</trkpt>
<trkpt lat="46.0017822" lon="14.3535781">
	<ele>290.77</ele>
	<time>2026-08-24T14:43:51.005Z</time>
	<hdop>3.79</hdop>
	<extensions>
		<gpxtpx:TrackPointExtension>
			<gpxtpx:course>241.0</gpxtpx:course>
		</gpxtpx:TrackPointExtension>
	</extensions>
</trkpt>
<trkpt lat="46.0016004" lon="14.3530515">
	<ele>291.03</ele>
	<time>2026-08-24T14:43:57.005Z</time>
	<hdop>3.79</hdop>
	<extensions>
		<gpxtpx:TrackPointExtension>
			<gpxtpx:course>242.0</gpxtpx:course>
		</gpxtpx:TrackPointExtension>
	</extensions>
</trkpt>
<trkpt lat="46.0014481" lon="14.3525962">
	<ele>290.82</ele>
	<time>2026-08-24T14:44:02.006Z</time>
	<hdop>3.79</hdop>
	<extensions>
		<gpxtpx:TrackPointExtension>
			<gpxtpx:course>242.0</gpxtpx:course>
		</gpxtpx:TrackPointExtension>
	</extensions>
</trkpt>
<trkpt lat="46.0012573" lon="14.3520554">
	<ele>290.42</ele>
	<time>2026-08-24T14:44:08.005Z</time>
	<hdop>3.79</hdop>
	<extensions>
		<gpxtpx:TrackPointExtension>
			<gpxtpx:course>245.0</gpxtpx:course>
		</gpxtpx:TrackPointExtension>
	</extensions>
</trkpt>
<trkpt lat="46.0010652" lon="14.3514954">
	<ele>290.16</ele>
	<time>2026-08-24T14:44:14.005Z</time>
	<hdop>3.79</hdop>
	<extensions>
		<gpxtpx:TrackPointExtension>
			<gpxtpx:course>243.0</gpxtpx:course>
		</gpxtpx:TrackPointExtension>
	</extensions>
</trkpt>
<trkpt lat="46.0009251" lon="14.3508921">
	<ele>290.07</ele>
	<time>2026-08-24T14:44:20.005Z</time>
	<hdop>3.79</hdop>
	<extensions>
		<gpxtpx:TrackPointExtension>
			<gpxtpx:course>254.0</gpxtpx:course>
		</gpxtpx:TrackPointExtension>
	</extensions>
</trkpt>
<trkpt lat="46.0008289" lon="14.3503655">
	<ele>290.00</ele>
	<time>2026-08-24T14:44:25.005Z</time>
	<hdop>3.79</hdop>
	<extensions>
		<gpxtpx:TrackPointExtension>
			<gpxtpx:course>255.0</gpxtpx:course>
		</gpxtpx:TrackPointExtension>
	</extensions>
</trkpt>
<trkpt lat="46.0006934" lon="14.3497584">
	<ele>289.90</ele>
	<time>2026-08-24T14:44:31.005Z</time>
	<hdop>3.79</hdop>
	<extensions>
		<gpxtpx:TrackPointExtension>
			<gpxtpx:course>242.0</gpxtpx:course>
		</gpxtpx:TrackPointExtension>
	</extensions>
</trkpt>
<trkpt lat="46.0004961" lon="14.3493241">
	<ele>289.76</ele>
	<time>2026-08-24T14:44:36.005Z</time>
	<hdop>3.79</hdop>
	<extensions>
		<gpxtpx:TrackPointExtension>
			<gpxtpx:course>234.0</gpxtpx:course>
		</gpxtpx:TrackPointExtension>
	</extensions>
</trkpt>
<trkpt lat="46.0002831" lon="14.3488995">
	<ele>289.99</ele>
	<time>2026-08-24T14:44:41.005Z</time>
	<hdop>3.79</hdop>
	<extensions>
		<gpxtpx:TrackPointExtension>
			<gpxtpx:course>234.0</gpxtpx:course>
		</gpxtpx:TrackPointExtension>
	</extensions>
</trkpt>
<trkpt lat="46.0000613" lon="14.3484576">
	<ele>290.08</ele>
	<time>2026-08-24T14:44:46.006Z</time>
	<hdop>3.79</hdop>
	<extensions>
		<gpxtpx:TrackPointExtension>
			<gpxtpx:course>234.0</gpxtpx:course>
		</gpxtpx:TrackPointExtension>
	</extensions>
</trkpt>
<trkpt lat="45.9997969" lon="14.3479095">
	<ele>290.00</ele>
	<time>2026-08-24T14:44:52.003Z</time>
	<hdop>3.79</hdop>
	<extensions>
		<gpxtpx:TrackPointExtension>
			<gpxtpx:course>235.0</gpxtpx:course>
		</gpxtpx:TrackPointExtension>
	</extensions>
</trkpt>
<trkpt lat="45.9995755" lon="14.3474668">
	<ele>290.00</ele>
	<time>2026-08-24T14:44:57.005Z</time>
	<hdop>3.79</hdop>
	<extensions>
		<gpxtpx:TrackPointExtension>
			<gpxtpx:course>233.0</gpxtpx:course>
		</gpxtpx:TrackPointExtension>
	</extensions>
</trkpt>
<trkpt lat="45.9993512" lon="14.3470303">
	<ele>289.99</ele>
	<time>2026-08-24T14:45:02.005Z</time>
	<hdop>3.79</hdop>
	<extensions>
		<gpxtpx:TrackPointExtension>
			<gpxtpx:course>232.0</gpxtpx:course>
		</gpxtpx:TrackPointExtension>
	</extensions>
</trkpt>
<trkpt lat="45.9991438" lon="14.3465705">
	<ele>290.00</ele>
	<time>2026-08-24T14:45:07.005Z</time>
	<hdop>3.79</hdop>
	<extensions>
		<gpxtpx:TrackPointExtension>
			<gpxtpx:course>235.0</gpxtpx:course>
		</gpxtpx:TrackPointExtension>
	</extensions>
</trkpt>
<trkpt lat="45.9988877" lon="14.3460416">
	<ele>289.94</ele>
	<time>2026-08-24T14:45:13.005Z</time>
	<hdop>3.79</hdop>
	<extensions>
		<gpxtpx:TrackPointExtension>
			<gpxtpx:course>235.0</gpxtpx:course>
		</gpxtpx:TrackPointExtension>
	</extensions>
</trkpt>
<trkpt lat="45.9986747" lon="14.3456062">
	<ele>289.96</ele>
	<time>2026-08-24T14:45:18.005Z</time>
	<hdop>3.79</hdop>
	<extensions>
		<gpxtpx:TrackPointExtension>
			<gpxtpx:course>234.0</gpxtpx:course>
		</gpxtpx:TrackPointExtension>
	</extensions>
</trkpt>
<trkpt lat="45.9984641" lon="14.3451711">
	<ele>290.00</ele>
	<time>2026-08-24T14:45:23.005Z</time>
	<hdop>3.79</hdop>
	<extensions>
		<gpxtpx:TrackPointExtension>
			<gpxtpx:course>234.0</gpxtpx:course>
		</gpxtpx:TrackPointExtension>
	</extensions>
</trkpt>
<trkpt lat="45.9982404" lon="14.3447235">
	<ele>290.00</ele>
	<time>2026-08-24T14:45:29.004Z</time>
	<hdop>3.79</hdop>
	<extensions>
		<gpxtpx:TrackPointExtension>
			<gpxtpx:course>238.0</gpxtpx:course>
		</gpxtpx:TrackPointExtension>
	</extensions>
</trkpt>
<trkpt lat="45.9980801" lon="14.3445881">
	<ele>290.00</ele>
	<time>2026-08-24T14:45:34.006Z</time>
	<hdop>3.79</hdop>
	<extensions>
		<gpxtpx:TrackPointExtension>
			<gpxtpx:course>154.0</gpxtpx:course>
		</gpxtpx:TrackPointExtension>
	</extensions>
</trkpt>
<trkpt lat="45.9979279" lon="14.3448227">
	<ele>290.00</ele>
	<time>2026-08-24T14:45:40.005Z</time>
	<hdop>3.79</hdop>
	<extensions>
		<gpxtpx:TrackPointExtension>
			<gpxtpx:course>139.0</gpxtpx:course>
		</gpxtpx:TrackPointExtension>
	</extensions>
</trkpt>
<trkpt lat="45.9977206" lon="14.3447413">
	<ele>290.00</ele>
	<time>2026-08-24T14:45:45.005Z</time>
	<hdop>3.79</hdop>
	<extensions>
		<gpxtpx:TrackPointExtension>
			<gpxtpx:course>232.0</gpxtpx:course>
		</gpxtpx:TrackPointExtension>
	</extensions>
</trkpt>
<trkpt lat="45.9975686" lon="14.3444238">
	<ele>290.00</ele>
	<time>2026-08-24T14:45:50.005Z</time>
	<hdop>3.79</hdop>
	<extensions>
		<gpxtpx:TrackPointExtension>
			<gpxtpx:course>234.0</gpxtpx:course>
		</gpxtpx:TrackPointExtension>
	</extensions>
</trkpt>
<trkpt lat="45.9973987" lon="14.3440780">
	<ele>290.00</ele>
	<time>2026-08-24T14:45:55.005Z</time>
	<hdop>3.79</hdop>
	<extensions>
		<gpxtpx:TrackPointExtension>
			<gpxtpx:course>234.0</gpxtpx:course>
		</gpxtpx:TrackPointExtension>
	</extensions>
</trkpt>
<trkpt lat="45.9972115" lon="14.3437244">
	<ele>289.98</ele>
	<time>2026-08-24T14:46:00.005Z</time>
	<hdop>3.79</hdop>
	<extensions>
		<gpxtpx:TrackPointExtension>
			<gpxtpx:course>232.0</gpxtpx:course>
		</gpxtpx:TrackPointExtension>
	</extensions>
</trkpt>
<trkpt lat="45.9970247" lon="14.3433558">
	<ele>289.99</ele>
	<time>2026-08-24T14:46:05.005Z</time>
	<hdop>3.79</hdop>
	<extensions>
		<gpxtpx:TrackPointExtension>
			<gpxtpx:course>234.0</gpxtpx:course>
		</gpxtpx:TrackPointExtension>
	</extensions>
</trkpt>
<trkpt lat="45.9968875" lon="14.3429402">
	<ele>290.40</ele>
	<time>2026-08-24T14:46:10.005Z</time>
	<hdop>3.79</hdop>
	<extensions>
		<gpxtpx:TrackPointExtension>
			<gpxtpx:course>242.0</gpxtpx:course>
		</gpxtpx:TrackPointExtension>
	</extensions>
</trkpt>
<trkpt lat="45.9967003" lon="14.3425502">
	<ele>290.96</ele>
	<time>2026-08-24T14:46:15.006Z</time>
	<hdop>3.79</hdop>
	<extensions>
		<gpxtpx:TrackPointExtension>
			<gpxtpx:course>231.0</gpxtpx:course>
		</gpxtpx:TrackPointExtension>
	</extensions>
</trkpt>
<trkpt lat="45.9964462" lon="14.3420928">
	<ele>290.54</ele>
	<time>2026-08-24T14:46:21.006Z</time>
	<hdop>3.79</hdop>
	<extensions>
		<gpxtpx:TrackPointExtension>
			<gpxtpx:course>235.0</gpxtpx:course>
		</gpxtpx:TrackPointExtension>
	</extensions>
</trkpt>
<trkpt lat="45.9961860" lon="14.3416461">
	<ele>290.01</ele>
	<time>2026-08-24T14:46:27.005Z</time>
	<hdop>3.79</hdop>
	<extensions>
		<gpxtpx:TrackPointExtension>
			<gpxtpx:course>228.0</gpxtpx:course>
		</gpxtpx:TrackPointExtension>
	</extensions>
</trkpt>
<trkpt lat="45.9959200" lon="14.3411936">
	<ele>289.99</ele>
	<time>2026-08-24T14:46:33.005Z</time>
	<hdop>3.79</hdop>
	<extensions>
		<gpxtpx:TrackPointExtension>
			<gpxtpx:course>229.0</gpxtpx:course>
		</gpxtpx:TrackPointExtension>
	</extensions>
</trkpt>
<trkpt lat="45.9957036" lon="14.3407971">
	<ele>290.00</ele>
	<time>2026-08-24T14:46:38.005Z</time>
	<hdop>3.79</hdop>
	<extensions>
		<gpxtpx:TrackPointExtension>
			<gpxtpx:course>227.0</gpxtpx:course>
		</gpxtpx:TrackPointExtension>
	</extensions>
</trkpt>
<trkpt lat="45.9954671" lon="14.3404155">
	<ele>290.00</ele>
	<time>2026-08-24T14:46:43.005Z</time>
	<hdop>3.79</hdop>
	<extensions>
		<gpxtpx:TrackPointExtension>
			<gpxtpx:course>233.0</gpxtpx:course>
		</gpxtpx:TrackPointExtension>
	</extensions>
</trkpt>
<trkpt lat="45.9952598" lon="14.3400034">
	<ele>290.00</ele>
	<time>2026-08-24T14:46:48.005Z</time>
	<hdop>3.79</hdop>
	<extensions>
		<gpxtpx:TrackPointExtension>
			<gpxtpx:course>230.0</gpxtpx:course>
		</gpxtpx:TrackPointExtension>
	</extensions>
</trkpt>
<trkpt lat="45.9950216" lon="14.3396013">
	<ele>290.00</ele>
	<time>2026-08-24T14:46:53.005Z</time>
	<hdop>3.79</hdop>
	<extensions>
		<gpxtpx:TrackPointExtension>
			<gpxtpx:course>225.0</gpxtpx:course>
		</gpxtpx:TrackPointExtension>
	</extensions>
</trkpt>
<trkpt lat="45.9946613" lon="14.3392242">
	<ele>290.00</ele>
	<time>2026-08-24T14:46:59.005Z</time>
	<hdop>3.79</hdop>
	<extensions>
		<gpxtpx:TrackPointExtension>
			<gpxtpx:course>207.0</gpxtpx:course>
		</gpxtpx:TrackPointExtension>
	</extensions>
</trkpt>
<trkpt lat="45.9943320" lon="14.3389946">
	<ele>290.01</ele>
	<time>2026-08-24T14:47:04.005Z</time>
	<hdop>3.79</hdop>
	<extensions>
		<gpxtpx:TrackPointExtension>
			<gpxtpx:course>205.0</gpxtpx:course>
		</gpxtpx:TrackPointExtension>
	</extensions>
</trkpt>
<trkpt lat="45.9940077" lon="14.3387813">
	<ele>290.06</ele>
	<time>2026-08-24T14:47:09.005Z</time>
	<hdop>3.79</hdop>
	<extensions>
		<gpxtpx:TrackPointExtension>
			<gpxtpx:course>204.0</gpxtpx:course>
		</gpxtpx:TrackPointExtension>
	</extensions>
</trkpt>
<trkpt lat="45.9936895" lon="14.3385575">
	<ele>290.08</ele>
	<time>2026-08-24T14:47:14.005Z</time>
	<hdop>3.79</hdop>
	<extensions>
		<gpxtpx:TrackPointExtension>
			<gpxtpx:course>210.0</gpxtpx:course>
		</gpxtpx:TrackPointExtension>
	</extensions>
</trkpt>
<trkpt lat="45.9933979" lon="14.3383067">
	<ele>289.99</ele>
	<time>2026-08-24T14:47:19.005Z</time>
	<hdop>3.79</hdop>
	<extensions>
		<gpxtpx:TrackPointExtension>
			<gpxtpx:course>213.0</gpxtpx:course>
		</gpxtpx:TrackPointExtension>
	</extensions>
</trkpt>
<trkpt lat="45.9931440" lon="14.3380248">
	<ele>289.75</ele>
	<time>2026-08-24T14:47:24.005Z</time>
	<hdop>3.79</hdop>
	<extensions>
		<gpxtpx:TrackPointExtension>
			<gpxtpx:course>219.0</gpxtpx:course>
		</gpxtpx:TrackPointExtension>
	</extensions>
</trkpt>
<trkpt lat="45.9929328" lon="14.3377385">
	<ele>289.65</ele>
	<time>2026-08-24T14:47:29.005Z</time>
	<hdop>3.79</hdop>
	<extensions>
		<gpxtpx:TrackPointExtension>
			<gpxtpx:course>222.0</gpxtpx:course>
		</gpxtpx:TrackPointExtension>
	</extensions>
</trkpt>
<trkpt lat="45.9927440" lon="14.3374949">
	<ele>289.74</ele>
	<time>2026-08-24T14:47:34.005Z</time>
	<hdop>3.79</hdop>
	<extensions>
		<gpxtpx:TrackPointExtension>
			<gpxtpx:course>225.0</gpxtpx:course>
		</gpxtpx:TrackPointExtension>
	</extensions>
</trkpt>
<trkpt lat="45.9926639" lon="14.3373745">
	<ele>289.75</ele>
	<time>2026-08-24T14:47:39.005Z</time>
	<hdop>3.79</hdop>
	<extensions>
		<gpxtpx:TrackPointExtension>
			<gpxtpx:course>220.0</gpxtpx:course>
		</gpxtpx:TrackPointExtension>
	</extensions>
</trkpt>
<trkpt lat="45.9926772" lon="14.3372131">
	<ele>289.56</ele>
	<time>2026-08-24T14:47:52.004Z</time>
	<hdop>3.79</hdop>
	<extensions>
		<gpxtpx:TrackPointExtension>
			<gpxtpx:course>295.0</gpxtpx:course>
		</gpxtpx:TrackPointExtension>
	</extensions>
</trkpt>
<trkpt lat="45.9927691" lon="14.3369538">
	<ele>289.16</ele>
	<time>2026-08-24T14:47:57.005Z</time>
	<hdop>3.79</hdop>
	<extensions>
		<gpxtpx:TrackPointExtension>
			<gpxtpx:course>297.0</gpxtpx:course>
		</gpxtpx:TrackPointExtension>
	</extensions>
</trkpt>
<trkpt lat="45.9928755" lon="14.3366143">
	<ele>288.87</ele>
	<time>2026-08-24T14:48:02.005Z</time>
	<hdop>3.79</hdop>
	<extensions>
		<gpxtpx:TrackPointExtension>
			<gpxtpx:course>292.0</gpxtpx:course>
		</gpxtpx:TrackPointExtension>
	</extensions>
</trkpt>
<trkpt lat="45.9930208" lon="14.3361330">
	<ele>288.84</ele>
	<time>2026-08-24T14:48:08.004Z</time>
	<hdop>3.79</hdop>
	<extensions>
		<gpxtpx:TrackPointExtension>
			<gpxtpx:course>291.0</gpxtpx:course>
		</gpxtpx:TrackPointExtension>
	</extensions>
</trkpt>
<trkpt lat="45.9931599" lon="14.3357231">
	<ele>289.00</ele>
	<time>2026-08-24T14:48:13.005Z</time>
	<hdop>3.79</hdop>
	<extensions>
		<gpxtpx:TrackPointExtension>
			<gpxtpx:course>290.0</gpxtpx:course>
		</gpxtpx:TrackPointExtension>
	</extensions>
</trkpt>
<trkpt lat="45.9933210" lon="14.3352070">
	<ele>289.81</ele>
	<time>2026-08-24T14:48:19.005Z</time>
	<hdop>3.79</hdop>
	<extensions>
		<gpxtpx:TrackPointExtension>
			<gpxtpx:course>292.0</gpxtpx:course>
		</gpxtpx:TrackPointExtension>
	</extensions>
</trkpt>
<trkpt lat="45.9934613" lon="14.3347609">
	<ele>289.89</ele>
	<time>2026-08-24T14:48:24.006Z</time>
	<hdop>3.79</hdop>
	<extensions>
		<gpxtpx:TrackPointExtension>
			<gpxtpx:course>294.0</gpxtpx:course>
		</gpxtpx:TrackPointExtension>
	</extensions>
</trkpt>
<trkpt lat="45.9936401" lon="14.3342425">
	<ele>289.36</ele>
	<time>2026-08-24T14:48:30.003Z</time>
	<hdop>3.79</hdop>
	<extensions>
		<gpxtpx:TrackPointExtension>
			<gpxtpx:course>296.0</gpxtpx:course>
		</gpxtpx:TrackPointExtension>
	</extensions>
</trkpt>
<trkpt lat="45.9938086" lon="14.3339067">
	<ele>289.62</ele>
	<time>2026-08-24T14:48:35.005Z</time>
	<hdop>3.79</hdop>
	<extensions>
		<gpxtpx:TrackPointExtension>
			<gpxtpx:course>307.0</gpxtpx:course>
		</gpxtpx:TrackPointExtension>
	</extensions>
</trkpt>
<trkpt lat="45.9939545" lon="14.3336992">
	<ele>289.82</ele>
	<time>2026-08-24T14:48:40.006Z</time>
	<hdop>3.79</hdop>
	<extensions>
		<gpxtpx:TrackPointExtension>
			<gpxtpx:course>313.0</gpxtpx:course>
		</gpxtpx:TrackPointExtension>
	</extensions>
</trkpt>
<trkpt lat="45.9940639" lon="14.3335582">
	<ele>289.90</ele>
	<time>2026-08-24T14:48:45.006Z</time>
	<hdop>3.79</hdop>
	<extensions>
		<gpxtpx:TrackPointExtension>
			<gpxtpx:course>321.0</gpxtpx:course>
		</gpxtpx:TrackPointExtension>
	</extensions>
</trkpt>
<trkpt lat="45.9941446" lon="14.3334428">
	<ele>289.98</ele>
	<time>2026-08-24T14:48:51.006Z</time>
	<hdop>3.79</hdop>
	<extensions>
		<gpxtpx:TrackPointExtension>
			<gpxtpx:course>195.0</gpxtpx:course>
		</gpxtpx:TrackPointExtension>
	</extensions>
</trkpt>
<trkpt lat="45.9939611" lon="14.3336266">
	<ele>289.85</ele>
	<time>2026-08-24T14:48:57.005Z</time>
	<hdop>3.79</hdop>
	<extensions>
		<gpxtpx:TrackPointExtension>
			<gpxtpx:course>138.0</gpxtpx:course>
		</gpxtpx:TrackPointExtension>
	</extensions>
</trkpt>
<trkpt lat="45.9937817" lon="14.3338891">
	<ele>289.64</ele>
	<time>2026-08-24T14:49:02.005Z</time>
	<hdop>3.79</hdop>
	<extensions>
		<gpxtpx:TrackPointExtension>
			<gpxtpx:course>134.0</gpxtpx:course>
		</gpxtpx:TrackPointExtension>
	</extensions>
</trkpt>
<trkpt lat="45.9935259" lon="14.3336898">
	<ele>289.62</ele>
	<time>2026-08-24T14:49:08.005Z</time>
	<hdop>3.79</hdop>
	<extensions>
		<gpxtpx:TrackPointExtension>
			<gpxtpx:course>213.0</gpxtpx:course>
		</gpxtpx:TrackPointExtension>
	</extensions>
</trkpt>
<trkpt lat="45.9932803" lon="14.3334015">
	<ele>289.90</ele>
	<time>2026-08-24T14:49:13.005Z</time>
	<hdop>3.79</hdop>
	<extensions>
		<gpxtpx:TrackPointExtension>
			<gpxtpx:course>218.0</gpxtpx:course>
		</gpxtpx:TrackPointExtension>
	</extensions>
</trkpt>
<trkpt lat="45.9929734" lon="14.3330715">
	<ele>289.66</ele>
	<time>2026-08-24T14:49:19.005Z</time>
	<hdop>3.79</hdop>
	<extensions>
		<gpxtpx:TrackPointExtension>
			<gpxtpx:course>217.0</gpxtpx:course>
		</gpxtpx:TrackPointExtension>
	</extensions>
</trkpt>
<trkpt lat="45.9927261" lon="14.3327919">
	<ele>289.27</ele>
	<time>2026-08-24T14:49:24.005Z</time>
	<hdop>3.79</hdop>
	<extensions>
		<gpxtpx:TrackPointExtension>
			<gpxtpx:course>218.0</gpxtpx:course>
		</gpxtpx:TrackPointExtension>
	</extensions>
</trkpt>
<trkpt lat="45.9924275" lon="14.3324601">
	<ele>288.97</ele>
	<time>2026-08-24T14:49:30.003Z</time>
	<hdop>3.79</hdop>
	<extensions>
		<gpxtpx:TrackPointExtension>
			<gpxtpx:course>219.0</gpxtpx:course>
		</gpxtpx:TrackPointExtension>
	</extensions>
</trkpt>
<trkpt lat="45.9922718" lon="14.3320875">
	<ele>288.88</ele>
	<time>2026-08-24T14:49:35.004Z</time>
	<hdop>3.79</hdop>
	<extensions>
		<gpxtpx:TrackPointExtension>
			<gpxtpx:course>263.0</gpxtpx:course>
		</gpxtpx:TrackPointExtension>
	</extensions>
</trkpt>
<trkpt lat="45.9922328" lon="14.3316492">
	<ele>288.92</ele>
	<time>2026-08-24T14:49:40.004Z</time>
	<hdop>3.79</hdop>
	<extensions>
		<gpxtpx:TrackPointExtension>
			<gpxtpx:course>259.0</gpxtpx:course>
		</gpxtpx:TrackPointExtension>
	</extensions>
</trkpt>
<trkpt lat="45.9921713" lon="14.3312285">
	<ele>289.21</ele>
	<time>2026-08-24T14:49:45.005Z</time>
	<hdop>3.79</hdop>
	<extensions>
		<gpxtpx:TrackPointExtension>
			<gpxtpx:course>254.0</gpxtpx:course>
		</gpxtpx:TrackPointExtension>
	</extensions>
</trkpt>
<trkpt lat="45.9921355" lon="14.3307990">
	<ele>289.51</ele>
	<time>2026-08-24T14:49:50.006Z</time>
	<hdop>3.79</hdop>
	<extensions>
		<gpxtpx:TrackPointExtension>
			<gpxtpx:course>273.0</gpxtpx:course>
		</gpxtpx:TrackPointExtension>
	</extensions>
</trkpt>
<trkpt lat="45.9920869" lon="14.3302913">
	<ele>289.83</ele>
	<time>2026-08-24T14:49:56.003Z</time>
	<hdop>3.79</hdop>
	<extensions>
		<gpxtpx:TrackPointExtension>
			<gpxtpx:course>241.0</gpxtpx:course>
		</gpxtpx:TrackPointExtension>
	</extensions>
</trkpt>
<trkpt lat="45.9918578" lon="14.3300122">
	<ele>290.04</ele>
	<time>2026-08-24T14:50:01.004Z</time>
	<hdop>3.79</hdop>
	<extensions>
		<gpxtpx:TrackPointExtension>
			<gpxtpx:course>206.0</gpxtpx:course>
		</gpxtpx:TrackPointExtension>
	</extensions>
</trkpt>
<trkpt lat="45.9915711" lon="14.3298256">
	<ele>289.85</ele>
	<time>2026-08-24T14:50:06.004Z</time>
	<hdop>3.79</hdop>
	<extensions>
		<gpxtpx:TrackPointExtension>
			<gpxtpx:course>204.0</gpxtpx:course>
		</gpxtpx:TrackPointExtension>
	</extensions>
</trkpt>
<trkpt lat="45.9912791" lon="14.3296364">
	<ele>289.52</ele>
	<time>2026-08-24T14:50:11.004Z</time>
	<hdop>3.79</hdop>
	<extensions>
		<gpxtpx:TrackPointExtension>
			<gpxtpx:course>203.0</gpxtpx:course>
		</gpxtpx:TrackPointExtension>
	</extensions>
</trkpt>
<trkpt lat="45.9909541" lon="14.3293405">
	<ele>289.83</ele>
	<time>2026-08-24T14:50:17.005Z</time>
	<hdop>3.79</hdop>
	<extensions>
		<gpxtpx:TrackPointExtension>
			<gpxtpx:course>217.0</gpxtpx:course>
		</gpxtpx:TrackPointExtension>
	</extensions>
</trkpt>
<trkpt lat="45.9906082" lon="14.3290835">
	<ele>289.85</ele>
	<time>2026-08-24T14:50:23.004Z</time>
	<hdop>3.79</hdop>
	<extensions>
		<gpxtpx:TrackPointExtension>
			<gpxtpx:course>203.0</gpxtpx:course>
		</gpxtpx:TrackPointExtension>
	</extensions>
</trkpt>
<trkpt lat="45.9903118" lon="14.3289119">
	<ele>289.34</ele>
	<time>2026-08-24T14:50:28.004Z</time>
	<hdop>3.79</hdop>
	<extensions>
		<gpxtpx:TrackPointExtension>
			<gpxtpx:course>202.0</gpxtpx:course>
		</gpxtpx:TrackPointExtension>
	</extensions>
</trkpt>
<trkpt lat="45.9899577" lon="14.3287158">
	<ele>289.00</ele>
	<time>2026-08-24T14:50:34.006Z</time>
	<hdop>3.79</hdop>
	<extensions>
		<gpxtpx:TrackPointExtension>
			<gpxtpx:course>201.0</gpxtpx:course>
		</gpxtpx:TrackPointExtension>
	</extensions>
</trkpt>
<trkpt lat="45.9896122" lon="14.3285216">
	<ele>289.03</ele>
	<time>2026-08-24T14:50:40.004Z</time>
	<hdop>3.79</hdop>
	<extensions>
		<gpxtpx:TrackPointExtension>
			<gpxtpx:course>202.0</gpxtpx:course>
		</gpxtpx:TrackPointExtension>
	</extensions>
</trkpt>
<trkpt lat="45.9894292" lon="14.3281858">
	<ele>289.07</ele>
	<time>2026-08-24T14:50:45.005Z</time>
	<hdop>3.79</hdop>
	<extensions>
		<gpxtpx:TrackPointExtension>
			<gpxtpx:course>269.0</gpxtpx:course>
		</gpxtpx:TrackPointExtension>
	</extensions>
</trkpt>
<trkpt lat="45.9895291" lon="14.3276886">
	<ele>289.02</ele>
	<time>2026-08-24T14:50:51.005Z</time>
	<hdop>3.79</hdop>
	<extensions>
		<gpxtpx:TrackPointExtension>
			<gpxtpx:course>294.0</gpxtpx:course>
		</gpxtpx:TrackPointExtension>
	</extensions>
</trkpt>
<trkpt lat="45.9894090" lon="14.3274145">
	<ele>288.99</ele>
	<time>2026-08-24T14:50:56.005Z</time>
	<hdop>3.79</hdop>
	<extensions>
		<gpxtpx:TrackPointExtension>
			<gpxtpx:course>191.0</gpxtpx:course>
		</gpxtpx:TrackPointExtension>
	</extensions>
</trkpt>
<trkpt lat="45.9890394" lon="14.3273086">
	<ele>289.01</ele>
	<time>2026-08-24T14:51:02.005Z</time>
	<hdop>3.79</hdop>
	<extensions>
		<gpxtpx:TrackPointExtension>
			<gpxtpx:course>193.0</gpxtpx:course>
		</gpxtpx:TrackPointExtension>
	</extensions>
</trkpt>
<trkpt lat="45.9887228" lon="14.3271714">
	<ele>289.04</ele>
	<time>2026-08-24T14:51:07.005Z</time>
	<hdop>3.79</hdop>
	<extensions>
		<gpxtpx:TrackPointExtension>
			<gpxtpx:course>203.0</gpxtpx:course>
		</gpxtpx:TrackPointExtension>
	</extensions>
</trkpt>
<trkpt lat="45.9884019" lon="14.3268454">
	<ele>289.02</ele>
	<time>2026-08-24T14:51:13.004Z</time>
	<hdop>3.79</hdop>
	<extensions>
		<gpxtpx:TrackPointExtension>
			<gpxtpx:course>244.0</gpxtpx:course>
		</gpxtpx:TrackPointExtension>
	</extensions>
</trkpt>
<trkpt lat="45.9882727" lon="14.3263075">
	<ele>289.00</ele>
	<time>2026-08-24T14:51:19.004Z</time>
	<hdop>3.79</hdop>
	<extensions>
		<gpxtpx:TrackPointExtension>
			<gpxtpx:course>248.0</gpxtpx:course>
		</gpxtpx:TrackPointExtension>
	</extensions>
</trkpt>
<trkpt lat="45.9881735" lon="14.3259059">
	<ele>289.00</ele>
	<time>2026-08-24T14:51:24.004Z</time>
	<hdop>3.79</hdop>
	<extensions>
		<gpxtpx:TrackPointExtension>
			<gpxtpx:course>251.0</gpxtpx:course>
		</gpxtpx:TrackPointExtension>
	</extensions>
</trkpt>
<trkpt lat="45.9880035" lon="14.3256843">
	<ele>288.98</ele>
	<time>2026-08-24T14:51:29.005Z</time>
	<hdop>3.79</hdop>
	<extensions>
		<gpxtpx:TrackPointExtension>
			<gpxtpx:course>172.0</gpxtpx:course>
		</gpxtpx:TrackPointExtension>
	</extensions>
</trkpt>
<trkpt lat="45.9877241" lon="14.3258088">
	<ele>289.00</ele>
	<time>2026-08-24T14:51:34.005Z</time>
	<hdop>3.79</hdop>
	<extensions>
		<gpxtpx:TrackPointExtension>
			<gpxtpx:course>163.0</gpxtpx:course>
		</gpxtpx:TrackPointExtension>
	</extensions>
</trkpt>
<trkpt lat="45.9873566" lon="14.3259371">
	<ele>289.00</ele>
	<time>2026-08-24T14:51:40.003Z</time>
	<hdop>3.79</hdop>
	<extensions>
		<gpxtpx:TrackPointExtension>
			<gpxtpx:course>167.0</gpxtpx:course>
		</gpxtpx:TrackPointExtension>
	</extensions>
</trkpt>
<trkpt lat="45.9870404" lon="14.3260510">
	<ele>289.00</ele>
	<time>2026-08-24T14:51:45.005Z</time>
	<hdop>3.79</hdop>
	<extensions>
		<gpxtpx:TrackPointExtension>
			<gpxtpx:course>165.0</gpxtpx:course>
		</gpxtpx:TrackPointExtension>
	</extensions>
</trkpt>
<trkpt lat="45.9868073" lon="14.3260661">
	<ele>289.00</ele>
	<time>2026-08-24T14:51:51.004Z</time>
	<hdop>3.79</hdop>
	<extensions>
		<gpxtpx:TrackPointExtension>
			<gpxtpx:course>234.0</gpxtpx:course>
		</gpxtpx:TrackPointExtension>
	</extensions>
</trkpt>
<trkpt lat="45.9867566" lon="14.3257608">
	<ele>289.00</ele>
	<time>2026-08-24T14:51:56.004Z</time>
	<hdop>3.79</hdop>
	<extensions>
		<gpxtpx:TrackPointExtension>
			<gpxtpx:course>270.0</gpxtpx:course>
		</gpxtpx:TrackPointExtension>
	</extensions>
</trkpt>
<trkpt lat="45.9867580" lon="14.3254159">
	<ele>289.00</ele>
	<time>2026-08-24T14:52:01.005Z</time>
	<hdop>3.79</hdop>
	<extensions>
		<gpxtpx:TrackPointExtension>
			<gpxtpx:course>267.0</gpxtpx:course>
		</gpxtpx:TrackPointExtension>
	</extensions>
</trkpt>
<trkpt lat="45.9867352" lon="14.3250395">
	<ele>289.00</ele>
	<time>2026-08-24T14:52:06.005Z</time>
	<hdop>3.79</hdop>
	<extensions>
		<gpxtpx:TrackPointExtension>
			<gpxtpx:course>264.0</gpxtpx:course>
		</gpxtpx:TrackPointExtension>
	</extensions>
</trkpt>
<trkpt lat="45.9866693" lon="14.3246847">
	<ele>288.96</ele>
	<time>2026-08-24T14:52:11.006Z</time>
	<hdop>3.79</hdop>
	<extensions>
		<gpxtpx:TrackPointExtension>
			<gpxtpx:course>254.0</gpxtpx:course>
		</gpxtpx:TrackPointExtension>
	</extensions>
</trkpt>
<trkpt lat="45.9865952" lon="14.3242689">
	<ele>288.91</ele>
	<time>2026-08-24T14:52:17.004Z</time>
	<hdop>3.79</hdop>
	<extensions>
		<gpxtpx:TrackPointExtension>
			<gpxtpx:course>256.0</gpxtpx:course>
		</gpxtpx:TrackPointExtension>
	</extensions>
</trkpt>
<trkpt lat="45.9865286" lon="14.3238948">
	<ele>289.17</ele>
	<time>2026-08-24T14:52:22.004Z</time>
	<hdop>3.79</hdop>
	<extensions>
		<gpxtpx:TrackPointExtension>
			<gpxtpx:course>254.0</gpxtpx:course>
		</gpxtpx:TrackPointExtension>
	</extensions>
</trkpt>
<trkpt lat="45.9864329" lon="14.3235048">
	<ele>289.56</ele>
	<time>2026-08-24T14:52:27.005Z</time>
	<hdop>3.79</hdop>
	<extensions>
		<gpxtpx:TrackPointExtension>
			<gpxtpx:course>256.0</gpxtpx:course>
		</gpxtpx:TrackPointExtension>
	</extensions>
</trkpt>
<trkpt lat="45.9863366" lon="14.3230203">
	<ele>289.77</ele>
	<time>2026-08-24T14:52:33.004Z</time>
	<hdop>3.79</hdop>
	<extensions>
		<gpxtpx:TrackPointExtension>
			<gpxtpx:course>254.0</gpxtpx:course>
		</gpxtpx:TrackPointExtension>
	</extensions>
</trkpt>
<trkpt lat="45.9862581" lon="14.3226013">
	<ele>289.95</ele>
	<time>2026-08-24T14:52:38.004Z</time>
	<hdop>3.79</hdop>
	<extensions>
		<gpxtpx:TrackPointExtension>
			<gpxtpx:course>256.0</gpxtpx:course>
		</gpxtpx:TrackPointExtension>
	</extensions>
</trkpt>
<trkpt lat="45.9861765" lon="14.3221027">
	<ele>290.02</ele>
	<time>2026-08-24T14:52:44.004Z</time>
	<hdop>3.79</hdop>
	<extensions>
		<gpxtpx:TrackPointExtension>
			<gpxtpx:course>245.0</gpxtpx:course>
		</gpxtpx:TrackPointExtension>
	</extensions>
</trkpt>
<trkpt lat="45.9859514" lon="14.3218270">
	<ele>290.01</ele>
	<time>2026-08-24T14:52:49.005Z</time>
	<hdop>3.79</hdop>
	<extensions>
		<gpxtpx:TrackPointExtension>
			<gpxtpx:course>207.0</gpxtpx:course>
		</gpxtpx:TrackPointExtension>
	</extensions>
</trkpt>
<trkpt lat="45.9856048" lon="14.3216699">
	<ele>290.00</ele>
	<time>2026-08-24T14:52:55.005Z</time>
	<hdop>3.79</hdop>
	<extensions>
		<gpxtpx:TrackPointExtension>
			<gpxtpx:course>196.0</gpxtpx:course>
		</gpxtpx:TrackPointExtension>
	</extensions>
</trkpt>
<trkpt lat="45.9852491" lon="14.3215498">
	<ele>290.00</ele>
	<time>2026-08-24T14:53:01.005Z</time>
	<hdop>3.79</hdop>
	<extensions>
		<gpxtpx:TrackPointExtension>
			<gpxtpx:course>196.0</gpxtpx:course>
		</gpxtpx:TrackPointExtension>
	</extensions>
</trkpt>
<trkpt lat="45.9849448" lon="14.3214221">
	<ele>290.00</ele>
	<time>2026-08-24T14:53:06.005Z</time>
	<hdop>3.79</hdop>
	<extensions>
		<gpxtpx:TrackPointExtension>
			<gpxtpx:course>194.0</gpxtpx:course>
		</gpxtpx:TrackPointExtension>
	</extensions>
</trkpt>
<trkpt lat="45.9845764" lon="14.3212331">
	<ele>290.00</ele>
	<time>2026-08-24T14:53:12.004Z</time>
	<hdop>3.79</hdop>
	<extensions>
		<gpxtpx:TrackPointExtension>
			<gpxtpx:course>201.0</gpxtpx:course>
		</gpxtpx:TrackPointExtension>
	</extensions>
</trkpt>
<trkpt lat="45.9842787" lon="14.3210428">
	<ele>290.00</ele>
	<time>2026-08-24T14:53:17.005Z</time>
	<hdop>3.79</hdop>
	<extensions>
		<gpxtpx:TrackPointExtension>
			<gpxtpx:course>206.0</gpxtpx:course>
		</gpxtpx:TrackPointExtension>
	</extensions>
</trkpt>
<trkpt lat="45.9839836" lon="14.3208349">
	<ele>290.00</ele>
	<time>2026-08-24T14:53:22.005Z</time>
	<hdop>3.79</hdop>
	<extensions>
		<gpxtpx:TrackPointExtension>
			<gpxtpx:course>208.0</gpxtpx:course>
		</gpxtpx:TrackPointExtension>
	</extensions>
</trkpt>
<trkpt lat="45.9836346" lon="14.3205791">
	<ele>290.00</ele>
	<time>2026-08-24T14:53:28.006Z</time>
	<hdop>3.79</hdop>
	<extensions>
		<gpxtpx:TrackPointExtension>
			<gpxtpx:course>213.0</gpxtpx:course>
		</gpxtpx:TrackPointExtension>
	</extensions>
</trkpt>
<trkpt lat="45.9833892" lon="14.3201652">
	<ele>290.00</ele>
	<time>2026-08-24T14:53:34.005Z</time>
	<hdop>3.79</hdop>
	<extensions>
		<gpxtpx:TrackPointExtension>
			<gpxtpx:course>239.0</gpxtpx:course>
		</gpxtpx:TrackPointExtension>
	</extensions>
</trkpt>
<trkpt lat="45.9832927" lon="14.3196540">
	<ele>290.00</ele>
	<time>2026-08-24T14:53:40.003Z</time>
	<hdop>3.79</hdop>
	<extensions>
		<gpxtpx:TrackPointExtension>
			<gpxtpx:course>257.0</gpxtpx:course>
		</gpxtpx:TrackPointExtension>
	</extensions>
</trkpt>
<trkpt lat="45.9832549" lon="14.3191992">
	<ele>290.00</ele>
	<time>2026-08-24T14:53:45.004Z</time>
	<hdop>3.79</hdop>
	<extensions>
		<gpxtpx:TrackPointExtension>
			<gpxtpx:course>261.0</gpxtpx:course>
		</gpxtpx:TrackPointExtension>
	</extensions>
</trkpt>
<trkpt lat="45.9832197" lon="14.3187586">
	<ele>289.98</ele>
	<time>2026-08-24T14:53:50.004Z</time>
	<hdop>3.79</hdop>
	<extensions>
		<gpxtpx:TrackPointExtension>
			<gpxtpx:course>264.0</gpxtpx:course>
		</gpxtpx:TrackPointExtension>
	</extensions>
</trkpt>
<trkpt lat="45.9831859" lon="14.3183388">
	<ele>289.94</ele>
	<time>2026-08-24T14:53:55.005Z</time>
	<hdop>3.79</hdop>
	<extensions>
		<gpxtpx:TrackPointExtension>
			<gpxtpx:course>263.0</gpxtpx:course>
		</gpxtpx:TrackPointExtension>
	</extensions>
</trkpt>
<trkpt lat="45.9830359" lon="14.3178800">
	<ele>289.93</ele>
	<time>2026-08-24T14:54:01.004Z</time>
	<hdop>3.79</hdop>
	<extensions>
		<gpxtpx:TrackPointExtension>
			<gpxtpx:course>236.0</gpxtpx:course>
		</gpxtpx:TrackPointExtension>
	</extensions>
</trkpt>
<trkpt lat="45.9828401" lon="14.3175799">
	<ele>289.95</ele>
	<time>2026-08-24T14:54:06.004Z</time>
	<hdop>3.79</hdop>
	<extensions>
		<gpxtpx:TrackPointExtension>
			<gpxtpx:course>226.0</gpxtpx:course>
		</gpxtpx:TrackPointExtension>
	</extensions>
</trkpt>
<trkpt lat="45.9825953" lon="14.3173347">
	<ele>289.99</ele>
	<time>2026-08-24T14:54:11.004Z</time>
	<hdop>3.79</hdop>
	<extensions>
		<gpxtpx:TrackPointExtension>
			<gpxtpx:course>213.0</gpxtpx:course>
		</gpxtpx:TrackPointExtension>
	</extensions>
</trkpt>
<trkpt lat="45.9823445" lon="14.3170932">
	<ele>290.02</ele>
	<time>2026-08-24T14:54:16.004Z</time>
	<hdop>3.79</hdop>
	<extensions>
		<gpxtpx:TrackPointExtension>
			<gpxtpx:course>214.0</gpxtpx:course>
		</gpxtpx:TrackPointExtension>
	</extensions>
</trkpt>
<trkpt lat="45.9820980" lon="14.3168346">
	<ele>290.11</ele>
	<time>2026-08-24T14:54:21.005Z</time>
	<hdop>3.79</hdop>
	<extensions>
		<gpxtpx:TrackPointExtension>
			<gpxtpx:course>217.0</gpxtpx:course>
		</gpxtpx:TrackPointExtension>
	</extensions>
</trkpt>
<trkpt lat="45.9818577" lon="14.3165631">
	<ele>290.13</ele>
	<time>2026-08-24T14:54:26.005Z</time>
	<hdop>3.79</hdop>
	<extensions>
		<gpxtpx:TrackPointExtension>
			<gpxtpx:course>217.0</gpxtpx:course>
		</gpxtpx:TrackPointExtension>
	</extensions>
</trkpt>
<trkpt lat="45.9815832" lon="14.3162301">
	<ele>289.94</ele>
	<time>2026-08-24T14:54:32.005Z</time>
	<hdop>3.79</hdop>
	<extensions>
		<gpxtpx:TrackPointExtension>
			<gpxtpx:course>218.0</gpxtpx:course>
		</gpxtpx:TrackPointExtension>
	</extensions>
</trkpt>
<trkpt lat="45.9814070" lon="14.3160246">
	<ele>289.89</ele>
	<time>2026-08-24T14:54:37.005Z</time>
	<hdop>3.79</hdop>
	<extensions>
		<gpxtpx:TrackPointExtension>
			<gpxtpx:course>217.0</gpxtpx:course>
		</gpxtpx:TrackPointExtension>
	</extensions>
</trkpt>
<trkpt lat="45.9813304" lon="14.3159179">
	<ele>289.94</ele>
	<time>2026-08-24T14:54:42.005Z</time>
	<hdop>3.79</hdop>
	<extensions>
		<gpxtpx:TrackPointExtension>
			<gpxtpx:course>218.0</gpxtpx:course>
		</gpxtpx:TrackPointExtension>
	</extensions>
</trkpt>
<trkpt lat="45.9812545" lon="14.3158424">
	<ele>289.99</ele>
	<time>2026-08-24T14:56:00.004Z</time>
	<hdop>3.79</hdop>
	<extensions>
		<gpxtpx:TrackPointExtension>
			<gpxtpx:course>221.0</gpxtpx:course>
		</gpxtpx:TrackPointExtension>
	</extensions>
</trkpt>
<trkpt lat="45.9811121" lon="14.3156775">
	<ele>290.07</ele>
	<time>2026-08-24T14:56:05.004Z</time>
	<hdop>3.79</hdop>
	<extensions>
		<gpxtpx:TrackPointExtension>
			<gpxtpx:course>217.0</gpxtpx:course>
		</gpxtpx:TrackPointExtension>
	</extensions>
</trkpt>
<trkpt lat="45.9809377" lon="14.3154585">
	<ele>290.11</ele>
	<time>2026-08-24T14:56:10.004Z</time>
	<hdop>3.79</hdop>
	<extensions>
		<gpxtpx:TrackPointExtension>
			<gpxtpx:course>222.0</gpxtpx:course>
		</gpxtpx:TrackPointExtension>
	</extensions>
</trkpt>
<trkpt lat="45.9807484" lon="14.3152527">
	<ele>290.07</ele>
	<time>2026-08-24T14:56:15.005Z</time>
	<hdop>3.79</hdop>
	<extensions>
		<gpxtpx:TrackPointExtension>
			<gpxtpx:course>218.0</gpxtpx:course>
		</gpxtpx:TrackPointExtension>
	</extensions>
</trkpt>
<trkpt lat="45.9805236" lon="14.3149692">
	<ele>289.92</ele>
	<time>2026-08-24T14:56:21.004Z</time>
	<hdop>3.79</hdop>
	<extensions>
		<gpxtpx:TrackPointExtension>
			<gpxtpx:course>212.0</gpxtpx:course>
		</gpxtpx:TrackPointExtension>
	</extensions>
</trkpt>
<trkpt lat="45.9803245" lon="14.3147250">
	<ele>289.77</ele>
	<time>2026-08-24T14:56:26.005Z</time>
	<hdop>3.79</hdop>
	<extensions>
		<gpxtpx:TrackPointExtension>
			<gpxtpx:course>220.0</gpxtpx:course>
		</gpxtpx:TrackPointExtension>
	</extensions>
</trkpt>
<trkpt lat="45.9801270" lon="14.3144868">
	<ele>289.80</ele>
	<time>2026-08-24T14:56:31.005Z</time>
	<hdop>3.79</hdop>
	<extensions>
		<gpxtpx:TrackPointExtension>
			<gpxtpx:course>212.0</gpxtpx:course>
		</gpxtpx:TrackPointExtension>
	</extensions>
</trkpt>
<trkpt lat="45.9799034" lon="14.3142147">
	<ele>290.16</ele>
	<time>2026-08-24T14:56:37.005Z</time>
	<hdop>3.79</hdop>
	<extensions>
		<gpxtpx:TrackPointExtension>
			<gpxtpx:course>218.0</gpxtpx:course>
		</gpxtpx:TrackPointExtension>
	</extensions>
</trkpt>
<trkpt lat="45.9796943" lon="14.3139670">
	<ele>290.62</ele>
	<time>2026-08-24T14:56:43.004Z</time>
	<hdop>3.79</hdop>
	<extensions>
		<gpxtpx:TrackPointExtension>
			<gpxtpx:course>220.0</gpxtpx:course>
		</gpxtpx:TrackPointExtension>
	</extensions>
</trkpt>
<trkpt lat="45.9794927" lon="14.3137277">
	<ele>290.95</ele>
	<time>2026-08-24T14:56:49.004Z</time>
	<hdop>3.79</hdop>
	<extensions>
		<gpxtpx:TrackPointExtension>
			<gpxtpx:course>220.0</gpxtpx:course>
		</gpxtpx:TrackPointExtension>
	</extensions>
</trkpt>
<trkpt lat="45.9793263" lon="14.3135353">
	<ele>291.05</ele>
	<time>2026-08-24T14:56:54.005Z</time>
	<hdop>3.79</hdop>
	<extensions>
		<gpxtpx:TrackPointExtension>
			<gpxtpx:course>220.0</gpxtpx:course>
		</gpxtpx:TrackPointExtension>
	</extensions>
</trkpt>
<trkpt lat="45.9791159" lon="14.3132733">
	<ele>290.99</ele>
	<time>2026-08-24T14:57:00.003Z</time>
	<hdop>3.79</hdop>
	<extensions>
		<gpxtpx:TrackPointExtension>
			<gpxtpx:course>221.0</gpxtpx:course>
		</gpxtpx:TrackPointExtension>
	</extensions>
</trkpt>
<trkpt lat="45.9789326" lon="14.3130599">
	<ele>290.91</ele>
	<time>2026-08-24T14:57:05.005Z</time>
	<hdop>3.79</hdop>
	<extensions>
		<gpxtpx:TrackPointExtension>
			<gpxtpx:course>221.0</gpxtpx:course>
		</gpxtpx:TrackPointExtension>
	</extensions>
</trkpt>
<trkpt lat="45.9787149" lon="14.3128128">
	<ele>290.91</ele>
	<time>2026-08-24T14:57:11.004Z</time>
	<hdop>3.79</hdop>
	<extensions>
		<gpxtpx:TrackPointExtension>
			<gpxtpx:course>215.0</gpxtpx:course>
		</gpxtpx:TrackPointExtension>
	</extensions>
</trkpt>
<trkpt lat="45.9785296" lon="14.3125890">
	<ele>290.99</ele>
	<time>2026-08-24T14:57:17.005Z</time>
	<hdop>3.79</hdop>
	<extensions>
		<gpxtpx:TrackPointExtension>
			<gpxtpx:course>223.0</gpxtpx:course>
		</gpxtpx:TrackPointExtension>
	</extensions>
</trkpt>
<trkpt lat="45.9782981" lon="14.3124572">
	<ele>290.98</ele>
	<time>2026-08-24T14:57:23.003Z</time>
	<hdop>3.97</hdop>
	<extensions>
		<gpxtpx:TrackPointExtension>
			<gpxtpx:course>192.0</gpxtpx:course>
		</gpxtpx:TrackPointExtension>
	</extensions>
</trkpt>
<trkpt lat="45.9781052" lon="14.3124104">
	<ele>290.99</ele>
	<time>2026-08-24T14:57:28.004Z</time>
	<hdop>3.79</hdop>
	<extensions>
		<gpxtpx:TrackPointExtension>
			<gpxtpx:course>185.0</gpxtpx:course>
		</gpxtpx:TrackPointExtension>
	</extensions>
</trkpt>
<trkpt lat="45.9779135" lon="14.3123654">
	<ele>291.03</ele>
	<time>2026-08-24T14:57:34.004Z</time>
	<hdop>3.79</hdop>
	<extensions>
		<gpxtpx:TrackPointExtension>
			<gpxtpx:course>192.0</gpxtpx:course>
		</gpxtpx:TrackPointExtension>
	</extensions>
</trkpt>
<trkpt lat="45.9778056" lon="14.3122919">
	<ele>291.03</ele>
	<time>2026-08-24T14:57:39.005Z</time>
	<hdop>3.79</hdop>
	<extensions>
		<gpxtpx:TrackPointExtension>
			<gpxtpx:course>228.0</gpxtpx:course>
		</gpxtpx:TrackPointExtension>
	</extensions>
</trkpt>
<trkpt lat="45.9777251" lon="14.3122231">
	<ele>291.01</ele>
	<time>2026-08-24T14:57:56.004Z</time>
	<hdop>3.79</hdop>
	<extensions>
		<gpxtpx:TrackPointExtension>
			<gpxtpx:course>187.0</gpxtpx:course>
		</gpxtpx:TrackPointExtension>
	</extensions>
</trkpt>
<trkpt lat="45.9775362" lon="14.3122134">
	<ele>290.91</ele>
	<time>2026-08-24T14:58:01.004Z</time>
	<hdop>3.79</hdop>
	<extensions>
		<gpxtpx:TrackPointExtension>
			<gpxtpx:course>198.0</gpxtpx:course>
		</gpxtpx:TrackPointExtension>
	</extensions>
</trkpt>
<trkpt lat="45.9772840" lon="14.3120223">
	<ele>290.41</ele>
	<time>2026-08-24T14:58:07.004Z</time>
	<hdop>3.79</hdop>
	<extensions>
		<gpxtpx:TrackPointExtension>
			<gpxtpx:course>216.0</gpxtpx:course>
		</gpxtpx:TrackPointExtension>
	</extensions>
</trkpt>
<trkpt lat="45.9770820" lon="14.3118241">
	<ele>289.78</ele>
	<time>2026-08-24T14:58:12.004Z</time>
	<hdop>3.79</hdop>
	<extensions>
		<gpxtpx:TrackPointExtension>
			<gpxtpx:course>218.0</gpxtpx:course>
		</gpxtpx:TrackPointExtension>
	</extensions>
</trkpt>
<trkpt lat="45.9768756" lon="14.3116167">
	<ele>289.25</ele>
	<time>2026-08-24T14:58:17.004Z</time>
	<hdop>3.79</hdop>
	<extensions>
		<gpxtpx:TrackPointExtension>
			<gpxtpx:course>210.0</gpxtpx:course>
		</gpxtpx:TrackPointExtension>
	</extensions>
</trkpt>
<trkpt lat="45.9766604" lon="14.3114014">
	<ele>289.26</ele>
	<time>2026-08-24T14:58:22.004Z</time>
	<hdop>3.79</hdop>
	<extensions>
		<gpxtpx:TrackPointExtension>
			<gpxtpx:course>210.0</gpxtpx:course>
		</gpxtpx:TrackPointExtension>
	</extensions>
</trkpt>
<trkpt lat="45.9763866" lon="14.3111517">
	<ele>290.13</ele>
	<time>2026-08-24T14:58:28.004Z</time>
	<hdop>3.79</hdop>
	<extensions>
		<gpxtpx:TrackPointExtension>
			<gpxtpx:course>205.0</gpxtpx:course>
		</gpxtpx:TrackPointExtension>
	</extensions>
</trkpt>
<trkpt lat="45.9761266" lon="14.3110358">
	<ele>291.02</ele>
	<time>2026-08-24T14:58:33.004Z</time>
	<hdop>3.79</hdop>
	<extensions>
		<gpxtpx:TrackPointExtension>
			<gpxtpx:course>187.0</gpxtpx:course>
		</gpxtpx:TrackPointExtension>
	</extensions>
</trkpt>
<trkpt lat="45.9758413" lon="14.3110468">
	<ele>291.82</ele>
	<time>2026-08-24T14:58:38.004Z</time>
	<hdop>3.79</hdop>
	<extensions>
		<gpxtpx:TrackPointExtension>
			<gpxtpx:course>170.0</gpxtpx:course>
		</gpxtpx:TrackPointExtension>
	</extensions>
</trkpt>
<trkpt lat="45.9755692" lon="14.3111724">
	<ele>292.28</ele>
	<time>2026-08-24T14:58:43.005Z</time>
	<hdop>3.79</hdop>
	<extensions>
		<gpxtpx:TrackPointExtension>
			<gpxtpx:course>156.0</gpxtpx:course>
		</gpxtpx:TrackPointExtension>
	</extensions>
</trkpt>
<trkpt lat="45.9752552" lon="14.3114130">
	<ele>291.89</ele>
	<time>2026-08-24T14:58:49.003Z</time>
	<hdop>3.79</hdop>
	<extensions>
		<gpxtpx:TrackPointExtension>
			<gpxtpx:course>148.0</gpxtpx:course>
		</gpxtpx:TrackPointExtension>
	</extensions>
</trkpt>
<trkpt lat="45.9750024" lon="14.3116412">
	<ele>291.09</ele>
	<time>2026-08-24T14:58:54.005Z</time>
	<hdop>3.79</hdop>
	<extensions>
		<gpxtpx:TrackPointExtension>
			<gpxtpx:course>148.0</gpxtpx:course>
		</gpxtpx:TrackPointExtension>
	</extensions>
</trkpt>
<trkpt lat="45.9747453" lon="14.3118631">
	<ele>290.97</ele>
	<time>2026-08-24T14:58:59.005Z</time>
	<hdop>3.79</hdop>
	<extensions>
		<gpxtpx:TrackPointExtension>
			<gpxtpx:course>148.0</gpxtpx:course>
		</gpxtpx:TrackPointExtension>
	</extensions>
</trkpt>
<trkpt lat="45.9744302" lon="14.3121312">
	<ele>291.19</ele>
	<time>2026-08-24T14:59:05.003Z</time>
	<hdop>3.79</hdop>
	<extensions>
		<gpxtpx:TrackPointExtension>
			<gpxtpx:course>150.0</gpxtpx:course>
		</gpxtpx:TrackPointExtension>
	</extensions>
</trkpt>
<trkpt lat="45.9741186" lon="14.3123885">
	<ele>291.05</ele>
	<time>2026-08-24T14:59:11.003Z</time>
	<hdop>3.79</hdop>
	<extensions>
		<gpxtpx:TrackPointExtension>
			<gpxtpx:course>149.0</gpxtpx:course>
		</gpxtpx:TrackPointExtension>
	</extensions>
</trkpt>
<trkpt lat="45.9738891" lon="14.3125876">
	<ele>290.98</ele>
	<time>2026-08-24T14:59:16.004Z</time>
	<hdop>3.79</hdop>
	<extensions>
		<gpxtpx:TrackPointExtension>
			<gpxtpx:course>149.0</gpxtpx:course>
		</gpxtpx:TrackPointExtension>
	</extensions>
</trkpt>
<trkpt lat="45.9736591" lon="14.3127687">
	<ele>291.04</ele>
	<time>2026-08-24T14:59:21.004Z</time>
	<hdop>3.79</hdop>
	<extensions>
		<gpxtpx:TrackPointExtension>
			<gpxtpx:course>163.0</gpxtpx:course>
		</gpxtpx:TrackPointExtension>
	</extensions>
</trkpt>
<trkpt lat="45.9734233" lon="14.3129906">
	<ele>291.10</ele>
	<time>2026-08-24T14:59:27.004Z</time>
	<hdop>3.79</hdop>
	<extensions>
		<gpxtpx:TrackPointExtension>
			<gpxtpx:course>149.0</gpxtpx:course>
		</gpxtpx:TrackPointExtension>
	</extensions>
</trkpt>
<trkpt lat="45.9732127" lon="14.3130883">
	<ele>290.92</ele>
	<time>2026-08-24T14:59:32.004Z</time>
	<hdop>3.79</hdop>
	<extensions>
		<gpxtpx:TrackPointExtension>
			<gpxtpx:course>204.0</gpxtpx:course>
		</gpxtpx:TrackPointExtension>
	</extensions>
</trkpt>
<trkpt lat="45.9730554" lon="14.3128331">
	<ele>291.02</ele>
	<time>2026-08-24T14:59:37.005Z</time>
	<hdop>3.79</hdop>
	<extensions>
		<gpxtpx:TrackPointExtension>
			<gpxtpx:course>236.0</gpxtpx:course>
		</gpxtpx:TrackPointExtension>
	</extensions>
</trkpt>
<trkpt lat="45.9728752" lon="14.3124599">
	<ele>291.76</ele>
	<time>2026-08-24T14:59:43.004Z</time>
	<hdop>3.79</hdop>
	<extensions>
		<gpxtpx:TrackPointExtension>
			<gpxtpx:course>237.0</gpxtpx:course>
		</gpxtpx:TrackPointExtension>
	</extensions>
</trkpt>
<trkpt lat="45.9727340" lon="14.3121385">
	<ele>291.91</ele>
	<time>2026-08-24T14:59:48.004Z</time>
	<hdop>3.79</hdop>
	<extensions>
		<gpxtpx:TrackPointExtension>
			<gpxtpx:course>242.0</gpxtpx:course>
		</gpxtpx:TrackPointExtension>
	</extensions>
</trkpt>
<trkpt lat="45.9726275" lon="14.3116895">
	<ele>291.26</ele>
	<time>2026-08-24T14:59:54.004Z</time>
	<hdop>3.79</hdop>
	<extensions>
		<gpxtpx:TrackPointExtension>
			<gpxtpx:course>259.0</gpxtpx:course>
		</gpxtpx:TrackPointExtension>
	</extensions>
</trkpt>
<trkpt lat="45.9725812" lon="14.3112835">
	<ele>291.10</ele>
	<time>2026-08-24T14:59:59.004Z</time>
	<hdop>3.79</hdop>
	<extensions>
		<gpxtpx:TrackPointExtension>
			<gpxtpx:course>267.0</gpxtpx:course>
		</gpxtpx:TrackPointExtension>
	</extensions>
</trkpt>
<trkpt lat="45.9725283" lon="14.3107680">
	<ele>291.07</ele>
	<time>2026-08-24T15:00:05.004Z</time>
	<hdop>3.79</hdop>
	<extensions>
		<gpxtpx:TrackPointExtension>
			<gpxtpx:course>260.0</gpxtpx:course>
		</gpxtpx:TrackPointExtension>
	</extensions>
</trkpt>
<trkpt lat="45.9724829" lon="14.3103311">
	<ele>290.98</ele>
	<time>2026-08-24T15:00:10.004Z</time>
	<hdop>3.79</hdop>
	<extensions>
		<gpxtpx:TrackPointExtension>
			<gpxtpx:course>263.0</gpxtpx:course>
		</gpxtpx:TrackPointExtension>
	</extensions>
</trkpt>
<trkpt lat="45.9724399" lon="14.3098889">
	<ele>290.92</ele>
	<time>2026-08-24T15:00:15.004Z</time>
	<hdop>3.79</hdop>
	<extensions>
		<gpxtpx:TrackPointExtension>
			<gpxtpx:course>261.0</gpxtpx:course>
		</gpxtpx:TrackPointExtension>
	</extensions>
</trkpt>
<trkpt lat="45.9724012" lon="14.3094759">
	<ele>290.65</ele>
	<time>2026-08-24T15:00:20.004Z</time>
	<hdop>3.79</hdop>
	<extensions>
		<gpxtpx:TrackPointExtension>
			<gpxtpx:course>259.0</gpxtpx:course>
		</gpxtpx:TrackPointExtension>
	</extensions>
</trkpt>
<trkpt lat="45.9723099" lon="14.3089803">
	<ele>290.46</ele>
	<time>2026-08-24T15:00:26.004Z</time>
	<hdop>3.79</hdop>
	<extensions>
		<gpxtpx:TrackPointExtension>
			<gpxtpx:course>251.0</gpxtpx:course>
		</gpxtpx:TrackPointExtension>
	</extensions>
</trkpt>
<trkpt lat="45.9722027" lon="14.3085727">
	<ele>290.84</ele>
	<time>2026-08-24T15:00:31.005Z</time>
	<hdop>3.79</hdop>
	<extensions>
		<gpxtpx:TrackPointExtension>
			<gpxtpx:course>248.0</gpxtpx:course>
		</gpxtpx:TrackPointExtension>
	</extensions>
</trkpt>
<trkpt lat="45.9720433" lon="14.3080932">
	<ele>290.43</ele>
	<time>2026-08-24T15:00:37.004Z</time>
	<hdop>3.79</hdop>
	<extensions>
		<gpxtpx:TrackPointExtension>
			<gpxtpx:course>240.0</gpxtpx:course>
		</gpxtpx:TrackPointExtension>
	</extensions>
</trkpt>
<trkpt lat="45.9718399" lon="14.3076528">
	<ele>289.35</ele>
	<time>2026-08-24T15:00:43.005Z</time>
	<hdop>3.79</hdop>
	<extensions>
		<gpxtpx:TrackPointExtension>
			<gpxtpx:course>232.0</gpxtpx:course>
		</gpxtpx:TrackPointExtension>
	</extensions>
</trkpt>
<trkpt lat="45.9716418" lon="14.3072397">
	<ele>289.18</ele>
	<time>2026-08-24T15:00:49.005Z</time>
	<hdop>3.79</hdop>
	<extensions>
		<gpxtpx:TrackPointExtension>
			<gpxtpx:course>232.0</gpxtpx:course>
		</gpxtpx:TrackPointExtension>
	</extensions>
</trkpt>
<trkpt lat="45.9714803" lon="14.3068179">
	<ele>289.67</ele>
	<time>2026-08-24T15:00:55.003Z</time>
	<hdop>3.79</hdop>
	<extensions>
		<gpxtpx:TrackPointExtension>
			<gpxtpx:course>244.0</gpxtpx:course>
		</gpxtpx:TrackPointExtension>
	</extensions>
</trkpt>
<trkpt lat="45.9713824" lon="14.3064891">
	<ele>290.02</ele>
	<time>2026-08-24T15:01:00.004Z</time>
	<hdop>3.79</hdop>
	<extensions>
		<gpxtpx:TrackPointExtension>
			<gpxtpx:course>245.0</gpxtpx:course>
		</gpxtpx:TrackPointExtension>
	</extensions>
</trkpt>
<trkpt lat="45.9712503" lon="14.3061373">
	<ele>289.52</ele>
	<time>2026-08-24T15:01:06.004Z</time>
	<hdop>3.79</hdop>
	<extensions>
		<gpxtpx:TrackPointExtension>
			<gpxtpx:course>241.0</gpxtpx:course>
		</gpxtpx:TrackPointExtension>
	</extensions>
</trkpt>
<trkpt lat="45.9711293" lon="14.3058830">
	<ele>288.40</ele>
	<time>2026-08-24T15:01:11.004Z</time>
	<hdop>3.79</hdop>
	<extensions>
		<gpxtpx:TrackPointExtension>
			<gpxtpx:course>237.0</gpxtpx:course>
		</gpxtpx:TrackPointExtension>
	</extensions>
</trkpt>
<trkpt lat="45.9710565" lon="14.3055605">
	<ele>287.73</ele>
	<time>2026-08-24T15:01:17.005Z</time>
	<hdop>3.79</hdop>
	<extensions>
		<gpxtpx:TrackPointExtension>
			<gpxtpx:course>278.0</gpxtpx:course>
		</gpxtpx:TrackPointExtension>
	</extensions>
</trkpt>
<trkpt lat="45.9709975" lon="14.3052627">
	<ele>287.74</ele>
	<time>2026-08-24T15:01:23.004Z</time>
	<hdop>4.04</hdop>
	<extensions>
		<gpxtpx:TrackPointExtension>
			<gpxtpx:course>267.0</gpxtpx:course>
		</gpxtpx:TrackPointExtension>
	</extensions>
</trkpt>
<trkpt lat="45.9710415" lon="14.3050829">
	<ele>288.27</ele>
	<time>2026-08-24T15:01:28.004Z</time>
	<hdop>3.79</hdop>
	<extensions>
		<gpxtpx:TrackPointExtension>
			<gpxtpx:course>318.0</gpxtpx:course>
		</gpxtpx:TrackPointExtension>
	</extensions>
</trkpt>
<trkpt lat="45.9710897" lon="14.3048940">
	<ele>288.93</ele>
	<time>2026-08-24T15:01:33.004Z</time>
	<hdop>3.79</hdop>
	<extensions>
		<gpxtpx:TrackPointExtension>
			<gpxtpx:course>273.0</gpxtpx:course>
		</gpxtpx:TrackPointExtension>
	</extensions>
</trkpt>
<trkpt lat="45.9710656" lon="14.3046545">
	<ele>289.59</ele>
	<time>2026-08-24T15:01:38.005Z</time>
	<hdop>3.79</hdop>
	<extensions>
		<gpxtpx:TrackPointExtension>
			<gpxtpx:course>260.0</gpxtpx:course>
		</gpxtpx:TrackPointExtension>
	</extensions>
</trkpt>
<trkpt lat="45.9710208" lon="14.3043772">
	<ele>290.50</ele>
	<time>2026-08-24T15:01:44.004Z</time>
	<hdop>3.79</hdop>
	<extensions>
		<gpxtpx:TrackPointExtension>
			<gpxtpx:course>253.0</gpxtpx:course>
		</gpxtpx:TrackPointExtension>
	</extensions>
</trkpt>
<trkpt lat="45.9709900" lon="14.3041963">
	<ele>291.04</ele>
	<time>2026-08-24T15:01:49.004Z</time>
	<hdop>3.79</hdop>
	<extensions>
		<gpxtpx:TrackPointExtension>
			<gpxtpx:course>253.0</gpxtpx:course>
		</gpxtpx:TrackPointExtension>
	</extensions>
</trkpt>
<trkpt lat="45.9709630" lon="14.3040303">
	<ele>291.39</ele>
	<time>2026-08-24T15:01:55.004Z</time>
	<hdop>3.79</hdop>
	<extensions>
		<gpxtpx:TrackPointExtension>
			<gpxtpx:course>250.0</gpxtpx:course>
		</gpxtpx:TrackPointExtension>
	</extensions>
</trkpt>
<trkpt lat="45.9709298" lon="14.3038740">
	<ele>291.62</ele>
	<time>2026-08-24T15:02:00.004Z</time>
	<hdop>3.79</hdop>
	<extensions>
		<gpxtpx:TrackPointExtension>
			<gpxtpx:course>253.0</gpxtpx:course>
		</gpxtpx:TrackPointExtension>
	</extensions>
</trkpt>
<trkpt lat="45.9709592" lon="14.3036860">
	<ele>291.87</ele>
	<time>2026-08-24T15:02:06.003Z</time>
	<hdop>3.79</hdop>
	<extensions>
		<gpxtpx:TrackPointExtension>
			<gpxtpx:course>316.0</gpxtpx:course>
		</gpxtpx:TrackPointExtension>
	</extensions>
</trkpt>
<trkpt lat="45.9711125" lon="14.3036205">
	<ele>292.12</ele>
	<time>2026-08-24T15:02:11.004Z</time>
	<hdop>3.79</hdop>
	<extensions>
		<gpxtpx:TrackPointExtension>
			<gpxtpx:course>346.0</gpxtpx:course>
		</gpxtpx:TrackPointExtension>
	</extensions>
</trkpt>
<trkpt lat="45.9712439" lon="14.3035553">
	<ele>292.35</ele>
	<time>2026-08-24T15:02:16.004Z</time>
	<hdop>3.79</hdop>
	<extensions>
		<gpxtpx:TrackPointExtension>
			<gpxtpx:course>294.0</gpxtpx:course>
		</gpxtpx:TrackPointExtension>
	</extensions>
</trkpt>
<trkpt lat="45.9712353" lon="14.3033400">
	<ele>292.53</ele>
	<time>2026-08-24T15:02:21.004Z</time>
	<hdop>3.79</hdop>
	<extensions>
		<gpxtpx:TrackPointExtension>
			<gpxtpx:course>255.0</gpxtpx:course>
		</gpxtpx:TrackPointExtension>
	</extensions>
</trkpt>
<trkpt lat="45.9711792" lon="14.3030278">
	<ele>292.51</ele>
	<time>2026-08-24T15:02:27.003Z</time>
	<hdop>3.79</hdop>
	<extensions>
		<gpxtpx:TrackPointExtension>
			<gpxtpx:course>259.0</gpxtpx:course>
		</gpxtpx:TrackPointExtension>
	</extensions>
</trkpt>
<trkpt lat="45.9711383" lon="14.3027651">
	<ele>292.37</ele>
	<time>2026-08-24T15:02:32.003Z</time>
	<hdop>3.79</hdop>
	<extensions>
		<gpxtpx:TrackPointExtension>
			<gpxtpx:course>268.0</gpxtpx:course>
		</gpxtpx:TrackPointExtension>
	</extensions>
</trkpt>
<trkpt lat="45.9712239" lon="14.3025123">
	<ele>292.50</ele>
	<time>2026-08-24T15:02:37.004Z</time>
	<hdop>3.79</hdop>
	<extensions>
		<gpxtpx:TrackPointExtension>
			<gpxtpx:course>302.0</gpxtpx:course>
		</gpxtpx:TrackPointExtension>
	</extensions>
</trkpt>
<trkpt lat="45.9712587" lon="14.3022077">
	<ele>292.86</ele>
	<time>2026-08-24T15:02:43.003Z</time>
	<hdop>3.79</hdop>
	<extensions>
		<gpxtpx:TrackPointExtension>
			<gpxtpx:course>243.0</gpxtpx:course>
		</gpxtpx:TrackPointExtension>
	</extensions>
</trkpt>
<trkpt lat="45.9711290" lon="14.3020060">
	<ele>293.11</ele>
	<time>2026-08-24T15:02:48.005Z</time>
	<hdop>3.79</hdop>
	<extensions>
		<gpxtpx:TrackPointExtension>
			<gpxtpx:course>227.0</gpxtpx:course>
		</gpxtpx:TrackPointExtension>
	</extensions>
</trkpt>
<trkpt lat="45.9710966" lon="14.3017373">
	<ele>293.43</ele>
	<time>2026-08-24T15:02:54.003Z</time>
	<hdop>3.79</hdop>
	<extensions>
		<gpxtpx:TrackPointExtension>
			<gpxtpx:course>304.0</gpxtpx:course>
		</gpxtpx:TrackPointExtension>
	</extensions>
</trkpt>
<trkpt lat="45.9712125" lon="14.3015596">
	<ele>293.44</ele>
	<time>2026-08-24T15:02:59.004Z</time>
	<hdop>3.79</hdop>
	<extensions>
		<gpxtpx:TrackPointExtension>
			<gpxtpx:course>273.0</gpxtpx:course>
		</gpxtpx:TrackPointExtension>
	</extensions>
</trkpt>
<trkpt lat="45.9710753" lon="14.3013705">
	<ele>293.35</ele>
	<time>2026-08-24T15:03:05.004Z</time>
	<hdop>3.79</hdop>
	<extensions>
		<gpxtpx:TrackPointExtension>
			<gpxtpx:course>206.0</gpxtpx:course>
		</gpxtpx:TrackPointExtension>
	</extensions>
</trkpt>
<trkpt lat="45.9708818" lon="14.3012349">
	<ele>293.19</ele>
	<time>2026-08-24T15:03:11.004Z</time>
	<hdop>3.79</hdop>
	<extensions>
		<gpxtpx:TrackPointExtension>
			<gpxtpx:course>203.0</gpxtpx:course>
		</gpxtpx:TrackPointExtension>
	</extensions>
</trkpt>
<trkpt lat="45.9707085" lon="14.3011325">
	<ele>292.96</ele>
	<time>2026-08-24T15:03:17.004Z</time>
	<hdop>3.79</hdop>
	<extensions>
		<gpxtpx:TrackPointExtension>
			<gpxtpx:course>204.0</gpxtpx:course>
		</gpxtpx:TrackPointExtension>
	</extensions>
</trkpt>
<trkpt lat="45.9706146" lon="14.3010368">
	<ele>292.91</ele>
	<time>2026-08-24T15:03:23.003Z</time>
	<hdop>3.79</hdop>
	<extensions>
		<gpxtpx:TrackPointExtension>
			<gpxtpx:course>279.0</gpxtpx:course>
		</gpxtpx:TrackPointExtension>
	</extensions>
</trkpt>
<trkpt lat="45.9706110" lon="14.3008868">
	<ele>293.09</ele>
	<time>2026-08-24T15:03:30.004Z</time>
	<hdop>3.79</hdop>
	<extensions>
		<gpxtpx:TrackPointExtension>
			<gpxtpx:course>232.0</gpxtpx:course>
		</gpxtpx:TrackPointExtension>
	</extensions>
</trkpt>
<trkpt lat="45.9704254" lon="14.3007497">
	<ele>293.22</ele>
	<time>2026-08-24T15:03:35.004Z</time>
	<hdop>3.79</hdop>
	<extensions>
		<gpxtpx:TrackPointExtension>
			<gpxtpx:course>208.0</gpxtpx:course>
		</gpxtpx:TrackPointExtension>
	</extensions>
</trkpt>
<trkpt lat="45.9702191" lon="14.3006218">
	<ele>293.26</ele>
	<time>2026-08-24T15:03:40.005Z</time>
	<hdop>3.79</hdop>
	<extensions>
		<gpxtpx:TrackPointExtension>
			<gpxtpx:course>205.0</gpxtpx:course>
		</gpxtpx:TrackPointExtension>
	</extensions>
</trkpt>
<trkpt lat="45.9699534" lon="14.3004535">
	<ele>292.97</ele>
	<time>2026-08-24T15:03:46.005Z</time>
	<hdop>3.79</hdop>
	<extensions>
		<gpxtpx:TrackPointExtension>
			<gpxtpx:course>202.0</gpxtpx:course>
		</gpxtpx:TrackPointExtension>
	</extensions>
</trkpt>
<trkpt lat="45.9697081" lon="14.3002961">
	<ele>292.63</ele>
	<time>2026-08-24T15:03:52.004Z</time>
	<hdop>3.79</hdop>
	<extensions>
		<gpxtpx:TrackPointExtension>
			<gpxtpx:course>209.0</gpxtpx:course>
		</gpxtpx:TrackPointExtension>
	</extensions>
</trkpt>
<trkpt lat="45.9695190" lon="14.3001691">
	<ele>292.65</ele>
	<time>2026-08-24T15:03:57.004Z</time>
	<hdop>3.79</hdop>
	<extensions>
		<gpxtpx:TrackPointExtension>
			<gpxtpx:course>201.0</gpxtpx:course>
		</gpxtpx:TrackPointExtension>
	</extensions>
</trkpt>
<trkpt lat="45.9693196" lon="14.3000473">
	<ele>292.89</ele>
	<time>2026-08-24T15:04:03.004Z</time>
	<hdop>3.79</hdop>
	<extensions>
		<gpxtpx:TrackPointExtension>
			<gpxtpx:course>201.0</gpxtpx:course>
		</gpxtpx:TrackPointExtension>
	</extensions>
</trkpt>
<trkpt lat="45.9691710" lon="14.2999662">
	<ele>293.01</ele>
	<time>2026-08-24T15:04:08.004Z</time>
	<hdop>3.79</hdop>
	<extensions>
		<gpxtpx:TrackPointExtension>
			<gpxtpx:course>204.0</gpxtpx:course>
		</gpxtpx:TrackPointExtension>
	</extensions>
</trkpt>
<trkpt lat="45.9689646" lon="14.2998385">
	<ele>292.96</ele>
	<time>2026-08-24T15:04:14.005Z</time>
	<hdop>3.79</hdop>
	<extensions>
		<gpxtpx:TrackPointExtension>
			<gpxtpx:course>204.0</gpxtpx:course>
		</gpxtpx:TrackPointExtension>
	</extensions>
</trkpt>
<trkpt lat="45.9687236" lon="14.2997049">
	<ele>292.80</ele>
	<time>2026-08-24T15:04:20.002Z</time>
	<hdop>3.79</hdop>
	<extensions>
		<gpxtpx:TrackPointExtension>
			<gpxtpx:course>204.0</gpxtpx:course>
		</gpxtpx:TrackPointExtension>
	</extensions>
</trkpt>
<trkpt lat="45.9685053" lon="14.2995691">
	<ele>292.72</ele>
	<time>2026-08-24T15:04:25.004Z</time>
	<hdop>3.79</hdop>
	<extensions>
		<gpxtpx:TrackPointExtension>
			<gpxtpx:course>206.0</gpxtpx:course>
		</gpxtpx:TrackPointExtension>
	</extensions>
</trkpt>
<trkpt lat="45.9682898" lon="14.2994401">
	<ele>292.77</ele>
	<time>2026-08-24T15:04:30.005Z</time>
	<hdop>3.79</hdop>
	<extensions>
		<gpxtpx:TrackPointExtension>
			<gpxtpx:course>203.0</gpxtpx:course>
		</gpxtpx:TrackPointExtension>
	</extensions>
</trkpt>
<trkpt lat="45.9680417" lon="14.2992990">
	<ele>292.89</ele>
	<time>2026-08-24T15:04:36.003Z</time>
	<hdop>3.79</hdop>
	<extensions>
		<gpxtpx:TrackPointExtension>
			<gpxtpx:course>200.0</gpxtpx:course>
		</gpxtpx:TrackPointExtension>
	</extensions>
</trkpt>
<trkpt lat="45.9678432" lon="14.2991750">
	<ele>293.03</ele>
	<time>2026-08-24T15:04:41.004Z</time>
	<hdop>3.79</hdop>
	<extensions>
		<gpxtpx:TrackPointExtension>
			<gpxtpx:course>204.0</gpxtpx:course>
		</gpxtpx:TrackPointExtension>
	</extensions>
</trkpt>
<trkpt lat="45.9676586" lon="14.2990729">
	<ele>293.12</ele>
	<time>2026-08-24T15:04:46.004Z</time>
	<hdop>3.79</hdop>
	<extensions>
		<gpxtpx:TrackPointExtension>
			<gpxtpx:course>201.0</gpxtpx:course>
		</gpxtpx:TrackPointExtension>
	</extensions>
</trkpt>
<trkpt lat="45.9674152" lon="14.2989372">
	<ele>293.20</ele>
	<time>2026-08-24T15:04:52.003Z</time>
	<hdop>3.79</hdop>
	<extensions>
		<gpxtpx:TrackPointExtension>
			<gpxtpx:course>202.0</gpxtpx:course>
		</gpxtpx:TrackPointExtension>
	</extensions>
</trkpt>
<trkpt lat="45.9672219" lon="14.2988195">
	<ele>293.22</ele>
	<time>2026-08-24T15:04:57.004Z</time>
	<hdop>3.79</hdop>
	<extensions>
		<gpxtpx:TrackPointExtension>
			<gpxtpx:course>205.0</gpxtpx:course>
		</gpxtpx:TrackPointExtension>
	</extensions>
</trkpt>
<trkpt lat="45.9670120" lon="14.2986974">
	<ele>293.16</ele>
	<time>2026-08-24T15:05:03.004Z</time>
	<hdop>3.79</hdop>
	<extensions>
		<gpxtpx:TrackPointExtension>
			<gpxtpx:course>210.0</gpxtpx:course>
		</gpxtpx:TrackPointExtension>
	</extensions>
</trkpt>
<trkpt lat="45.9668143" lon="14.2985909">
	<ele>293.04</ele>
	<time>2026-08-24T15:05:09.004Z</time>
	<hdop>3.79</hdop>
	<extensions>
		<gpxtpx:TrackPointExtension>
			<gpxtpx:course>200.0</gpxtpx:course>
		</gpxtpx:TrackPointExtension>
	</extensions>
</trkpt>
<trkpt lat="45.9666309" lon="14.2985000">
	<ele>292.95</ele>
	<time>2026-08-24T15:05:14.004Z</time>
	<hdop>3.79</hdop>
	<extensions>
		<gpxtpx:TrackPointExtension>
			<gpxtpx:course>199.0</gpxtpx:course>
		</gpxtpx:TrackPointExtension>
	</extensions>
</trkpt>
<trkpt lat="45.9664212" lon="14.2983749">
	<ele>292.98</ele>
	<time>2026-08-24T15:05:20.004Z</time>
	<hdop>3.79</hdop>
	<extensions>
		<gpxtpx:TrackPointExtension>
			<gpxtpx:course>184.0</gpxtpx:course>
		</gpxtpx:TrackPointExtension>
	</extensions>
</trkpt>
<trkpt lat="45.9662301" lon="14.2982889">
	<ele>293.10</ele>
	<time>2026-08-24T15:05:25.004Z</time>
	<hdop>3.79</hdop>
	<extensions>
		<gpxtpx:TrackPointExtension>
			<gpxtpx:course>199.0</gpxtpx:course>
		</gpxtpx:TrackPointExtension>
	</extensions>
</trkpt>
<trkpt lat="45.9660068" lon="14.2981365">
	<ele>293.21</ele>
	<time>2026-08-24T15:05:31.004Z</time>
	<hdop>3.79</hdop>
	<extensions>
		<gpxtpx:TrackPointExtension>
			<gpxtpx:course>204.0</gpxtpx:course>
		</gpxtpx:TrackPointExtension>
	</extensions>
</trkpt>
<trkpt lat="45.9658217" lon="14.2979445">
	<ele>293.23</ele>
	<time>2026-08-24T15:05:37.003Z</time>
	<hdop>3.79</hdop>
	<extensions>
		<gpxtpx:TrackPointExtension>
			<gpxtpx:course>206.0</gpxtpx:course>
		</gpxtpx:TrackPointExtension>
	</extensions>
</trkpt>
<trkpt lat="45.9656403" lon="14.2978159">
	<ele>293.18</ele>
	<time>2026-08-24T15:05:42.004Z</time>
	<hdop>3.79</hdop>
	<extensions>
		<gpxtpx:TrackPointExtension>
			<gpxtpx:course>207.0</gpxtpx:course>
		</gpxtpx:TrackPointExtension>
	</extensions>
</trkpt>
<trkpt lat="45.9654439" lon="14.2977216">
	<ele>293.07</ele>
	<time>2026-08-24T15:05:47.004Z</time>
	<hdop>3.79</hdop>
	<extensions>
		<gpxtpx:TrackPointExtension>
			<gpxtpx:course>193.0</gpxtpx:course>
		</gpxtpx:TrackPointExtension>
	</extensions>
</trkpt>
<trkpt lat="45.9651970" lon="14.2975667">
	<ele>293.03</ele>
	<time>2026-08-24T15:05:53.004Z</time>
	<hdop>3.79</hdop>
	<extensions>
		<gpxtpx:TrackPointExtension>
			<gpxtpx:course>206.0</gpxtpx:course>
		</gpxtpx:TrackPointExtension>
	</extensions>
</trkpt>
<trkpt lat="45.9649968" lon="14.2973995">
	<ele>293.18</ele>
	<time>2026-08-24T15:05:58.004Z</time>
	<hdop>3.79</hdop>
	<extensions>
		<gpxtpx:TrackPointExtension>
			<gpxtpx:course>208.0</gpxtpx:course>
		</gpxtpx:TrackPointExtension>
	</extensions>
</trkpt>
<trkpt lat="45.9647577" lon="14.2972191">
	<ele>293.46</ele>
	<time>2026-08-24T15:06:04.004Z</time>
	<hdop>3.79</hdop>
	<extensions>
		<gpxtpx:TrackPointExtension>
			<gpxtpx:course>205.0</gpxtpx:course>
		</gpxtpx:TrackPointExtension>
	</extensions>
</trkpt>
<trkpt lat="45.9645229" lon="14.2970483">
	<ele>293.75</ele>
	<time>2026-08-24T15:06:10.003Z</time>
	<hdop>3.79</hdop>
	<extensions>
		<gpxtpx:TrackPointExtension>
			<gpxtpx:course>205.0</gpxtpx:course>
		</gpxtpx:TrackPointExtension>
	</extensions>
</trkpt>
<trkpt lat="45.9643369" lon="14.2969119">
	<ele>293.90</ele>
	<time>2026-08-24T15:06:15.004Z</time>
	<hdop>3.79</hdop>
	<extensions>
		<gpxtpx:TrackPointExtension>
			<gpxtpx:course>206.0</gpxtpx:course>
		</gpxtpx:TrackPointExtension>
	</extensions>
</trkpt>
<trkpt lat="45.9641090" lon="14.2967476">
	<ele>293.88</ele>
	<time>2026-08-24T15:06:21.003Z</time>
	<hdop>3.79</hdop>
	<extensions>
		<gpxtpx:TrackPointExtension>
			<gpxtpx:course>210.0</gpxtpx:course>
		</gpxtpx:TrackPointExtension>
	</extensions>
</trkpt>
<trkpt lat="45.9639205" lon="14.2966090">
	<ele>293.72</ele>
	<time>2026-08-24T15:06:26.003Z</time>
	<hdop>3.79</hdop>
	<extensions>
		<gpxtpx:TrackPointExtension>
			<gpxtpx:course>206.0</gpxtpx:course>
		</gpxtpx:TrackPointExtension>
	</extensions>
</trkpt>
<trkpt lat="45.9637361" lon="14.2964740">
	<ele>293.58</ele>
	<time>2026-08-24T15:06:31.003Z</time>
	<hdop>3.79</hdop>
	<extensions>
		<gpxtpx:TrackPointExtension>
			<gpxtpx:course>205.0</gpxtpx:course>
		</gpxtpx:TrackPointExtension>
	</extensions>
</trkpt>
<trkpt lat="45.9635609" lon="14.2963480">
	<ele>293.53</ele>
	<time>2026-08-24T15:06:36.004Z</time>
	<hdop>3.79</hdop>
	<extensions>
		<gpxtpx:TrackPointExtension>
			<gpxtpx:course>201.0</gpxtpx:course>
		</gpxtpx:TrackPointExtension>
	</extensions>
</trkpt>
<trkpt lat="45.9633579" lon="14.2961983">
	<ele>293.58</ele>
	<time>2026-08-24T15:06:42.002Z</time>
	<hdop>3.79</hdop>
	<extensions>
		<gpxtpx:TrackPointExtension>
			<gpxtpx:course>202.0</gpxtpx:course>
		</gpxtpx:TrackPointExtension>
	</extensions>
</trkpt>
<trkpt lat="45.9631947" lon="14.2960710">
	<ele>293.61</ele>
	<time>2026-08-24T15:06:47.003Z</time>
	<hdop>3.79</hdop>
	<extensions>
		<gpxtpx:TrackPointExtension>
			<gpxtpx:course>206.0</gpxtpx:course>
		</gpxtpx:TrackPointExtension>
	</extensions>
</trkpt>
<trkpt lat="45.9630248" lon="14.2959451">
	<ele>293.59</ele>
	<time>2026-08-24T15:06:52.003Z</time>
	<hdop>3.79</hdop>
	<extensions>
		<gpxtpx:TrackPointExtension>
			<gpxtpx:course>207.0</gpxtpx:course>
		</gpxtpx:TrackPointExtension>
	</extensions>
</trkpt>
<trkpt lat="45.9628267" lon="14.2957943">
	<ele>293.48</ele>
	<time>2026-08-24T15:06:58.003Z</time>
	<hdop>3.79</hdop>
	<extensions>
		<gpxtpx:TrackPointExtension>
			<gpxtpx:course>207.0</gpxtpx:course>
		</gpxtpx:TrackPointExtension>
	</extensions>
</trkpt>
<trkpt lat="45.9626769" lon="14.2956892">
	<ele>293.39</ele>
	<time>2026-08-24T15:07:03.003Z</time>
	<hdop>3.79</hdop>
	<extensions>
		<gpxtpx:TrackPointExtension>
			<gpxtpx:course>205.0</gpxtpx:course>
		</gpxtpx:TrackPointExtension>
	</extensions>
</trkpt>
<trkpt lat="45.9625668" lon="14.2955840">
	<ele>293.37</ele>
	<time>2026-08-24T15:07:08.004Z</time>
	<hdop>3.79</hdop>
	<extensions>
		<gpxtpx:TrackPointExtension>
			<gpxtpx:course>231.0</gpxtpx:course>
		</gpxtpx:TrackPointExtension>
	</extensions>
</trkpt>
<trkpt lat="45.9625033" lon="14.2954539">
	<ele>293.50</ele>
	<time>2026-08-24T15:07:30.002Z</time>
	<hdop>3.79</hdop>
	<extensions>
		<gpxtpx:TrackPointExtension>
			<gpxtpx:course>212.0</gpxtpx:course>
		</gpxtpx:TrackPointExtension>
	</extensions>
</trkpt>
<trkpt lat="45.9623470" lon="14.2953907">
	<ele>293.42</ele>
	<time>2026-08-24T15:07:35.003Z</time>
	<hdop>3.79</hdop>
	<extensions>
		<gpxtpx:TrackPointExtension>
			<gpxtpx:course>171.0</gpxtpx:course>
		</gpxtpx:TrackPointExtension>
	</extensions>
</trkpt>
<trkpt lat="45.9621563" lon="14.2953123">
	<ele>293.27</ele>
	<time>2026-08-24T15:07:40.003Z</time>
	<hdop>3.79</hdop>
	<extensions>
		<gpxtpx:TrackPointExtension>
			<gpxtpx:course>209.0</gpxtpx:course>
		</gpxtpx:TrackPointExtension>
	</extensions>
</trkpt>
<trkpt lat="45.9619239" lon="14.2951490">
	<ele>293.19</ele>
	<time>2026-08-24T15:07:46.003Z</time>
	<hdop>3.79</hdop>
	<extensions>
		<gpxtpx:TrackPointExtension>
			<gpxtpx:course>210.0</gpxtpx:course>
		</gpxtpx:TrackPointExtension>
	</extensions>
</trkpt>
<trkpt lat="45.9617496" lon="14.2950166">
	<ele>293.10</ele>
	<time>2026-08-24T15:07:51.004Z</time>
	<hdop>3.79</hdop>
	<extensions>
		<gpxtpx:TrackPointExtension>
			<gpxtpx:course>207.0</gpxtpx:course>
		</gpxtpx:TrackPointExtension>
	</extensions>
</trkpt>
<trkpt lat="45.9615345" lon="14.2948684">
	<ele>292.91</ele>
	<time>2026-08-24T15:07:57.004Z</time>
	<hdop>3.79</hdop>
	<extensions>
		<gpxtpx:TrackPointExtension>
			<gpxtpx:course>206.0</gpxtpx:course>
		</gpxtpx:TrackPointExtension>
	</extensions>
</trkpt>
<trkpt lat="45.9613588" lon="14.2947333">
	<ele>292.68</ele>
	<time>2026-08-24T15:08:02.004Z</time>
	<hdop>3.79</hdop>
	<extensions>
		<gpxtpx:TrackPointExtension>
			<gpxtpx:course>205.0</gpxtpx:course>
		</gpxtpx:TrackPointExtension>
	</extensions>
</trkpt>
<trkpt lat="45.9611564" lon="14.2945764">
	<ele>292.36</ele>
	<time>2026-08-24T15:08:08.003Z</time>
	<hdop>3.79</hdop>
	<extensions>
		<gpxtpx:TrackPointExtension>
			<gpxtpx:course>204.0</gpxtpx:course>
		</gpxtpx:TrackPointExtension>
	</extensions>
</trkpt>
<trkpt lat="45.9609787" lon="14.2944532">
	<ele>292.09</ele>
	<time>2026-08-24T15:08:13.004Z</time>
	<hdop>3.79</hdop>
	<extensions>
		<gpxtpx:TrackPointExtension>
			<gpxtpx:course>204.0</gpxtpx:course>
		</gpxtpx:TrackPointExtension>
	</extensions>
</trkpt>
<trkpt lat="45.9607911" lon="14.2943156">
	<ele>291.92</ele>
	<time>2026-08-24T15:08:19.004Z</time>
	<hdop>3.79</hdop>
	<extensions>
		<gpxtpx:TrackPointExtension>
			<gpxtpx:course>204.0</gpxtpx:course>
		</gpxtpx:TrackPointExtension>
	</extensions>
</trkpt>
<trkpt lat="45.9606943" lon="14.2942369">
	<ele>291.91</ele>
	<time>2026-08-24T15:08:24.004Z</time>
	<hdop>3.79</hdop>
	<extensions>
		<gpxtpx:TrackPointExtension>
			<gpxtpx:course>206.0</gpxtpx:course>
		</gpxtpx:TrackPointExtension>
	</extensions>
</trkpt>
<trkpt lat="45.9605953" lon="14.2941582">
	<ele>291.93</ele>
	<time>2026-08-24T15:08:50.002Z</time>
	<hdop>3.79</hdop>
	<extensions>
		<gpxtpx:TrackPointExtension>
			<gpxtpx:course>201.0</gpxtpx:course>
		</gpxtpx:TrackPointExtension>
	</extensions>
</trkpt>
<trkpt lat="45.9604297" lon="14.2940430">
	<ele>291.99</ele>
	<time>2026-08-24T15:08:55.003Z</time>
	<hdop>3.79</hdop>
	<extensions>
		<gpxtpx:TrackPointExtension>
			<gpxtpx:course>204.0</gpxtpx:course>
		</gpxtpx:TrackPointExtension>
	</extensions>
</trkpt>
<trkpt lat="45.9602105" lon="14.2938836">
	<ele>292.03</ele>
	<time>2026-08-24T15:09:01.002Z</time>
	<hdop>3.79</hdop>
	<extensions>
		<gpxtpx:TrackPointExtension>
			<gpxtpx:course>208.0</gpxtpx:course>
		</gpxtpx:TrackPointExtension>
	</extensions>
</trkpt>
<trkpt lat="45.9600110" lon="14.2937347">
	<ele>292.00</ele>
	<time>2026-08-24T15:09:06.003Z</time>
	<hdop>3.79</hdop>
	<extensions>
		<gpxtpx:TrackPointExtension>
			<gpxtpx:course>208.0</gpxtpx:course>
		</gpxtpx:TrackPointExtension>
	</extensions>
</trkpt>
<trkpt lat="45.9597913" lon="14.2935754">
	<ele>292.11</ele>
	<time>2026-08-24T15:09:11.003Z</time>
	<hdop>3.79</hdop>
	<extensions>
		<gpxtpx:TrackPointExtension>
			<gpxtpx:course>207.0</gpxtpx:course>
		</gpxtpx:TrackPointExtension>
	</extensions>
</trkpt>
<trkpt lat="45.9595654" lon="14.2934161">
	<ele>292.47</ele>
	<time>2026-08-24T15:09:16.003Z</time>
	<hdop>3.79</hdop>
	<extensions>
		<gpxtpx:TrackPointExtension>
			<gpxtpx:course>203.0</gpxtpx:course>
		</gpxtpx:TrackPointExtension>
	</extensions>
</trkpt>
<trkpt lat="45.9593552" lon="14.2932403">
	<ele>292.88</ele>
	<time>2026-08-24T15:09:21.003Z</time>
	<hdop>3.79</hdop>
	<extensions>
		<gpxtpx:TrackPointExtension>
			<gpxtpx:course>215.0</gpxtpx:course>
		</gpxtpx:TrackPointExtension>
	</extensions>
</trkpt>
<trkpt lat="45.9591461" lon="14.2930616">
	<ele>293.04</ele>
	<time>2026-08-24T15:09:26.003Z</time>
	<hdop>3.79</hdop>
	<extensions>
		<gpxtpx:TrackPointExtension>
			<gpxtpx:course>209.0</gpxtpx:course>
		</gpxtpx:TrackPointExtension>
	</extensions>
</trkpt>
<trkpt lat="45.9589497" lon="14.2928641">
	<ele>292.87</ele>
	<time>2026-08-24T15:09:31.003Z</time>
	<hdop>3.79</hdop>
	<extensions>
		<gpxtpx:TrackPointExtension>
			<gpxtpx:course>215.0</gpxtpx:course>
		</gpxtpx:TrackPointExtension>
	</extensions>
</trkpt>
<trkpt lat="45.9587653" lon="14.2926482">
	<ele>292.58</ele>
	<time>2026-08-24T15:09:36.003Z</time>
	<hdop>3.79</hdop>
	<extensions>
		<gpxtpx:TrackPointExtension>
			<gpxtpx:course>221.0</gpxtpx:course>
		</gpxtpx:TrackPointExtension>
	</extensions>
</trkpt>
<trkpt lat="45.9585836" lon="14.2923353">
	<ele>292.90</ele>
	<time>2026-08-24T15:09:42.004Z</time>
	<hdop>3.79</hdop>
	<extensions>
		<gpxtpx:TrackPointExtension>
			<gpxtpx:course>233.0</gpxtpx:course>
		</gpxtpx:TrackPointExtension>
	</extensions>
</trkpt>
<trkpt lat="45.9584630" lon="14.2920392">
	<ele>294.27</ele>
	<time>2026-08-24T15:09:47.004Z</time>
	<hdop>3.79</hdop>
	<extensions>
		<gpxtpx:TrackPointExtension>
			<gpxtpx:course>242.0</gpxtpx:course>
		</gpxtpx:TrackPointExtension>
	</extensions>
</trkpt>
<trkpt lat="45.9583623" lon="14.2916566">
	<ele>296.02</ele>
	<time>2026-08-24T15:09:53.003Z</time>
	<hdop>3.79</hdop>
	<extensions>
		<gpxtpx:TrackPointExtension>
			<gpxtpx:course>252.0</gpxtpx:course>
		</gpxtpx:TrackPointExtension>
	</extensions>
</trkpt>
<trkpt lat="45.9583203" lon="14.2913455">
	<ele>296.34</ele>
	<time>2026-08-24T15:09:58.004Z</time>
	<hdop>3.79</hdop>
	<extensions>
		<gpxtpx:TrackPointExtension>
			<gpxtpx:course>263.0</gpxtpx:course>
		</gpxtpx:TrackPointExtension>
	</extensions>
</trkpt>
<trkpt lat="45.9583048" lon="14.2910062">
	<ele>296.44</ele>
	<time>2026-08-24T15:10:04.004Z</time>
	<hdop>3.79</hdop>
	<extensions>
		<gpxtpx:TrackPointExtension>
			<gpxtpx:course>268.0</gpxtpx:course>
		</gpxtpx:TrackPointExtension>
	</extensions>
</trkpt>
<trkpt lat="45.9583272" lon="14.2906839">
	<ele>297.59</ele>
	<time>2026-08-24T15:10:10.003Z</time>
	<hdop>3.79</hdop>
	<extensions>
		<gpxtpx:TrackPointExtension>
			<gpxtpx:course>275.0</gpxtpx:course>
		</gpxtpx:TrackPointExtension>
	</extensions>
</trkpt>
<trkpt lat="45.9583752" lon="14.2903793">
	<ele>298.96</ele>
	<time>2026-08-24T15:10:16.003Z</time>
	<hdop>3.79</hdop>
	<extensions>
		<gpxtpx:TrackPointExtension>
			<gpxtpx:course>285.0</gpxtpx:course>
		</gpxtpx:TrackPointExtension>
	</extensions>
</trkpt>
<trkpt lat="45.9584571" lon="14.2901082">
	<ele>300.27</ele>
	<time>2026-08-24T15:10:22.003Z</time>
	<hdop>3.79</hdop>
	<extensions>
		<gpxtpx:TrackPointExtension>
			<gpxtpx:course>299.0</gpxtpx:course>
		</gpxtpx:TrackPointExtension>
	</extensions>
</trkpt>
<trkpt lat="45.9585387" lon="14.2899315">
	<ele>301.59</ele>
	<time>2026-08-24T15:10:27.003Z</time>
	<hdop>3.79</hdop>
	<extensions>
		<gpxtpx:TrackPointExtension>
			<gpxtpx:course>296.0</gpxtpx:course>
		</gpxtpx:TrackPointExtension>
	</extensions>
</trkpt>
<trkpt lat="45.9584867" lon="14.2897282">
	<ele>306.28</ele>
	<time>2026-08-24T15:10:32.003Z</time>
	<hdop>3.79</hdop>
	<extensions>
		<gpxtpx:TrackPointExtension>
			<gpxtpx:course>247.0</gpxtpx:course>
		</gpxtpx:TrackPointExtension>
	</extensions>
</trkpt>
<trkpt lat="45.9583379" lon="14.2896141">
	<ele>311.37</ele>
	<time>2026-08-24T15:10:38.003Z</time>
	<hdop>3.79</hdop>
	<extensions>
		<gpxtpx:TrackPointExtension>
			<gpxtpx:course>175.0</gpxtpx:course>
		</gpxtpx:TrackPointExtension>
	</extensions>
</trkpt>
<trkpt lat="45.9581604" lon="14.2897490">
	<ele>310.71</ele>
	<time>2026-08-24T15:10:43.003Z</time>
	<hdop>3.79</hdop>
	<extensions>
		<gpxtpx:TrackPointExtension>
			<gpxtpx:course>145.0</gpxtpx:course>
		</gpxtpx:TrackPointExtension>
	</extensions>
</trkpt>
<trkpt lat="45.9579923" lon="14.2899948">
	<ele>310.63</ele>
	<time>2026-08-24T15:10:48.003Z</time>
	<hdop>3.79</hdop>
	<extensions>
		<gpxtpx:TrackPointExtension>
			<gpxtpx:course>138.0</gpxtpx:course>
		</gpxtpx:TrackPointExtension>
	</extensions>
</trkpt>
<trkpt lat="45.9578599" lon="14.2902959">
	<ele>308.49</ele>
	<time>2026-08-24T15:10:53.003Z</time>
	<hdop>3.79</hdop>
	<extensions>
		<gpxtpx:TrackPointExtension>
			<gpxtpx:course>116.0</gpxtpx:course>
		</gpxtpx:TrackPointExtension>
	</extensions>
</trkpt>
<trkpt lat="45.9578009" lon="14.2906340">
	<ele>299.91</ele>
	<time>2026-08-24T15:10:58.004Z</time>
	<hdop>3.79</hdop>
	<extensions>
		<gpxtpx:TrackPointExtension>
			<gpxtpx:course>100.0</gpxtpx:course>
		</gpxtpx:TrackPointExtension>
	</extensions>
</trkpt>
<trkpt lat="45.9575848" lon="14.2908849">
	<ele>294.90</ele>
	<time>2026-08-24T15:11:04.003Z</time>
	<hdop>3.79</hdop>
	<extensions>
		<gpxtpx:TrackPointExtension>
			<gpxtpx:course>185.0</gpxtpx:course>
		</gpxtpx:TrackPointExtension>
	</extensions>
</trkpt>
<trkpt lat="45.9573004" lon="14.2908907">
	<ele>300.55</ele>
	<time>2026-08-24T15:11:09.004Z</time>
	<hdop>3.79</hdop>
	<extensions>
		<gpxtpx:TrackPointExtension>
			<gpxtpx:course>149.0</gpxtpx:course>
		</gpxtpx:TrackPointExtension>
	</extensions>
</trkpt>
<trkpt lat="45.9570960" lon="14.2912723">
	<ele>302.53</ele>
	<time>2026-08-24T15:11:15.004Z</time>
	<hdop>3.79</hdop>
	<extensions>
		<gpxtpx:TrackPointExtension>
			<gpxtpx:course>99.0</gpxtpx:course>
		</gpxtpx:TrackPointExtension>
	</extensions>
</trkpt>
<trkpt lat="45.9570662" lon="14.2917187">
	<ele>297.58</ele>
	<time>2026-08-24T15:11:21.003Z</time>
	<hdop>3.79</hdop>
	<extensions>
		<gpxtpx:TrackPointExtension>
			<gpxtpx:course>99.0</gpxtpx:course>
		</gpxtpx:TrackPointExtension>
	</extensions>
</trkpt>
<trkpt lat="45.9568715" lon="14.2919844">
	<ele>297.99</ele>
	<time>2026-08-24T15:11:27.002Z</time>
	<hdop>3.79</hdop>
	<extensions>
		<gpxtpx:TrackPointExtension>
			<gpxtpx:course>154.0</gpxtpx:course>
		</gpxtpx:TrackPointExtension>
	</extensions>
</trkpt>
<trkpt lat="45.9566176" lon="14.2920752">
	<ele>300.43</ele>
	<time>2026-08-24T15:11:33.004Z</time>
	<hdop>3.79</hdop>
	<extensions>
		<gpxtpx:TrackPointExtension>
			<gpxtpx:course>170.0</gpxtpx:course>
		</gpxtpx:TrackPointExtension>
	</extensions>
</trkpt>
<trkpt lat="45.9563388" lon="14.2922021">
	<ele>301.30</ele>
	<time>2026-08-24T15:11:39.003Z</time>
	<hdop>3.79</hdop>
	<extensions>
		<gpxtpx:TrackPointExtension>
			<gpxtpx:course>163.0</gpxtpx:course>
		</gpxtpx:TrackPointExtension>
	</extensions>
</trkpt>
<trkpt lat="45.9561041" lon="14.2923541">
	<ele>297.85</ele>
	<time>2026-08-24T15:11:44.003Z</time>
	<hdop>3.79</hdop>
	<extensions>
		<gpxtpx:TrackPointExtension>
			<gpxtpx:course>160.0</gpxtpx:course>
		</gpxtpx:TrackPointExtension>
	</extensions>
</trkpt>
<trkpt lat="45.9559002" lon="14.2924548">
	<ele>294.52</ele>
	<time>2026-08-24T15:11:49.003Z</time>
	<hdop>3.79</hdop>
	<extensions>
		<gpxtpx:TrackPointExtension>
			<gpxtpx:course>164.0</gpxtpx:course>
		</gpxtpx:TrackPointExtension>
	</extensions>
</trkpt>
<trkpt lat="45.9556943" lon="14.2925344">
	<ele>292.07</ele>
	<time>2026-08-24T15:11:55.003Z</time>
	<hdop>3.79</hdop>
	<extensions>
		<gpxtpx:TrackPointExtension>
			<gpxtpx:course>165.0</gpxtpx:course>
		</gpxtpx:TrackPointExtension>
	</extensions>
</trkpt>
<trkpt lat="45.9555907" lon="14.2925882">
	<ele>290.62</ele>
	<time>2026-08-24T15:12:00.003Z</time>
	<hdop>3.79</hdop>
	<extensions>
		<gpxtpx:TrackPointExtension>
			<gpxtpx:course>185.0</gpxtpx:course>
		</gpxtpx:TrackPointExtension>
	</extensions>
</trkpt>
<trkpt lat="45.9555170" lon="14.2924806">
	<ele>292.72</ele>
	<time>2026-08-24T15:12:07.001Z</time>
	<hdop>3.79</hdop>
	<extensions>
		<gpxtpx:TrackPointExtension>
			<gpxtpx:course>236.0</gpxtpx:course>
		</gpxtpx:TrackPointExtension>
	</extensions>
</trkpt>
<trkpt lat="45.9554231" lon="14.2924037">
	<ele>294.98</ele>
	<time>2026-08-24T15:12:19.003Z</time>
	<hdop>3.99</hdop>
	<extensions>
		<gpxtpx:TrackPointExtension>
			<gpxtpx:course>211.0</gpxtpx:course>
		</gpxtpx:TrackPointExtension>
	</extensions>
</trkpt>
<trkpt lat="45.9552812" lon="14.2923208">
	<ele>297.87</ele>
	<time>2026-08-24T15:12:25.003Z</time>
	<hdop>3.79</hdop>
	<extensions>
		<gpxtpx:TrackPointExtension>
			<gpxtpx:course>201.0</gpxtpx:course>
		</gpxtpx:TrackPointExtension>
	</extensions>
</trkpt>
<trkpt lat="45.9551488" lon="14.2922441">
	<ele>300.58</ele>
	<time>2026-08-24T15:12:30.003Z</time>
	<hdop>3.79</hdop>
	<extensions>
		<gpxtpx:TrackPointExtension>
			<gpxtpx:course>207.0</gpxtpx:course>
		</gpxtpx:TrackPointExtension>
	</extensions>
</trkpt>
<trkpt lat="45.9550183" lon="14.2921623">
	<ele>303.70</ele>
	<time>2026-08-24T15:12:35.003Z</time>
	<hdop>3.79</hdop>
	<extensions>
		<gpxtpx:TrackPointExtension>
			<gpxtpx:course>201.0</gpxtpx:course>
		</gpxtpx:TrackPointExtension>
	</extensions>
</trkpt>
<trkpt lat="45.9548515" lon="14.2921054">
	<ele>305.02</ele>
	<time>2026-08-24T15:12:41.002Z</time>
	<hdop>3.79</hdop>
	<extensions>
		<gpxtpx:TrackPointExtension>
			<gpxtpx:course>192.0</gpxtpx:course>
		</gpxtpx:TrackPointExtension>
	</extensions>
</trkpt>
<trkpt lat="45.9547267" lon="14.2920656">
	<ele>304.89</ele>
	<time>2026-08-24T15:12:46.002Z</time>
	<hdop>3.79</hdop>
	<extensions>
		<gpxtpx:TrackPointExtension>
			<gpxtpx:course>205.0</gpxtpx:course>
		</gpxtpx:TrackPointExtension>
	</extensions>
</trkpt>
<trkpt lat="45.9546051" lon="14.2920169">
	<ele>305.40</ele>
	<time>2026-08-24T15:12:51.002Z</time>
	<hdop>3.79</hdop>
	<extensions>
		<gpxtpx:TrackPointExtension>
			<gpxtpx:course>188.0</gpxtpx:course>
		</gpxtpx:TrackPointExtension>
	</extensions>
</trkpt>
<trkpt lat="45.9544845" lon="14.2919924">
	<ele>304.83</ele>
	<time>2026-08-24T15:12:56.002Z</time>
	<hdop>3.79</hdop>
	<extensions>
		<gpxtpx:TrackPointExtension>
			<gpxtpx:course>187.0</gpxtpx:course>
		</gpxtpx:TrackPointExtension>
	</extensions>
</trkpt>
<trkpt lat="45.9543826" lon="14.2919583">
	<ele>305.37</ele>
	<time>2026-08-24T15:13:01.003Z</time>
	<hdop>3.79</hdop>
	<extensions>
		<gpxtpx:TrackPointExtension>
			<gpxtpx:course>185.0</gpxtpx:course>
		</gpxtpx:TrackPointExtension>
	</extensions>
</trkpt>
<trkpt lat="45.9542408" lon="14.2919911">
	<ele>303.78</ele>
	<time>2026-08-24T15:13:06.003Z</time>
	<hdop>3.79</hdop>
	<extensions>
		<gpxtpx:TrackPointExtension>
			<gpxtpx:course>173.0</gpxtpx:course>
		</gpxtpx:TrackPointExtension>
	</extensions>
</trkpt>
<trkpt lat="45.9541136" lon="14.2920328">
	<ele>303.55</ele>
	<time>2026-08-24T15:13:11.003Z</time>
	<hdop>3.79</hdop>
	<extensions>
		<gpxtpx:TrackPointExtension>
			<gpxtpx:course>160.0</gpxtpx:course>
		</gpxtpx:TrackPointExtension>
	</extensions>
</trkpt>
<trkpt lat="45.9539862" lon="14.2920727">
	<ele>306.17</ele>
	<time>2026-08-24T15:13:17.003Z</time>
	<hdop>3.79</hdop>
	<extensions>
		<gpxtpx:TrackPointExtension>
			<gpxtpx:course>167.0</gpxtpx:course>
		</gpxtpx:TrackPointExtension>
	</extensions>
</trkpt>
<trkpt lat="45.9539061" lon="14.2921602">
	<ele>307.65</ele>
	<time>2026-08-24T15:13:22.003Z</time>
	<hdop>3.79</hdop>
	<extensions>
		<gpxtpx:TrackPointExtension>
			<gpxtpx:course>124.0</gpxtpx:course>
		</gpxtpx:TrackPointExtension>
	</extensions>
</trkpt>
<trkpt lat="45.9538653" lon="14.2923190">
	<ele>307.15</ele>
	<time>2026-08-24T15:13:28.002Z</time>
	<hdop>3.79</hdop>
	<extensions>
		<gpxtpx:TrackPointExtension>
			<gpxtpx:course>109.0</gpxtpx:course>
		</gpxtpx:TrackPointExtension>
	</extensions>
</trkpt>
<trkpt lat="45.9539456" lon="14.2924214">
	<ele>301.74</ele>
	<time>2026-08-24T15:14:45.003Z</time>
	<hdop>8.72</hdop>
	<extensions>
		<gpxtpx:TrackPointExtension>
			<gpxtpx:course>30.0</gpxtpx:course>
		</gpxtpx:TrackPointExtension>
	</extensions>
</trkpt>
<trkpt lat="45.9540457" lon="14.2925925">
	<ele>298.28</ele>
	<time>2026-08-24T15:14:50.003Z</time>
	<hdop>3.86</hdop>
	<extensions>
		<gpxtpx:TrackPointExtension>
			<gpxtpx:course>48.0</gpxtpx:course>
		</gpxtpx:TrackPointExtension>
	</extensions>
</trkpt>
<trkpt lat="45.9541944" lon="14.2927067">
	<ele>297.59</ele>
	<time>2026-08-24T15:14:56.003Z</time>
	<hdop>3.79</hdop>
	<extensions>
		<gpxtpx:TrackPointExtension>
			<gpxtpx:course>2.0</gpxtpx:course>
		</gpxtpx:TrackPointExtension>
	</extensions>
</trkpt>
<trkpt lat="45.9543252" lon="14.2927154">
	<ele>295.18</ele>
	<time>2026-08-24T15:15:01.003Z</time>
	<hdop>3.79</hdop>
	<extensions>
		<gpxtpx:TrackPointExtension>
			<gpxtpx:course>3.0</gpxtpx:course>
		</gpxtpx:TrackPointExtension>
	</extensions>
</trkpt>
<trkpt lat="45.9544575" lon="14.2928003">
	<ele>296.09</ele>
	<time>2026-08-24T15:15:07.003Z</time>
	<hdop>3.79</hdop>
	<extensions>
		<gpxtpx:TrackPointExtension>
			<gpxtpx:course>42.0</gpxtpx:course>
		</gpxtpx:TrackPointExtension>
	</extensions>
</trkpt>
<trkpt lat="45.9545356" lon="14.2929303">
	<ele>299.81</ele>
	<time>2026-08-24T15:15:13.002Z</time>
	<hdop>3.79</hdop>
	<extensions>
		<gpxtpx:TrackPointExtension>
			<gpxtpx:course>57.0</gpxtpx:course>
		</gpxtpx:TrackPointExtension>
	</extensions>
</trkpt>
<trkpt lat="45.9546082" lon="14.2930269">
	<ele>301.51</ele>
	<time>2026-08-24T15:15:18.003Z</time>
	<hdop>3.79</hdop>
	<extensions>
		<gpxtpx:TrackPointExtension>
			<gpxtpx:course>44.0</gpxtpx:course>
		</gpxtpx:TrackPointExtension>
	</extensions>
</trkpt>
<trkpt lat="45.9546945" lon="14.2929529">
	<ele>296.50</ele>
	<time>2026-08-24T15:15:25.003Z</time>
	<hdop>3.79</hdop>
	<extensions>
		<gpxtpx:TrackPointExtension>
			<gpxtpx:course>305.0</gpxtpx:course>
		</gpxtpx:TrackPointExtension>
	</extensions>
</trkpt>
<trkpt lat="45.9547230" lon="14.2928127">
	<ele>291.99</ele>
	<time>2026-08-24T15:15:31.001Z</time>
	<hdop>3.79</hdop>
	<extensions>
		<gpxtpx:TrackPointExtension>
			<gpxtpx:course>307.0</gpxtpx:course>
		</gpxtpx:TrackPointExtension>
	</extensions>
</trkpt>
<trkpt lat="45.9548223" lon="14.2928003">
	<ele>290.31</ele>
	<time>2026-08-24T15:16:01.002Z</time>
	<hdop>3.79</hdop>
	<extensions>
		<gpxtpx:TrackPointExtension>
			<gpxtpx:course>20.0</gpxtpx:course>
		</gpxtpx:TrackPointExtension>
	</extensions>
</trkpt>
<trkpt lat="45.9549023" lon="14.2928821">
	<ele>290.01</ele>
	<time>2026-08-24T15:16:07.001Z</time>
	<hdop>3.79</hdop>
	<extensions>
		<gpxtpx:TrackPointExtension>
			<gpxtpx:course>47.0</gpxtpx:course>
		</gpxtpx:TrackPointExtension>
	</extensions>
</trkpt>
<trkpt lat="45.9549967" lon="14.2928552">
	<ele>288.64</ele>
	<time>2026-08-24T15:16:14.002Z</time>
	<hdop>3.79</hdop>
	<extensions>
		<gpxtpx:TrackPointExtension>
			<gpxtpx:course>315.0</gpxtpx:course>
		</gpxtpx:TrackPointExtension>
	</extensions>
</trkpt>
<trkpt lat="45.9550795" lon="14.2929195">
	<ele>288.05</ele>
	<time>2026-08-24T15:19:12.886Z</time>
	<hdop>3.20</hdop>
	<extensions>
		<gpxtpx:TrackPointExtension>
			<gpxtpx:course>90.609535</gpxtpx:course>
		</gpxtpx:TrackPointExtension>
	</extensions>
</trkpt>
<trkpt lat="45.9551166" lon="14.2930449">
	<ele>288.59</ele>
	<time>2026-08-24T15:19:22.002Z</time>
	<hdop>3.00</hdop>
	<extensions>
		<gpxtpx:TrackPointExtension>
			<gpxtpx:course>50.833164</gpxtpx:course>
		</gpxtpx:TrackPointExtension>
	</extensions>
</trkpt>
<trkpt lat="45.9551935" lon="14.2931119">
	<ele>288.70</ele>
	<time>2026-08-24T15:19:36.003Z</time>
	<hdop>3.09</hdop>
	<extensions>
		<gpxtpx:TrackPointExtension>
			<gpxtpx:course>351.91388</gpxtpx:course>
		</gpxtpx:TrackPointExtension>
	</extensions>
</trkpt>
<trkpt lat="45.9552848" lon="14.2931459">
	<ele>288.66</ele>
	<time>2026-08-24T15:19:46.801Z</time>
	<hdop>3.09</hdop>
	<extensions>
		<gpxtpx:TrackPointExtension>
			<gpxtpx:course>27.85225</gpxtpx:course>
		</gpxtpx:TrackPointExtension>
	</extensions>
</trkpt>
<trkpt lat="45.9554042" lon="14.2931707">
	<ele>288.91</ele>
	<time>2026-08-24T15:19:52.477Z</time>
	<hdop>3.25</hdop>
	<extensions>
		<gpxtpx:TrackPointExtension>
			<gpxtpx:course>14.690654</gpxtpx:course>
		</gpxtpx:TrackPointExtension>
	</extensions>
</trkpt>
<trkpt lat="45.9554808" lon="14.2932723">
	<ele>290.04</ele>
	<time>2026-08-24T15:19:57.958Z</time>
	<hdop>3.14</hdop>
	<extensions>
		<gpxtpx:TrackPointExtension>
			<gpxtpx:course>102.41332</gpxtpx:course>
		</gpxtpx:TrackPointExtension>
	</extensions>
</trkpt>
<trkpt lat="45.9554771" lon="14.2934474">
	<ele>292.18</ele>
	<time>2026-08-24T15:20:03.059Z</time>
	<hdop>3.17</hdop>
	<extensions>
		<gpxtpx:TrackPointExtension>
			<gpxtpx:course>76.64275</gpxtpx:course>
		</gpxtpx:TrackPointExtension>
	</extensions>
</trkpt>
<trkpt lat="45.9555678" lon="14.2936294">
	<ele>295.10</ele>
	<time>2026-08-24T15:20:08.580Z</time>
	<hdop>3.27</hdop>
	<extensions>
		<gpxtpx:TrackPointExtension>
			<gpxtpx:course>43.441105</gpxtpx:course>
		</gpxtpx:TrackPointExtension>
	</extensions>
</trkpt>
<trkpt lat="45.9556558" lon="14.2937492">
	<ele>296.35</ele>
	<time>2026-08-24T15:20:13.817Z</time>
	<hdop>4.05</hdop>
	<extensions>
		<gpxtpx:TrackPointExtension>
			<gpxtpx:course>39.895344</gpxtpx:course>
		</gpxtpx:TrackPointExtension>
	</extensions>
</trkpt>
<trkpt lat="45.9557735" lon="14.2938636">
	<ele>296.65</ele>
	<time>2026-08-24T15:20:19.002Z</time>
	<hdop>3.72</hdop>
	<extensions>
		<gpxtpx:TrackPointExtension>
			<gpxtpx:course>23.0</gpxtpx:course>
		</gpxtpx:TrackPointExtension>
	</extensions>
</trkpt>
<trkpt lat="45.9559077" lon="14.2939238">
	<ele>296.43</ele>
	<time>2026-08-24T15:20:24.002Z</time>
	<hdop>3.79</hdop>
	<extensions>
		<gpxtpx:TrackPointExtension>
			<gpxtpx:course>19.0</gpxtpx:course>
		</gpxtpx:TrackPointExtension>
	</extensions>
</trkpt>
<trkpt lat="45.9560497" lon="14.2939524">
	<ele>297.25</ele>
	<time>2026-08-24T15:20:29.002Z</time>
	<hdop>3.79</hdop>
	<extensions>
		<gpxtpx:TrackPointExtension>
			<gpxtpx:course>4.0</gpxtpx:course>
		</gpxtpx:TrackPointExtension>
	</extensions>
</trkpt>
<trkpt lat="45.9561924" lon="14.2939412">
	<ele>298.68</ele>
	<time>2026-08-24T15:20:34.002Z</time>
	<hdop>3.79</hdop>
	<extensions>
		<gpxtpx:TrackPointExtension>
			<gpxtpx:course>353.0</gpxtpx:course>
		</gpxtpx:TrackPointExtension>
	</extensions>
</trkpt>
<trkpt lat="45.9563492" lon="14.2939044">
	<ele>300.28</ele>
	<time>2026-08-24T15:20:39.003Z</time>
	<hdop>3.79</hdop>
	<extensions>
		<gpxtpx:TrackPointExtension>
			<gpxtpx:course>348.0</gpxtpx:course>
		</gpxtpx:TrackPointExtension>
	</extensions>
</trkpt>
<trkpt lat="45.9565494" lon="14.2938543">
	<ele>301.51</ele>
	<time>2026-08-24T15:20:45.002Z</time>
	<hdop>3.79</hdop>
	<extensions>
		<gpxtpx:TrackPointExtension>
			<gpxtpx:course>345.0</gpxtpx:course>
		</gpxtpx:TrackPointExtension>
	</extensions>
</trkpt>
<trkpt lat="45.9567164" lon="14.2938300">
	<ele>301.54</ele>
	<time>2026-08-24T15:20:50.003Z</time>
	<hdop>3.79</hdop>
	<extensions>
		<gpxtpx:TrackPointExtension>
			<gpxtpx:course>350.0</gpxtpx:course>
		</gpxtpx:TrackPointExtension>
	</extensions>
</trkpt>
<trkpt lat="45.9568934" lon="14.2937754">
	<ele>299.89</ele>
	<time>2026-08-24T15:20:55.003Z</time>
	<hdop>3.79</hdop>
	<extensions>
		<gpxtpx:TrackPointExtension>
			<gpxtpx:course>346.0</gpxtpx:course>
		</gpxtpx:TrackPointExtension>
	</extensions>
</trkpt>
<trkpt lat="45.9570779" lon="14.2937361">
	<ele>298.13</ele>
	<time>2026-08-24T15:21:01.003Z</time>
	<hdop>3.79</hdop>
	<extensions>
		<gpxtpx:TrackPointExtension>
			<gpxtpx:course>348.0</gpxtpx:course>
		</gpxtpx:TrackPointExtension>
	</extensions>
</trkpt>
<trkpt lat="45.9571802" lon="14.2937280">
	<ele>297.35</ele>
	<time>2026-08-24T15:21:37.002Z</time>
	<hdop>3.79</hdop>
	<extensions>
		<gpxtpx:TrackPointExtension>
			<gpxtpx:course>339.0</gpxtpx:course>
		</gpxtpx:TrackPointExtension>
	</extensions>
</trkpt>
<trkpt lat="45.9572706" lon="14.2937169">
	<ele>296.64</ele>
	<time>2026-08-24T15:21:42.002Z</time>
	<hdop>3.79</hdop>
	<extensions>
		<gpxtpx:TrackPointExtension>
			<gpxtpx:course>5.0</gpxtpx:course>
		</gpxtpx:TrackPointExtension>
	</extensions>
</trkpt>
<trkpt lat="45.9573774" lon="14.2937718">
	<ele>296.95</ele>
	<time>2026-08-24T15:21:47.002Z</time>
	<hdop>3.79</hdop>
	<extensions>
		<gpxtpx:TrackPointExtension>
			<gpxtpx:course>23.0</gpxtpx:course>
		</gpxtpx:TrackPointExtension>
	</extensions>
</trkpt>
<trkpt lat="45.9574744" lon="14.2938606">
	<ele>297.71</ele>
	<time>2026-08-24T15:21:52.002Z</time>
	<hdop>3.79</hdop>
	<extensions>
		<gpxtpx:TrackPointExtension>
			<gpxtpx:course>35.0</gpxtpx:course>
		</gpxtpx:TrackPointExtension>
	</extensions>
</trkpt>
<trkpt lat="45.9575972" lon="14.2939736">
	<ele>298.23</ele>
	<time>2026-08-24T15:21:57.002Z</time>
	<hdop>3.79</hdop>
	<extensions>
		<gpxtpx:TrackPointExtension>
			<gpxtpx:course>32.0</gpxtpx:course>
		</gpxtpx:TrackPointExtension>
	</extensions>
</trkpt>
<trkpt lat="45.9577117" lon="14.2940915">
	<ele>297.99</ele>
	<time>2026-08-24T15:22:02.003Z</time>
	<hdop>3.79</hdop>
	<extensions>
		<gpxtpx:TrackPointExtension>
			<gpxtpx:course>39.0</gpxtpx:course>
		</gpxtpx:TrackPointExtension>
	</extensions>
</trkpt>
<trkpt lat="45.9578393" lon="14.2942209">
	<ele>296.88</ele>
	<time>2026-08-24T15:22:07.003Z</time>
	<hdop>3.79</hdop>
	<extensions>
		<gpxtpx:TrackPointExtension>
			<gpxtpx:course>29.0</gpxtpx:course>
		</gpxtpx:TrackPointExtension>
	</extensions>
</trkpt>
<trkpt lat="45.9579850" lon="14.2943529">
	<ele>294.99</ele>
	<time>2026-08-24T15:22:13.003Z</time>
	<hdop>3.79</hdop>
	<extensions>
		<gpxtpx:TrackPointExtension>
			<gpxtpx:course>42.0</gpxtpx:course>
		</gpxtpx:TrackPointExtension>
	</extensions>
</trkpt>
<trkpt lat="45.9581000" lon="14.2945998">
	<ele>293.55</ele>
	<time>2026-08-24T15:22:19.002Z</time>
	<hdop>3.79</hdop>
	<extensions>
		<gpxtpx:TrackPointExtension>
			<gpxtpx:course>71.0</gpxtpx:course>
		</gpxtpx:TrackPointExtension>
	</extensions>
</trkpt>
<trkpt lat="45.9581321" lon="14.2948402">
	<ele>293.12</ele>
	<time>2026-08-24T15:22:24.002Z</time>
	<hdop>3.79</hdop>
	<extensions>
		<gpxtpx:TrackPointExtension>
			<gpxtpx:course>85.0</gpxtpx:course>
		</gpxtpx:TrackPointExtension>
	</extensions>
</trkpt>
<trkpt lat="45.9581351" lon="14.2950935">
	<ele>292.73</ele>
	<time>2026-08-24T15:22:29.002Z</time>
	<hdop>3.79</hdop>
	<extensions>
		<gpxtpx:TrackPointExtension>
			<gpxtpx:course>95.0</gpxtpx:course>
		</gpxtpx:TrackPointExtension>
	</extensions>
</trkpt>
<trkpt lat="45.9580704" lon="14.2953182">
	<ele>292.67</ele>
	<time>2026-08-24T15:22:34.002Z</time>
	<hdop>3.79</hdop>
	<extensions>
		<gpxtpx:TrackPointExtension>
			<gpxtpx:course>123.0</gpxtpx:course>
		</gpxtpx:TrackPointExtension>
	</extensions>
</trkpt>
<trkpt lat="45.9579661" lon="14.2955108">
	<ele>292.97</ele>
	<time>2026-08-24T15:22:39.003Z</time>
	<hdop>3.79</hdop>
	<extensions>
		<gpxtpx:TrackPointExtension>
			<gpxtpx:course>129.0</gpxtpx:course>
		</gpxtpx:TrackPointExtension>
	</extensions>
</trkpt>
<trkpt lat="45.9578568" lon="14.2957378">
	<ele>293.07</ele>
	<time>2026-08-24T15:22:45.002Z</time>
	<hdop>3.79</hdop>
	<extensions>
		<gpxtpx:TrackPointExtension>
			<gpxtpx:course>124.0</gpxtpx:course>
		</gpxtpx:TrackPointExtension>
	</extensions>
</trkpt>
<trkpt lat="45.9577771" lon="14.2959541">
	<ele>293.14</ele>
	<time>2026-08-24T15:22:50.002Z</time>
	<hdop>3.79</hdop>
	<extensions>
		<gpxtpx:TrackPointExtension>
			<gpxtpx:course>110.0</gpxtpx:course>
		</gpxtpx:TrackPointExtension>
	</extensions>
</trkpt>
<trkpt lat="45.9577618" lon="14.2962039">
	<ele>292.79</ele>
	<time>2026-08-24T15:22:55.002Z</time>
	<hdop>3.79</hdop>
	<extensions>
		<gpxtpx:TrackPointExtension>
			<gpxtpx:course>95.0</gpxtpx:course>
		</gpxtpx:TrackPointExtension>
	</extensions>
</trkpt>
<trkpt lat="45.9577541" lon="14.2964248">
	<ele>292.58</ele>
	<time>2026-08-24T15:23:00.002Z</time>
	<hdop>3.79</hdop>
	<extensions>
		<gpxtpx:TrackPointExtension>
			<gpxtpx:course>94.0</gpxtpx:course>
		</gpxtpx:TrackPointExtension>
	</extensions>
</trkpt>
<trkpt lat="45.9577524" lon="14.2966780">
	<ele>292.39</ele>
	<time>2026-08-24T15:23:05.002Z</time>
	<hdop>3.79</hdop>
	<extensions>
		<gpxtpx:TrackPointExtension>
			<gpxtpx:course>90.0</gpxtpx:course>
		</gpxtpx:TrackPointExtension>
	</extensions>
</trkpt>
<trkpt lat="45.9577336" lon="14.2969510">
	<ele>292.39</ele>
	<time>2026-08-24T15:23:11.001Z</time>
	<hdop>3.79</hdop>
	<extensions>
		<gpxtpx:TrackPointExtension>
			<gpxtpx:course>145.0</gpxtpx:course>
		</gpxtpx:TrackPointExtension>
	</extensions>
</trkpt>
<trkpt lat="45.9575799" lon="14.2969900">
	<ele>293.18</ele>
	<time>2026-08-24T15:23:16.001Z</time>
	<hdop>3.79</hdop>
	<extensions>
		<gpxtpx:TrackPointExtension>
			<gpxtpx:course>172.0</gpxtpx:course>
		</gpxtpx:TrackPointExtension>
	</extensions>
</trkpt>
<trkpt lat="45.9574089" lon="14.2970100">
	<ele>293.74</ele>
	<time>2026-08-24T15:23:21.002Z</time>
	<hdop>3.79</hdop>
	<extensions>
		<gpxtpx:TrackPointExtension>
			<gpxtpx:course>176.0</gpxtpx:course>
		</gpxtpx:TrackPointExtension>
	</extensions>
</trkpt>
<trkpt lat="45.9572314" lon="14.2970204">
	<ele>294.08</ele>
	<time>2026-08-24T15:23:26.002Z</time>
	<hdop>3.79</hdop>
	<extensions>
		<gpxtpx:TrackPointExtension>
			<gpxtpx:course>183.0</gpxtpx:course>
		</gpxtpx:TrackPointExtension>
	</extensions>
</trkpt>
<trkpt lat="45.9570338" lon="14.2969513">
	<ele>294.46</ele>
	<time>2026-08-24T15:23:32.003Z</time>
	<hdop>3.79</hdop>
	<extensions>
		<gpxtpx:TrackPointExtension>
			<gpxtpx:course>211.0</gpxtpx:course>
		</gpxtpx:TrackPointExtension>
	</extensions>
</trkpt>
<trkpt lat="45.9569058" lon="14.2967122">
	<ele>295.12</ele>
	<time>2026-08-24T15:23:38.002Z</time>
	<hdop>3.79</hdop>
	<extensions>
		<gpxtpx:TrackPointExtension>
			<gpxtpx:course>233.0</gpxtpx:course>
		</gpxtpx:TrackPointExtension>
	</extensions>
</trkpt>
<trkpt lat="45.9568119" lon="14.2965353">
	<ele>295.88</ele>
	<time>2026-08-24T15:23:43.002Z</time>
	<hdop>3.79</hdop>
	<extensions>
		<gpxtpx:TrackPointExtension>
			<gpxtpx:course>226.0</gpxtpx:course>
		</gpxtpx:TrackPointExtension>
	</extensions>
</trkpt>
<trkpt lat="45.9566697" lon="14.2965232">
	<ele>296.48</ele>
	<time>2026-08-24T15:23:48.002Z</time>
	<hdop>3.79</hdop>
	<extensions>
		<gpxtpx:TrackPointExtension>
			<gpxtpx:course>161.0</gpxtpx:course>
		</gpxtpx:TrackPointExtension>
	</extensions>
</trkpt>
<trkpt lat="45.9565157" lon="14.2966378">
	<ele>296.77</ele>
	<time>2026-08-24T15:23:53.003Z</time>
	<hdop>3.79</hdop>
	<extensions>
		<gpxtpx:TrackPointExtension>
			<gpxtpx:course>154.0</gpxtpx:course>
		</gpxtpx:TrackPointExtension>
	</extensions>
</trkpt>
<trkpt lat="45.9563289" lon="14.2967994">
	<ele>296.96</ele>
	<time>2026-08-24T15:23:59.002Z</time>
	<hdop>3.79</hdop>
	<extensions>
		<gpxtpx:TrackPointExtension>
			<gpxtpx:course>151.0</gpxtpx:course>
		</gpxtpx:TrackPointExtension>
	</extensions>
</trkpt>
<trkpt lat="45.9561535" lon="14.2969362">
	<ele>297.01</ele>
	<time>2026-08-24T15:24:04.003Z</time>
	<hdop>3.79</hdop>
	<extensions>
		<gpxtpx:TrackPointExtension>
			<gpxtpx:course>159.0</gpxtpx:course>
		</gpxtpx:TrackPointExtension>
	</extensions>
</trkpt>
<trkpt lat="45.9559169" lon="14.2970406">
	<ele>297.25</ele>
	<time>2026-08-24T15:24:10.002Z</time>
	<hdop>3.79</hdop>
	<extensions>
		<gpxtpx:TrackPointExtension>
			<gpxtpx:course>164.0</gpxtpx:course>
		</gpxtpx:TrackPointExtension>
	</extensions>
</trkpt>
<trkpt lat="45.9557165" lon="14.2971177">
	<ele>297.44</ele>
	<time>2026-08-24T15:24:15.002Z</time>
	<hdop>3.79</hdop>
	<extensions>
		<gpxtpx:TrackPointExtension>
			<gpxtpx:course>160.0</gpxtpx:course>
		</gpxtpx:TrackPointExtension>
	</extensions>
</trkpt>
<trkpt lat="45.9555334" lon="14.2972437">
	<ele>296.84</ele>
	<time>2026-08-24T15:24:20.002Z</time>
	<hdop>3.79</hdop>
	<extensions>
		<gpxtpx:TrackPointExtension>
			<gpxtpx:course>156.0</gpxtpx:course>
		</gpxtpx:TrackPointExtension>
	</extensions>
</trkpt>
<trkpt lat="45.9553149" lon="14.2974070">
	<ele>295.49</ele>
	<time>2026-08-24T15:24:26.003Z</time>
	<hdop>3.79</hdop>
	<extensions>
		<gpxtpx:TrackPointExtension>
			<gpxtpx:course>152.0</gpxtpx:course>
		</gpxtpx:TrackPointExtension>
	</extensions>
</trkpt>
<trkpt lat="45.9551287" lon="14.2975696">
	<ele>294.15</ele>
	<time>2026-08-24T15:24:31.003Z</time>
	<hdop>3.79</hdop>
	<extensions>
		<gpxtpx:TrackPointExtension>
			<gpxtpx:course>155.0</gpxtpx:course>
		</gpxtpx:TrackPointExtension>
	</extensions>
</trkpt>
<trkpt lat="45.9548885" lon="14.2977349">
	<ele>293.45</ele>
	<time>2026-08-24T15:24:37.002Z</time>
	<hdop>3.79</hdop>
	<extensions>
		<gpxtpx:TrackPointExtension>
			<gpxtpx:course>151.0</gpxtpx:course>
		</gpxtpx:TrackPointExtension>
	</extensions>
</trkpt>
<trkpt lat="45.9546920" lon="14.2978625">
	<ele>293.28</ele>
	<time>2026-08-24T15:24:42.002Z</time>
	<hdop>3.79</hdop>
	<extensions>
		<gpxtpx:TrackPointExtension>
			<gpxtpx:course>157.0</gpxtpx:course>
		</gpxtpx:TrackPointExtension>
	</extensions>
</trkpt>
<trkpt lat="45.9544778" lon="14.2979779">
	<ele>293.31</ele>
	<time>2026-08-24T15:24:47.002Z</time>
	<hdop>3.79</hdop>
	<extensions>
		<gpxtpx:TrackPointExtension>
			<gpxtpx:course>160.0</gpxtpx:course>
		</gpxtpx:TrackPointExtension>
	</extensions>
</trkpt>
<trkpt lat="45.9542534" lon="14.2980943">
	<ele>293.22</ele>
	<time>2026-08-24T15:24:52.003Z</time>
	<hdop>3.79</hdop>
	<extensions>
		<gpxtpx:TrackPointExtension>
			<gpxtpx:course>160.0</gpxtpx:course>
		</gpxtpx:TrackPointExtension>
	</extensions>
</trkpt>
<trkpt lat="45.9540038" lon="14.2982552">
	<ele>292.58</ele>
	<time>2026-08-24T15:24:58.001Z</time>
	<hdop>3.79</hdop>
	<extensions>
		<gpxtpx:TrackPointExtension>
			<gpxtpx:course>157.0</gpxtpx:course>
		</gpxtpx:TrackPointExtension>
	</extensions>
</trkpt>
<trkpt lat="45.9537735" lon="14.2983340">
	<ele>292.19</ele>
	<time>2026-08-24T15:25:03.003Z</time>
	<hdop>3.79</hdop>
	<extensions>
		<gpxtpx:TrackPointExtension>
			<gpxtpx:course>176.0</gpxtpx:course>
		</gpxtpx:TrackPointExtension>
	</extensions>
</trkpt>
<trkpt lat="45.9535281" lon="14.2983432">
	<ele>292.14</ele>
	<time>2026-08-24T15:25:08.003Z</time>
	<hdop>3.79</hdop>
	<extensions>
		<gpxtpx:TrackPointExtension>
			<gpxtpx:course>182.0</gpxtpx:course>
		</gpxtpx:TrackPointExtension>
	</extensions>
</trkpt>
<trkpt lat="45.9533074" lon="14.2982996">
	<ele>292.18</ele>
	<time>2026-08-24T15:25:13.003Z</time>
	<hdop>3.79</hdop>
	<extensions>
		<gpxtpx:TrackPointExtension>
			<gpxtpx:course>194.0</gpxtpx:course>
		</gpxtpx:TrackPointExtension>
	</extensions>
</trkpt>
<trkpt lat="45.9531091" lon="14.2981850">
	<ele>292.04</ele>
	<time>2026-08-24T15:25:19.002Z</time>
	<hdop>3.79</hdop>
	<extensions>
		<gpxtpx:TrackPointExtension>
			<gpxtpx:course>203.0</gpxtpx:course>
		</gpxtpx:TrackPointExtension>
	</extensions>
</trkpt>
<trkpt lat="45.9529657" lon="14.2980767">
	<ele>292.21</ele>
	<time>2026-08-24T15:25:24.003Z</time>
	<hdop>3.79</hdop>
	<extensions>
		<gpxtpx:TrackPointExtension>
			<gpxtpx:course>207.0</gpxtpx:course>
		</gpxtpx:TrackPointExtension>
	</extensions>
</trkpt>
<trkpt lat="45.9527892" lon="14.2979344">
	<ele>293.47</ele>
	<time>2026-08-24T15:25:30.000Z</time>
	<hdop>3.79</hdop>
	<extensions>
		<gpxtpx:TrackPointExtension>
			<gpxtpx:course>206.0</gpxtpx:course>
		</gpxtpx:TrackPointExtension>
	</extensions>
</trkpt>
<trkpt lat="45.9526518" lon="14.2978259">
	<ele>295.30</ele>
	<time>2026-08-24T15:25:35.001Z</time>
	<hdop>3.79</hdop>
	<extensions>
		<gpxtpx:TrackPointExtension>
			<gpxtpx:course>209.0</gpxtpx:course>
		</gpxtpx:TrackPointExtension>
	</extensions>
</trkpt>
<trkpt lat="45.9524976" lon="14.2977293">
	<ele>297.72</ele>
	<time>2026-08-24T15:25:40.002Z</time>
	<hdop>3.79</hdop>
	<extensions>
		<gpxtpx:TrackPointExtension>
			<gpxtpx:course>201.0</gpxtpx:course>
		</gpxtpx:TrackPointExtension>
	</extensions>
</trkpt>
<trkpt lat="45.9523322" lon="14.2976394">
	<ele>300.69</ele>
	<time>2026-08-24T15:25:46.001Z</time>
	<hdop>3.79</hdop>
	<extensions>
		<gpxtpx:TrackPointExtension>
			<gpxtpx:course>201.0</gpxtpx:course>
		</gpxtpx:TrackPointExtension>
	</extensions>
</trkpt>
<trkpt lat="45.9522249" lon="14.2975299">
	<ele>302.89</ele>
	<time>2026-08-24T15:25:51.002Z</time>
	<hdop>3.79</hdop>
	<extensions>
		<gpxtpx:TrackPointExtension>
			<gpxtpx:course>228.0</gpxtpx:course>
		</gpxtpx:TrackPointExtension>
	</extensions>
</trkpt>
<trkpt lat="45.9521723" lon="14.2973326">
	<ele>304.42</ele>
	<time>2026-08-24T15:25:56.002Z</time>
	<hdop>3.79</hdop>
	<extensions>
		<gpxtpx:TrackPointExtension>
			<gpxtpx:course>254.0</gpxtpx:course>
		</gpxtpx:TrackPointExtension>
	</extensions>
</trkpt>
<trkpt lat="45.9521139" lon="14.2971099">
	<ele>304.65</ele>
	<time>2026-08-24T15:26:02.002Z</time>
	<hdop>3.79</hdop>
	<extensions>
		<gpxtpx:TrackPointExtension>
			<gpxtpx:course>244.0</gpxtpx:course>
		</gpxtpx:TrackPointExtension>
	</extensions>
</trkpt>
<trkpt lat="45.9520272" lon="14.2969719">
	<ele>303.11</ele>
	<time>2026-08-24T15:26:08.001Z</time>
	<hdop>3.79</hdop>
	<extensions>
		<gpxtpx:TrackPointExtension>
			<gpxtpx:course>206.0</gpxtpx:course>
		</gpxtpx:TrackPointExtension>
	</extensions>
</trkpt>
<trkpt lat="45.9519266" lon="14.2970423">
	<ele>301.68</ele>
	<time>2026-08-24T15:26:13.003Z</time>
	<hdop>3.79</hdop>
	<extensions>
		<gpxtpx:TrackPointExtension>
			<gpxtpx:course>158.0</gpxtpx:course>
		</gpxtpx:TrackPointExtension>
	</extensions>
</trkpt>
<trkpt lat="45.9518210" lon="14.2971151">
	<ele>301.28</ele>
	<time>2026-08-24T15:26:19.002Z</time>
	<hdop>3.79</hdop>
	<extensions>
		<gpxtpx:TrackPointExtension>
			<gpxtpx:course>144.0</gpxtpx:course>
		</gpxtpx:TrackPointExtension>
	</extensions>
</trkpt>
<trkpt lat="45.9517932" lon="14.2972482">
	<ele>303.21</ele>
	<time>2026-08-24T15:26:26.003Z</time>
	<hdop>3.79</hdop>
	<extensions>
		<gpxtpx:TrackPointExtension>
			<gpxtpx:course>62.0</gpxtpx:course>
		</gpxtpx:TrackPointExtension>
	</extensions>
</trkpt>
<trkpt lat="45.9518503" lon="14.2973544">
	<ele>304.76</ele>
	<time>2026-08-24T15:26:47.003Z</time>
	<hdop>3.79</hdop>
	<extensions>
		<gpxtpx:TrackPointExtension>
			<gpxtpx:course>71.0</gpxtpx:course>
		</gpxtpx:TrackPointExtension>
	</extensions>
</trkpt>
<trkpt lat="45.9519018" lon="14.2974622">
	<ele>305.59</ele>
	<time>2026-08-24T15:26:54.001Z</time>
	<hdop>3.79</hdop>
	<extensions>
		<gpxtpx:TrackPointExtension>
			<gpxtpx:course>53.0</gpxtpx:course>
		</gpxtpx:TrackPointExtension>
	</extensions>
</trkpt>
<trkpt lat="45.9519098" lon="14.2976062">
	<ele>306.33</ele>
	<time>2026-08-24T15:27:01.001Z</time>
	<hdop>3.79</hdop>
	<extensions>
		<gpxtpx:TrackPointExtension>
			<gpxtpx:course>85.0</gpxtpx:course>
		</gpxtpx:TrackPointExtension>
	</extensions>
</trkpt>
<trkpt lat="45.9519859" lon="14.2976829">
	<ele>305.58</ele>
	<time>2026-08-24T15:38:08.485Z</time>
	<hdop>4.09</hdop>
	<extensions>
		<gpxtpx:TrackPointExtension>
			<gpxtpx:course>11.130472</gpxtpx:course>
		</gpxtpx:TrackPointExtension>
	</extensions>
</trkpt>
<trkpt lat="45.9519806" lon="14.2978547">
	<ele>305.72</ele>
	<time>2026-08-24T15:38:13.627Z</time>
	<hdop>3.51</hdop>
	<extensions>
		<gpxtpx:TrackPointExtension>
			<gpxtpx:course>135.50665</gpxtpx:course>
		</gpxtpx:TrackPointExtension>
	</extensions>
</trkpt>
<trkpt lat="45.9518043" lon="14.2979106">
	<ele>310.15</ele>
	<time>2026-08-24T15:38:19.001Z</time>
	<hdop>3.40</hdop>
	<extensions>
		<gpxtpx:TrackPointExtension>
			<gpxtpx:course>190.0</gpxtpx:course>
		</gpxtpx:TrackPointExtension>
	</extensions>
</trkpt>
<trkpt lat="45.9517327" lon="14.2980452">
	<ele>313.13</ele>
	<time>2026-08-24T15:38:25.000Z</time>
	<hdop>3.82</hdop>
	<extensions>
		<gpxtpx:TrackPointExtension>
			<gpxtpx:course>86.0</gpxtpx:course>
		</gpxtpx:TrackPointExtension>
	</extensions>
</trkpt>
<trkpt lat="45.9518111" lon="14.2981933">
	<ele>312.37</ele>
	<time>2026-08-24T15:38:30.000Z</time>
	<hdop>3.79</hdop>
	<extensions>
		<gpxtpx:TrackPointExtension>
			<gpxtpx:course>32.0</gpxtpx:course>
		</gpxtpx:TrackPointExtension>
	</extensions>
</trkpt>
<trkpt lat="45.9519508" lon="14.2982548">
	<ele>307.83</ele>
	<time>2026-08-24T15:38:35.000Z</time>
	<hdop>3.79</hdop>
	<extensions>
		<gpxtpx:TrackPointExtension>
			<gpxtpx:course>1.0</gpxtpx:course>
		</gpxtpx:TrackPointExtension>
	</extensions>
</trkpt>
<trkpt lat="45.9521504" lon="14.2983638">
	<ele>300.00</ele>
	<time>2026-08-24T15:38:41.000Z</time>
	<hdop>3.79</hdop>
	<extensions>
		<gpxtpx:TrackPointExtension>
			<gpxtpx:course>20.0</gpxtpx:course>
		</gpxtpx:TrackPointExtension>
	</extensions>
</trkpt>
<trkpt lat="45.9523028" lon="14.2984569">
	<ele>293.89</ele>
	<time>2026-08-24T15:38:46.000Z</time>
	<hdop>3.79</hdop>
	<extensions>
		<gpxtpx:TrackPointExtension>
			<gpxtpx:course>24.0</gpxtpx:course>
		</gpxtpx:TrackPointExtension>
	</extensions>
</trkpt>
<trkpt lat="45.9524048" lon="14.2986454">
	<ele>290.31</ele>
	<time>2026-08-24T15:38:51.001Z</time>
	<hdop>3.79</hdop>
	<extensions>
		<gpxtpx:TrackPointExtension>
			<gpxtpx:course>65.0</gpxtpx:course>
		</gpxtpx:TrackPointExtension>
	</extensions>
</trkpt>
<trkpt lat="45.9524241" lon="14.2989827">
	<ele>290.86</ele>
	<time>2026-08-24T15:38:57.000Z</time>
	<hdop>3.79</hdop>
	<extensions>
		<gpxtpx:TrackPointExtension>
			<gpxtpx:course>100.0</gpxtpx:course>
		</gpxtpx:TrackPointExtension>
	</extensions>
</trkpt>
<trkpt lat="45.9524324" lon="14.2992416">
	<ele>292.98</ele>
	<time>2026-08-24T15:39:02.001Z</time>
	<hdop>3.79</hdop>
	<extensions>
		<gpxtpx:TrackPointExtension>
			<gpxtpx:course>83.0</gpxtpx:course>
		</gpxtpx:TrackPointExtension>
	</extensions>
</trkpt>
<trkpt lat="45.9525848" lon="14.2994518">
	<ele>294.64</ele>
	<time>2026-08-24T15:39:07.999Z</time>
	<hdop>3.79</hdop>
	<extensions>
		<gpxtpx:TrackPointExtension>
			<gpxtpx:course>34.0</gpxtpx:course>
		</gpxtpx:TrackPointExtension>
	</extensions>
</trkpt>
<trkpt lat="45.9527338" lon="14.2995997">
	<ele>296.38</ele>
	<time>2026-08-24T15:39:13.000Z</time>
	<hdop>3.79</hdop>
	<extensions>
		<gpxtpx:TrackPointExtension>
			<gpxtpx:course>43.0</gpxtpx:course>
		</gpxtpx:TrackPointExtension>
	</extensions>
</trkpt>
<trkpt lat="45.9528564" lon="14.2997699">
	<ele>298.34</ele>
	<time>2026-08-24T15:39:18.001Z</time>
	<hdop>3.79</hdop>
	<extensions>
		<gpxtpx:TrackPointExtension>
			<gpxtpx:course>46.0</gpxtpx:course>
		</gpxtpx:TrackPointExtension>
	</extensions>
</trkpt>
<trkpt lat="45.9530147" lon="14.2999402">
	<ele>298.51</ele>
	<time>2026-08-24T15:39:23.999Z</time>
	<hdop>3.79</hdop>
	<extensions>
		<gpxtpx:TrackPointExtension>
			<gpxtpx:course>16.0</gpxtpx:course>
		</gpxtpx:TrackPointExtension>
	</extensions>
</trkpt>
<trkpt lat="45.9532188" lon="14.2999558">
	<ele>296.86</ele>
	<time>2026-08-24T15:39:29.000Z</time>
	<hdop>3.79</hdop>
	<extensions>
		<gpxtpx:TrackPointExtension>
			<gpxtpx:course>0.0</gpxtpx:course>
		</gpxtpx:TrackPointExtension>
	</extensions>
</trkpt>
<trkpt lat="45.9534117" lon="14.3000287">
	<ele>295.61</ele>
	<time>2026-08-24T15:39:34.001Z</time>
	<hdop>3.79</hdop>
	<extensions>
		<gpxtpx:TrackPointExtension>
			<gpxtpx:course>47.0</gpxtpx:course>
		</gpxtpx:TrackPointExtension>
	</extensions>
</trkpt>
<trkpt lat="45.9535865" lon="14.3002817">
	<ele>295.08</ele>
	<time>2026-08-24T15:39:40.000Z</time>
	<hdop>3.79</hdop>
	<extensions>
		<gpxtpx:TrackPointExtension>
			<gpxtpx:course>34.0</gpxtpx:course>
		</gpxtpx:TrackPointExtension>
	</extensions>
</trkpt>
<trkpt lat="45.9537914" lon="14.3005285">
	<ele>295.03</ele>
	<time>2026-08-24T15:39:45.999Z</time>
	<hdop>3.79</hdop>
	<extensions>
		<gpxtpx:TrackPointExtension>
			<gpxtpx:course>40.0</gpxtpx:course>
		</gpxtpx:TrackPointExtension>
	</extensions>
</trkpt>
<trkpt lat="45.9539347" lon="14.3007625">
	<ele>295.21</ele>
	<time>2026-08-24T15:39:51.000Z</time>
	<hdop>3.79</hdop>
	<extensions>
		<gpxtpx:TrackPointExtension>
			<gpxtpx:course>66.0</gpxtpx:course>
		</gpxtpx:TrackPointExtension>
	</extensions>
</trkpt>
<trkpt lat="45.9540634" lon="14.3011067">
	<ele>294.98</ele>
	<time>2026-08-24T15:39:56.999Z</time>
	<hdop>3.79</hdop>
	<extensions>
		<gpxtpx:TrackPointExtension>
			<gpxtpx:course>60.0</gpxtpx:course>
		</gpxtpx:TrackPointExtension>
	</extensions>
</trkpt>
<trkpt lat="45.9542232" lon="14.3013368">
	<ele>294.57</ele>
	<time>2026-08-24T15:40:02.000Z</time>
	<hdop>3.79</hdop>
	<extensions>
		<gpxtpx:TrackPointExtension>
			<gpxtpx:course>30.0</gpxtpx:course>
		</gpxtpx:TrackPointExtension>
	</extensions>
</trkpt>
<trkpt lat="45.9544091" lon="14.3014852">
	<ele>294.71</ele>
	<time>2026-08-24T15:40:07.000Z</time>
	<hdop>3.79</hdop>
	<extensions>
		<gpxtpx:TrackPointExtension>
			<gpxtpx:course>23.0</gpxtpx:course>
		</gpxtpx:TrackPointExtension>
	</extensions>
</trkpt>
<trkpt lat="45.9546588" lon="14.3016283">
	<ele>295.24</ele>
	<time>2026-08-24T15:40:12.999Z</time>
	<hdop>3.79</hdop>
	<extensions>
		<gpxtpx:TrackPointExtension>
			<gpxtpx:course>24.0</gpxtpx:course>
		</gpxtpx:TrackPointExtension>
	</extensions>
</trkpt>
<trkpt lat="45.9548684" lon="14.3017236">
	<ele>295.51</ele>
	<time>2026-08-24T15:40:18.001Z</time>
	<hdop>3.79</hdop>
	<extensions>
		<gpxtpx:TrackPointExtension>
			<gpxtpx:course>17.0</gpxtpx:course>
		</gpxtpx:TrackPointExtension>
	</extensions>
</trkpt>
<trkpt lat="45.9551289" lon="14.3018418">
	<ele>294.98</ele>
	<time>2026-08-24T15:40:24.000Z</time>
	<hdop>3.79</hdop>
	<extensions>
		<gpxtpx:TrackPointExtension>
			<gpxtpx:course>12.0</gpxtpx:course>
		</gpxtpx:TrackPointExtension>
	</extensions>
</trkpt>
<trkpt lat="45.9553807" lon="14.3018374">
	<ele>294.29</ele>
	<time>2026-08-24T15:40:29.999Z</time>
	<hdop>3.79</hdop>
	<extensions>
		<gpxtpx:TrackPointExtension>
			<gpxtpx:course>341.0</gpxtpx:course>
		</gpxtpx:TrackPointExtension>
	</extensions>
</trkpt>
<trkpt lat="45.9555969" lon="14.3017284">
	<ele>293.74</ele>
	<time>2026-08-24T15:40:35.000Z</time>
	<hdop>3.79</hdop>
	<extensions>
		<gpxtpx:TrackPointExtension>
			<gpxtpx:course>338.0</gpxtpx:course>
		</gpxtpx:TrackPointExtension>
	</extensions>
</trkpt>
<trkpt lat="45.9558128" lon="14.3016347">
	<ele>293.08</ele>
	<time>2026-08-24T15:40:40.000Z</time>
	<hdop>3.79</hdop>
	<extensions>
		<gpxtpx:TrackPointExtension>
			<gpxtpx:course>356.0</gpxtpx:course>
		</gpxtpx:TrackPointExtension>
	</extensions>
</trkpt>
<trkpt lat="45.9560175" lon="14.3016942">
	<ele>292.87</ele>
	<time>2026-08-24T15:40:45.001Z</time>
	<hdop>3.79</hdop>
	<extensions>
		<gpxtpx:TrackPointExtension>
			<gpxtpx:course>17.0</gpxtpx:course>
		</gpxtpx:TrackPointExtension>
	</extensions>
</trkpt>
<trkpt lat="45.9562272" lon="14.3018131">
	<ele>293.02</ele>
	<time>2026-08-24T15:40:50.999Z</time>
	<hdop>3.79</hdop>
	<extensions>
		<gpxtpx:TrackPointExtension>
			<gpxtpx:course>22.0</gpxtpx:course>
		</gpxtpx:TrackPointExtension>
	</extensions>
</trkpt>
<trkpt lat="45.9564488" lon="14.3019731">
	<ele>293.19</ele>
	<time>2026-08-24T15:40:57.000Z</time>
	<hdop>3.79</hdop>
	<extensions>
		<gpxtpx:TrackPointExtension>
			<gpxtpx:course>29.0</gpxtpx:course>
		</gpxtpx:TrackPointExtension>
	</extensions>
</trkpt>
<trkpt lat="45.9566142" lon="14.3021038">
	<ele>293.20</ele>
	<time>2026-08-24T15:41:02.000Z</time>
	<hdop>3.79</hdop>
	<extensions>
		<gpxtpx:TrackPointExtension>
			<gpxtpx:course>36.0</gpxtpx:course>
		</gpxtpx:TrackPointExtension>
	</extensions>
</trkpt>
<trkpt lat="45.9567491" lon="14.3022538">
	<ele>293.12</ele>
	<time>2026-08-24T15:41:08.001Z</time>
	<hdop>3.79</hdop>
	<extensions>
		<gpxtpx:TrackPointExtension>
			<gpxtpx:course>9.0</gpxtpx:course>
		</gpxtpx:TrackPointExtension>
	</extensions>
</trkpt>
<trkpt lat="45.9569524" lon="14.3022223">
	<ele>292.94</ele>
	<time>2026-08-24T15:41:14.000Z</time>
	<hdop>3.79</hdop>
	<extensions>
		<gpxtpx:TrackPointExtension>
			<gpxtpx:course>356.0</gpxtpx:course>
		</gpxtpx:TrackPointExtension>
	</extensions>
</trkpt>
<trkpt lat="45.9571803" lon="14.3021714">
	<ele>292.52</ele>
	<time>2026-08-24T15:41:20.000Z</time>
	<hdop>3.79</hdop>
	<extensions>
		<gpxtpx:TrackPointExtension>
			<gpxtpx:course>352.0</gpxtpx:course>
		</gpxtpx:TrackPointExtension>
	</extensions>
</trkpt>
<trkpt lat="45.9573944" lon="14.3021841">
	<ele>292.21</ele>
	<time>2026-08-24T15:41:25.001Z</time>
	<hdop>3.79</hdop>
	<extensions>
		<gpxtpx:TrackPointExtension>
			<gpxtpx:course>10.0</gpxtpx:course>
		</gpxtpx:TrackPointExtension>
	</extensions>
</trkpt>
<trkpt lat="45.9575899" lon="14.3022322">
	<ele>292.26</ele>
	<time>2026-08-24T15:41:30.001Z</time>
	<hdop>3.79</hdop>
	<extensions>
		<gpxtpx:TrackPointExtension>
			<gpxtpx:course>2.0</gpxtpx:course>
		</gpxtpx:TrackPointExtension>
	</extensions>
</trkpt>
<trkpt lat="45.9578162" lon="14.3022820">
	<ele>292.50</ele>
	<time>2026-08-24T15:41:35.999Z</time>
	<hdop>3.79</hdop>
	<extensions>
		<gpxtpx:TrackPointExtension>
			<gpxtpx:course>9.0</gpxtpx:course>
		</gpxtpx:TrackPointExtension>
	</extensions>
</trkpt>
<trkpt lat="45.9579221" lon="14.3022984">
	<ele>292.65</ele>
	<time>2026-08-24T15:41:52.000Z</time>
	<hdop>3.79</hdop>
	<extensions>
		<gpxtpx:TrackPointExtension>
			<gpxtpx:course>2.0</gpxtpx:course>
		</gpxtpx:TrackPointExtension>
	</extensions>
</trkpt>
<trkpt lat="45.9581075" lon="14.3024451">
	<ele>293.51</ele>
	<time>2026-08-24T15:41:58.001Z</time>
	<hdop>3.79</hdop>
	<extensions>
		<gpxtpx:TrackPointExtension>
			<gpxtpx:course>50.0</gpxtpx:course>
		</gpxtpx:TrackPointExtension>
	</extensions>
</trkpt>
<trkpt lat="45.9582475" lon="14.3026532">
	<ele>294.22</ele>
	<time>2026-08-24T15:42:04.000Z</time>
	<hdop>3.79</hdop>
	<extensions>
		<gpxtpx:TrackPointExtension>
			<gpxtpx:course>38.0</gpxtpx:course>
		</gpxtpx:TrackPointExtension>
	</extensions>
</trkpt>
<trkpt lat="45.9583785" lon="14.3028023">
	<ele>294.43</ele>
	<time>2026-08-24T15:42:09.000Z</time>
	<hdop>3.79</hdop>
	<extensions>
		<gpxtpx:TrackPointExtension>
			<gpxtpx:course>51.0</gpxtpx:course>
		</gpxtpx:TrackPointExtension>
	</extensions>
</trkpt>
<trkpt lat="45.9584281" lon="14.3031593">
	<ele>294.25</ele>
	<time>2026-08-24T15:42:14.998Z</time>
	<hdop>3.79</hdop>
	<extensions>
		<gpxtpx:TrackPointExtension>
			<gpxtpx:course>82.0</gpxtpx:course>
		</gpxtpx:TrackPointExtension>
	</extensions>
</trkpt>
<trkpt lat="45.9584377" lon="14.3034645">
	<ele>294.00</ele>
	<time>2026-08-24T15:42:19.999Z</time>
	<hdop>3.79</hdop>
	<extensions>
		<gpxtpx:TrackPointExtension>
			<gpxtpx:course>82.0</gpxtpx:course>
		</gpxtpx:TrackPointExtension>
	</extensions>
</trkpt>
<trkpt lat="45.9584296" lon="14.3038400">
	<ele>293.46</ele>
	<time>2026-08-24T15:42:25.999Z</time>
	<hdop>3.79</hdop>
	<extensions>
		<gpxtpx:TrackPointExtension>
			<gpxtpx:course>87.0</gpxtpx:course>
		</gpxtpx:TrackPointExtension>
	</extensions>
</trkpt>
<trkpt lat="45.9584265" lon="14.3041585">
	<ele>293.07</ele>
	<time>2026-08-24T15:42:31.000Z</time>
	<hdop>3.79</hdop>
	<extensions>
		<gpxtpx:TrackPointExtension>
			<gpxtpx:course>91.0</gpxtpx:course>
		</gpxtpx:TrackPointExtension>
	</extensions>
</trkpt>
<trkpt lat="45.9584168" lon="14.3045091">
	<ele>292.77</ele>
	<time>2026-08-24T15:42:36.999Z</time>
	<hdop>3.79</hdop>
	<extensions>
		<gpxtpx:TrackPointExtension>
			<gpxtpx:course>95.0</gpxtpx:course>
		</gpxtpx:TrackPointExtension>
	</extensions>
</trkpt>
<trkpt lat="45.9583640" lon="14.3047672">
	<ele>292.69</ele>
	<time>2026-08-24T15:42:41.999Z</time>
	<hdop>3.79</hdop>
	<extensions>
		<gpxtpx:TrackPointExtension>
			<gpxtpx:course>124.0</gpxtpx:course>
		</gpxtpx:TrackPointExtension>
	</extensions>
</trkpt>
<trkpt lat="45.9581418" lon="14.3049124">
	<ele>292.68</ele>
	<time>2026-08-24T15:42:47.999Z</time>
	<hdop>3.79</hdop>
	<extensions>
		<gpxtpx:TrackPointExtension>
			<gpxtpx:course>161.0</gpxtpx:course>
		</gpxtpx:TrackPointExtension>
	</extensions>
</trkpt>
<trkpt lat="45.9579553" lon="14.3050404">
	<ele>292.62</ele>
	<time>2026-08-24T15:42:53.000Z</time>
	<hdop>3.79</hdop>
	<extensions>
		<gpxtpx:TrackPointExtension>
			<gpxtpx:course>141.0</gpxtpx:course>
		</gpxtpx:TrackPointExtension>
	</extensions>
</trkpt>
<trkpt lat="45.9578407" lon="14.3052665">
	<ele>292.86</ele>
	<time>2026-08-24T15:42:58.000Z</time>
	<hdop>3.79</hdop>
	<extensions>
		<gpxtpx:TrackPointExtension>
			<gpxtpx:course>113.0</gpxtpx:course>
		</gpxtpx:TrackPointExtension>
	</extensions>
</trkpt>
<trkpt lat="45.9577965" lon="14.3055248">
	<ele>293.28</ele>
	<time>2026-08-24T15:43:03.000Z</time>
	<hdop>3.79</hdop>
	<extensions>
		<gpxtpx:TrackPointExtension>
			<gpxtpx:course>94.0</gpxtpx:course>
		</gpxtpx:TrackPointExtension>
	</extensions>
</trkpt>
<trkpt lat="45.9578020" lon="14.3057908">
	<ele>293.61</ele>
	<time>2026-08-24T15:43:08.000Z</time>
	<hdop>3.79</hdop>
	<extensions>
		<gpxtpx:TrackPointExtension>
			<gpxtpx:course>82.0</gpxtpx:course>
		</gpxtpx:TrackPointExtension>
	</extensions>
</trkpt>
<trkpt lat="45.9577788" lon="14.3060418">
	<ele>293.19</ele>
	<time>2026-08-24T15:43:13.999Z</time>
	<hdop>3.79</hdop>
	<extensions>
		<gpxtpx:TrackPointExtension>
			<gpxtpx:course>114.0</gpxtpx:course>
		</gpxtpx:TrackPointExtension>
	</extensions>
</trkpt>
<trkpt lat="45.9577320" lon="14.3062560">
	<ele>292.38</ele>
	<time>2026-08-24T15:43:18.999Z</time>
	<hdop>3.79</hdop>
	<extensions>
		<gpxtpx:TrackPointExtension>
			<gpxtpx:course>88.0</gpxtpx:course>
		</gpxtpx:TrackPointExtension>
	</extensions>
</trkpt>
<trkpt lat="45.9577466" lon="14.3064830">
	<ele>291.81</ele>
	<time>2026-08-24T15:43:23.999Z</time>
	<hdop>3.79</hdop>
	<extensions>
		<gpxtpx:TrackPointExtension>
			<gpxtpx:course>98.0</gpxtpx:course>
		</gpxtpx:TrackPointExtension>
	</extensions>
</trkpt>
<trkpt lat="45.9576864" lon="14.3067216">
	<ele>291.28</ele>
	<time>2026-08-24T15:43:28.999Z</time>
	<hdop>3.79</hdop>
	<extensions>
		<gpxtpx:TrackPointExtension>
			<gpxtpx:course>109.0</gpxtpx:course>
		</gpxtpx:TrackPointExtension>
	</extensions>
</trkpt>
<trkpt lat="45.9576561" lon="14.3069649">
	<ele>291.06</ele>
	<time>2026-08-24T15:43:34.000Z</time>
	<hdop>3.79</hdop>
	<extensions>
		<gpxtpx:TrackPointExtension>
			<gpxtpx:course>95.0</gpxtpx:course>
		</gpxtpx:TrackPointExtension>
	</extensions>
</trkpt>
<trkpt lat="45.9576504" lon="14.3072788">
	<ele>290.98</ele>
	<time>2026-08-24T15:43:40.000Z</time>
	<hdop>3.79</hdop>
	<extensions>
		<gpxtpx:TrackPointExtension>
			<gpxtpx:course>90.0</gpxtpx:course>
		</gpxtpx:TrackPointExtension>
	</extensions>
</trkpt>
<trkpt lat="45.9576496" lon="14.3075906">
	<ele>290.93</ele>
	<time>2026-08-24T15:43:46.000Z</time>
	<hdop>3.79</hdop>
	<extensions>
		<gpxtpx:TrackPointExtension>
			<gpxtpx:course>91.0</gpxtpx:course>
		</gpxtpx:TrackPointExtension>
	</extensions>
</trkpt>
<trkpt lat="45.9576378" lon="14.3079088">
	<ele>290.93</ele>
	<time>2026-08-24T15:43:51.999Z</time>
	<hdop>3.79</hdop>
	<extensions>
		<gpxtpx:TrackPointExtension>
			<gpxtpx:course>94.0</gpxtpx:course>
		</gpxtpx:TrackPointExtension>
	</extensions>
</trkpt>
<trkpt lat="45.9576078" lon="14.3081713">
	<ele>290.96</ele>
	<time>2026-08-24T15:43:56.999Z</time>
	<hdop>3.79</hdop>
	<extensions>
		<gpxtpx:TrackPointExtension>
			<gpxtpx:course>103.0</gpxtpx:course>
		</gpxtpx:TrackPointExtension>
	</extensions>
</trkpt>
<trkpt lat="45.9575156" lon="14.3084612">
	<ele>290.98</ele>
	<time>2026-08-24T15:44:02.998Z</time>
	<hdop>3.79</hdop>
	<extensions>
		<gpxtpx:TrackPointExtension>
			<gpxtpx:course>121.0</gpxtpx:course>
		</gpxtpx:TrackPointExtension>
	</extensions>
</trkpt>
<trkpt lat="45.9574275" lon="14.3086594">
	<ele>291.01</ele>
	<time>2026-08-24T15:44:07.999Z</time>
	<hdop>3.79</hdop>
	<extensions>
		<gpxtpx:TrackPointExtension>
			<gpxtpx:course>123.0</gpxtpx:course>
		</gpxtpx:TrackPointExtension>
	</extensions>
</trkpt>
<trkpt lat="45.9573346" lon="14.3088334">
	<ele>291.02</ele>
	<time>2026-08-24T15:44:12.999Z</time>
	<hdop>3.79</hdop>
	<extensions>
		<gpxtpx:TrackPointExtension>
			<gpxtpx:course>129.0</gpxtpx:course>
		</gpxtpx:TrackPointExtension>
	</extensions>
</trkpt>
<trkpt lat="45.9572479" lon="14.3089687">
	<ele>291.01</ele>
	<time>2026-08-24T15:44:17.999Z</time>
	<hdop>3.79</hdop>
	<extensions>
		<gpxtpx:TrackPointExtension>
			<gpxtpx:course>128.0</gpxtpx:course>
		</gpxtpx:TrackPointExtension>
	</extensions>
</trkpt>
<trkpt lat="45.9571832" lon="14.3090785">
	<ele>291.04</ele>
	<time>2026-08-24T15:44:43.001Z</time>
	<hdop>3.79</hdop>
	<extensions>
		<gpxtpx:TrackPointExtension>
			<gpxtpx:course>138.0</gpxtpx:course>
		</gpxtpx:TrackPointExtension>
	</extensions>
</trkpt>
<trkpt lat="45.9570508" lon="14.3092810">
	<ele>291.53</ele>
	<time>2026-08-24T15:44:49.000Z</time>
	<hdop>3.79</hdop>
	<extensions>
		<gpxtpx:TrackPointExtension>
			<gpxtpx:course>140.0</gpxtpx:course>
		</gpxtpx:TrackPointExtension>
	</extensions>
</trkpt>
<trkpt lat="45.9569446" lon="14.3095220">
	<ele>293.33</ele>
	<time>2026-08-24T15:44:54.999Z</time>
	<hdop>3.79</hdop>
	<extensions>
		<gpxtpx:TrackPointExtension>
			<gpxtpx:course>123.0</gpxtpx:course>
		</gpxtpx:TrackPointExtension>
	</extensions>
</trkpt>
<trkpt lat="45.9569196" lon="14.3097689">
	<ele>295.28</ele>
	<time>2026-08-24T15:44:59.999Z</time>
	<hdop>3.79</hdop>
	<extensions>
		<gpxtpx:TrackPointExtension>
			<gpxtpx:course>92.0</gpxtpx:course>
		</gpxtpx:TrackPointExtension>
	</extensions>
</trkpt>
<trkpt lat="45.9569370" lon="14.3100424">
	<ele>295.89</ele>
	<time>2026-08-24T15:45:05.999Z</time>
	<hdop>3.79</hdop>
	<extensions>
		<gpxtpx:TrackPointExtension>
			<gpxtpx:course>86.0</gpxtpx:course>
		</gpxtpx:TrackPointExtension>
	</extensions>
</trkpt>
<trkpt lat="45.9569554" lon="14.3103298">
	<ele>294.02</ele>
	<time>2026-08-24T15:45:11.999Z</time>
	<hdop>3.79</hdop>
	<extensions>
		<gpxtpx:TrackPointExtension>
			<gpxtpx:course>86.0</gpxtpx:course>
		</gpxtpx:TrackPointExtension>
	</extensions>
</trkpt>
<trkpt lat="45.9570075" lon="14.3105778">
	<ele>291.61</ele>
	<time>2026-08-24T15:45:17.000Z</time>
	<hdop>3.79</hdop>
	<extensions>
		<gpxtpx:TrackPointExtension>
			<gpxtpx:course>61.0</gpxtpx:course>
		</gpxtpx:TrackPointExtension>
	</extensions>
</trkpt>
<trkpt lat="45.9570995" lon="14.3108151">
	<ele>290.51</ele>
	<time>2026-08-24T15:45:22.000Z</time>
	<hdop>3.79</hdop>
	<extensions>
		<gpxtpx:TrackPointExtension>
			<gpxtpx:course>57.0</gpxtpx:course>
		</gpxtpx:TrackPointExtension>
	</extensions>
</trkpt>
<trkpt lat="45.9572244" lon="14.3110887">
	<ele>291.31</ele>
	<time>2026-08-24T15:45:27.999Z</time>
	<hdop>3.79</hdop>
	<extensions>
		<gpxtpx:TrackPointExtension>
			<gpxtpx:course>55.0</gpxtpx:course>
		</gpxtpx:TrackPointExtension>
	</extensions>
</trkpt>
<trkpt lat="45.9573469" lon="14.3113463">
	<ele>292.33</ele>
	<time>2026-08-24T15:45:34.000Z</time>
	<hdop>3.79</hdop>
	<extensions>
		<gpxtpx:TrackPointExtension>
			<gpxtpx:course>51.0</gpxtpx:course>
		</gpxtpx:TrackPointExtension>
	</extensions>
</trkpt>
<trkpt lat="45.9574122" lon="14.3115855">
	<ele>293.11</ele>
	<time>2026-08-24T15:45:40.000Z</time>
	<hdop>3.79</hdop>
	<extensions>
		<gpxtpx:TrackPointExtension>
			<gpxtpx:course>108.0</gpxtpx:course>
		</gpxtpx:TrackPointExtension>
	</extensions>
</trkpt>
<trkpt lat="45.9573817" lon="14.3117764">
	<ele>294.39</ele>
	<time>2026-08-24T15:45:45.998Z</time>
	<hdop>3.79</hdop>
	<extensions>
		<gpxtpx:TrackPointExtension>
			<gpxtpx:course>77.0</gpxtpx:course>
		</gpxtpx:TrackPointExtension>
	</extensions>
</trkpt>
<trkpt lat="45.9573607" lon="14.3119263">
	<ele>295.51</ele>
	<time>2026-08-24T15:45:50.999Z</time>
	<hdop>3.79</hdop>
	<extensions>
		<gpxtpx:TrackPointExtension>
			<gpxtpx:course>88.0</gpxtpx:course>
		</gpxtpx:TrackPointExtension>
	</extensions>
</trkpt>
<trkpt lat="45.9573480" lon="14.3120987">
	<ele>296.89</ele>
	<time>2026-08-24T15:45:56.999Z</time>
	<hdop>3.79</hdop>
	<extensions>
		<gpxtpx:TrackPointExtension>
			<gpxtpx:course>101.0</gpxtpx:course>
		</gpxtpx:TrackPointExtension>
	</extensions>
</trkpt>
<trkpt lat="45.9573173" lon="14.3122547">
	<ele>298.51</ele>
	<time>2026-08-24T15:46:03.000Z</time>
	<hdop>3.79</hdop>
	<extensions>
		<gpxtpx:TrackPointExtension>
			<gpxtpx:course>110.0</gpxtpx:course>
		</gpxtpx:TrackPointExtension>
	</extensions>
</trkpt>
<trkpt lat="45.9572917" lon="14.3124168">
	<ele>300.38</ele>
	<time>2026-08-24T15:46:08.999Z</time>
	<hdop>3.79</hdop>
	<extensions>
		<gpxtpx:TrackPointExtension>
			<gpxtpx:course>88.0</gpxtpx:course>
		</gpxtpx:TrackPointExtension>
	</extensions>
</trkpt>
<trkpt lat="45.9573125" lon="14.3125698">
	<ele>301.89</ele>
	<time>2026-08-24T15:46:14.998Z</time>
	<hdop>3.79</hdop>
	<extensions>
		<gpxtpx:TrackPointExtension>
			<gpxtpx:course>69.0</gpxtpx:course>
		</gpxtpx:TrackPointExtension>
	</extensions>
</trkpt>
<trkpt lat="45.9573497" lon="14.3126888">
	<ele>302.96</ele>
	<time>2026-08-24T15:46:19.999Z</time>
	<hdop>3.79</hdop>
	<extensions>
		<gpxtpx:TrackPointExtension>
			<gpxtpx:course>65.0</gpxtpx:course>
		</gpxtpx:TrackPointExtension>
	</extensions>
</trkpt>
<trkpt lat="45.9573816" lon="14.3128106">
	<ele>304.20</ele>
	<time>2026-08-24T15:46:25.000Z</time>
	<hdop>3.79</hdop>
	<extensions>
		<gpxtpx:TrackPointExtension>
			<gpxtpx:course>61.0</gpxtpx:course>
		</gpxtpx:TrackPointExtension>
	</extensions>
</trkpt>
<trkpt lat="45.9574219" lon="14.3129545">
	<ele>305.70</ele>
	<time>2026-08-24T15:46:31.000Z</time>
	<hdop>3.79</hdop>
	<extensions>
		<gpxtpx:TrackPointExtension>
			<gpxtpx:course>85.0</gpxtpx:course>
		</gpxtpx:TrackPointExtension>
	</extensions>
</trkpt>
<trkpt lat="45.9574046" lon="14.3131174">
	<ele>308.29</ele>
	<time>2026-08-24T15:46:36.998Z</time>
	<hdop>3.79</hdop>
	<extensions>
		<gpxtpx:TrackPointExtension>
			<gpxtpx:course>102.0</gpxtpx:course>
		</gpxtpx:TrackPointExtension>
	</extensions>
</trkpt>
<trkpt lat="45.9573658" lon="14.3132492">
	<ele>310.76</ele>
	<time>2026-08-24T15:46:42.998Z</time>
	<hdop>3.79</hdop>
	<extensions>
		<gpxtpx:TrackPointExtension>
			<gpxtpx:course>111.0</gpxtpx:course>
		</gpxtpx:TrackPointExtension>
	</extensions>
</trkpt>
<trkpt lat="45.9573333" lon="14.3133765">
	<ele>313.01</ele>
	<time>2026-08-24T15:46:47.998Z</time>
	<hdop>3.79</hdop>
	<extensions>
		<gpxtpx:TrackPointExtension>
			<gpxtpx:course>116.0</gpxtpx:course>
		</gpxtpx:TrackPointExtension>
	</extensions>
</trkpt>
<trkpt lat="45.9573216" lon="14.3135156">
	<ele>315.17</ele>
	<time>2026-08-24T15:47:05.998Z</time>
	<hdop>3.79</hdop>
	<extensions>
		<gpxtpx:TrackPointExtension>
			<gpxtpx:course>97.0</gpxtpx:course>
		</gpxtpx:TrackPointExtension>
	</extensions>
</trkpt>
<trkpt lat="45.9573262" lon="14.3136502">
	<ele>316.84</ele>
	<time>2026-08-24T15:47:11.998Z</time>
	<hdop>3.79</hdop>
	<extensions>
		<gpxtpx:TrackPointExtension>
			<gpxtpx:course>82.0</gpxtpx:course>
		</gpxtpx:TrackPointExtension>
	</extensions>
</trkpt>
<trkpt lat="45.9573745" lon="14.3137844">
	<ele>317.85</ele>
	<time>2026-08-24T15:47:18.000Z</time>
	<hdop>3.79</hdop>
	<extensions>
		<gpxtpx:TrackPointExtension>
			<gpxtpx:course>64.0</gpxtpx:course>
		</gpxtpx:TrackPointExtension>
	</extensions>
</trkpt>
<trkpt lat="45.9574003" lon="14.3139266">
	<ele>319.28</ele>
	<time>2026-08-24T15:47:23.998Z</time>
	<hdop>3.79</hdop>
	<extensions>
		<gpxtpx:TrackPointExtension>
			<gpxtpx:course>78.0</gpxtpx:course>
		</gpxtpx:TrackPointExtension>
	</extensions>
</trkpt>
<trkpt lat="45.9574199" lon="14.3140691">
	<ele>320.85</ele>
	<time>2026-08-24T15:51:28.000Z</time>
	<hdop>3.79</hdop>
	<extensions>
		<gpxtpx:TrackPointExtension>
			<gpxtpx:course>80.0</gpxtpx:course>
		</gpxtpx:TrackPointExtension>
	</extensions>
</trkpt>
<trkpt lat="45.9574498" lon="14.3142678">
	<ele>323.27</ele>
	<time>2026-08-24T15:51:33.998Z</time>
	<hdop>3.79</hdop>
	<extensions>
		<gpxtpx:TrackPointExtension>
			<gpxtpx:course>86.0</gpxtpx:course>
		</gpxtpx:TrackPointExtension>
	</extensions>
</trkpt>
<trkpt lat="45.9574828" lon="14.3144358">
	<ele>325.47</ele>
	<time>2026-08-24T15:51:39.000Z</time>
	<hdop>3.79</hdop>
	<extensions>
		<gpxtpx:TrackPointExtension>
			<gpxtpx:course>75.0</gpxtpx:course>
		</gpxtpx:TrackPointExtension>
	</extensions>
</trkpt>
<trkpt lat="45.9575855" lon="14.3146426">
	<ele>327.51</ele>
	<time>2026-08-24T15:51:44.999Z</time>
	<hdop>3.79</hdop>
	<extensions>
		<gpxtpx:TrackPointExtension>
			<gpxtpx:course>46.0</gpxtpx:course>
		</gpxtpx:TrackPointExtension>
	</extensions>
</trkpt>
<trkpt lat="45.9576656" lon="14.3148019">
	<ele>329.18</ele>
	<time>2026-08-24T15:51:49.999Z</time>
	<hdop>3.79</hdop>
	<extensions>
		<gpxtpx:TrackPointExtension>
			<gpxtpx:course>60.0</gpxtpx:course>
		</gpxtpx:TrackPointExtension>
	</extensions>
</trkpt>
<trkpt lat="45.9577096" lon="14.3149767">
	<ele>331.54</ele>
	<time>2026-08-24T15:51:54.999Z</time>
	<hdop>3.85</hdop>
	<extensions>
		<gpxtpx:TrackPointExtension>
			<gpxtpx:course>77.0</gpxtpx:course>
		</gpxtpx:TrackPointExtension>
	</extensions>
</trkpt>
<trkpt lat="45.9577339" lon="14.3151505">
	<ele>334.06</ele>
	<time>2026-08-24T15:51:59.999Z</time>
	<hdop>3.79</hdop>
	<extensions>
		<gpxtpx:TrackPointExtension>
			<gpxtpx:course>89.0</gpxtpx:course>
		</gpxtpx:TrackPointExtension>
	</extensions>
</trkpt>
<trkpt lat="45.9577465" lon="14.3153117">
	<ele>336.54</ele>
	<time>2026-08-24T15:52:04.999Z</time>
	<hdop>3.79</hdop>
	<extensions>
		<gpxtpx:TrackPointExtension>
			<gpxtpx:course>85.0</gpxtpx:course>
		</gpxtpx:TrackPointExtension>
	</extensions>
</trkpt>
<trkpt lat="45.9577493" lon="14.3154703">
	<ele>339.01</ele>
	<time>2026-08-24T15:52:09.999Z</time>
	<hdop>3.79</hdop>
	<extensions>
		<gpxtpx:TrackPointExtension>
			<gpxtpx:course>92.0</gpxtpx:course>
		</gpxtpx:TrackPointExtension>
	</extensions>
</trkpt>
<trkpt lat="45.9577189" lon="14.3156127">
	<ele>341.53</ele>
	<time>2026-08-24T15:52:14.999Z</time>
	<hdop>3.79</hdop>
	<extensions>
		<gpxtpx:TrackPointExtension>
			<gpxtpx:course>113.0</gpxtpx:course>
		</gpxtpx:TrackPointExtension>
	</extensions>
</trkpt>
<trkpt lat="45.9576621" lon="14.3157303">
	<ele>343.97</ele>
	<time>2026-08-24T15:52:19.999Z</time>
	<hdop>3.79</hdop>
	<extensions>
		<gpxtpx:TrackPointExtension>
			<gpxtpx:course>120.0</gpxtpx:course>
		</gpxtpx:TrackPointExtension>
	</extensions>
</trkpt>
<trkpt lat="45.9575777" lon="14.3158339">
	<ele>346.60</ele>
	<time>2026-08-24T15:52:25.998Z</time>
	<hdop>3.79</hdop>
	<extensions>
		<gpxtpx:TrackPointExtension>
			<gpxtpx:course>148.0</gpxtpx:course>
		</gpxtpx:TrackPointExtension>
	</extensions>
</trkpt>
<trkpt lat="45.9575038" lon="14.3159244">
	<ele>348.92</ele>
	<time>2026-08-24T15:52:30.998Z</time>
	<hdop>3.79</hdop>
	<extensions>
		<gpxtpx:TrackPointExtension>
			<gpxtpx:course>127.0</gpxtpx:course>
		</gpxtpx:TrackPointExtension>
	</extensions>
</trkpt>
<trkpt lat="45.9574606" lon="14.3160848">
	<ele>351.70</ele>
	<time>2026-08-24T15:52:36.998Z</time>
	<hdop>3.79</hdop>
	<extensions>
		<gpxtpx:TrackPointExtension>
			<gpxtpx:course>120.0</gpxtpx:course>
		</gpxtpx:TrackPointExtension>
	</extensions>
</trkpt>
<trkpt lat="45.9573890" lon="14.3161836">
	<ele>354.12</ele>
	<time>2026-08-24T15:52:41.998Z</time>
	<hdop>3.79</hdop>
	<extensions>
		<gpxtpx:TrackPointExtension>
			<gpxtpx:course>130.0</gpxtpx:course>
		</gpxtpx:TrackPointExtension>
	</extensions>
</trkpt>
<trkpt lat="45.9573170" lon="14.3163303">
	<ele>356.95</ele>
	<time>2026-08-24T15:52:47.998Z</time>
	<hdop>3.79</hdop>
	<extensions>
		<gpxtpx:TrackPointExtension>
			<gpxtpx:course>135.0</gpxtpx:course>
		</gpxtpx:TrackPointExtension>
	</extensions>
</trkpt>
<trkpt lat="45.9572464" lon="14.3164519">
	<ele>359.29</ele>
	<time>2026-08-24T15:52:52.998Z</time>
	<hdop>3.79</hdop>
	<extensions>
		<gpxtpx:TrackPointExtension>
			<gpxtpx:course>127.0</gpxtpx:course>
		</gpxtpx:TrackPointExtension>
	</extensions>
</trkpt>
<trkpt lat="45.9571816" lon="14.3165861">
	<ele>361.39</ele>
	<time>2026-08-24T15:52:57.998Z</time>
	<hdop>3.79</hdop>
	<extensions>
		<gpxtpx:TrackPointExtension>
			<gpxtpx:course>125.0</gpxtpx:course>
		</gpxtpx:TrackPointExtension>
	</extensions>
</trkpt>
<trkpt lat="45.9571118" lon="14.3167024">
	<ele>363.22</ele>
	<time>2026-08-24T15:53:02.998Z</time>
	<hdop>3.79</hdop>
	<extensions>
		<gpxtpx:TrackPointExtension>
			<gpxtpx:course>138.0</gpxtpx:course>
		</gpxtpx:TrackPointExtension>
	</extensions>
</trkpt>
<trkpt lat="45.9570406" lon="14.3168176">
	<ele>364.95</ele>
	<time>2026-08-24T15:53:07.998Z</time>
	<hdop>3.79</hdop>
	<extensions>
		<gpxtpx:TrackPointExtension>
			<gpxtpx:course>126.0</gpxtpx:course>
		</gpxtpx:TrackPointExtension>
	</extensions>
</trkpt>
<trkpt lat="45.9569503" lon="14.3169519">
	<ele>367.04</ele>
	<time>2026-08-24T15:53:13.998Z</time>
	<hdop>3.79</hdop>
	<extensions>
		<gpxtpx:TrackPointExtension>
			<gpxtpx:course>132.0</gpxtpx:course>
		</gpxtpx:TrackPointExtension>
	</extensions>
</trkpt>
<trkpt lat="45.9568868" lon="14.3170739">
	<ele>368.72</ele>
	<time>2026-08-24T15:53:18.999Z</time>
	<hdop>3.79</hdop>
	<extensions>
		<gpxtpx:TrackPointExtension>
			<gpxtpx:course>130.0</gpxtpx:course>
		</gpxtpx:TrackPointExtension>
	</extensions>
</trkpt>
<trkpt lat="45.9568104" lon="14.3172141">
	<ele>370.83</ele>
	<time>2026-08-24T15:53:24.997Z</time>
	<hdop>3.79</hdop>
	<extensions>
		<gpxtpx:TrackPointExtension>
			<gpxtpx:course>129.0</gpxtpx:course>
		</gpxtpx:TrackPointExtension>
	</extensions>
</trkpt>
<trkpt lat="45.9567472" lon="14.3173212">
	<ele>372.60</ele>
	<time>2026-08-24T15:53:29.999Z</time>
	<hdop>3.79</hdop>
	<extensions>
		<gpxtpx:TrackPointExtension>
			<gpxtpx:course>142.0</gpxtpx:course>
		</gpxtpx:TrackPointExtension>
	</extensions>
</trkpt>
<trkpt lat="45.9566695" lon="14.3174716">
	<ele>374.77</ele>
	<time>2026-08-24T15:53:35.996Z</time>
	<hdop>3.79</hdop>
	<extensions>
		<gpxtpx:TrackPointExtension>
			<gpxtpx:course>132.0</gpxtpx:course>
		</gpxtpx:TrackPointExtension>
	</extensions>
</trkpt>
<trkpt lat="45.9565987" lon="14.3176232">
	<ele>376.55</ele>
	<time>2026-08-24T15:53:40.998Z</time>
	<hdop>3.79</hdop>
	<extensions>
		<gpxtpx:TrackPointExtension>
			<gpxtpx:course>122.0</gpxtpx:course>
		</gpxtpx:TrackPointExtension>
	</extensions>
</trkpt>
<trkpt lat="45.9565298" lon="14.3178472">
	<ele>377.94</ele>
	<time>2026-08-24T15:53:45.998Z</time>
	<hdop>3.79</hdop>
	<extensions>
		<gpxtpx:TrackPointExtension>
			<gpxtpx:course>110.0</gpxtpx:course>
		</gpxtpx:TrackPointExtension>
	</extensions>
</trkpt>
<trkpt lat="45.9564772" lon="14.3180489">
	<ele>378.46</ele>
	<time>2026-08-24T15:53:50.998Z</time>
	<hdop>3.79</hdop>
	<extensions>
		<gpxtpx:TrackPointExtension>
			<gpxtpx:course>110.0</gpxtpx:course>
		</gpxtpx:TrackPointExtension>
	</extensions>
</trkpt>
<trkpt lat="45.9564240" lon="14.3182689">
	<ele>378.50</ele>
	<time>2026-08-24T15:53:55.998Z</time>
	<hdop>3.79</hdop>
	<extensions>
		<gpxtpx:TrackPointExtension>
			<gpxtpx:course>111.0</gpxtpx:course>
		</gpxtpx:TrackPointExtension>
	</extensions>
</trkpt>
<trkpt lat="45.9563461" lon="14.3185134">
	<ele>378.68</ele>
	<time>2026-08-24T15:54:01.998Z</time>
	<hdop>3.79</hdop>
	<extensions>
		<gpxtpx:TrackPointExtension>
			<gpxtpx:course>115.0</gpxtpx:course>
		</gpxtpx:TrackPointExtension>
	</extensions>
</trkpt>
<trkpt lat="45.9562549" lon="14.3187032">
	<ele>379.49</ele>
	<time>2026-08-24T15:54:06.998Z</time>
	<hdop>3.79</hdop>
	<extensions>
		<gpxtpx:TrackPointExtension>
			<gpxtpx:course>126.0</gpxtpx:course>
		</gpxtpx:TrackPointExtension>
	</extensions>
</trkpt>
<trkpt lat="45.9561254" lon="14.3188664">
	<ele>381.01</ele>
	<time>2026-08-24T15:54:11.998Z</time>
	<hdop>3.79</hdop>
	<extensions>
		<gpxtpx:TrackPointExtension>
			<gpxtpx:course>132.0</gpxtpx:course>
		</gpxtpx:TrackPointExtension>
	</extensions>
</trkpt>
<trkpt lat="45.9559415" lon="14.3190099">
	<ele>383.56</ele>
	<time>2026-08-24T15:54:17.999Z</time>
	<hdop>3.79</hdop>
	<extensions>
		<gpxtpx:TrackPointExtension>
			<gpxtpx:course>157.0</gpxtpx:course>
		</gpxtpx:TrackPointExtension>
	</extensions>
</trkpt>
<trkpt lat="45.9557886" lon="14.3190779">
	<ele>385.74</ele>
	<time>2026-08-24T15:54:22.999Z</time>
	<hdop>3.79</hdop>
	<extensions>
		<gpxtpx:TrackPointExtension>
			<gpxtpx:course>164.0</gpxtpx:course>
		</gpxtpx:TrackPointExtension>
	</extensions>
</trkpt>
<trkpt lat="45.9556373" lon="14.3191267">
	<ele>387.42</ele>
	<time>2026-08-24T15:54:28.998Z</time>
	<hdop>3.79</hdop>
	<extensions>
		<gpxtpx:TrackPointExtension>
			<gpxtpx:course>177.0</gpxtpx:course>
		</gpxtpx:TrackPointExtension>
	</extensions>
</trkpt>
<trkpt lat="45.9555092" lon="14.3191289">
	<ele>388.49</ele>
	<time>2026-08-24T15:54:33.998Z</time>
	<hdop>3.79</hdop>
	<extensions>
		<gpxtpx:TrackPointExtension>
			<gpxtpx:course>188.0</gpxtpx:course>
		</gpxtpx:TrackPointExtension>
	</extensions>
</trkpt>
<trkpt lat="45.9553712" lon="14.3191468">
	<ele>389.38</ele>
	<time>2026-08-24T15:54:39.998Z</time>
	<hdop>3.79</hdop>
	<extensions>
		<gpxtpx:TrackPointExtension>
			<gpxtpx:course>179.0</gpxtpx:course>
		</gpxtpx:TrackPointExtension>
	</extensions>
</trkpt>
<trkpt lat="45.9552624" lon="14.3191098">
	<ele>390.05</ele>
	<time>2026-08-24T15:54:44.999Z</time>
	<hdop>3.79</hdop>
	<extensions>
		<gpxtpx:TrackPointExtension>
			<gpxtpx:course>200.0</gpxtpx:course>
		</gpxtpx:TrackPointExtension>
	</extensions>
</trkpt>
<trkpt lat="45.9551124" lon="14.3189814">
	<ele>390.81</ele>
	<time>2026-08-24T15:54:50.996Z</time>
	<hdop>3.79</hdop>
	<extensions>
		<gpxtpx:TrackPointExtension>
			<gpxtpx:course>215.0</gpxtpx:course>
		</gpxtpx:TrackPointExtension>
	</extensions>
</trkpt>
<trkpt lat="45.9550140" lon="14.3188852">
	<ele>391.09</ele>
	<time>2026-08-24T15:54:55.998Z</time>
	<hdop>3.79</hdop>
	<extensions>
		<gpxtpx:TrackPointExtension>
			<gpxtpx:course>206.0</gpxtpx:course>
		</gpxtpx:TrackPointExtension>
	</extensions>
</trkpt>
<trkpt lat="45.9549136" lon="14.3188030">
	<ele>391.19</ele>
	<time>2026-08-24T15:55:01.997Z</time>
	<hdop>3.79</hdop>
	<extensions>
		<gpxtpx:TrackPointExtension>
			<gpxtpx:course>209.0</gpxtpx:course>
		</gpxtpx:TrackPointExtension>
	</extensions>
</trkpt>
<trkpt lat="45.9548120" lon="14.3187356">
	<ele>390.89</ele>
	<time>2026-08-24T15:55:06.998Z</time>
	<hdop>3.79</hdop>
	<extensions>
		<gpxtpx:TrackPointExtension>
			<gpxtpx:course>198.0</gpxtpx:course>
		</gpxtpx:TrackPointExtension>
	</extensions>
</trkpt>
<trkpt lat="45.9546517" lon="14.3187379">
	<ele>390.92</ele>
	<time>2026-08-24T15:55:11.998Z</time>
	<hdop>3.79</hdop>
	<extensions>
		<gpxtpx:TrackPointExtension>
			<gpxtpx:course>172.0</gpxtpx:course>
		</gpxtpx:TrackPointExtension>
	</extensions>
</trkpt>
<trkpt lat="45.9545316" lon="14.3188025">
	<ele>392.15</ele>
	<time>2026-08-24T15:55:17.998Z</time>
	<hdop>3.79</hdop>
	<extensions>
		<gpxtpx:TrackPointExtension>
			<gpxtpx:course>153.0</gpxtpx:course>
		</gpxtpx:TrackPointExtension>
	</extensions>
</trkpt>
<trkpt lat="45.9544741" lon="14.3189050">
	<ele>394.19</ele>
	<time>2026-08-24T15:57:24.999Z</time>
	<hdop>3.79</hdop>
	<extensions>
		<gpxtpx:TrackPointExtension>
			<gpxtpx:course>148.0</gpxtpx:course>
		</gpxtpx:TrackPointExtension>
	</extensions>
</trkpt>
<trkpt lat="45.9543564" lon="14.3190233">
	<ele>397.18</ele>
	<time>2026-08-24T15:57:30.998Z</time>
	<hdop>3.79</hdop>
	<extensions>
		<gpxtpx:TrackPointExtension>
			<gpxtpx:course>145.0</gpxtpx:course>
		</gpxtpx:TrackPointExtension>
	</extensions>
</trkpt>
<trkpt lat="45.9542097" lon="14.3191153">
	<ele>400.03</ele>
	<time>2026-08-24T15:57:36.997Z</time>
	<hdop>3.79</hdop>
	<extensions>
		<gpxtpx:TrackPointExtension>
			<gpxtpx:course>161.0</gpxtpx:course>
		</gpxtpx:TrackPointExtension>
	</extensions>
</trkpt>
<trkpt lat="45.9540827" lon="14.3191235">
	<ele>401.73</ele>
	<time>2026-08-24T15:57:41.999Z</time>
	<hdop>3.79</hdop>
	<extensions>
		<gpxtpx:TrackPointExtension>
			<gpxtpx:course>185.0</gpxtpx:course>
		</gpxtpx:TrackPointExtension>
	</extensions>
</trkpt>
<trkpt lat="45.9539333" lon="14.3190824">
	<ele>403.35</ele>
	<time>2026-08-24T15:57:47.997Z</time>
	<hdop>3.79</hdop>
	<extensions>
		<gpxtpx:TrackPointExtension>
			<gpxtpx:course>199.0</gpxtpx:course>
		</gpxtpx:TrackPointExtension>
	</extensions>
</trkpt>
<trkpt lat="45.9538268" lon="14.3190017">
	<ele>404.34</ele>
	<time>2026-08-24T15:57:52.997Z</time>
	<hdop>3.79</hdop>
	<extensions>
		<gpxtpx:TrackPointExtension>
			<gpxtpx:course>214.0</gpxtpx:course>
		</gpxtpx:TrackPointExtension>
	</extensions>
</trkpt>
<trkpt lat="45.9537338" lon="14.3189475">
	<ele>405.61</ele>
	<time>2026-08-24T15:57:57.998Z</time>
	<hdop>3.79</hdop>
	<extensions>
		<gpxtpx:TrackPointExtension>
			<gpxtpx:course>207.0</gpxtpx:course>
		</gpxtpx:TrackPointExtension>
	</extensions>
</trkpt>
<trkpt lat="45.9536561" lon="14.3188678">
	<ele>406.90</ele>
	<time>2026-08-24T15:58:02.998Z</time>
	<hdop>3.79</hdop>
	<extensions>
		<gpxtpx:TrackPointExtension>
			<gpxtpx:course>210.0</gpxtpx:course>
		</gpxtpx:TrackPointExtension>
	</extensions>
</trkpt>
<trkpt lat="45.9535769" lon="14.3187658">
	<ele>408.63</ele>
	<time>2026-08-24T15:58:08.997Z</time>
	<hdop>3.79</hdop>
	<extensions>
		<gpxtpx:TrackPointExtension>
			<gpxtpx:course>214.0</gpxtpx:course>
		</gpxtpx:TrackPointExtension>
	</extensions>
</trkpt>
<trkpt lat="45.9534933" lon="14.3186926">
	<ele>411.11</ele>
	<time>2026-08-24T15:58:13.997Z</time>
	<hdop>3.79</hdop>
	<extensions>
		<gpxtpx:TrackPointExtension>
			<gpxtpx:course>211.0</gpxtpx:course>
		</gpxtpx:TrackPointExtension>
	</extensions>
</trkpt>
<trkpt lat="45.9533966" lon="14.3186436">
	<ele>414.17</ele>
	<time>2026-08-24T15:58:18.998Z</time>
	<hdop>3.79</hdop>
	<extensions>
		<gpxtpx:TrackPointExtension>
			<gpxtpx:course>191.0</gpxtpx:course>
		</gpxtpx:TrackPointExtension>
	</extensions>
</trkpt>
<trkpt lat="45.9532829" lon="14.3186307">
	<ele>417.55</ele>
	<time>2026-08-24T15:58:24.998Z</time>
	<hdop>3.79</hdop>
	<extensions>
		<gpxtpx:TrackPointExtension>
			<gpxtpx:course>176.0</gpxtpx:course>
		</gpxtpx:TrackPointExtension>
	</extensions>
</trkpt>
<trkpt lat="45.9531951" lon="14.3186682">
	<ele>419.81</ele>
	<time>2026-08-24T15:58:29.998Z</time>
	<hdop>3.79</hdop>
	<extensions>
		<gpxtpx:TrackPointExtension>
			<gpxtpx:course>154.0</gpxtpx:course>
		</gpxtpx:TrackPointExtension>
	</extensions>
</trkpt>
<trkpt lat="45.9531207" lon="14.3188109">
	<ele>421.15</ele>
	<time>2026-08-24T15:58:35.997Z</time>
	<hdop>3.79</hdop>
	<extensions>
		<gpxtpx:TrackPointExtension>
			<gpxtpx:course>111.0</gpxtpx:course>
		</gpxtpx:TrackPointExtension>
	</extensions>
</trkpt>
<trkpt lat="45.9530886" lon="14.3190033">
	<ele>420.82</ele>
	<time>2026-08-24T15:58:41.998Z</time>
	<hdop>3.79</hdop>
	<extensions>
		<gpxtpx:TrackPointExtension>
			<gpxtpx:course>104.0</gpxtpx:course>
		</gpxtpx:TrackPointExtension>
	</extensions>
</trkpt>
<trkpt lat="45.9530424" lon="14.3192003">
	<ele>420.55</ele>
	<time>2026-08-24T15:58:46.998Z</time>
	<hdop>3.79</hdop>
	<extensions>
		<gpxtpx:TrackPointExtension>
			<gpxtpx:course>113.0</gpxtpx:course>
		</gpxtpx:TrackPointExtension>
	</extensions>
</trkpt>
<trkpt lat="45.9529522" lon="14.3193897">
	<ele>421.18</ele>
	<time>2026-08-24T15:58:51.998Z</time>
	<hdop>3.79</hdop>
	<extensions>
		<gpxtpx:TrackPointExtension>
			<gpxtpx:course>119.0</gpxtpx:course>
		</gpxtpx:TrackPointExtension>
	</extensions>
</trkpt>
<trkpt lat="45.9528624" lon="14.3195728">
	<ele>421.70</ele>
	<time>2026-08-24T15:58:56.998Z</time>
	<hdop>3.79</hdop>
	<extensions>
		<gpxtpx:TrackPointExtension>
			<gpxtpx:course>122.0</gpxtpx:course>
		</gpxtpx:TrackPointExtension>
	</extensions>
</trkpt>
<trkpt lat="45.9527759" lon="14.3197591">
	<ele>422.33</ele>
	<time>2026-08-24T15:59:01.999Z</time>
	<hdop>3.79</hdop>
	<extensions>
		<gpxtpx:TrackPointExtension>
			<gpxtpx:course>122.0</gpxtpx:course>
		</gpxtpx:TrackPointExtension>
	</extensions>
</trkpt>
<trkpt lat="45.9526795" lon="14.3199855">
	<ele>423.55</ele>
	<time>2026-08-24T15:59:07.997Z</time>
	<hdop>3.79</hdop>
	<extensions>
		<gpxtpx:TrackPointExtension>
			<gpxtpx:course>124.0</gpxtpx:course>
		</gpxtpx:TrackPointExtension>
	</extensions>
</trkpt>
<trkpt lat="45.9525631" lon="14.3202343">
	<ele>426.60</ele>
	<time>2026-08-24T15:59:13.997Z</time>
	<hdop>3.79</hdop>
	<extensions>
		<gpxtpx:TrackPointExtension>
			<gpxtpx:course>120.0</gpxtpx:course>
		</gpxtpx:TrackPointExtension>
	</extensions>
</trkpt>
<trkpt lat="45.9524728" lon="14.3204251">
	<ele>429.33</ele>
	<time>2026-08-24T15:59:18.998Z</time>
	<hdop>3.79</hdop>
	<extensions>
		<gpxtpx:TrackPointExtension>
			<gpxtpx:course>120.0</gpxtpx:course>
		</gpxtpx:TrackPointExtension>
	</extensions>
</trkpt>
<trkpt lat="45.9523815" lon="14.3206707">
	<ele>431.77</ele>
	<time>2026-08-24T15:59:24.997Z</time>
	<hdop>3.79</hdop>
	<extensions>
		<gpxtpx:TrackPointExtension>
			<gpxtpx:course>119.0</gpxtpx:course>
		</gpxtpx:TrackPointExtension>
	</extensions>
</trkpt>
<trkpt lat="45.9522906" lon="14.3208677">
	<ele>433.45</ele>
	<time>2026-08-24T15:59:29.997Z</time>
	<hdop>3.79</hdop>
	<extensions>
		<gpxtpx:TrackPointExtension>
			<gpxtpx:course>122.0</gpxtpx:course>
		</gpxtpx:TrackPointExtension>
	</extensions>
</trkpt>
<trkpt lat="45.9522102" lon="14.3210654">
	<ele>433.98</ele>
	<time>2026-08-24T15:59:34.997Z</time>
	<hdop>3.79</hdop>
	<extensions>
		<gpxtpx:TrackPointExtension>
			<gpxtpx:course>124.0</gpxtpx:course>
		</gpxtpx:TrackPointExtension>
	</extensions>
</trkpt>
<trkpt lat="45.9521094" lon="14.3212589">
	<ele>434.44</ele>
	<time>2026-08-24T15:59:39.998Z</time>
	<hdop>3.79</hdop>
	<extensions>
		<gpxtpx:TrackPointExtension>
			<gpxtpx:course>129.0</gpxtpx:course>
		</gpxtpx:TrackPointExtension>
	</extensions>
</trkpt>
<trkpt lat="45.9519864" lon="14.3214655">
	<ele>434.67</ele>
	<time>2026-08-24T15:59:45.997Z</time>
	<hdop>3.79</hdop>
	<extensions>
		<gpxtpx:TrackPointExtension>
			<gpxtpx:course>130.0</gpxtpx:course>
		</gpxtpx:TrackPointExtension>
	</extensions>
</trkpt>
<trkpt lat="45.9518563" lon="14.3216432">
	<ele>435.28</ele>
	<time>2026-08-24T15:59:50.997Z</time>
	<hdop>3.79</hdop>
	<extensions>
		<gpxtpx:TrackPointExtension>
			<gpxtpx:course>140.0</gpxtpx:course>
		</gpxtpx:TrackPointExtension>
	</extensions>
</trkpt>
<trkpt lat="45.9517347" lon="14.3218187">
	<ele>435.79</ele>
	<time>2026-08-24T15:59:55.997Z</time>
	<hdop>3.79</hdop>
	<extensions>
		<gpxtpx:TrackPointExtension>
			<gpxtpx:course>134.0</gpxtpx:course>
		</gpxtpx:TrackPointExtension>
	</extensions>
</trkpt>
<trkpt lat="45.9516218" lon="14.3220091">
	<ele>435.81</ele>
	<time>2026-08-24T16:00:00.997Z</time>
	<hdop>3.79</hdop>
	<extensions>
		<gpxtpx:TrackPointExtension>
			<gpxtpx:course>132.0</gpxtpx:course>
		</gpxtpx:TrackPointExtension>
	</extensions>
</trkpt>
<trkpt lat="45.9515018" lon="14.3221992">
	<ele>436.14</ele>
	<time>2026-08-24T16:00:05.997Z</time>
	<hdop>3.79</hdop>
	<extensions>
		<gpxtpx:TrackPointExtension>
			<gpxtpx:course>136.0</gpxtpx:course>
		</gpxtpx:TrackPointExtension>
	</extensions>
</trkpt>
<trkpt lat="45.9513843" lon="14.3223527">
	<ele>437.28</ele>
	<time>2026-08-24T16:00:10.997Z</time>
	<hdop>3.79</hdop>
	<extensions>
		<gpxtpx:TrackPointExtension>
			<gpxtpx:course>141.0</gpxtpx:course>
		</gpxtpx:TrackPointExtension>
	</extensions>
</trkpt>
<trkpt lat="45.9512380" lon="14.3225133">
	<ele>439.44</ele>
	<time>2026-08-24T16:00:16.998Z</time>
	<hdop>3.79</hdop>
	<extensions>
		<gpxtpx:TrackPointExtension>
			<gpxtpx:course>141.0</gpxtpx:course>
		</gpxtpx:TrackPointExtension>
	</extensions>
</trkpt>
<trkpt lat="45.9510989" lon="14.3227039">
	<ele>440.81</ele>
	<time>2026-08-24T16:00:22.996Z</time>
	<hdop>3.79</hdop>
	<extensions>
		<gpxtpx:TrackPointExtension>
			<gpxtpx:course>130.0</gpxtpx:course>
		</gpxtpx:TrackPointExtension>
	</extensions>
</trkpt>
<trkpt lat="45.9510194" lon="14.3229111">
	<ele>439.59</ele>
	<time>2026-08-24T16:00:27.998Z</time>
	<hdop>3.79</hdop>
	<extensions>
		<gpxtpx:TrackPointExtension>
			<gpxtpx:course>115.0</gpxtpx:course>
		</gpxtpx:TrackPointExtension>
	</extensions>
</trkpt>
<trkpt lat="45.9509703" lon="14.3231199">
	<ele>437.18</ele>
	<time>2026-08-24T16:00:32.998Z</time>
	<hdop>3.79</hdop>
	<extensions>
		<gpxtpx:TrackPointExtension>
			<gpxtpx:course>107.0</gpxtpx:course>
		</gpxtpx:TrackPointExtension>
	</extensions>
</trkpt>
<trkpt lat="45.9508901" lon="14.3233744">
	<ele>435.20</ele>
	<time>2026-08-24T16:00:38.996Z</time>
	<hdop>3.79</hdop>
	<extensions>
		<gpxtpx:TrackPointExtension>
			<gpxtpx:course>118.0</gpxtpx:course>
		</gpxtpx:TrackPointExtension>
	</extensions>
</trkpt>
<trkpt lat="45.9508189" lon="14.3235479">
	<ele>434.72</ele>
	<time>2026-08-24T16:00:43.998Z</time>
	<hdop>3.79</hdop>
	<extensions>
		<gpxtpx:TrackPointExtension>
			<gpxtpx:course>120.0</gpxtpx:course>
		</gpxtpx:TrackPointExtension>
	</extensions>
</trkpt>
<trkpt lat="45.9507316" lon="14.3237682">
	<ele>434.18</ele>
	<time>2026-08-24T16:00:49.998Z</time>
	<hdop>3.79</hdop>
	<extensions>
		<gpxtpx:TrackPointExtension>
			<gpxtpx:course>121.0</gpxtpx:course>
		</gpxtpx:TrackPointExtension>
	</extensions>
</trkpt>
<trkpt lat="45.9506345" lon="14.3239666">
	<ele>434.31</ele>
	<time>2026-08-24T16:00:55.997Z</time>
	<hdop>3.79</hdop>
	<extensions>
		<gpxtpx:TrackPointExtension>
			<gpxtpx:course>123.0</gpxtpx:course>
		</gpxtpx:TrackPointExtension>
	</extensions>
</trkpt>
<trkpt lat="45.9505567" lon="14.3241285">
	<ele>434.04</ele>
	<time>2026-08-24T16:01:00.998Z</time>
	<hdop>3.79</hdop>
	<extensions>
		<gpxtpx:TrackPointExtension>
			<gpxtpx:course>130.0</gpxtpx:course>
		</gpxtpx:TrackPointExtension>
	</extensions>
</trkpt>
<trkpt lat="45.9504644" lon="14.3242779">
	<ele>434.25</ele>
	<time>2026-08-24T16:01:05.999Z</time>
	<hdop>3.79</hdop>
	<extensions>
		<gpxtpx:TrackPointExtension>
			<gpxtpx:course>129.0</gpxtpx:course>
		</gpxtpx:TrackPointExtension>
	</extensions>
</trkpt>
<trkpt lat="45.9503765" lon="14.3244206">
	<ele>434.37</ele>
	<time>2026-08-24T16:01:10.999Z</time>
	<hdop>3.79</hdop>
	<extensions>
		<gpxtpx:TrackPointExtension>
			<gpxtpx:course>125.0</gpxtpx:course>
		</gpxtpx:TrackPointExtension>
	</extensions>
</trkpt>
<trkpt lat="45.9502777" lon="14.3245903">
	<ele>434.17</ele>
	<time>2026-08-24T16:01:16.998Z</time>
	<hdop>3.79</hdop>
	<extensions>
		<gpxtpx:TrackPointExtension>
			<gpxtpx:course>128.0</gpxtpx:course>
		</gpxtpx:TrackPointExtension>
	</extensions>
</trkpt>
<trkpt lat="45.9502205" lon="14.3247175">
	<ele>433.40</ele>
	<time>2026-08-24T16:01:39.997Z</time>
	<hdop>3.79</hdop>
	<extensions>
		<gpxtpx:TrackPointExtension>
			<gpxtpx:course>113.0</gpxtpx:course>
		</gpxtpx:TrackPointExtension>
	</extensions>
</trkpt>
<trkpt lat="45.9501410" lon="14.3248284">
	<ele>433.27</ele>
	<time>2026-08-24T16:01:44.997Z</time>
	<hdop>3.79</hdop>
	<extensions>
		<gpxtpx:TrackPointExtension>
			<gpxtpx:course>123.0</gpxtpx:course>
		</gpxtpx:TrackPointExtension>
	</extensions>
</trkpt>
<trkpt lat="45.9500591" lon="14.3249733">
	<ele>432.21</ele>
	<time>2026-08-24T16:01:49.997Z</time>
	<hdop>3.79</hdop>
	<extensions>
		<gpxtpx:TrackPointExtension>
			<gpxtpx:course>129.0</gpxtpx:course>
		</gpxtpx:TrackPointExtension>
	</extensions>
</trkpt>
<trkpt lat="45.9499806" lon="14.3251221">
	<ele>430.35</ele>
	<time>2026-08-24T16:01:54.997Z</time>
	<hdop>3.79</hdop>
	<extensions>
		<gpxtpx:TrackPointExtension>
			<gpxtpx:course>128.0</gpxtpx:course>
		</gpxtpx:TrackPointExtension>
	</extensions>
</trkpt>
<trkpt lat="45.9498948" lon="14.3252725">
	<ele>428.11</ele>
	<time>2026-08-24T16:01:59.997Z</time>
	<hdop>3.79</hdop>
	<extensions>
		<gpxtpx:TrackPointExtension>
			<gpxtpx:course>126.0</gpxtpx:course>
		</gpxtpx:TrackPointExtension>
	</extensions>
</trkpt>
<trkpt lat="45.9497845" lon="14.3254628">
	<ele>425.71</ele>
	<time>2026-08-24T16:02:05.999Z</time>
	<hdop>3.79</hdop>
	<extensions>
		<gpxtpx:TrackPointExtension>
			<gpxtpx:course>125.0</gpxtpx:course>
		</gpxtpx:TrackPointExtension>
	</extensions>
</trkpt>
<trkpt lat="45.9496694" lon="14.3256661">
	<ele>424.62</ele>
	<time>2026-08-24T16:02:11.996Z</time>
	<hdop>3.79</hdop>
	<extensions>
		<gpxtpx:TrackPointExtension>
			<gpxtpx:course>132.0</gpxtpx:course>
		</gpxtpx:TrackPointExtension>
	</extensions>
</trkpt>
<trkpt lat="45.9495809" lon="14.3258250">
	<ele>425.07</ele>
	<time>2026-08-24T16:02:16.997Z</time>
	<hdop>3.79</hdop>
	<extensions>
		<gpxtpx:TrackPointExtension>
			<gpxtpx:course>130.0</gpxtpx:course>
		</gpxtpx:TrackPointExtension>
	</extensions>
</trkpt>
<trkpt lat="45.9494741" lon="14.3260200">
	<ele>426.13</ele>
	<time>2026-08-24T16:02:22.997Z</time>
	<hdop>3.79</hdop>
	<extensions>
		<gpxtpx:TrackPointExtension>
			<gpxtpx:course>127.0</gpxtpx:course>
		</gpxtpx:TrackPointExtension>
	</extensions>
</trkpt>
<trkpt lat="45.9493948" lon="14.3261502">
	<ele>426.67</ele>
	<time>2026-08-24T16:02:27.998Z</time>
	<hdop>3.79</hdop>
	<extensions>
		<gpxtpx:TrackPointExtension>
			<gpxtpx:course>137.0</gpxtpx:course>
		</gpxtpx:TrackPointExtension>
	</extensions>
</trkpt>
<trkpt lat="45.9492767" lon="14.3263074">
	<ele>427.22</ele>
	<time>2026-08-24T16:02:33.998Z</time>
	<hdop>3.79</hdop>
	<extensions>
		<gpxtpx:TrackPointExtension>
			<gpxtpx:course>138.0</gpxtpx:course>
		</gpxtpx:TrackPointExtension>
	</extensions>
</trkpt>
<trkpt lat="45.9491357" lon="14.3264692">
	<ele>427.25</ele>
	<time>2026-08-24T16:02:39.997Z</time>
	<hdop>3.79</hdop>
	<extensions>
		<gpxtpx:TrackPointExtension>
			<gpxtpx:course>138.0</gpxtpx:course>
		</gpxtpx:TrackPointExtension>
	</extensions>
</trkpt>
<trkpt lat="45.9490270" lon="14.3266368">
	<ele>426.38</ele>
	<time>2026-08-24T16:02:44.997Z</time>
	<hdop>3.79</hdop>
	<extensions>
		<gpxtpx:TrackPointExtension>
			<gpxtpx:course>126.0</gpxtpx:course>
		</gpxtpx:TrackPointExtension>
	</extensions>
</trkpt>
<trkpt lat="45.9489311" lon="14.3268678">
	<ele>425.38</ele>
	<time>2026-08-24T16:02:49.998Z</time>
	<hdop>3.79</hdop>
	<extensions>
		<gpxtpx:TrackPointExtension>
			<gpxtpx:course>119.0</gpxtpx:course>
		</gpxtpx:TrackPointExtension>
	</extensions>
</trkpt>
<trkpt lat="45.9488094" lon="14.3271050">
	<ele>425.53</ele>
	<time>2026-08-24T16:02:55.997Z</time>
	<hdop>3.79</hdop>
	<extensions>
		<gpxtpx:TrackPointExtension>
			<gpxtpx:course>129.0</gpxtpx:course>
		</gpxtpx:TrackPointExtension>
	</extensions>
</trkpt>
<trkpt lat="45.9486876" lon="14.3272679">
	<ele>425.73</ele>
	<time>2026-08-24T16:03:00.998Z</time>
	<hdop>3.79</hdop>
	<extensions>
		<gpxtpx:TrackPointExtension>
			<gpxtpx:course>139.0</gpxtpx:course>
		</gpxtpx:TrackPointExtension>
	</extensions>
</trkpt>
<trkpt lat="45.9485399" lon="14.3274291">
	<ele>425.42</ele>
	<time>2026-08-24T16:03:05.998Z</time>
	<hdop>3.79</hdop>
	<extensions>
		<gpxtpx:TrackPointExtension>
			<gpxtpx:course>140.0</gpxtpx:course>
		</gpxtpx:TrackPointExtension>
	</extensions>
</trkpt>
<trkpt lat="45.9483783" lon="14.3275953">
	<ele>424.63</ele>
	<time>2026-08-24T16:03:10.998Z</time>
	<hdop>3.79</hdop>
	<extensions>
		<gpxtpx:TrackPointExtension>
			<gpxtpx:course>143.0</gpxtpx:course>
		</gpxtpx:TrackPointExtension>
	</extensions>
</trkpt>
<trkpt lat="45.9481760" lon="14.3277934">
	<ele>424.08</ele>
	<time>2026-08-24T16:03:16.997Z</time>
	<hdop>3.79</hdop>
	<extensions>
		<gpxtpx:TrackPointExtension>
			<gpxtpx:course>146.0</gpxtpx:course>
		</gpxtpx:TrackPointExtension>
	</extensions>
</trkpt>
<trkpt lat="45.9480206" lon="14.3279560">
	<ele>423.80</ele>
	<time>2026-08-24T16:03:21.997Z</time>
	<hdop>3.79</hdop>
	<extensions>
		<gpxtpx:TrackPointExtension>
			<gpxtpx:course>142.0</gpxtpx:course>
		</gpxtpx:TrackPointExtension>
	</extensions>
</trkpt>
<trkpt lat="45.9478357" lon="14.3281264">
	<ele>424.02</ele>
	<time>2026-08-24T16:03:27.998Z</time>
	<hdop>3.79</hdop>
	<extensions>
		<gpxtpx:TrackPointExtension>
			<gpxtpx:course>148.0</gpxtpx:course>
		</gpxtpx:TrackPointExtension>
	</extensions>
</trkpt>
<trkpt lat="45.9476637" lon="14.3282825">
	<ele>424.08</ele>
	<time>2026-08-24T16:03:33.997Z</time>
	<hdop>3.79</hdop>
	<extensions>
		<gpxtpx:TrackPointExtension>
			<gpxtpx:course>153.0</gpxtpx:course>
		</gpxtpx:TrackPointExtension>
	</extensions>
</trkpt>
<trkpt lat="45.9475049" lon="14.3283936">
	<ele>424.41</ele>
	<time>2026-08-24T16:03:38.998Z</time>
	<hdop>3.79</hdop>
	<extensions>
		<gpxtpx:TrackPointExtension>
			<gpxtpx:course>155.0</gpxtpx:course>
		</gpxtpx:TrackPointExtension>
	</extensions>
</trkpt>
<trkpt lat="45.9472961" lon="14.3285053">
	<ele>424.87</ele>
	<time>2026-08-24T16:03:44.997Z</time>
	<hdop>3.79</hdop>
	<extensions>
		<gpxtpx:TrackPointExtension>
			<gpxtpx:course>163.0</gpxtpx:course>
		</gpxtpx:TrackPointExtension>
	</extensions>
</trkpt>
<trkpt lat="45.9471177" lon="14.3285865">
	<ele>425.34</ele>
	<time>2026-08-24T16:03:49.998Z</time>
	<hdop>3.79</hdop>
	<extensions>
		<gpxtpx:TrackPointExtension>
			<gpxtpx:course>164.0</gpxtpx:course>
		</gpxtpx:TrackPointExtension>
	</extensions>
</trkpt>
<trkpt lat="45.9469128" lon="14.3286913">
	<ele>425.45</ele>
	<time>2026-08-24T16:03:55.997Z</time>
	<hdop>3.79</hdop>
	<extensions>
		<gpxtpx:TrackPointExtension>
			<gpxtpx:course>158.0</gpxtpx:course>
		</gpxtpx:TrackPointExtension>
	</extensions>
</trkpt>
<trkpt lat="45.9467569" lon="14.3287733">
	<ele>425.35</ele>
	<time>2026-08-24T16:04:00.997Z</time>
	<hdop>3.79</hdop>
	<extensions>
		<gpxtpx:TrackPointExtension>
			<gpxtpx:course>159.0</gpxtpx:course>
		</gpxtpx:TrackPointExtension>
	</extensions>
</trkpt>
<trkpt lat="45.9466108" lon="14.3288397">
	<ele>425.38</ele>
	<time>2026-08-24T16:04:05.997Z</time>
	<hdop>3.79</hdop>
	<extensions>
		<gpxtpx:TrackPointExtension>
			<gpxtpx:course>162.0</gpxtpx:course>
		</gpxtpx:TrackPointExtension>
	</extensions>
</trkpt>
<trkpt lat="45.9464493" lon="14.3289181">
	<ele>425.14</ele>
	<time>2026-08-24T16:04:10.998Z</time>
	<hdop>3.79</hdop>
	<extensions>
		<gpxtpx:TrackPointExtension>
			<gpxtpx:course>165.0</gpxtpx:course>
		</gpxtpx:TrackPointExtension>
	</extensions>
</trkpt>
<trkpt lat="45.9462360" lon="14.3290030">
	<ele>424.98</ele>
	<time>2026-08-24T16:04:16.997Z</time>
	<hdop>3.79</hdop>
	<extensions>
		<gpxtpx:TrackPointExtension>
			<gpxtpx:course>166.0</gpxtpx:course>
		</gpxtpx:TrackPointExtension>
	</extensions>
</trkpt>
<trkpt lat="45.9460316" lon="14.3291018">
	<ele>424.13</ele>
	<time>2026-08-24T16:04:22.996Z</time>
	<hdop>3.79</hdop>
	<extensions>
		<gpxtpx:TrackPointExtension>
			<gpxtpx:course>158.0</gpxtpx:course>
		</gpxtpx:TrackPointExtension>
	</extensions>
</trkpt>
<trkpt lat="45.9458701" lon="14.3292166">
	<ele>422.29</ele>
	<time>2026-08-24T16:04:27.996Z</time>
	<hdop>3.79</hdop>
	<extensions>
		<gpxtpx:TrackPointExtension>
			<gpxtpx:course>150.0</gpxtpx:course>
		</gpxtpx:TrackPointExtension>
	</extensions>
</trkpt>
<trkpt lat="45.9456795" lon="14.3293508">
	<ele>419.83</ele>
	<time>2026-08-24T16:04:32.996Z</time>
	<hdop>3.79</hdop>
	<extensions>
		<gpxtpx:TrackPointExtension>
			<gpxtpx:course>155.0</gpxtpx:course>
		</gpxtpx:TrackPointExtension>
	</extensions>
</trkpt>
<trkpt lat="45.9454845" lon="14.3294681">
	<ele>417.85</ele>
	<time>2026-08-24T16:04:37.997Z</time>
	<hdop>3.79</hdop>
	<extensions>
		<gpxtpx:TrackPointExtension>
			<gpxtpx:course>158.0</gpxtpx:course>
		</gpxtpx:TrackPointExtension>
	</extensions>
</trkpt>
<trkpt lat="45.9452892" lon="14.3295394">
	<ele>417.21</ele>
	<time>2026-08-24T16:04:42.997Z</time>
	<hdop>3.79</hdop>
	<extensions>
		<gpxtpx:TrackPointExtension>
			<gpxtpx:course>168.0</gpxtpx:course>
		</gpxtpx:TrackPointExtension>
	</extensions>
</trkpt>
<trkpt lat="45.9450870" lon="14.3296179">
	<ele>416.62</ele>
	<time>2026-08-24T16:04:47.997Z</time>
	<hdop>3.79</hdop>
	<extensions>
		<gpxtpx:TrackPointExtension>
			<gpxtpx:course>170.0</gpxtpx:course>
		</gpxtpx:TrackPointExtension>
	</extensions>
</trkpt>
<trkpt lat="45.9449159" lon="14.3296816">
	<ele>416.54</ele>
	<time>2026-08-24T16:04:52.997Z</time>
	<hdop>3.79</hdop>
	<extensions>
		<gpxtpx:TrackPointExtension>
			<gpxtpx:course>162.0</gpxtpx:course>
		</gpxtpx:TrackPointExtension>
	</extensions>
</trkpt>
<trkpt lat="45.9447827" lon="14.3297467">
	<ele>416.48</ele>
	<time>2026-08-24T16:04:58.997Z</time>
	<hdop>3.79</hdop>
	<extensions>
		<gpxtpx:TrackPointExtension>
			<gpxtpx:course>157.0</gpxtpx:course>
		</gpxtpx:TrackPointExtension>
	</extensions>
</trkpt>
<trkpt lat="45.9446917" lon="14.3298007">
	<ele>416.48</ele>
	<time>2026-08-24T16:05:03.997Z</time>
	<hdop>3.79</hdop>
	<extensions>
		<gpxtpx:TrackPointExtension>
			<gpxtpx:course>157.0</gpxtpx:course>
		</gpxtpx:TrackPointExtension>
	</extensions>
</trkpt>
<trkpt lat="45.9446078" lon="14.3298570">
	<ele>416.56</ele>
	<time>2026-08-24T16:05:08.997Z</time>
	<hdop>3.79</hdop>
	<extensions>
		<gpxtpx:TrackPointExtension>
			<gpxtpx:course>144.0</gpxtpx:course>
		</gpxtpx:TrackPointExtension>
	</extensions>
</trkpt>
<trkpt lat="45.9445178" lon="14.3299398">
	<ele>416.28</ele>
	<time>2026-08-24T16:05:13.998Z</time>
	<hdop>3.79</hdop>
	<extensions>
		<gpxtpx:TrackPointExtension>
			<gpxtpx:course>153.0</gpxtpx:course>
		</gpxtpx:TrackPointExtension>
	</extensions>
</trkpt>
<trkpt lat="45.9444091" lon="14.3300526">
	<ele>415.79</ele>
	<time>2026-08-24T16:05:19.997Z</time>
	<hdop>3.79</hdop>
	<extensions>
		<gpxtpx:TrackPointExtension>
			<gpxtpx:course>141.0</gpxtpx:course>
		</gpxtpx:TrackPointExtension>
	</extensions>
</trkpt>
<trkpt lat="45.9443128" lon="14.3301867">
	<ele>414.77</ele>
	<time>2026-08-24T16:05:25.996Z</time>
	<hdop>3.79</hdop>
	<extensions>
		<gpxtpx:TrackPointExtension>
			<gpxtpx:course>133.0</gpxtpx:course>
		</gpxtpx:TrackPointExtension>
	</extensions>
</trkpt>
<trkpt lat="45.9442410" lon="14.3303242">
	<ele>413.36</ele>
	<time>2026-08-24T16:05:30.996Z</time>
	<hdop>3.79</hdop>
	<extensions>
		<gpxtpx:TrackPointExtension>
			<gpxtpx:course>129.0</gpxtpx:course>
		</gpxtpx:TrackPointExtension>
	</extensions>
</trkpt>
<trkpt lat="45.9441563" lon="14.3304346">
	<ele>412.40</ele>
	<time>2026-08-24T16:05:35.997Z</time>
	<hdop>3.79</hdop>
	<extensions>
		<gpxtpx:TrackPointExtension>
			<gpxtpx:course>140.0</gpxtpx:course>
		</gpxtpx:TrackPointExtension>
	</extensions>
</trkpt>
<trkpt lat="45.9440426" lon="14.3305435">
	<ele>411.34</ele>
	<time>2026-08-24T16:05:40.997Z</time>
	<hdop>3.79</hdop>
	<extensions>
		<gpxtpx:TrackPointExtension>
			<gpxtpx:course>148.0</gpxtpx:course>
		</gpxtpx:TrackPointExtension>
	</extensions>
</trkpt>
<trkpt lat="45.9439172" lon="14.3305892">
	<ele>410.75</ele>
	<time>2026-08-24T16:05:45.998Z</time>
	<hdop>3.79</hdop>
	<extensions>
		<gpxtpx:TrackPointExtension>
			<gpxtpx:course>170.0</gpxtpx:course>
		</gpxtpx:TrackPointExtension>
	</extensions>
</trkpt>
<trkpt lat="45.9437577" lon="14.3305830">
	<ele>410.47</ele>
	<time>2026-08-24T16:05:51.997Z</time>
	<hdop>3.79</hdop>
	<extensions>
		<gpxtpx:TrackPointExtension>
			<gpxtpx:course>183.0</gpxtpx:course>
		</gpxtpx:TrackPointExtension>
	</extensions>
</trkpt>
<trkpt lat="45.9436217" lon="14.3305773">
	<ele>409.99</ele>
	<time>2026-08-24T16:05:56.997Z</time>
	<hdop>3.79</hdop>
	<extensions>
		<gpxtpx:TrackPointExtension>
			<gpxtpx:course>171.0</gpxtpx:course>
		</gpxtpx:TrackPointExtension>
	</extensions>
</trkpt>
<trkpt lat="45.9434845" lon="14.3306542">
	<ele>408.22</ele>
	<time>2026-08-24T16:06:01.997Z</time>
	<hdop>3.79</hdop>
	<extensions>
		<gpxtpx:TrackPointExtension>
			<gpxtpx:course>158.0</gpxtpx:course>
		</gpxtpx:TrackPointExtension>
	</extensions>
</trkpt>
<trkpt lat="45.9433448" lon="14.3307183">
	<ele>406.96</ele>
	<time>2026-08-24T16:06:06.998Z</time>
	<hdop>3.79</hdop>
	<extensions>
		<gpxtpx:TrackPointExtension>
			<gpxtpx:course>167.0</gpxtpx:course>
		</gpxtpx:TrackPointExtension>
	</extensions>
</trkpt>
<trkpt lat="45.9431438" lon="14.3307699">
	<ele>406.30</ele>
	<time>2026-08-24T16:06:12.998Z</time>
	<hdop>3.79</hdop>
	<extensions>
		<gpxtpx:TrackPointExtension>
			<gpxtpx:course>166.0</gpxtpx:course>
		</gpxtpx:TrackPointExtension>
	</extensions>
</trkpt>
<trkpt lat="45.9429500" lon="14.3308200">
	<ele>405.69</ele>
	<time>2026-08-24T16:06:18.995Z</time>
	<hdop>3.79</hdop>
	<extensions>
		<gpxtpx:TrackPointExtension>
			<gpxtpx:course>170.0</gpxtpx:course>
		</gpxtpx:TrackPointExtension>
	</extensions>
</trkpt>
<trkpt lat="45.9427082" lon="14.3308855">
	<ele>405.29</ele>
	<time>2026-08-24T16:06:23.998Z</time>
	<hdop>3.79</hdop>
	<extensions>
		<gpxtpx:TrackPointExtension>
			<gpxtpx:course>168.0</gpxtpx:course>
		</gpxtpx:TrackPointExtension>
	</extensions>
</trkpt>
<trkpt lat="45.9424063" lon="14.3310135">
	<ele>405.45</ele>
	<time>2026-08-24T16:06:29.996Z</time>
	<hdop>3.79</hdop>
	<extensions>
		<gpxtpx:TrackPointExtension>
			<gpxtpx:course>165.0</gpxtpx:course>
		</gpxtpx:TrackPointExtension>
	</extensions>
</trkpt>
<trkpt lat="45.9422073" lon="14.3310828">
	<ele>406.43</ele>
	<time>2026-08-24T16:06:34.997Z</time>
	<hdop>3.79</hdop>
	<extensions>
		<gpxtpx:TrackPointExtension>
			<gpxtpx:course>167.0</gpxtpx:course>
		</gpxtpx:TrackPointExtension>
	</extensions>
</trkpt>
<trkpt lat="45.9420579" lon="14.3311407">
	<ele>407.12</ele>
	<time>2026-08-24T16:06:39.998Z</time>
	<hdop>3.79</hdop>
	<extensions>
		<gpxtpx:TrackPointExtension>
			<gpxtpx:course>168.0</gpxtpx:course>
		</gpxtpx:TrackPointExtension>
	</extensions>
</trkpt>
<trkpt lat="45.9418564" lon="14.3312045">
	<ele>407.91</ele>
	<time>2026-08-24T16:06:45.997Z</time>
	<hdop>3.79</hdop>
	<extensions>
		<gpxtpx:TrackPointExtension>
			<gpxtpx:course>169.0</gpxtpx:course>
		</gpxtpx:TrackPointExtension>
	</extensions>
</trkpt>
<trkpt lat="45.9416608" lon="14.3311992">
	<ele>409.46</ele>
	<time>2026-08-24T16:06:51.996Z</time>
	<hdop>3.79</hdop>
	<extensions>
		<gpxtpx:TrackPointExtension>
			<gpxtpx:course>184.0</gpxtpx:course>
		</gpxtpx:TrackPointExtension>
	</extensions>
</trkpt>
<trkpt lat="45.9414939" lon="14.3311444">
	<ele>411.60</ele>
	<time>2026-08-24T16:06:56.997Z</time>
	<hdop>3.79</hdop>
	<extensions>
		<gpxtpx:TrackPointExtension>
			<gpxtpx:course>187.0</gpxtpx:course>
		</gpxtpx:TrackPointExtension>
	</extensions>
</trkpt>
<trkpt lat="45.9413235" lon="14.3311084">
	<ele>413.39</ele>
	<time>2026-08-24T16:07:01.997Z</time>
	<hdop>3.79</hdop>
	<extensions>
		<gpxtpx:TrackPointExtension>
			<gpxtpx:course>189.0</gpxtpx:course>
		</gpxtpx:TrackPointExtension>
	</extensions>
</trkpt>
<trkpt lat="45.9411589" lon="14.3310570">
	<ele>415.42</ele>
	<time>2026-08-24T16:07:06.997Z</time>
	<hdop>3.79</hdop>
	<extensions>
		<gpxtpx:TrackPointExtension>
			<gpxtpx:course>188.0</gpxtpx:course>
		</gpxtpx:TrackPointExtension>
	</extensions>
</trkpt>
<trkpt lat="45.9409984" lon="14.3310037">
	<ele>417.52</ele>
	<time>2026-08-24T16:07:12.998Z</time>
	<hdop>3.79</hdop>
	<extensions>
		<gpxtpx:TrackPointExtension>
			<gpxtpx:course>187.0</gpxtpx:course>
		</gpxtpx:TrackPointExtension>
	</extensions>
</trkpt>
<trkpt lat="45.9408339" lon="14.3310087">
	<ele>418.76</ele>
	<time>2026-08-24T16:07:18.997Z</time>
	<hdop>3.79</hdop>
	<extensions>
		<gpxtpx:TrackPointExtension>
			<gpxtpx:course>171.0</gpxtpx:course>
		</gpxtpx:TrackPointExtension>
	</extensions>
</trkpt>
<trkpt lat="45.9407026" lon="14.3310855">
	<ele>418.65</ele>
	<time>2026-08-24T16:07:23.997Z</time>
	<hdop>3.79</hdop>
	<extensions>
		<gpxtpx:TrackPointExtension>
			<gpxtpx:course>150.0</gpxtpx:course>
		</gpxtpx:TrackPointExtension>
	</extensions>
</trkpt>
<trkpt lat="45.9405923" lon="14.3312062">
	<ele>417.75</ele>
	<time>2026-08-24T16:07:28.998Z</time>
	<hdop>3.79</hdop>
	<extensions>
		<gpxtpx:TrackPointExtension>
			<gpxtpx:course>141.0</gpxtpx:course>
		</gpxtpx:TrackPointExtension>
	</extensions>
</trkpt>
<trkpt lat="45.9404533" lon="14.3313243">
	<ele>417.36</ele>
	<time>2026-08-24T16:07:34.997Z</time>
	<hdop>3.79</hdop>
	<extensions>
		<gpxtpx:TrackPointExtension>
			<gpxtpx:course>158.0</gpxtpx:course>
		</gpxtpx:TrackPointExtension>
	</extensions>
</trkpt>
<trkpt lat="45.9403256" lon="14.3313565">
	<ele>418.38</ele>
	<time>2026-08-24T16:07:39.998Z</time>
	<hdop>3.79</hdop>
	<extensions>
		<gpxtpx:TrackPointExtension>
			<gpxtpx:course>179.0</gpxtpx:course>
		</gpxtpx:TrackPointExtension>
	</extensions>
</trkpt>
<trkpt lat="45.9401856" lon="14.3313482">
	<ele>420.22</ele>
	<time>2026-08-24T16:07:44.998Z</time>
	<hdop>3.79</hdop>
	<extensions>
		<gpxtpx:TrackPointExtension>
			<gpxtpx:course>182.0</gpxtpx:course>
		</gpxtpx:TrackPointExtension>
	</extensions>
</trkpt>
<trkpt lat="45.9400131" lon="14.3313399">
	<ele>422.46</ele>
	<time>2026-08-24T16:07:50.997Z</time>
	<hdop>3.79</hdop>
	<extensions>
		<gpxtpx:TrackPointExtension>
			<gpxtpx:course>184.0</gpxtpx:course>
		</gpxtpx:TrackPointExtension>
	</extensions>
</trkpt>
<trkpt lat="45.9398717" lon="14.3313267">
	<ele>424.33</ele>
	<time>2026-08-24T16:07:55.997Z</time>
	<hdop>3.79</hdop>
	<extensions>
		<gpxtpx:TrackPointExtension>
			<gpxtpx:course>183.0</gpxtpx:course>
		</gpxtpx:TrackPointExtension>
	</extensions>
</trkpt>
<trkpt lat="45.9397067" lon="14.3313113">
	<ele>426.53</ele>
	<time>2026-08-24T16:08:01.997Z</time>
	<hdop>3.79</hdop>
	<extensions>
		<gpxtpx:TrackPointExtension>
			<gpxtpx:course>184.0</gpxtpx:course>
		</gpxtpx:TrackPointExtension>
	</extensions>
</trkpt>
<trkpt lat="45.9395499" lon="14.3313168">
	<ele>428.42</ele>
	<time>2026-08-24T16:08:07.997Z</time>
	<hdop>3.79</hdop>
	<extensions>
		<gpxtpx:TrackPointExtension>
			<gpxtpx:course>188.0</gpxtpx:course>
		</gpxtpx:TrackPointExtension>
	</extensions>
</trkpt>
<trkpt lat="45.9393894" lon="14.3313327">
	<ele>430.19</ele>
	<time>2026-08-24T16:08:13.997Z</time>
	<hdop>3.79</hdop>
	<extensions>
		<gpxtpx:TrackPointExtension>
			<gpxtpx:course>173.0</gpxtpx:course>
		</gpxtpx:TrackPointExtension>
	</extensions>
</trkpt>
<trkpt lat="45.9392272" lon="14.3313521">
	<ele>431.91</ele>
	<time>2026-08-24T16:08:19.997Z</time>
	<hdop>3.79</hdop>
	<extensions>
		<gpxtpx:TrackPointExtension>
			<gpxtpx:course>175.0</gpxtpx:course>
		</gpxtpx:TrackPointExtension>
	</extensions>
</trkpt>
<trkpt lat="45.9390854" lon="14.3313609">
	<ele>433.53</ele>
	<time>2026-08-24T16:08:24.997Z</time>
	<hdop>3.79</hdop>
	<extensions>
		<gpxtpx:TrackPointExtension>
			<gpxtpx:course>179.0</gpxtpx:course>
		</gpxtpx:TrackPointExtension>
	</extensions>
</trkpt>
<trkpt lat="45.9389025" lon="14.3314024">
	<ele>434.92</ele>
	<time>2026-08-24T16:08:30.997Z</time>
	<hdop>3.79</hdop>
	<extensions>
		<gpxtpx:TrackPointExtension>
			<gpxtpx:course>169.0</gpxtpx:course>
		</gpxtpx:TrackPointExtension>
	</extensions>
</trkpt>
<trkpt lat="45.9387338" lon="14.3314624">
	<ele>435.58</ele>
	<time>2026-08-24T16:08:36.997Z</time>
	<hdop>3.79</hdop>
	<extensions>
		<gpxtpx:TrackPointExtension>
			<gpxtpx:course>163.0</gpxtpx:course>
		</gpxtpx:TrackPointExtension>
	</extensions>
</trkpt>
<trkpt lat="45.9385949" lon="14.3315367">
	<ele>435.46</ele>
	<time>2026-08-24T16:08:41.997Z</time>
	<hdop>3.79</hdop>
	<extensions>
		<gpxtpx:TrackPointExtension>
			<gpxtpx:course>165.0</gpxtpx:course>
		</gpxtpx:TrackPointExtension>
	</extensions>
</trkpt>
<trkpt lat="45.9384453" lon="14.3316040">
	<ele>435.79</ele>
	<time>2026-08-24T16:08:47.997Z</time>
	<hdop>3.79</hdop>
	<extensions>
		<gpxtpx:TrackPointExtension>
			<gpxtpx:course>160.0</gpxtpx:course>
		</gpxtpx:TrackPointExtension>
	</extensions>
</trkpt>
<trkpt lat="45.9383055" lon="14.3316853">
	<ele>436.01</ele>
	<time>2026-08-24T16:08:53.996Z</time>
	<hdop>3.79</hdop>
	<extensions>
		<gpxtpx:TrackPointExtension>
			<gpxtpx:course>158.0</gpxtpx:course>
		</gpxtpx:TrackPointExtension>
	</extensions>
</trkpt>
<trkpt lat="45.9381835" lon="14.3317478">
	<ele>436.67</ele>
	<time>2026-08-24T16:08:58.997Z</time>
	<hdop>3.79</hdop>
	<extensions>
		<gpxtpx:TrackPointExtension>
			<gpxtpx:course>163.0</gpxtpx:course>
		</gpxtpx:TrackPointExtension>
	</extensions>
</trkpt>
<trkpt lat="45.9380677" lon="14.3318021">
	<ele>437.71</ele>
	<time>2026-08-24T16:09:03.998Z</time>
	<hdop>3.79</hdop>
	<extensions>
		<gpxtpx:TrackPointExtension>
			<gpxtpx:course>157.0</gpxtpx:course>
		</gpxtpx:TrackPointExtension>
	</extensions>
</trkpt>
<trkpt lat="45.9379392" lon="14.3318636">
	<ele>439.11</ele>
	<time>2026-08-24T16:09:09.997Z</time>
	<hdop>3.79</hdop>
	<extensions>
		<gpxtpx:TrackPointExtension>
			<gpxtpx:course>169.0</gpxtpx:course>
		</gpxtpx:TrackPointExtension>
	</extensions>
</trkpt>
<trkpt lat="45.9378385" lon="14.3319146">
	<ele>440.50</ele>
	<time>2026-08-24T16:09:14.998Z</time>
	<hdop>3.79</hdop>
	<extensions>
		<gpxtpx:TrackPointExtension>
			<gpxtpx:course>156.0</gpxtpx:course>
		</gpxtpx:TrackPointExtension>
	</extensions>
</trkpt>
<trkpt lat="45.9377362" lon="14.3319819">
	<ele>441.75</ele>
	<time>2026-08-24T16:09:19.998Z</time>
	<hdop>3.79</hdop>
	<extensions>
		<gpxtpx:TrackPointExtension>
			<gpxtpx:course>154.0</gpxtpx:course>
		</gpxtpx:TrackPointExtension>
	</extensions>
</trkpt>
<trkpt lat="45.9376472" lon="14.3320517">
	<ele>442.83</ele>
	<time>2026-08-24T16:09:24.998Z</time>
	<hdop>3.79</hdop>
	<extensions>
		<gpxtpx:TrackPointExtension>
			<gpxtpx:course>149.0</gpxtpx:course>
		</gpxtpx:TrackPointExtension>
	</extensions>
</trkpt>
<trkpt lat="45.9375413" lon="14.3321553">
	<ele>444.03</ele>
	<time>2026-08-24T16:09:30.997Z</time>
	<hdop>3.79</hdop>
	<extensions>
		<gpxtpx:TrackPointExtension>
			<gpxtpx:course>137.0</gpxtpx:course>
		</gpxtpx:TrackPointExtension>
	</extensions>
</trkpt>
<trkpt lat="45.9374665" lon="14.3322695">
	<ele>444.40</ele>
	<time>2026-08-24T16:09:35.998Z</time>
	<hdop>3.79</hdop>
	<extensions>
		<gpxtpx:TrackPointExtension>
			<gpxtpx:course>132.0</gpxtpx:course>
		</gpxtpx:TrackPointExtension>
	</extensions>
</trkpt>
<trkpt lat="45.9373896" lon="14.3324084">
	<ele>444.91</ele>
	<time>2026-08-24T16:09:41.998Z</time>
	<hdop>3.79</hdop>
	<extensions>
		<gpxtpx:TrackPointExtension>
			<gpxtpx:course>132.0</gpxtpx:course>
		</gpxtpx:TrackPointExtension>
	</extensions>
</trkpt>
<trkpt lat="45.9373515" lon="14.3325298">
	<ele>444.74</ele>
	<time>2026-08-24T16:10:42.996Z</time>
	<hdop>3.79</hdop>
	<extensions>
		<gpxtpx:TrackPointExtension>
			<gpxtpx:course>130.0</gpxtpx:course>
		</gpxtpx:TrackPointExtension>
	</extensions>
</trkpt>
<trkpt lat="45.9372660" lon="14.3327017">
	<ele>446.55</ele>
	<time>2026-08-24T16:10:47.998Z</time>
	<hdop>3.79</hdop>
	<extensions>
		<gpxtpx:TrackPointExtension>
			<gpxtpx:course>120.0</gpxtpx:course>
		</gpxtpx:TrackPointExtension>
	</extensions>
</trkpt>
<trkpt lat="45.9371952" lon="14.3328859">
	<ele>448.15</ele>
	<time>2026-08-24T16:10:52.998Z</time>
	<hdop>3.79</hdop>
	<extensions>
		<gpxtpx:TrackPointExtension>
			<gpxtpx:course>114.0</gpxtpx:course>
		</gpxtpx:TrackPointExtension>
	</extensions>
</trkpt>
<trkpt lat="45.9370658" lon="14.3330848">
	<ele>451.15</ele>
	<time>2026-08-24T16:10:58.996Z</time>
	<hdop>3.79</hdop>
	<extensions>
		<gpxtpx:TrackPointExtension>
			<gpxtpx:course>133.0</gpxtpx:course>
		</gpxtpx:TrackPointExtension>
	</extensions>
</trkpt>
<trkpt lat="45.9369613" lon="14.3332388">
	<ele>452.98</ele>
	<time>2026-08-24T16:11:03.998Z</time>
	<hdop>3.79</hdop>
	<extensions>
		<gpxtpx:TrackPointExtension>
			<gpxtpx:course>138.0</gpxtpx:course>
		</gpxtpx:TrackPointExtension>
	</extensions>
</trkpt>
<trkpt lat="45.9368408" lon="14.3334321">
	<ele>454.25</ele>
	<time>2026-08-24T16:11:09.997Z</time>
	<hdop>3.79</hdop>
	<extensions>
		<gpxtpx:TrackPointExtension>
			<gpxtpx:course>134.0</gpxtpx:course>
		</gpxtpx:TrackPointExtension>
	</extensions>
</trkpt>
<trkpt lat="45.9367353" lon="14.3335540">
	<ele>456.08</ele>
	<time>2026-08-24T16:11:14.997Z</time>
	<hdop>3.79</hdop>
	<extensions>
		<gpxtpx:TrackPointExtension>
			<gpxtpx:course>135.0</gpxtpx:course>
		</gpxtpx:TrackPointExtension>
	</extensions>
</trkpt>
<trkpt lat="45.9366334" lon="14.3337072">
	<ele>457.68</ele>
	<time>2026-08-24T16:11:19.997Z</time>
	<hdop>3.79</hdop>
	<extensions>
		<gpxtpx:TrackPointExtension>
			<gpxtpx:course>125.0</gpxtpx:course>
		</gpxtpx:TrackPointExtension>
	</extensions>
</trkpt>
<trkpt lat="45.9365120" lon="14.3339027">
	<ele>459.37</ele>
	<time>2026-08-24T16:11:25.995Z</time>
	<hdop>3.79</hdop>
	<extensions>
		<gpxtpx:TrackPointExtension>
			<gpxtpx:course>136.0</gpxtpx:course>
		</gpxtpx:TrackPointExtension>
	</extensions>
</trkpt>
<trkpt lat="45.9364008" lon="14.3340415">
	<ele>461.16</ele>
	<time>2026-08-24T16:11:30.997Z</time>
	<hdop>3.79</hdop>
	<extensions>
		<gpxtpx:TrackPointExtension>
			<gpxtpx:course>137.0</gpxtpx:course>
		</gpxtpx:TrackPointExtension>
	</extensions>
</trkpt>
<trkpt lat="45.9362619" lon="14.3341971">
	<ele>462.99</ele>
	<time>2026-08-24T16:11:36.997Z</time>
	<hdop>3.79</hdop>
	<extensions>
		<gpxtpx:TrackPointExtension>
			<gpxtpx:course>152.0</gpxtpx:course>
		</gpxtpx:TrackPointExtension>
	</extensions>
</trkpt>
<trkpt lat="45.9360860" lon="14.3343234">
	<ele>466.31</ele>
	<time>2026-08-24T16:11:42.997Z</time>
	<hdop>3.79</hdop>
	<extensions>
		<gpxtpx:TrackPointExtension>
			<gpxtpx:course>156.0</gpxtpx:course>
		</gpxtpx:TrackPointExtension>
	</extensions>
</trkpt>
<trkpt lat="45.9359616" lon="14.3344207">
	<ele>468.54</ele>
	<time>2026-08-24T16:11:47.997Z</time>
	<hdop>3.79</hdop>
	<extensions>
		<gpxtpx:TrackPointExtension>
			<gpxtpx:course>155.0</gpxtpx:course>
		</gpxtpx:TrackPointExtension>
	</extensions>
</trkpt>
<trkpt lat="45.9358261" lon="14.3344715">
	<ele>471.67</ele>
	<time>2026-08-24T16:11:52.997Z</time>
	<hdop>3.79</hdop>
	<extensions>
		<gpxtpx:TrackPointExtension>
			<gpxtpx:course>161.0</gpxtpx:course>
		</gpxtpx:TrackPointExtension>
	</extensions>
</trkpt>
<trkpt lat="45.9356561" lon="14.3345822">
	<ele>474.39</ele>
	<time>2026-08-24T16:11:58.996Z</time>
	<hdop>3.79</hdop>
	<extensions>
		<gpxtpx:TrackPointExtension>
			<gpxtpx:course>160.0</gpxtpx:course>
		</gpxtpx:TrackPointExtension>
	</extensions>
</trkpt>
<trkpt lat="45.9355096" lon="14.3346713">
	<ele>476.55</ele>
	<time>2026-08-24T16:12:03.997Z</time>
	<hdop>3.79</hdop>
	<extensions>
		<gpxtpx:TrackPointExtension>
			<gpxtpx:course>156.0</gpxtpx:course>
		</gpxtpx:TrackPointExtension>
	</extensions>
</trkpt>
<trkpt lat="45.9353573" lon="14.3347469">
	<ele>478.87</ele>
	<time>2026-08-24T16:12:08.998Z</time>
	<hdop>3.79</hdop>
	<extensions>
		<gpxtpx:TrackPointExtension>
			<gpxtpx:course>164.0</gpxtpx:course>
		</gpxtpx:TrackPointExtension>
	</extensions>
</trkpt>
<trkpt lat="45.9351746" lon="14.3348440">
	<ele>481.38</ele>
	<time>2026-08-24T16:12:14.997Z</time>
	<hdop>3.79</hdop>
	<extensions>
		<gpxtpx:TrackPointExtension>
			<gpxtpx:course>157.0</gpxtpx:course>
		</gpxtpx:TrackPointExtension>
	</extensions>
</trkpt>
<trkpt lat="45.9349864" lon="14.3349584">
	<ele>483.30</ele>
	<time>2026-08-24T16:12:20.996Z</time>
	<hdop>3.79</hdop>
	<extensions>
		<gpxtpx:TrackPointExtension>
			<gpxtpx:course>157.0</gpxtpx:course>
		</gpxtpx:TrackPointExtension>
	</extensions>
</trkpt>
<trkpt lat="45.9348402" lon="14.3350703">
	<ele>483.72</ele>
	<time>2026-08-24T16:12:25.997Z</time>
	<hdop>3.79</hdop>
	<extensions>
		<gpxtpx:TrackPointExtension>
			<gpxtpx:course>149.0</gpxtpx:course>
		</gpxtpx:TrackPointExtension>
	</extensions>
</trkpt>
<trkpt lat="45.9346952" lon="14.3351709">
	<ele>483.97</ele>
	<time>2026-08-24T16:12:30.997Z</time>
	<hdop>3.79</hdop>
	<extensions>
		<gpxtpx:TrackPointExtension>
			<gpxtpx:course>162.0</gpxtpx:course>
		</gpxtpx:TrackPointExtension>
	</extensions>
</trkpt>
<trkpt lat="45.9345329" lon="14.3352412">
	<ele>485.54</ele>
	<time>2026-08-24T16:12:35.997Z</time>
	<hdop>3.79</hdop>
	<extensions>
		<gpxtpx:TrackPointExtension>
			<gpxtpx:course>175.0</gpxtpx:course>
		</gpxtpx:TrackPointExtension>
	</extensions>
</trkpt>
<trkpt lat="45.9343677" lon="14.3352881">
	<ele>488.14</ele>
	<time>2026-08-24T16:12:40.998Z</time>
	<hdop>3.79</hdop>
	<extensions>
		<gpxtpx:TrackPointExtension>
			<gpxtpx:course>168.0</gpxtpx:course>
		</gpxtpx:TrackPointExtension>
	</extensions>
</trkpt>
<trkpt lat="45.9342132" lon="14.3353305">
	<ele>490.53</ele>
	<time>2026-08-24T16:12:45.998Z</time>
	<hdop>3.79</hdop>
	<extensions>
		<gpxtpx:TrackPointExtension>
			<gpxtpx:course>171.0</gpxtpx:course>
		</gpxtpx:TrackPointExtension>
	</extensions>
</trkpt>
<trkpt lat="45.9340543" lon="14.3353823">
	<ele>492.68</ele>
	<time>2026-08-24T16:12:50.998Z</time>
	<hdop>3.79</hdop>
	<extensions>
		<gpxtpx:TrackPointExtension>
			<gpxtpx:course>167.0</gpxtpx:course>
		</gpxtpx:TrackPointExtension>
	</extensions>
</trkpt>
<trkpt lat="45.9338727" lon="14.3354332">
	<ele>494.40</ele>
	<time>2026-08-24T16:12:55.998Z</time>
	<hdop>3.79</hdop>
	<extensions>
		<gpxtpx:TrackPointExtension>
			<gpxtpx:course>177.0</gpxtpx:course>
		</gpxtpx:TrackPointExtension>
	</extensions>
</trkpt>
<trkpt lat="45.9336665" lon="14.3354695">
	<ele>496.12</ele>
	<time>2026-08-24T16:13:01.996Z</time>
	<hdop>3.93</hdop>
	<extensions>
		<gpxtpx:TrackPointExtension>
			<gpxtpx:course>176.0</gpxtpx:course>
		</gpxtpx:TrackPointExtension>
	</extensions>
</trkpt>
<trkpt lat="45.9334996" lon="14.3355106">
	<ele>497.23</ele>
	<time>2026-08-24T16:13:06.997Z</time>
	<hdop>3.79</hdop>
	<extensions>
		<gpxtpx:TrackPointExtension>
			<gpxtpx:course>168.0</gpxtpx:course>
		</gpxtpx:TrackPointExtension>
	</extensions>
</trkpt>
<trkpt lat="45.9333297" lon="14.3355921">
	<ele>497.84</ele>
	<time>2026-08-24T16:13:11.997Z</time>
	<hdop>3.79</hdop>
	<extensions>
		<gpxtpx:TrackPointExtension>
			<gpxtpx:course>166.0</gpxtpx:course>
		</gpxtpx:TrackPointExtension>
	</extensions>
</trkpt>
<trkpt lat="45.9331147" lon="14.3356929">
	<ele>499.32</ele>
	<time>2026-08-24T16:13:17.997Z</time>
	<hdop>3.79</hdop>
	<extensions>
		<gpxtpx:TrackPointExtension>
			<gpxtpx:course>160.0</gpxtpx:course>
		</gpxtpx:TrackPointExtension>
	</extensions>
</trkpt>
<trkpt lat="45.9329509" lon="14.3357491">
	<ele>501.03</ele>
	<time>2026-08-24T16:13:22.997Z</time>
	<hdop>3.79</hdop>
	<extensions>
		<gpxtpx:TrackPointExtension>
			<gpxtpx:course>171.0</gpxtpx:course>
		</gpxtpx:TrackPointExtension>
	</extensions>
</trkpt>
<trkpt lat="45.9327792" lon="14.3358151">
	<ele>502.76</ele>
	<time>2026-08-24T16:13:27.997Z</time>
	<hdop>3.79</hdop>
	<extensions>
		<gpxtpx:TrackPointExtension>
			<gpxtpx:course>176.0</gpxtpx:course>
		</gpxtpx:TrackPointExtension>
	</extensions>
</trkpt>
<trkpt lat="45.9325946" lon="14.3358641">
	<ele>505.26</ele>
	<time>2026-08-24T16:13:33.997Z</time>
	<hdop>3.79</hdop>
	<extensions>
		<gpxtpx:TrackPointExtension>
			<gpxtpx:course>172.0</gpxtpx:course>
		</gpxtpx:TrackPointExtension>
	</extensions>
</trkpt>
<trkpt lat="45.9324780" lon="14.3359192">
	<ele>506.29</ele>
	<time>2026-08-24T16:13:38.998Z</time>
	<hdop>3.79</hdop>
	<extensions>
		<gpxtpx:TrackPointExtension>
			<gpxtpx:course>173.0</gpxtpx:course>
		</gpxtpx:TrackPointExtension>
	</extensions>
</trkpt>
<trkpt lat="45.9323714" lon="14.3359778">
	<ele>507.06</ele>
	<time>2026-08-24T16:13:57.996Z</time>
	<hdop>3.79</hdop>
	<extensions>
		<gpxtpx:TrackPointExtension>
			<gpxtpx:course>158.0</gpxtpx:course>
		</gpxtpx:TrackPointExtension>
	</extensions>
</trkpt>
<trkpt lat="45.9322180" lon="14.3360352">
	<ele>509.01</ele>
	<time>2026-08-24T16:14:02.997Z</time>
	<hdop>3.79</hdop>
	<extensions>
		<gpxtpx:TrackPointExtension>
			<gpxtpx:course>178.0</gpxtpx:course>
		</gpxtpx:TrackPointExtension>
	</extensions>
</trkpt>
<trkpt lat="45.9320344" lon="14.3360713">
	<ele>512.56</ele>
	<time>2026-08-24T16:14:08.997Z</time>
	<hdop>3.79</hdop>
	<extensions>
		<gpxtpx:TrackPointExtension>
			<gpxtpx:course>170.0</gpxtpx:course>
		</gpxtpx:TrackPointExtension>
	</extensions>
</trkpt>
<trkpt lat="45.9318733" lon="14.3361327">
	<ele>515.22</ele>
	<time>2026-08-24T16:14:13.997Z</time>
	<hdop>3.79</hdop>
	<extensions>
		<gpxtpx:TrackPointExtension>
			<gpxtpx:course>163.0</gpxtpx:course>
		</gpxtpx:TrackPointExtension>
	</extensions>
</trkpt>
<trkpt lat="45.9317298" lon="14.3362167">
	<ele>517.27</ele>
	<time>2026-08-24T16:14:18.997Z</time>
	<hdop>3.79</hdop>
	<extensions>
		<gpxtpx:TrackPointExtension>
			<gpxtpx:course>159.0</gpxtpx:course>
		</gpxtpx:TrackPointExtension>
	</extensions>
</trkpt>
<trkpt lat="45.9315942" lon="14.3363138">
	<ele>518.80</ele>
	<time>2026-08-24T16:14:23.997Z</time>
	<hdop>3.79</hdop>
	<extensions>
		<gpxtpx:TrackPointExtension>
			<gpxtpx:course>163.0</gpxtpx:course>
		</gpxtpx:TrackPointExtension>
	</extensions>
</trkpt>
<trkpt lat="45.9314508" lon="14.3363940">
	<ele>520.85</ele>
	<time>2026-08-24T16:14:28.997Z</time>
	<hdop>3.79</hdop>
	<extensions>
		<gpxtpx:TrackPointExtension>
			<gpxtpx:course>160.0</gpxtpx:course>
		</gpxtpx:TrackPointExtension>
	</extensions>
</trkpt>
<trkpt lat="45.9312860" lon="14.3364728">
	<ele>523.31</ele>
	<time>2026-08-24T16:14:34.998Z</time>
	<hdop>3.79</hdop>
	<extensions>
		<gpxtpx:TrackPointExtension>
			<gpxtpx:course>174.0</gpxtpx:course>
		</gpxtpx:TrackPointExtension>
	</extensions>
</trkpt>
<trkpt lat="45.9311641" lon="14.3365185">
	<ele>525.27</ele>
	<time>2026-08-24T16:14:40.997Z</time>
	<hdop>3.79</hdop>
	<extensions>
		<gpxtpx:TrackPointExtension>
			<gpxtpx:course>167.0</gpxtpx:course>
		</gpxtpx:TrackPointExtension>
	</extensions>
</trkpt>
<trkpt lat="45.9310740" lon="14.3365375">
	<ele>526.79</ele>
	<time>2026-08-24T16:14:46.998Z</time>
	<hdop>3.79</hdop>
	<extensions>
		<gpxtpx:TrackPointExtension>
			<gpxtpx:course>214.0</gpxtpx:course>
		</gpxtpx:TrackPointExtension>
	</extensions>
</trkpt>
<trkpt lat="45.9310351" lon="14.3366783">
	<ele>525.00</ele>
	<time>2026-08-24T16:15:07.997Z</time>
	<hdop>3.79</hdop>
	<extensions>
		<gpxtpx:TrackPointExtension>
			<gpxtpx:course>79.0</gpxtpx:course>
		</gpxtpx:TrackPointExtension>
	</extensions>
</trkpt>
<trkpt lat="45.9309431" lon="14.3368370">
	<ele>522.62</ele>
	<time>2026-08-24T16:15:12.997Z</time>
	<hdop>3.79</hdop>
	<extensions>
		<gpxtpx:TrackPointExtension>
			<gpxtpx:course>133.0</gpxtpx:course>
		</gpxtpx:TrackPointExtension>
	</extensions>
</trkpt>
<trkpt lat="45.9307894" lon="14.3370326">
	<ele>520.51</ele>
	<time>2026-08-24T16:15:17.997Z</time>
	<hdop>3.79</hdop>
	<extensions>
		<gpxtpx:TrackPointExtension>
			<gpxtpx:course>137.0</gpxtpx:course>
		</gpxtpx:TrackPointExtension>
	</extensions>
</trkpt>
<trkpt lat="45.9306208" lon="14.3372717">
	<ele>517.33</ele>
	<time>2026-08-24T16:15:23.997Z</time>
	<hdop>3.95</hdop>
	<extensions>
		<gpxtpx:TrackPointExtension>
			<gpxtpx:course>139.0</gpxtpx:course>
		</gpxtpx:TrackPointExtension>
	</extensions>
</trkpt>
<trkpt lat="45.9304353" lon="14.3375022">
	<ele>514.85</ele>
	<time>2026-08-24T16:15:28.997Z</time>
	<hdop>3.79</hdop>
	<extensions>
		<gpxtpx:TrackPointExtension>
			<gpxtpx:course>141.0</gpxtpx:course>
		</gpxtpx:TrackPointExtension>
	</extensions>
</trkpt>
<trkpt lat="45.9302617" lon="14.3376604">
	<ele>513.57</ele>
	<time>2026-08-24T16:15:33.997Z</time>
	<hdop>3.79</hdop>
	<extensions>
		<gpxtpx:TrackPointExtension>
			<gpxtpx:course>154.0</gpxtpx:course>
		</gpxtpx:TrackPointExtension>
	</extensions>
</trkpt>
<trkpt lat="45.9300068" lon="14.3378476">
	<ele>512.81</ele>
	<time>2026-08-24T16:15:39.997Z</time>
	<hdop>3.79</hdop>
	<extensions>
		<gpxtpx:TrackPointExtension>
			<gpxtpx:course>149.0</gpxtpx:course>
		</gpxtpx:TrackPointExtension>
	</extensions>
</trkpt>
<trkpt lat="45.9297891" lon="14.3380439">
	<ele>510.98</ele>
	<time>2026-08-24T16:15:44.997Z</time>
	<hdop>3.79</hdop>
	<extensions>
		<gpxtpx:TrackPointExtension>
			<gpxtpx:course>148.0</gpxtpx:course>
		</gpxtpx:TrackPointExtension>
	</extensions>
</trkpt>
<trkpt lat="45.9295322" lon="14.3382855">
	<ele>509.67</ele>
	<time>2026-08-24T16:15:49.998Z</time>
	<hdop>3.79</hdop>
	<extensions>
		<gpxtpx:TrackPointExtension>
			<gpxtpx:course>145.0</gpxtpx:course>
		</gpxtpx:TrackPointExtension>
	</extensions>
</trkpt>
<trkpt lat="45.9293068" lon="14.3385583">
	<ele>506.76</ele>
	<time>2026-08-24T16:15:54.998Z</time>
	<hdop>3.79</hdop>
	<extensions>
		<gpxtpx:TrackPointExtension>
			<gpxtpx:course>141.0</gpxtpx:course>
		</gpxtpx:TrackPointExtension>
	</extensions>
</trkpt>
<trkpt lat="45.9290243" lon="14.3388958">
	<ele>502.07</ele>
	<time>2026-08-24T16:16:00.998Z</time>
	<hdop>3.79</hdop>
	<extensions>
		<gpxtpx:TrackPointExtension>
			<gpxtpx:course>139.0</gpxtpx:course>
		</gpxtpx:TrackPointExtension>
	</extensions>
</trkpt>
<trkpt lat="45.9286833" lon="14.3392215">
	<ele>501.86</ele>
	<time>2026-08-24T16:16:06.996Z</time>
	<hdop>3.79</hdop>
	<extensions>
		<gpxtpx:TrackPointExtension>
			<gpxtpx:course>150.0</gpxtpx:course>
		</gpxtpx:TrackPointExtension>
	</extensions>
</trkpt>
<trkpt lat="45.9284151" lon="14.3394931">
	<ele>500.64</ele>
	<time>2026-08-24T16:16:11.997Z</time>
	<hdop>3.79</hdop>
	<extensions>
		<gpxtpx:TrackPointExtension>
			<gpxtpx:course>145.0</gpxtpx:course>
		</gpxtpx:TrackPointExtension>
	</extensions>
</trkpt>
<trkpt lat="45.9281290" lon="14.3398551">
	<ele>495.07</ele>
	<time>2026-08-24T16:16:16.997Z</time>
	<hdop>3.79</hdop>
	<extensions>
		<gpxtpx:TrackPointExtension>
			<gpxtpx:course>138.0</gpxtpx:course>
		</gpxtpx:TrackPointExtension>
	</extensions>
</trkpt>
<trkpt lat="45.9278621" lon="14.3402055">
	<ele>494.20</ele>
	<time>2026-08-24T16:16:21.997Z</time>
	<hdop>3.79</hdop>
	<extensions>
		<gpxtpx:TrackPointExtension>
			<gpxtpx:course>131.0</gpxtpx:course>
		</gpxtpx:TrackPointExtension>
	</extensions>
</trkpt>
<trkpt lat="45.9276827" lon="14.3407003">
	<ele>489.28</ele>
	<time>2026-08-24T16:16:26.997Z</time>
	<hdop>3.79</hdop>
	<extensions>
		<gpxtpx:TrackPointExtension>
			<gpxtpx:course>111.0</gpxtpx:course>
		</gpxtpx:TrackPointExtension>
	</extensions>
</trkpt>
<trkpt lat="45.9275443" lon="14.3412011">
	<ele>482.92</ele>
	<time>2026-08-24T16:16:31.998Z</time>
	<hdop>3.79</hdop>
	<extensions>
		<gpxtpx:TrackPointExtension>
			<gpxtpx:course>114.0</gpxtpx:course>
		</gpxtpx:TrackPointExtension>
	</extensions>
</trkpt>
<trkpt lat="45.9275256" lon="14.3413340">
	<ele>480.42</ele>
	<time>2026-08-24T16:16:36.998Z</time>
	<hdop>3.79</hdop>
	<extensions>
		<gpxtpx:TrackPointExtension>
			<gpxtpx:course>113.0</gpxtpx:course>
		</gpxtpx:TrackPointExtension>
	</extensions>
</trkpt>
<trkpt lat="45.9274534" lon="14.3414223">
	<ele>480.30</ele>
	<time>2026-08-24T16:20:58.997Z</time>
	<hdop>3.79</hdop>
	<extensions>
		<gpxtpx:TrackPointExtension>
			<gpxtpx:course>139.0</gpxtpx:course>
		</gpxtpx:TrackPointExtension>
	</extensions>
</trkpt>
<trkpt lat="45.9273846" lon="14.3415170">
	<ele>478.95</ele>
	<time>2026-08-24T16:21:30.997Z</time>
	<hdop>3.79</hdop>
	<extensions>
		<gpxtpx:TrackPointExtension>
			<gpxtpx:course>155.0</gpxtpx:course>
		</gpxtpx:TrackPointExtension>
	</extensions>
</trkpt>
<trkpt lat="45.9271277" lon="14.3416713">
	<ele>474.49</ele>
	<time>2026-08-24T16:21:36.998Z</time>
	<hdop>3.79</hdop>
	<extensions>
		<gpxtpx:TrackPointExtension>
			<gpxtpx:course>156.0</gpxtpx:course>
		</gpxtpx:TrackPointExtension>
	</extensions>
</trkpt>
<trkpt lat="45.9268340" lon="14.3416990">
	<ele>471.73</ele>
	<time>2026-08-24T16:21:42.998Z</time>
	<hdop>3.79</hdop>
	<extensions>
		<gpxtpx:TrackPointExtension>
			<gpxtpx:course>181.0</gpxtpx:course>
		</gpxtpx:TrackPointExtension>
	</extensions>
</trkpt>
<trkpt lat="45.9265093" lon="14.3418402">
	<ele>470.06</ele>
	<time>2026-08-24T16:21:48.998Z</time>
	<hdop>3.79</hdop>
	<extensions>
		<gpxtpx:TrackPointExtension>
			<gpxtpx:course>146.0</gpxtpx:course>
		</gpxtpx:TrackPointExtension>
	</extensions>
</trkpt>
<trkpt lat="45.9262387" lon="14.3421278">
	<ele>469.19</ele>
	<time>2026-08-24T16:21:54.996Z</time>
	<hdop>3.79</hdop>
	<extensions>
		<gpxtpx:TrackPointExtension>
			<gpxtpx:course>141.0</gpxtpx:course>
		</gpxtpx:TrackPointExtension>
	</extensions>
</trkpt>
<trkpt lat="45.9262099" lon="14.3424660">
	<ele>465.57</ele>
	<time>2026-08-24T16:21:59.997Z</time>
	<hdop>3.79</hdop>
	<extensions>
		<gpxtpx:TrackPointExtension>
			<gpxtpx:course>72.0</gpxtpx:course>
		</gpxtpx:TrackPointExtension>
	</extensions>
</trkpt>
<trkpt lat="45.9263108" lon="14.3428526">
	<ele>460.21</ele>
	<time>2026-08-24T16:22:04.997Z</time>
	<hdop>3.79</hdop>
	<extensions>
		<gpxtpx:TrackPointExtension>
			<gpxtpx:course>77.0</gpxtpx:course>
		</gpxtpx:TrackPointExtension>
	</extensions>
</trkpt>
<trkpt lat="45.9263889" lon="14.3432494">
	<ele>461.42</ele>
	<time>2026-08-24T16:22:09.997Z</time>
	<hdop>3.79</hdop>
	<extensions>
		<gpxtpx:TrackPointExtension>
			<gpxtpx:course>68.0</gpxtpx:course>
		</gpxtpx:TrackPointExtension>
	</extensions>
</trkpt>
<trkpt lat="45.9264305" lon="14.3436377">
	<ele>454.32</ele>
	<time>2026-08-24T16:22:14.997Z</time>
	<hdop>3.79</hdop>
	<extensions>
		<gpxtpx:TrackPointExtension>
			<gpxtpx:course>90.0</gpxtpx:course>
		</gpxtpx:TrackPointExtension>
	</extensions>
</trkpt>
<trkpt lat="45.9262281" lon="14.3440065">
	<ele>451.81</ele>
	<time>2026-08-24T16:22:19.998Z</time>
	<hdop>3.79</hdop>
	<extensions>
		<gpxtpx:TrackPointExtension>
			<gpxtpx:course>141.0</gpxtpx:course>
		</gpxtpx:TrackPointExtension>
	</extensions>
</trkpt>
<trkpt lat="45.9260147" lon="14.3443202">
	<ele>452.57</ele>
	<time>2026-08-24T16:22:24.998Z</time>
	<hdop>3.79</hdop>
	<extensions>
		<gpxtpx:TrackPointExtension>
			<gpxtpx:course>109.0</gpxtpx:course>
		</gpxtpx:TrackPointExtension>
	</extensions>
</trkpt>
<trkpt lat="45.9260699" lon="14.3448173">
	<ele>453.75</ele>
	<time>2026-08-24T16:22:29.998Z</time>
	<hdop>3.79</hdop>
	<extensions>
		<gpxtpx:TrackPointExtension>
			<gpxtpx:course>74.0</gpxtpx:course>
		</gpxtpx:TrackPointExtension>
	</extensions>
</trkpt>
<trkpt lat="45.9262124" lon="14.3453740">
	<ele>440.04</ele>
	<time>2026-08-24T16:22:35.997Z</time>
	<hdop>3.79</hdop>
	<extensions>
		<gpxtpx:TrackPointExtension>
			<gpxtpx:course>81.0</gpxtpx:course>
		</gpxtpx:TrackPointExtension>
	</extensions>
</trkpt>
<trkpt lat="45.9262142" lon="14.3458896">
	<ele>435.72</ele>
	<time>2026-08-24T16:22:40.997Z</time>
	<hdop>3.79</hdop>
	<extensions>
		<gpxtpx:TrackPointExtension>
			<gpxtpx:course>91.0</gpxtpx:course>
		</gpxtpx:TrackPointExtension>
	</extensions>
</trkpt>
<trkpt lat="45.9260685" lon="14.3464382">
	<ele>435.42</ele>
	<time>2026-08-24T16:22:46.996Z</time>
	<hdop>3.79</hdop>
	<extensions>
		<gpxtpx:TrackPointExtension>
			<gpxtpx:course>130.0</gpxtpx:course>
		</gpxtpx:TrackPointExtension>
	</extensions>
</trkpt>
<trkpt lat="45.9258373" lon="14.3468294">
	<ele>434.76</ele>
	<time>2026-08-24T16:22:51.998Z</time>
	<hdop>3.79</hdop>
	<extensions>
		<gpxtpx:TrackPointExtension>
			<gpxtpx:course>113.0</gpxtpx:course>
		</gpxtpx:TrackPointExtension>
	</extensions>
</trkpt>
<trkpt lat="45.9257370" lon="14.3473093">
	<ele>428.77</ele>
	<time>2026-08-24T16:22:57.997Z</time>
	<hdop>3.79</hdop>
	<extensions>
		<gpxtpx:TrackPointExtension>
			<gpxtpx:course>111.0</gpxtpx:course>
		</gpxtpx:TrackPointExtension>
	</extensions>
</trkpt>
<trkpt lat="45.9254267" lon="14.3477292">
	<ele>427.27</ele>
	<time>2026-08-24T16:23:03.997Z</time>
	<hdop>3.79</hdop>
	<extensions>
		<gpxtpx:TrackPointExtension>
			<gpxtpx:course>136.0</gpxtpx:course>
		</gpxtpx:TrackPointExtension>
	</extensions>
</trkpt>
<trkpt lat="45.9251511" lon="14.3481204">
	<ele>423.68</ele>
	<time>2026-08-24T16:23:08.997Z</time>
	<hdop>3.79</hdop>
	<extensions>
		<gpxtpx:TrackPointExtension>
			<gpxtpx:course>135.0</gpxtpx:course>
		</gpxtpx:TrackPointExtension>
	</extensions>
</trkpt>
<trkpt lat="45.9248635" lon="14.3484622">
	<ele>420.08</ele>
	<time>2026-08-24T16:23:13.997Z</time>
	<hdop>3.79</hdop>
	<extensions>
		<gpxtpx:TrackPointExtension>
			<gpxtpx:course>142.0</gpxtpx:course>
		</gpxtpx:TrackPointExtension>
	</extensions>
</trkpt>
<trkpt lat="45.9245504" lon="14.3487036">
	<ele>417.42</ele>
	<time>2026-08-24T16:23:18.997Z</time>
	<hdop>3.79</hdop>
	<extensions>
		<gpxtpx:TrackPointExtension>
			<gpxtpx:course>152.0</gpxtpx:course>
		</gpxtpx:TrackPointExtension>
	</extensions>
</trkpt>
<trkpt lat="45.9241735" lon="14.3489619">
	<ele>413.55</ele>
	<time>2026-08-24T16:23:23.998Z</time>
	<hdop>3.79</hdop>
	<extensions>
		<gpxtpx:TrackPointExtension>
			<gpxtpx:course>152.0</gpxtpx:course>
		</gpxtpx:TrackPointExtension>
	</extensions>
</trkpt>
<trkpt lat="45.9239308" lon="14.3491477">
	<ele>408.64</ele>
	<time>2026-08-24T16:23:29.997Z</time>
	<hdop>3.79</hdop>
	<extensions>
		<gpxtpx:TrackPointExtension>
			<gpxtpx:course>151.0</gpxtpx:course>
		</gpxtpx:TrackPointExtension>
	</extensions>
</trkpt>
<trkpt lat="45.9236556" lon="14.3492838">
	<ele>403.23</ele>
	<time>2026-08-24T16:23:34.997Z</time>
	<hdop>3.79</hdop>
	<extensions>
		<gpxtpx:TrackPointExtension>
			<gpxtpx:course>160.0</gpxtpx:course>
		</gpxtpx:TrackPointExtension>
	</extensions>
</trkpt>
<trkpt lat="45.9233720" lon="14.3492646">
	<ele>403.18</ele>
	<time>2026-08-24T16:23:39.997Z</time>
	<hdop>3.79</hdop>
	<extensions>
		<gpxtpx:TrackPointExtension>
			<gpxtpx:course>202.0</gpxtpx:course>
		</gpxtpx:TrackPointExtension>
	</extensions>
</trkpt>
<trkpt lat="45.9230984" lon="14.3491248">
	<ele>410.99</ele>
	<time>2026-08-24T16:23:44.998Z</time>
	<hdop>3.79</hdop>
	<extensions>
		<gpxtpx:TrackPointExtension>
			<gpxtpx:course>194.0</gpxtpx:course>
		</gpxtpx:TrackPointExtension>
	</extensions>
</trkpt>
<trkpt lat="45.9229715" lon="14.3495111">
	<ele>404.71</ele>
	<time>2026-08-24T16:23:50.997Z</time>
	<hdop>3.79</hdop>
	<extensions>
		<gpxtpx:TrackPointExtension>
			<gpxtpx:course>95.0</gpxtpx:course>
		</gpxtpx:TrackPointExtension>
	</extensions>
</trkpt>
<trkpt lat="45.9229307" lon="14.3500269">
	<ele>394.18</ele>
	<time>2026-08-24T16:23:56.996Z</time>
	<hdop>3.79</hdop>
	<extensions>
		<gpxtpx:TrackPointExtension>
			<gpxtpx:course>94.0</gpxtpx:course>
		</gpxtpx:TrackPointExtension>
	</extensions>
</trkpt>
<trkpt lat="45.9228234" lon="14.3503920">
	<ele>390.91</ele>
	<time>2026-08-24T16:24:01.998Z</time>
	<hdop>3.79</hdop>
	<extensions>
		<gpxtpx:TrackPointExtension>
			<gpxtpx:course>125.0</gpxtpx:course>
		</gpxtpx:TrackPointExtension>
	</extensions>
</trkpt>
<trkpt lat="45.9227187" lon="14.3505400">
	<ele>389.99</ele>
	<time>2026-08-24T16:24:44.997Z</time>
	<hdop>3.79</hdop>
	<extensions>
		<gpxtpx:TrackPointExtension>
			<gpxtpx:course>145.0</gpxtpx:course>
		</gpxtpx:TrackPointExtension>
	</extensions>
</trkpt>
<trkpt lat="45.9225630" lon="14.3506387">
	<ele>390.03</ele>
	<time>2026-08-24T16:24:49.997Z</time>
	<hdop>3.79</hdop>
	<extensions>
		<gpxtpx:TrackPointExtension>
			<gpxtpx:course>159.0</gpxtpx:course>
		</gpxtpx:TrackPointExtension>
	</extensions>
</trkpt>
<trkpt lat="45.9223146" lon="14.3507763">
	<ele>390.79</ele>
	<time>2026-08-24T16:24:54.997Z</time>
	<hdop>3.79</hdop>
	<extensions>
		<gpxtpx:TrackPointExtension>
			<gpxtpx:course>160.0</gpxtpx:course>
		</gpxtpx:TrackPointExtension>
	</extensions>
</trkpt>
<trkpt lat="45.9221345" lon="14.3510629">
	<ele>390.44</ele>
	<time>2026-08-24T16:24:59.997Z</time>
	<hdop>3.79</hdop>
	<extensions>
		<gpxtpx:TrackPointExtension>
			<gpxtpx:course>101.0</gpxtpx:course>
		</gpxtpx:TrackPointExtension>
	</extensions>
</trkpt>
<trkpt lat="45.9221654" lon="14.3514965">
	<ele>386.24</ele>
	<time>2026-08-24T16:25:04.997Z</time>
	<hdop>3.79</hdop>
	<extensions>
		<gpxtpx:TrackPointExtension>
			<gpxtpx:course>79.0</gpxtpx:course>
		</gpxtpx:TrackPointExtension>
	</extensions>
</trkpt>
<trkpt lat="45.9222011" lon="14.3519168">
	<ele>381.80</ele>
	<time>2026-08-24T16:25:09.997Z</time>
	<hdop>3.79</hdop>
	<extensions>
		<gpxtpx:TrackPointExtension>
			<gpxtpx:course>92.0</gpxtpx:course>
		</gpxtpx:TrackPointExtension>
	</extensions>
</trkpt>
<trkpt lat="45.9221518" lon="14.3521628">
	<ele>379.99</ele>
	<time>2026-08-24T16:25:14.998Z</time>
	<hdop>3.79</hdop>
	<extensions>
		<gpxtpx:TrackPointExtension>
			<gpxtpx:course>114.0</gpxtpx:course>
		</gpxtpx:TrackPointExtension>
	</extensions>
</trkpt>
<trkpt lat="45.9219937" lon="14.3523748">
	<ele>378.75</ele>
	<time>2026-08-24T16:25:20.997Z</time>
	<hdop>3.79</hdop>
	<extensions>
		<gpxtpx:TrackPointExtension>
			<gpxtpx:course>139.0</gpxtpx:course>
		</gpxtpx:TrackPointExtension>
	</extensions>
</trkpt>
<trkpt lat="45.9217703" lon="14.3525359">
	<ele>377.15</ele>
	<time>2026-08-24T16:25:25.997Z</time>
	<hdop>3.79</hdop>
	<extensions>
		<gpxtpx:TrackPointExtension>
			<gpxtpx:course>157.0</gpxtpx:course>
		</gpxtpx:TrackPointExtension>
	</extensions>
</trkpt>
<trkpt lat="45.9214949" lon="14.3525974">
	<ele>376.53</ele>
	<time>2026-08-24T16:25:30.997Z</time>
	<hdop>3.79</hdop>
	<extensions>
		<gpxtpx:TrackPointExtension>
			<gpxtpx:course>174.0</gpxtpx:course>
		</gpxtpx:TrackPointExtension>
	</extensions>
</trkpt>
<trkpt lat="45.9211754" lon="14.3526185">
	<ele>375.95</ele>
	<time>2026-08-24T16:25:35.997Z</time>
	<hdop>3.79</hdop>
	<extensions>
		<gpxtpx:TrackPointExtension>
			<gpxtpx:course>181.0</gpxtpx:course>
		</gpxtpx:TrackPointExtension>
	</extensions>
</trkpt>
<trkpt lat="45.9208371" lon="14.3527854">
	<ele>376.53</ele>
	<time>2026-08-24T16:25:41.998Z</time>
	<hdop>3.79</hdop>
	<extensions>
		<gpxtpx:TrackPointExtension>
			<gpxtpx:course>119.0</gpxtpx:course>
		</gpxtpx:TrackPointExtension>
	</extensions>
</trkpt>
<trkpt lat="45.9210203" lon="14.3531077">
	<ele>372.55</ele>
	<time>2026-08-24T16:25:47.998Z</time>
	<hdop>3.79</hdop>
	<extensions>
		<gpxtpx:TrackPointExtension>
			<gpxtpx:course>10.0</gpxtpx:course>
		</gpxtpx:TrackPointExtension>
	</extensions>
</trkpt>
<trkpt lat="45.9213215" lon="14.3530162">
	<ele>370.66</ele>
	<time>2026-08-24T16:25:53.997Z</time>
	<hdop>3.79</hdop>
	<extensions>
		<gpxtpx:TrackPointExtension>
			<gpxtpx:course>352.0</gpxtpx:course>
		</gpxtpx:TrackPointExtension>
	</extensions>
</trkpt>
<trkpt lat="45.9216183" lon="14.3529867">
	<ele>369.82</ele>
	<time>2026-08-24T16:25:58.997Z</time>
	<hdop>3.79</hdop>
	<extensions>
		<gpxtpx:TrackPointExtension>
			<gpxtpx:course>1.0</gpxtpx:course>
		</gpxtpx:TrackPointExtension>
	</extensions>
</trkpt>
<trkpt lat="45.9219714" lon="14.3530656">
	<ele>368.11</ele>
	<time>2026-08-24T16:26:04.997Z</time>
	<hdop>3.79</hdop>
	<extensions>
		<gpxtpx:TrackPointExtension>
			<gpxtpx:course>10.0</gpxtpx:course>
		</gpxtpx:TrackPointExtension>
	</extensions>
</trkpt>
<trkpt lat="45.9222672" lon="14.3531559">
	<ele>367.32</ele>
	<time>2026-08-24T16:26:09.997Z</time>
	<hdop>3.79</hdop>
	<extensions>
		<gpxtpx:TrackPointExtension>
			<gpxtpx:course>10.0</gpxtpx:course>
		</gpxtpx:TrackPointExtension>
	</extensions>
</trkpt>
<trkpt lat="45.9226267" lon="14.3532158">
	<ele>365.85</ele>
	<time>2026-08-24T16:26:15.997Z</time>
	<hdop>3.79</hdop>
	<extensions>
		<gpxtpx:TrackPointExtension>
			<gpxtpx:course>355.0</gpxtpx:course>
		</gpxtpx:TrackPointExtension>
	</extensions>
</trkpt>
<trkpt lat="45.9229608" lon="14.3531261">
	<ele>363.89</ele>
	<time>2026-08-24T16:26:20.997Z</time>
	<hdop>3.79</hdop>
	<extensions>
		<gpxtpx:TrackPointExtension>
			<gpxtpx:course>343.0</gpxtpx:course>
		</gpxtpx:TrackPointExtension>
	</extensions>
</trkpt>
<trkpt lat="45.9233947" lon="14.3530695">
	<ele>360.33</ele>
	<time>2026-08-24T16:26:26.996Z</time>
	<hdop>3.79</hdop>
	<extensions>
		<gpxtpx:TrackPointExtension>
			<gpxtpx:course>359.0</gpxtpx:course>
		</gpxtpx:TrackPointExtension>
	</extensions>
</trkpt>
<trkpt lat="45.9238148" lon="14.3530952">
	<ele>358.02</ele>
	<time>2026-08-24T16:26:32.997Z</time>
	<hdop>3.79</hdop>
	<extensions>
		<gpxtpx:TrackPointExtension>
			<gpxtpx:course>0.0</gpxtpx:course>
		</gpxtpx:TrackPointExtension>
	</extensions>
</trkpt>
<trkpt lat="45.9242746" lon="14.3530634">
	<ele>355.27</ele>
	<time>2026-08-24T16:26:38.997Z</time>
	<hdop>3.79</hdop>
	<extensions>
		<gpxtpx:TrackPointExtension>
			<gpxtpx:course>353.0</gpxtpx:course>
		</gpxtpx:TrackPointExtension>
	</extensions>
</trkpt>
<trkpt lat="45.9246817" lon="14.3529994">
	<ele>351.47</ele>
	<time>2026-08-24T16:26:43.998Z</time>
	<hdop>3.79</hdop>
	<extensions>
		<gpxtpx:TrackPointExtension>
			<gpxtpx:course>352.0</gpxtpx:course>
		</gpxtpx:TrackPointExtension>
	</extensions>
</trkpt>
<trkpt lat="45.9249981" lon="14.3529265">
	<ele>347.81</ele>
	<time>2026-08-24T16:26:48.998Z</time>
	<hdop>3.79</hdop>
	<extensions>
		<gpxtpx:TrackPointExtension>
			<gpxtpx:course>347.0</gpxtpx:course>
		</gpxtpx:TrackPointExtension>
	</extensions>
</trkpt>
<trkpt lat="45.9253782" lon="14.3526160">
	<ele>344.62</ele>
	<time>2026-08-24T16:26:54.996Z</time>
	<hdop>3.79</hdop>
	<extensions>
		<gpxtpx:TrackPointExtension>
			<gpxtpx:course>321.0</gpxtpx:course>
		</gpxtpx:TrackPointExtension>
	</extensions>
</trkpt>
<trkpt lat="45.9256415" lon="14.3523364">
	<ele>344.65</ele>
	<time>2026-08-24T16:26:59.996Z</time>
	<hdop>3.79</hdop>
	<extensions>
		<gpxtpx:TrackPointExtension>
			<gpxtpx:course>335.0</gpxtpx:course>
		</gpxtpx:TrackPointExtension>
	</extensions>
</trkpt>
<trkpt lat="45.9259066" lon="14.3524333">
	<ele>341.35</ele>
	<time>2026-08-24T16:27:04.996Z</time>
	<hdop>3.79</hdop>
	<extensions>
		<gpxtpx:TrackPointExtension>
			<gpxtpx:course>37.0</gpxtpx:course>
		</gpxtpx:TrackPointExtension>
	</extensions>
</trkpt>
<trkpt lat="45.9259831" lon="14.3526393">
	<ele>337.66</ele>
	<time>2026-08-24T16:27:09.998Z</time>
	<hdop>3.79</hdop>
	<extensions>
		<gpxtpx:TrackPointExtension>
			<gpxtpx:course>86.0</gpxtpx:course>
		</gpxtpx:TrackPointExtension>
	</extensions>
</trkpt>
<trkpt lat="45.9259902" lon="14.3528133">
	<ele>335.31</ele>
	<time>2026-08-24T16:27:24.997Z</time>
	<hdop>3.79</hdop>
	<extensions>
		<gpxtpx:TrackPointExtension>
			<gpxtpx:course>90.0</gpxtpx:course>
		</gpxtpx:TrackPointExtension>
	</extensions>
</trkpt>
<trkpt lat="45.9258862" lon="14.3530547">
	<ele>334.19</ele>
	<time>2026-08-24T16:27:29.997Z</time>
	<hdop>3.79</hdop>
	<extensions>
		<gpxtpx:TrackPointExtension>
			<gpxtpx:course>139.0</gpxtpx:course>
		</gpxtpx:TrackPointExtension>
	</extensions>
</trkpt>
<trkpt lat="45.9257069" lon="14.3533121">
	<ele>335.52</ele>
	<time>2026-08-24T16:27:34.997Z</time>
	<hdop>3.79</hdop>
	<extensions>
		<gpxtpx:TrackPointExtension>
			<gpxtpx:course>116.0</gpxtpx:course>
		</gpxtpx:TrackPointExtension>
	</extensions>
</trkpt>
<trkpt lat="45.9256616" lon="14.3537100">
	<ele>334.10</ele>
	<time>2026-08-24T16:27:39.997Z</time>
	<hdop>3.79</hdop>
	<extensions>
		<gpxtpx:TrackPointExtension>
			<gpxtpx:course>101.0</gpxtpx:course>
		</gpxtpx:TrackPointExtension>
	</extensions>
</trkpt>
<trkpt lat="45.9256418" lon="14.3541744">
	<ele>331.53</ele>
	<time>2026-08-24T16:27:44.997Z</time>
	<hdop>3.79</hdop>
	<extensions>
		<gpxtpx:TrackPointExtension>
			<gpxtpx:course>93.0</gpxtpx:course>
		</gpxtpx:TrackPointExtension>
	</extensions>
</trkpt>
<trkpt lat="45.9255697" lon="14.3546693">
	<ele>328.13</ele>
	<time>2026-08-24T16:27:49.997Z</time>
	<hdop>3.79</hdop>
	<extensions>
		<gpxtpx:TrackPointExtension>
			<gpxtpx:course>118.0</gpxtpx:course>
		</gpxtpx:TrackPointExtension>
	</extensions>
</trkpt>
<trkpt lat="45.9252709" lon="14.3552120">
	<ele>326.55</ele>
	<time>2026-08-24T16:27:55.996Z</time>
	<hdop>3.79</hdop>
	<extensions>
		<gpxtpx:TrackPointExtension>
			<gpxtpx:course>128.0</gpxtpx:course>
		</gpxtpx:TrackPointExtension>
	</extensions>
</trkpt>
<trkpt lat="45.9250958" lon="14.3557195">
	<ele>320.23</ele>
	<time>2026-08-24T16:28:00.996Z</time>
	<hdop>3.79</hdop>
	<extensions>
		<gpxtpx:TrackPointExtension>
			<gpxtpx:course>98.0</gpxtpx:course>
		</gpxtpx:TrackPointExtension>
	</extensions>
</trkpt>
<trkpt lat="45.9251650" lon="14.3561833">
	<ele>313.96</ele>
	<time>2026-08-24T16:28:05.996Z</time>
	<hdop>3.79</hdop>
	<extensions>
		<gpxtpx:TrackPointExtension>
			<gpxtpx:course>73.0</gpxtpx:course>
		</gpxtpx:TrackPointExtension>
	</extensions>
</trkpt>
<trkpt lat="45.9250535" lon="14.3566550">
	<ele>310.67</ele>
	<time>2026-08-24T16:28:10.998Z</time>
	<hdop>3.79</hdop>
	<extensions>
		<gpxtpx:TrackPointExtension>
			<gpxtpx:course>126.0</gpxtpx:course>
		</gpxtpx:TrackPointExtension>
	</extensions>
</trkpt>
<trkpt lat="45.9247153" lon="14.3571290">
	<ele>305.73</ele>
	<time>2026-08-24T16:28:16.997Z</time>
	<hdop>3.79</hdop>
	<extensions>
		<gpxtpx:TrackPointExtension>
			<gpxtpx:course>139.0</gpxtpx:course>
		</gpxtpx:TrackPointExtension>
	</extensions>
</trkpt>
<trkpt lat="45.9243426" lon="14.3574975">
	<ele>302.23</ele>
	<time>2026-08-24T16:28:22.997Z</time>
	<hdop>3.79</hdop>
	<extensions>
		<gpxtpx:TrackPointExtension>
			<gpxtpx:course>150.0</gpxtpx:course>
		</gpxtpx:TrackPointExtension>
	</extensions>
</trkpt>
<trkpt lat="45.9240445" lon="14.3576637">
	<ele>301.07</ele>
	<time>2026-08-24T16:28:27.997Z</time>
	<hdop>3.79</hdop>
	<extensions>
		<gpxtpx:TrackPointExtension>
			<gpxtpx:course>160.0</gpxtpx:course>
		</gpxtpx:TrackPointExtension>
	</extensions>
</trkpt>
<trkpt lat="45.9238026" lon="14.3577875">
	<ele>299.93</ele>
	<time>2026-08-24T16:28:32.998Z</time>
	<hdop>3.79</hdop>
	<extensions>
		<gpxtpx:TrackPointExtension>
			<gpxtpx:course>157.0</gpxtpx:course>
		</gpxtpx:TrackPointExtension>
	</extensions>
</trkpt>
<trkpt lat="45.9235780" lon="14.3580269">
	<ele>297.87</ele>
	<time>2026-08-24T16:28:38.996Z</time>
	<hdop>3.79</hdop>
	<extensions>
		<gpxtpx:TrackPointExtension>
			<gpxtpx:course>127.0</gpxtpx:course>
		</gpxtpx:TrackPointExtension>
	</extensions>
</trkpt>
<trkpt lat="45.9233740" lon="14.3583014">
	<ele>296.25</ele>
	<time>2026-08-24T16:28:43.997Z</time>
	<hdop>3.79</hdop>
	<extensions>
		<gpxtpx:TrackPointExtension>
			<gpxtpx:course>135.0</gpxtpx:course>
		</gpxtpx:TrackPointExtension>
	</extensions>
</trkpt>
<trkpt lat="45.9231410" lon="14.3586448">
	<ele>294.54</ele>
	<time>2026-08-24T16:28:48.997Z</time>
	<hdop>3.79</hdop>
	<extensions>
		<gpxtpx:TrackPointExtension>
			<gpxtpx:course>132.0</gpxtpx:course>
		</gpxtpx:TrackPointExtension>
	</extensions>
</trkpt>
<trkpt lat="45.9228971" lon="14.3590462">
	<ele>293.56</ele>
	<time>2026-08-24T16:28:53.997Z</time>
	<hdop>3.79</hdop>
	<extensions>
		<gpxtpx:TrackPointExtension>
			<gpxtpx:course>131.0</gpxtpx:course>
		</gpxtpx:TrackPointExtension>
	</extensions>
</trkpt>
<trkpt lat="45.9226447" lon="14.3594403">
	<ele>294.03</ele>
	<time>2026-08-24T16:28:58.997Z</time>
	<hdop>3.79</hdop>
	<extensions>
		<gpxtpx:TrackPointExtension>
			<gpxtpx:course>127.0</gpxtpx:course>
		</gpxtpx:TrackPointExtension>
	</extensions>
</trkpt>
<trkpt lat="45.9223871" lon="14.3598473">
	<ele>295.00</ele>
	<time>2026-08-24T16:29:03.997Z</time>
	<hdop>3.79</hdop>
	<extensions>
		<gpxtpx:TrackPointExtension>
			<gpxtpx:course>128.0</gpxtpx:course>
		</gpxtpx:TrackPointExtension>
	</extensions>
</trkpt>
<trkpt lat="45.9221235" lon="14.3602610">
	<ele>294.42</ele>
	<time>2026-08-24T16:29:08.998Z</time>
	<hdop>3.79</hdop>
	<extensions>
		<gpxtpx:TrackPointExtension>
			<gpxtpx:course>131.0</gpxtpx:course>
		</gpxtpx:TrackPointExtension>
	</extensions>
</trkpt>
<trkpt lat="45.9217967" lon="14.3607298">
	<ele>294.88</ele>
	<time>2026-08-24T16:29:14.997Z</time>
	<hdop>3.79</hdop>
	<extensions>
		<gpxtpx:TrackPointExtension>
			<gpxtpx:course>129.0</gpxtpx:course>
		</gpxtpx:TrackPointExtension>
	</extensions>
</trkpt>
<trkpt lat="45.9215317" lon="14.3611381">
	<ele>296.60</ele>
	<time>2026-08-24T16:29:19.997Z</time>
	<hdop>3.79</hdop>
	<extensions>
		<gpxtpx:TrackPointExtension>
			<gpxtpx:course>132.0</gpxtpx:course>
		</gpxtpx:TrackPointExtension>
	</extensions>
</trkpt>
<trkpt lat="45.9213282" lon="14.3615938">
	<ele>296.82</ele>
	<time>2026-08-24T16:29:24.998Z</time>
	<hdop>3.79</hdop>
	<extensions>
		<gpxtpx:TrackPointExtension>
			<gpxtpx:course>100.0</gpxtpx:course>
		</gpxtpx:TrackPointExtension>
	</extensions>
</trkpt>
<trkpt lat="45.9214223" lon="14.3622135">
	<ele>296.20</ele>
	<time>2026-08-24T16:29:30.996Z</time>
	<hdop>3.79</hdop>
	<extensions>
		<gpxtpx:TrackPointExtension>
			<gpxtpx:course>35.0</gpxtpx:course>
		</gpxtpx:TrackPointExtension>
	</extensions>
</trkpt>
<trkpt lat="45.9218348" lon="14.3624680">
	<ele>294.48</ele>
	<time>2026-08-24T16:29:35.998Z</time>
	<hdop>3.79</hdop>
	<extensions>
		<gpxtpx:TrackPointExtension>
			<gpxtpx:course>16.0</gpxtpx:course>
		</gpxtpx:TrackPointExtension>
	</extensions>
</trkpt>
<trkpt lat="45.9223735" lon="14.3627087">
	<ele>294.17</ele>
	<time>2026-08-24T16:29:41.998Z</time>
	<hdop>3.79</hdop>
	<extensions>
		<gpxtpx:TrackPointExtension>
			<gpxtpx:course>16.0</gpxtpx:course>
		</gpxtpx:TrackPointExtension>
	</extensions>
</trkpt>
<trkpt lat="45.9229084" lon="14.3629660">
	<ele>293.52</ele>
	<time>2026-08-24T16:29:47.998Z</time>
	<hdop>3.79</hdop>
	<extensions>
		<gpxtpx:TrackPointExtension>
			<gpxtpx:course>20.0</gpxtpx:course>
		</gpxtpx:TrackPointExtension>
	</extensions>
</trkpt>
<trkpt lat="45.9233391" lon="14.3631979">
	<ele>292.96</ele>
	<time>2026-08-24T16:29:52.998Z</time>
	<hdop>3.79</hdop>
	<extensions>
		<gpxtpx:TrackPointExtension>
			<gpxtpx:course>19.0</gpxtpx:course>
		</gpxtpx:TrackPointExtension>
	</extensions>
</trkpt>
<trkpt lat="45.9238533" lon="14.3634536">
	<ele>292.99</ele>
	<time>2026-08-24T16:29:58.998Z</time>
	<hdop>3.79</hdop>
	<extensions>
		<gpxtpx:TrackPointExtension>
			<gpxtpx:course>19.0</gpxtpx:course>
		</gpxtpx:TrackPointExtension>
	</extensions>
</trkpt>
<trkpt lat="45.9243858" lon="14.3636668">
	<ele>293.05</ele>
	<time>2026-08-24T16:30:04.997Z</time>
	<hdop>3.79</hdop>
	<extensions>
		<gpxtpx:TrackPointExtension>
			<gpxtpx:course>12.0</gpxtpx:course>
		</gpxtpx:TrackPointExtension>
	</extensions>
</trkpt>
<trkpt lat="45.9248221" lon="14.3638942">
	<ele>293.14</ele>
	<time>2026-08-24T16:30:09.997Z</time>
	<hdop>3.79</hdop>
	<extensions>
		<gpxtpx:TrackPointExtension>
			<gpxtpx:course>21.0</gpxtpx:course>
		</gpxtpx:TrackPointExtension>
	</extensions>
</trkpt>
<trkpt lat="45.9252350" lon="14.3642007">
	<ele>292.57</ele>
	<time>2026-08-24T16:30:14.997Z</time>
	<hdop>3.79</hdop>
	<extensions>
		<gpxtpx:TrackPointExtension>
			<gpxtpx:course>25.0</gpxtpx:course>
		</gpxtpx:TrackPointExtension>
	</extensions>
</trkpt>
<trkpt lat="45.9256689" lon="14.3644343">
	<ele>291.67</ele>
	<time>2026-08-24T16:30:19.997Z</time>
	<hdop>3.79</hdop>
	<extensions>
		<gpxtpx:TrackPointExtension>
			<gpxtpx:course>17.0</gpxtpx:course>
		</gpxtpx:TrackPointExtension>
	</extensions>
</trkpt>
<trkpt lat="45.9261463" lon="14.3645590">
	<ele>291.66</ele>
	<time>2026-08-24T16:30:24.997Z</time>
	<hdop>3.79</hdop>
	<extensions>
		<gpxtpx:TrackPointExtension>
			<gpxtpx:course>6.0</gpxtpx:course>
		</gpxtpx:TrackPointExtension>
	</extensions>
</trkpt>
<trkpt lat="45.9266282" lon="14.3645685">
	<ele>291.69</ele>
	<time>2026-08-24T16:30:29.997Z</time>
	<hdop>3.79</hdop>
	<extensions>
		<gpxtpx:TrackPointExtension>
			<gpxtpx:course>356.0</gpxtpx:course>
		</gpxtpx:TrackPointExtension>
	</extensions>
</trkpt>
<trkpt lat="45.9271992" lon="14.3644427">
	<ele>291.52</ele>
	<time>2026-08-24T16:30:35.997Z</time>
	<hdop>3.79</hdop>
	<extensions>
		<gpxtpx:TrackPointExtension>
			<gpxtpx:course>349.0</gpxtpx:course>
		</gpxtpx:TrackPointExtension>
	</extensions>
</trkpt>
<trkpt lat="45.9276785" lon="14.3643152">
	<ele>291.41</ele>
	<time>2026-08-24T16:30:40.997Z</time>
	<hdop>3.79</hdop>
	<extensions>
		<gpxtpx:TrackPointExtension>
			<gpxtpx:course>347.0</gpxtpx:course>
		</gpxtpx:TrackPointExtension>
	</extensions>
</trkpt>
<trkpt lat="45.9281556" lon="14.3641901">
	<ele>291.87</ele>
	<time>2026-08-24T16:30:45.997Z</time>
	<hdop>3.79</hdop>
	<extensions>
		<gpxtpx:TrackPointExtension>
			<gpxtpx:course>347.0</gpxtpx:course>
		</gpxtpx:TrackPointExtension>
	</extensions>
</trkpt>
<trkpt lat="45.9286207" lon="14.3640689">
	<ele>291.80</ele>
	<time>2026-08-24T16:30:50.997Z</time>
	<hdop>3.79</hdop>
	<extensions>
		<gpxtpx:TrackPointExtension>
			<gpxtpx:course>349.0</gpxtpx:course>
		</gpxtpx:TrackPointExtension>
	</extensions>
</trkpt>
<trkpt lat="45.9290883" lon="14.3639487">
	<ele>291.74</ele>
	<time>2026-08-24T16:30:55.998Z</time>
	<hdop>3.79</hdop>
	<extensions>
		<gpxtpx:TrackPointExtension>
			<gpxtpx:course>348.0</gpxtpx:course>
		</gpxtpx:TrackPointExtension>
	</extensions>
</trkpt>
<trkpt lat="45.9295494" lon="14.3638253">
	<ele>292.43</ele>
	<time>2026-08-24T16:31:00.998Z</time>
	<hdop>3.79</hdop>
	<extensions>
		<gpxtpx:TrackPointExtension>
			<gpxtpx:course>349.0</gpxtpx:course>
		</gpxtpx:TrackPointExtension>
	</extensions>
</trkpt>
<trkpt lat="45.9301154" lon="14.3636965">
	<ele>292.33</ele>
	<time>2026-08-24T16:31:06.998Z</time>
	<hdop>3.79</hdop>
	<extensions>
		<gpxtpx:TrackPointExtension>
			<gpxtpx:course>347.0</gpxtpx:course>
		</gpxtpx:TrackPointExtension>
	</extensions>
</trkpt>
<trkpt lat="45.9306937" lon="14.3635295">
	<ele>291.89</ele>
	<time>2026-08-24T16:31:12.998Z</time>
	<hdop>3.79</hdop>
	<extensions>
		<gpxtpx:TrackPointExtension>
			<gpxtpx:course>351.0</gpxtpx:course>
		</gpxtpx:TrackPointExtension>
	</extensions>
</trkpt>
<trkpt lat="45.9312682" lon="14.3633818">
	<ele>292.36</ele>
	<time>2026-08-24T16:31:18.997Z</time>
	<hdop>3.79</hdop>
	<extensions>
		<gpxtpx:TrackPointExtension>
			<gpxtpx:course>349.0</gpxtpx:course>
		</gpxtpx:TrackPointExtension>
	</extensions>
</trkpt>
<trkpt lat="45.9317317" lon="14.3632328">
	<ele>293.07</ele>
	<time>2026-08-24T16:31:23.997Z</time>
	<hdop>3.79</hdop>
	<extensions>
		<gpxtpx:TrackPointExtension>
			<gpxtpx:course>348.0</gpxtpx:course>
		</gpxtpx:TrackPointExtension>
	</extensions>
</trkpt>
<trkpt lat="45.9321933" lon="14.3631014">
	<ele>294.97</ele>
	<time>2026-08-24T16:31:28.997Z</time>
	<hdop>3.79</hdop>
	<extensions>
		<gpxtpx:TrackPointExtension>
			<gpxtpx:course>346.0</gpxtpx:course>
		</gpxtpx:TrackPointExtension>
	</extensions>
</trkpt>
<trkpt lat="45.9326692" lon="14.3629522">
	<ele>294.36</ele>
	<time>2026-08-24T16:31:33.997Z</time>
	<hdop>3.79</hdop>
	<extensions>
		<gpxtpx:TrackPointExtension>
			<gpxtpx:course>347.0</gpxtpx:course>
		</gpxtpx:TrackPointExtension>
	</extensions>
</trkpt>
<trkpt lat="45.9331423" lon="14.3627922">
	<ele>291.53</ele>
	<time>2026-08-24T16:31:38.998Z</time>
	<hdop>3.79</hdop>
	<extensions>
		<gpxtpx:TrackPointExtension>
			<gpxtpx:course>348.0</gpxtpx:course>
		</gpxtpx:TrackPointExtension>
	</extensions>
</trkpt>
<trkpt lat="45.9336051" lon="14.3626431">
	<ele>292.18</ele>
	<time>2026-08-24T16:31:43.999Z</time>
	<hdop>3.79</hdop>
	<extensions>
		<gpxtpx:TrackPointExtension>
			<gpxtpx:course>347.0</gpxtpx:course>
		</gpxtpx:TrackPointExtension>
	</extensions>
</trkpt>
<trkpt lat="45.9341453" lon="14.3625094">
	<ele>293.06</ele>
	<time>2026-08-24T16:31:49.997Z</time>
	<hdop>3.79</hdop>
	<extensions>
		<gpxtpx:TrackPointExtension>
			<gpxtpx:course>350.0</gpxtpx:course>
		</gpxtpx:TrackPointExtension>
	</extensions>
</trkpt>
<trkpt lat="45.9345959" lon="14.3624938">
	<ele>293.11</ele>
	<time>2026-08-24T16:31:54.997Z</time>
	<hdop>3.79</hdop>
	<extensions>
		<gpxtpx:TrackPointExtension>
			<gpxtpx:course>1.0</gpxtpx:course>
		</gpxtpx:TrackPointExtension>
	</extensions>
</trkpt>
<trkpt lat="45.9351273" lon="14.3625909">
	<ele>293.58</ele>
	<time>2026-08-24T16:32:00.998Z</time>
	<hdop>3.79</hdop>
	<extensions>
		<gpxtpx:TrackPointExtension>
			<gpxtpx:course>8.0</gpxtpx:course>
		</gpxtpx:TrackPointExtension>
	</extensions>
</trkpt>
<trkpt lat="45.9356429" lon="14.3628136">
	<ele>296.01</ele>
	<time>2026-08-24T16:32:06.997Z</time>
	<hdop>3.79</hdop>
	<extensions>
		<gpxtpx:TrackPointExtension>
			<gpxtpx:course>19.0</gpxtpx:course>
		</gpxtpx:TrackPointExtension>
	</extensions>
</trkpt>
<trkpt lat="45.9360496" lon="14.3630774">
	<ele>298.42</ele>
	<time>2026-08-24T16:32:11.998Z</time>
	<hdop>3.79</hdop>
	<extensions>
		<gpxtpx:TrackPointExtension>
			<gpxtpx:course>25.0</gpxtpx:course>
		</gpxtpx:TrackPointExtension>
	</extensions>
</trkpt>
<trkpt lat="45.9365443" lon="14.3634289">
	<ele>293.20</ele>
	<time>2026-08-24T16:32:17.997Z</time>
	<hdop>3.79</hdop>
	<extensions>
		<gpxtpx:TrackPointExtension>
			<gpxtpx:course>27.0</gpxtpx:course>
		</gpxtpx:TrackPointExtension>
	</extensions>
</trkpt>
<trkpt lat="45.9369546" lon="14.3637459">
	<ele>291.58</ele>
	<time>2026-08-24T16:32:22.997Z</time>
	<hdop>3.79</hdop>
	<extensions>
		<gpxtpx:TrackPointExtension>
			<gpxtpx:course>30.0</gpxtpx:course>
		</gpxtpx:TrackPointExtension>
	</extensions>
</trkpt>
<trkpt lat="45.9373623" lon="14.3640675">
	<ele>291.51</ele>
	<time>2026-08-24T16:32:27.997Z</time>
	<hdop>3.79</hdop>
	<extensions>
		<gpxtpx:TrackPointExtension>
			<gpxtpx:course>30.0</gpxtpx:course>
		</gpxtpx:TrackPointExtension>
	</extensions>
</trkpt>
<trkpt lat="45.9377542" lon="14.3643820">
	<ele>290.42</ele>
	<time>2026-08-24T16:32:32.997Z</time>
	<hdop>3.79</hdop>
	<extensions>
		<gpxtpx:TrackPointExtension>
			<gpxtpx:course>31.0</gpxtpx:course>
		</gpxtpx:TrackPointExtension>
	</extensions>
</trkpt>
<trkpt lat="45.9381460" lon="14.3647348">
	<ele>291.89</ele>
	<time>2026-08-24T16:32:37.997Z</time>
	<hdop>3.79</hdop>
	<extensions>
		<gpxtpx:TrackPointExtension>
			<gpxtpx:course>32.0</gpxtpx:course>
		</gpxtpx:TrackPointExtension>
	</extensions>
</trkpt>
<trkpt lat="45.9385093" lon="14.3651108">
	<ele>292.63</ele>
	<time>2026-08-24T16:32:42.997Z</time>
	<hdop>3.79</hdop>
	<extensions>
		<gpxtpx:TrackPointExtension>
			<gpxtpx:course>37.0</gpxtpx:course>
		</gpxtpx:TrackPointExtension>
	</extensions>
</trkpt>
<trkpt lat="45.9389296" lon="14.3655768">
	<ele>291.49</ele>
	<time>2026-08-24T16:32:48.997Z</time>
	<hdop>3.79</hdop>
	<extensions>
		<gpxtpx:TrackPointExtension>
			<gpxtpx:course>34.0</gpxtpx:course>
		</gpxtpx:TrackPointExtension>
	</extensions>
</trkpt>
<trkpt lat="45.9392659" lon="14.3659483">
	<ele>291.89</ele>
	<time>2026-08-24T16:32:53.997Z</time>
	<hdop>3.79</hdop>
	<extensions>
		<gpxtpx:TrackPointExtension>
			<gpxtpx:course>37.0</gpxtpx:course>
		</gpxtpx:TrackPointExtension>
	</extensions>
</trkpt>
<trkpt lat="45.9395982" lon="14.3663105">
	<ele>290.94</ele>
	<time>2026-08-24T16:32:58.997Z</time>
	<hdop>3.79</hdop>
	<extensions>
		<gpxtpx:TrackPointExtension>
			<gpxtpx:course>37.0</gpxtpx:course>
		</gpxtpx:TrackPointExtension>
	</extensions>
</trkpt>
<trkpt lat="45.9399149" lon="14.3666727">
	<ele>291.00</ele>
	<time>2026-08-24T16:33:03.997Z</time>
	<hdop>3.79</hdop>
	<extensions>
		<gpxtpx:TrackPointExtension>
			<gpxtpx:course>37.0</gpxtpx:course>
		</gpxtpx:TrackPointExtension>
	</extensions>
</trkpt>
<trkpt lat="45.9402485" lon="14.3670177">
	<ele>290.31</ele>
	<time>2026-08-24T16:33:08.997Z</time>
	<hdop>3.79</hdop>
	<extensions>
		<gpxtpx:TrackPointExtension>
			<gpxtpx:course>33.0</gpxtpx:course>
		</gpxtpx:TrackPointExtension>
	</extensions>
</trkpt>
<trkpt lat="45.9406136" lon="14.3673105">
	<ele>289.61</ele>
	<time>2026-08-24T16:33:13.997Z</time>
	<hdop>3.79</hdop>
	<extensions>
		<gpxtpx:TrackPointExtension>
			<gpxtpx:course>28.0</gpxtpx:course>
		</gpxtpx:TrackPointExtension>
	</extensions>
</trkpt>
<trkpt lat="45.9410881" lon="14.3675610">
	<ele>289.97</ele>
	<time>2026-08-24T16:33:19.998Z</time>
	<hdop>3.79</hdop>
	<extensions>
		<gpxtpx:TrackPointExtension>
			<gpxtpx:course>19.0</gpxtpx:course>
		</gpxtpx:TrackPointExtension>
	</extensions>
</trkpt>
<trkpt lat="45.9415517" lon="14.3678168">
	<ele>289.89</ele>
	<time>2026-08-24T16:33:25.999Z</time>
	<hdop>3.79</hdop>
	<extensions>
		<gpxtpx:TrackPointExtension>
			<gpxtpx:course>24.0</gpxtpx:course>
		</gpxtpx:TrackPointExtension>
	</extensions>
</trkpt>
<trkpt lat="45.9420294" lon="14.3681225">
	<ele>290.07</ele>
	<time>2026-08-24T16:33:31.997Z</time>
	<hdop>3.79</hdop>
	<extensions>
		<gpxtpx:TrackPointExtension>
			<gpxtpx:course>22.0</gpxtpx:course>
		</gpxtpx:TrackPointExtension>
	</extensions>
</trkpt>
<trkpt lat="45.9424105" lon="14.3684071">
	<ele>290.48</ele>
	<time>2026-08-24T16:33:36.998Z</time>
	<hdop>3.79</hdop>
	<extensions>
		<gpxtpx:TrackPointExtension>
			<gpxtpx:course>29.0</gpxtpx:course>
		</gpxtpx:TrackPointExtension>
	</extensions>
</trkpt>
<trkpt lat="45.9428164" lon="14.3688388">
	<ele>289.90</ele>
	<time>2026-08-24T16:33:42.998Z</time>
	<hdop>3.79</hdop>
	<extensions>
		<gpxtpx:TrackPointExtension>
			<gpxtpx:course>39.0</gpxtpx:course>
		</gpxtpx:TrackPointExtension>
	</extensions>
</trkpt>
<trkpt lat="45.9431583" lon="14.3691835">
	<ele>290.61</ele>
	<time>2026-08-24T16:33:47.998Z</time>
	<hdop>3.79</hdop>
	<extensions>
		<gpxtpx:TrackPointExtension>
			<gpxtpx:course>31.0</gpxtpx:course>
		</gpxtpx:TrackPointExtension>
	</extensions>
</trkpt>
<trkpt lat="45.9435503" lon="14.3694308">
	<ele>292.16</ele>
	<time>2026-08-24T16:33:52.998Z</time>
	<hdop>3.79</hdop>
	<extensions>
		<gpxtpx:TrackPointExtension>
			<gpxtpx:course>24.0</gpxtpx:course>
		</gpxtpx:TrackPointExtension>
	</extensions>
</trkpt>
<trkpt lat="45.9439297" lon="14.3696521">
	<ele>293.28</ele>
	<time>2026-08-24T16:33:57.998Z</time>
	<hdop>3.79</hdop>
	<extensions>
		<gpxtpx:TrackPointExtension>
			<gpxtpx:course>20.0</gpxtpx:course>
		</gpxtpx:TrackPointExtension>
	</extensions>
</trkpt>
<trkpt lat="45.9443867" lon="14.3698941">
	<ele>292.86</ele>
	<time>2026-08-24T16:34:03.997Z</time>
	<hdop>3.79</hdop>
	<extensions>
		<gpxtpx:TrackPointExtension>
			<gpxtpx:course>20.0</gpxtpx:course>
		</gpxtpx:TrackPointExtension>
	</extensions>
</trkpt>
<trkpt lat="45.9447677" lon="14.3701049">
	<ele>292.42</ele>
	<time>2026-08-24T16:34:08.997Z</time>
	<hdop>3.79</hdop>
	<extensions>
		<gpxtpx:TrackPointExtension>
			<gpxtpx:course>22.0</gpxtpx:course>
		</gpxtpx:TrackPointExtension>
	</extensions>
</trkpt>
<trkpt lat="45.9451540" lon="14.3703413">
	<ele>292.39</ele>
	<time>2026-08-24T16:34:13.997Z</time>
	<hdop>3.79</hdop>
	<extensions>
		<gpxtpx:TrackPointExtension>
			<gpxtpx:course>22.0</gpxtpx:course>
		</gpxtpx:TrackPointExtension>
	</extensions>
</trkpt>
<trkpt lat="45.9455517" lon="14.3705033">
	<ele>293.34</ele>
	<time>2026-08-24T16:34:18.997Z</time>
	<hdop>3.79</hdop>
	<extensions>
		<gpxtpx:TrackPointExtension>
			<gpxtpx:course>10.0</gpxtpx:course>
		</gpxtpx:TrackPointExtension>
	</extensions>
</trkpt>
<trkpt lat="45.9459472" lon="14.3707405">
	<ele>293.99</ele>
	<time>2026-08-24T16:34:23.998Z</time>
	<hdop>3.79</hdop>
	<extensions>
		<gpxtpx:TrackPointExtension>
			<gpxtpx:course>30.0</gpxtpx:course>
		</gpxtpx:TrackPointExtension>
	</extensions>
</trkpt>
<trkpt lat="45.9463122" lon="14.3712342">
	<ele>291.94</ele>
	<time>2026-08-24T16:34:29.997Z</time>
	<hdop>3.79</hdop>
	<extensions>
		<gpxtpx:TrackPointExtension>
			<gpxtpx:course>42.0</gpxtpx:course>
		</gpxtpx:TrackPointExtension>
	</extensions>
</trkpt>
<trkpt lat="45.9466046" lon="14.3716622">
	<ele>292.18</ele>
	<time>2026-08-24T16:34:34.997Z</time>
	<hdop>3.79</hdop>
	<extensions>
		<gpxtpx:TrackPointExtension>
			<gpxtpx:course>47.0</gpxtpx:course>
		</gpxtpx:TrackPointExtension>
	</extensions>
</trkpt>
<trkpt lat="45.9468169" lon="14.3721563">
	<ele>291.69</ele>
	<time>2026-08-24T16:34:39.997Z</time>
	<hdop>3.79</hdop>
	<extensions>
		<gpxtpx:TrackPointExtension>
			<gpxtpx:course>63.0</gpxtpx:course>
		</gpxtpx:TrackPointExtension>
	</extensions>
</trkpt>
<trkpt lat="45.9470043" lon="14.3727049">
	<ele>293.52</ele>
	<time>2026-08-24T16:34:44.997Z</time>
	<hdop>3.79</hdop>
	<extensions>
		<gpxtpx:TrackPointExtension>
			<gpxtpx:course>60.0</gpxtpx:course>
		</gpxtpx:TrackPointExtension>
	</extensions>
</trkpt>
<trkpt lat="45.9472745" lon="14.3731868">
	<ele>294.43</ele>
	<time>2026-08-24T16:34:49.998Z</time>
	<hdop>3.79</hdop>
	<extensions>
		<gpxtpx:TrackPointExtension>
			<gpxtpx:course>48.0</gpxtpx:course>
		</gpxtpx:TrackPointExtension>
	</extensions>
</trkpt>
<trkpt lat="45.9475631" lon="14.3736311">
	<ele>292.37</ele>
	<time>2026-08-24T16:34:54.998Z</time>
	<hdop>3.79</hdop>
	<extensions>
		<gpxtpx:TrackPointExtension>
			<gpxtpx:course>48.0</gpxtpx:course>
		</gpxtpx:TrackPointExtension>
	</extensions>
</trkpt>
<trkpt lat="45.9479483" lon="14.3741335">
	<ele>292.39</ele>
	<time>2026-08-24T16:35:00.997Z</time>
	<hdop>3.79</hdop>
	<extensions>
		<gpxtpx:TrackPointExtension>
			<gpxtpx:course>40.0</gpxtpx:course>
		</gpxtpx:TrackPointExtension>
	</extensions>
</trkpt>
<trkpt lat="45.9483021" lon="14.3745212">
	<ele>290.72</ele>
	<time>2026-08-24T16:35:05.997Z</time>
	<hdop>3.79</hdop>
	<extensions>
		<gpxtpx:TrackPointExtension>
			<gpxtpx:course>36.0</gpxtpx:course>
		</gpxtpx:TrackPointExtension>
	</extensions>
</trkpt>
<trkpt lat="45.9486635" lon="14.3749063">
	<ele>289.53</ele>
	<time>2026-08-24T16:35:10.997Z</time>
	<hdop>3.79</hdop>
	<extensions>
		<gpxtpx:TrackPointExtension>
			<gpxtpx:course>38.0</gpxtpx:course>
		</gpxtpx:TrackPointExtension>
	</extensions>
</trkpt>
<trkpt lat="45.9490273" lon="14.3752896">
	<ele>289.26</ele>
	<time>2026-08-24T16:35:15.997Z</time>
	<hdop>3.79</hdop>
	<extensions>
		<gpxtpx:TrackPointExtension>
			<gpxtpx:course>37.0</gpxtpx:course>
		</gpxtpx:TrackPointExtension>
	</extensions>
</trkpt>
<trkpt lat="45.9493807" lon="14.3756705">
	<ele>289.34</ele>
	<time>2026-08-24T16:35:20.998Z</time>
	<hdop>3.79</hdop>
	<extensions>
		<gpxtpx:TrackPointExtension>
			<gpxtpx:course>34.0</gpxtpx:course>
		</gpxtpx:TrackPointExtension>
	</extensions>
</trkpt>
<trkpt lat="45.9497649" lon="14.3761674">
	<ele>289.80</ele>
	<time>2026-08-24T16:35:26.998Z</time>
	<hdop>3.79</hdop>
	<extensions>
		<gpxtpx:TrackPointExtension>
			<gpxtpx:course>49.0</gpxtpx:course>
		</gpxtpx:TrackPointExtension>
	</extensions>
</trkpt>
<trkpt lat="45.9500774" lon="14.3767607">
	<ele>289.96</ele>
	<time>2026-08-24T16:35:32.996Z</time>
	<hdop>3.79</hdop>
	<extensions>
		<gpxtpx:TrackPointExtension>
			<gpxtpx:course>52.0</gpxtpx:course>
		</gpxtpx:TrackPointExtension>
	</extensions>
</trkpt>
<trkpt lat="45.9503229" lon="14.3772388">
	<ele>290.47</ele>
	<time>2026-08-24T16:35:37.998Z</time>
	<hdop>3.79</hdop>
	<extensions>
		<gpxtpx:TrackPointExtension>
			<gpxtpx:course>52.0</gpxtpx:course>
		</gpxtpx:TrackPointExtension>
	</extensions>
</trkpt>
<trkpt lat="45.9505609" lon="14.3777047">
	<ele>291.62</ele>
	<time>2026-08-24T16:35:42.998Z</time>
	<hdop>3.79</hdop>
	<extensions>
		<gpxtpx:TrackPointExtension>
			<gpxtpx:course>53.0</gpxtpx:course>
		</gpxtpx:TrackPointExtension>
	</extensions>
</trkpt>
<trkpt lat="45.9507964" lon="14.3781656">
	<ele>291.98</ele>
	<time>2026-08-24T16:35:47.998Z</time>
	<hdop>3.79</hdop>
	<extensions>
		<gpxtpx:TrackPointExtension>
			<gpxtpx:course>53.0</gpxtpx:course>
		</gpxtpx:TrackPointExtension>
	</extensions>
</trkpt>
<trkpt lat="45.9510777" lon="14.3787073">
	<ele>292.90</ele>
	<time>2026-08-24T16:35:53.997Z</time>
	<hdop>3.79</hdop>
	<extensions>
		<gpxtpx:TrackPointExtension>
			<gpxtpx:course>55.0</gpxtpx:course>
		</gpxtpx:TrackPointExtension>
	</extensions>
</trkpt>
<trkpt lat="45.9513637" lon="14.3792476">
	<ele>292.08</ele>
	<time>2026-08-24T16:35:59.998Z</time>
	<hdop>3.79</hdop>
	<extensions>
		<gpxtpx:TrackPointExtension>
			<gpxtpx:course>54.0</gpxtpx:course>
		</gpxtpx:TrackPointExtension>
	</extensions>
</trkpt>
<trkpt lat="45.9516680" lon="14.3798007">
	<ele>292.55</ele>
	<time>2026-08-24T16:36:05.997Z</time>
	<hdop>3.79</hdop>
	<extensions>
		<gpxtpx:TrackPointExtension>
			<gpxtpx:course>51.0</gpxtpx:course>
		</gpxtpx:TrackPointExtension>
	</extensions>
</trkpt>
<trkpt lat="45.9519428" lon="14.3802684">
	<ele>292.08</ele>
	<time>2026-08-24T16:36:10.997Z</time>
	<hdop>3.79</hdop>
	<extensions>
		<gpxtpx:TrackPointExtension>
			<gpxtpx:course>49.0</gpxtpx:course>
		</gpxtpx:TrackPointExtension>
	</extensions>
</trkpt>
<trkpt lat="45.9522320" lon="14.3807582">
	<ele>291.66</ele>
	<time>2026-08-24T16:36:15.997Z</time>
	<hdop>3.79</hdop>
	<extensions>
		<gpxtpx:TrackPointExtension>
			<gpxtpx:course>48.0</gpxtpx:course>
		</gpxtpx:TrackPointExtension>
	</extensions>
</trkpt>
<trkpt lat="45.9525194" lon="14.3812391">
	<ele>292.57</ele>
	<time>2026-08-24T16:36:20.997Z</time>
	<hdop>3.79</hdop>
	<extensions>
		<gpxtpx:TrackPointExtension>
			<gpxtpx:course>49.0</gpxtpx:course>
		</gpxtpx:TrackPointExtension>
	</extensions>
</trkpt>
<trkpt lat="45.9528021" lon="14.3817243">
	<ele>292.90</ele>
	<time>2026-08-24T16:36:25.997Z</time>
	<hdop>3.79</hdop>
	<extensions>
		<gpxtpx:TrackPointExtension>
			<gpxtpx:course>47.0</gpxtpx:course>
		</gpxtpx:TrackPointExtension>
	</extensions>
</trkpt>
<trkpt lat="45.9530817" lon="14.3822406">
	<ele>291.86</ele>
	<time>2026-08-24T16:36:30.997Z</time>
	<hdop>3.79</hdop>
	<extensions>
		<gpxtpx:TrackPointExtension>
			<gpxtpx:course>54.0</gpxtpx:course>
		</gpxtpx:TrackPointExtension>
	</extensions>
</trkpt>
<trkpt lat="45.9531692" lon="14.3828844">
	<ele>292.50</ele>
	<time>2026-08-24T16:36:35.999Z</time>
	<hdop>3.79</hdop>
	<extensions>
		<gpxtpx:TrackPointExtension>
			<gpxtpx:course>82.0</gpxtpx:course>
		</gpxtpx:TrackPointExtension>
	</extensions>
</trkpt>
<trkpt lat="45.9533747" lon="14.3835888">
	<ele>293.40</ele>
	<time>2026-08-24T16:36:41.997Z</time>
	<hdop>3.79</hdop>
	<extensions>
		<gpxtpx:TrackPointExtension>
			<gpxtpx:course>48.0</gpxtpx:course>
		</gpxtpx:TrackPointExtension>
	</extensions>
</trkpt>
<trkpt lat="45.9537055" lon="14.3840484">
	<ele>294.22</ele>
	<time>2026-08-24T16:36:46.998Z</time>
	<hdop>3.79</hdop>
	<extensions>
		<gpxtpx:TrackPointExtension>
			<gpxtpx:course>44.0</gpxtpx:course>
		</gpxtpx:TrackPointExtension>
	</extensions>
</trkpt>
<trkpt lat="45.9540920" lon="14.3846556">
	<ele>292.77</ele>
	<time>2026-08-24T16:36:52.997Z</time>
	<hdop>3.79</hdop>
	<extensions>
		<gpxtpx:TrackPointExtension>
			<gpxtpx:course>48.0</gpxtpx:course>
		</gpxtpx:TrackPointExtension>
	</extensions>
</trkpt>
<trkpt lat="45.9544218" lon="14.3851690">
	<ele>293.38</ele>
	<time>2026-08-24T16:36:57.997Z</time>
	<hdop>3.79</hdop>
	<extensions>
		<gpxtpx:TrackPointExtension>
			<gpxtpx:course>46.0</gpxtpx:course>
		</gpxtpx:TrackPointExtension>
	</extensions>
</trkpt>
<trkpt lat="45.9548521" lon="14.3857140">
	<ele>294.00</ele>
	<time>2026-08-24T16:37:03.997Z</time>
	<hdop>3.79</hdop>
	<extensions>
		<gpxtpx:TrackPointExtension>
			<gpxtpx:course>42.0</gpxtpx:course>
		</gpxtpx:TrackPointExtension>
	</extensions>
</trkpt>
<trkpt lat="45.9552556" lon="14.3862970">
	<ele>290.55</ele>
	<time>2026-08-24T16:37:09.998Z</time>
	<hdop>3.79</hdop>
	<extensions>
		<gpxtpx:TrackPointExtension>
			<gpxtpx:course>50.0</gpxtpx:course>
		</gpxtpx:TrackPointExtension>
	</extensions>
</trkpt>
<trkpt lat="45.9555336" lon="14.3870164">
	<ele>293.61</ele>
	<time>2026-08-24T16:37:15.997Z</time>
	<hdop>3.79</hdop>
	<extensions>
		<gpxtpx:TrackPointExtension>
			<gpxtpx:course>62.0</gpxtpx:course>
		</gpxtpx:TrackPointExtension>
	</extensions>
</trkpt>
<trkpt lat="45.9557900" lon="14.3875932">
	<ele>293.89</ele>
	<time>2026-08-24T16:37:20.997Z</time>
	<hdop>3.79</hdop>
	<extensions>
		<gpxtpx:TrackPointExtension>
			<gpxtpx:course>53.0</gpxtpx:course>
		</gpxtpx:TrackPointExtension>
	</extensions>
</trkpt>
<trkpt lat="45.9561163" lon="14.3880795">
	<ele>295.92</ele>
	<time>2026-08-24T16:37:25.997Z</time>
	<hdop>3.79</hdop>
	<extensions>
		<gpxtpx:TrackPointExtension>
			<gpxtpx:course>41.0</gpxtpx:course>
		</gpxtpx:TrackPointExtension>
	</extensions>
</trkpt>
<trkpt lat="45.9564682" lon="14.3884821">
	<ele>294.12</ele>
	<time>2026-08-24T16:37:30.998Z</time>
	<hdop>3.79</hdop>
	<extensions>
		<gpxtpx:TrackPointExtension>
			<gpxtpx:course>36.0</gpxtpx:course>
		</gpxtpx:TrackPointExtension>
	</extensions>
</trkpt>
<trkpt lat="45.9569117" lon="14.3889115">
	<ele>291.82</ele>
	<time>2026-08-24T16:37:36.997Z</time>
	<hdop>3.79</hdop>
	<extensions>
		<gpxtpx:TrackPointExtension>
			<gpxtpx:course>32.0</gpxtpx:course>
		</gpxtpx:TrackPointExtension>
	</extensions>
</trkpt>
<trkpt lat="45.9573066" lon="14.3892349">
	<ele>291.42</ele>
	<time>2026-08-24T16:37:41.997Z</time>
	<hdop>3.79</hdop>
	<extensions>
		<gpxtpx:TrackPointExtension>
			<gpxtpx:course>29.0</gpxtpx:course>
		</gpxtpx:TrackPointExtension>
	</extensions>
</trkpt>
<trkpt lat="45.9576950" lon="14.3895410">
	<ele>290.39</ele>
	<time>2026-08-24T16:37:46.997Z</time>
	<hdop>3.79</hdop>
	<extensions>
		<gpxtpx:TrackPointExtension>
			<gpxtpx:course>27.0</gpxtpx:course>
		</gpxtpx:TrackPointExtension>
	</extensions>
</trkpt>
<trkpt lat="45.9581052" lon="14.3898179">
	<ele>292.07</ele>
	<time>2026-08-24T16:37:51.997Z</time>
	<hdop>3.79</hdop>
	<extensions>
		<gpxtpx:TrackPointExtension>
			<gpxtpx:course>24.0</gpxtpx:course>
		</gpxtpx:TrackPointExtension>
	</extensions>
</trkpt>
<trkpt lat="45.9585179" lon="14.3900505">
	<ele>293.75</ele>
	<time>2026-08-24T16:37:56.998Z</time>
	<hdop>3.79</hdop>
	<extensions>
		<gpxtpx:TrackPointExtension>
			<gpxtpx:course>19.0</gpxtpx:course>
		</gpxtpx:TrackPointExtension>
	</extensions>
</trkpt>
<trkpt lat="45.9589998" lon="14.3902796">
	<ele>293.78</ele>
	<time>2026-08-24T16:38:02.996Z</time>
	<hdop>3.79</hdop>
	<extensions>
		<gpxtpx:TrackPointExtension>
			<gpxtpx:course>16.0</gpxtpx:course>
		</gpxtpx:TrackPointExtension>
	</extensions>
</trkpt>
<trkpt lat="45.9593903" lon="14.3904481">
	<ele>293.48</ele>
	<time>2026-08-24T16:38:07.997Z</time>
	<hdop>3.79</hdop>
	<extensions>
		<gpxtpx:TrackPointExtension>
			<gpxtpx:course>16.0</gpxtpx:course>
		</gpxtpx:TrackPointExtension>
	</extensions>
</trkpt>
<trkpt lat="45.9597838" lon="14.3905696">
	<ele>291.92</ele>
	<time>2026-08-24T16:38:12.997Z</time>
	<hdop>3.79</hdop>
	<extensions>
		<gpxtpx:TrackPointExtension>
			<gpxtpx:course>7.0</gpxtpx:course>
		</gpxtpx:TrackPointExtension>
	</extensions>
</trkpt>
<trkpt lat="45.9602717" lon="14.3905994">
	<ele>292.03</ele>
	<time>2026-08-24T16:38:18.998Z</time>
	<hdop>3.79</hdop>
	<extensions>
		<gpxtpx:TrackPointExtension>
			<gpxtpx:course>354.0</gpxtpx:course>
		</gpxtpx:TrackPointExtension>
	</extensions>
</trkpt>
<trkpt lat="45.9607516" lon="14.3905405">
	<ele>294.57</ele>
	<time>2026-08-24T16:38:24.997Z</time>
	<hdop>3.79</hdop>
	<extensions>
		<gpxtpx:TrackPointExtension>
			<gpxtpx:course>356.0</gpxtpx:course>
		</gpxtpx:TrackPointExtension>
	</extensions>
</trkpt>
<trkpt lat="45.9611422" lon="14.3905373">
	<ele>294.97</ele>
	<time>2026-08-24T16:38:29.998Z</time>
	<hdop>3.79</hdop>
	<extensions>
		<gpxtpx:TrackPointExtension>
			<gpxtpx:course>359.0</gpxtpx:course>
		</gpxtpx:TrackPointExtension>
	</extensions>
</trkpt>
<trkpt lat="45.9615917" lon="14.3905598">
	<ele>294.83</ele>
	<time>2026-08-24T16:38:35.996Z</time>
	<hdop>3.79</hdop>
	<extensions>
		<gpxtpx:TrackPointExtension>
			<gpxtpx:course>4.0</gpxtpx:course>
		</gpxtpx:TrackPointExtension>
	</extensions>
</trkpt>
<trkpt lat="45.9619228" lon="14.3907319">
	<ele>296.73</ele>
	<time>2026-08-24T16:38:40.997Z</time>
	<hdop>3.79</hdop>
	<extensions>
		<gpxtpx:TrackPointExtension>
			<gpxtpx:course>24.0</gpxtpx:course>
		</gpxtpx:TrackPointExtension>
	</extensions>
</trkpt>
<trkpt lat="45.9622388" lon="14.3911248">
	<ele>296.50</ele>
	<time>2026-08-24T16:38:46.996Z</time>
	<hdop>3.79</hdop>
	<extensions>
		<gpxtpx:TrackPointExtension>
			<gpxtpx:course>47.0</gpxtpx:course>
		</gpxtpx:TrackPointExtension>
	</extensions>
</trkpt>
<trkpt lat="45.9624521" lon="14.3915430">
	<ele>293.58</ele>
	<time>2026-08-24T16:38:51.997Z</time>
	<hdop>3.79</hdop>
	<extensions>
		<gpxtpx:TrackPointExtension>
			<gpxtpx:course>48.0</gpxtpx:course>
		</gpxtpx:TrackPointExtension>
	</extensions>
</trkpt>
<trkpt lat="45.9627551" lon="14.3918601">
	<ele>293.95</ele>
	<time>2026-08-24T16:38:56.998Z</time>
	<hdop>3.79</hdop>
	<extensions>
		<gpxtpx:TrackPointExtension>
			<gpxtpx:course>31.0</gpxtpx:course>
		</gpxtpx:TrackPointExtension>
	</extensions>
</trkpt>
<trkpt lat="45.9630762" lon="14.3921330">
	<ele>294.28</ele>
	<time>2026-08-24T16:39:01.998Z</time>
	<hdop>3.79</hdop>
	<extensions>
		<gpxtpx:TrackPointExtension>
			<gpxtpx:course>30.0</gpxtpx:course>
		</gpxtpx:TrackPointExtension>
	</extensions>
</trkpt>
<trkpt lat="45.9634559" lon="14.3925047">
	<ele>290.71</ele>
	<time>2026-08-24T16:39:07.997Z</time>
	<hdop>3.79</hdop>
	<extensions>
		<gpxtpx:TrackPointExtension>
			<gpxtpx:course>41.0</gpxtpx:course>
		</gpxtpx:TrackPointExtension>
	</extensions>
</trkpt>
<trkpt lat="45.9636448" lon="14.3930286">
	<ele>290.83</ele>
	<time>2026-08-24T16:39:12.997Z</time>
	<hdop>3.79</hdop>
	<extensions>
		<gpxtpx:TrackPointExtension>
			<gpxtpx:course>70.0</gpxtpx:course>
		</gpxtpx:TrackPointExtension>
	</extensions>
</trkpt>
<trkpt lat="45.9638022" lon="14.3935741">
	<ele>291.61</ele>
	<time>2026-08-24T16:39:17.997Z</time>
	<hdop>3.79</hdop>
	<extensions>
		<gpxtpx:TrackPointExtension>
			<gpxtpx:course>58.0</gpxtpx:course>
		</gpxtpx:TrackPointExtension>
	</extensions>
</trkpt>
<trkpt lat="45.9640716" lon="14.3939852">
	<ele>291.56</ele>
	<time>2026-08-24T16:39:22.997Z</time>
	<hdop>3.79</hdop>
	<extensions>
		<gpxtpx:TrackPointExtension>
			<gpxtpx:course>46.0</gpxtpx:course>
		</gpxtpx:TrackPointExtension>
	</extensions>
</trkpt>
<trkpt lat="45.9643814" lon="14.3943640">
	<ele>291.53</ele>
	<time>2026-08-24T16:39:27.997Z</time>
	<hdop>3.79</hdop>
	<extensions>
		<gpxtpx:TrackPointExtension>
			<gpxtpx:course>41.0</gpxtpx:course>
		</gpxtpx:TrackPointExtension>
	</extensions>
</trkpt>
<trkpt lat="45.9646709" lon="14.3947369">
	<ele>290.73</ele>
	<time>2026-08-24T16:39:32.997Z</time>
	<hdop>3.79</hdop>
	<extensions>
		<gpxtpx:TrackPointExtension>
			<gpxtpx:course>41.0</gpxtpx:course>
		</gpxtpx:TrackPointExtension>
	</extensions>
</trkpt>
<trkpt lat="45.9649629" lon="14.3950833">
	<ele>290.62</ele>
	<time>2026-08-24T16:39:37.997Z</time>
	<hdop>3.79</hdop>
	<extensions>
		<gpxtpx:TrackPointExtension>
			<gpxtpx:course>40.0</gpxtpx:course>
		</gpxtpx:TrackPointExtension>
	</extensions>
</trkpt>
<trkpt lat="45.9653568" lon="14.3954025">
	<ele>290.46</ele>
	<time>2026-08-24T16:39:43.997Z</time>
	<hdop>3.79</hdop>
	<extensions>
		<gpxtpx:TrackPointExtension>
			<gpxtpx:course>26.0</gpxtpx:course>
		</gpxtpx:TrackPointExtension>
	</extensions>
</trkpt>
<trkpt lat="45.9657140" lon="14.3956026">
	<ele>290.39</ele>
	<time>2026-08-24T16:39:48.997Z</time>
	<hdop>3.79</hdop>
	<extensions>
		<gpxtpx:TrackPointExtension>
			<gpxtpx:course>20.0</gpxtpx:course>
		</gpxtpx:TrackPointExtension>
	</extensions>
</trkpt>
<trkpt lat="45.9660913" lon="14.3957791">
	<ele>289.97</ele>
	<time>2026-08-24T16:39:53.998Z</time>
	<hdop>3.79</hdop>
	<extensions>
		<gpxtpx:TrackPointExtension>
			<gpxtpx:course>15.0</gpxtpx:course>
		</gpxtpx:TrackPointExtension>
	</extensions>
</trkpt>
<trkpt lat="45.9664993" lon="14.3960592">
	<ele>290.19</ele>
	<time>2026-08-24T16:39:59.997Z</time>
	<hdop>3.79</hdop>
	<extensions>
		<gpxtpx:TrackPointExtension>
			<gpxtpx:course>41.0</gpxtpx:course>
		</gpxtpx:TrackPointExtension>
	</extensions>
</trkpt>
<trkpt lat="45.9665286" lon="14.3965602">
	<ele>292.18</ele>
	<time>2026-08-24T16:40:04.998Z</time>
	<hdop>3.79</hdop>
	<extensions>
		<gpxtpx:TrackPointExtension>
			<gpxtpx:course>99.0</gpxtpx:course>
		</gpxtpx:TrackPointExtension>
	</extensions>
</trkpt>
<trkpt lat="45.9663609" lon="14.3971101">
	<ele>291.55</ele>
	<time>2026-08-24T16:40:10.997Z</time>
	<hdop>3.79</hdop>
	<extensions>
		<gpxtpx:TrackPointExtension>
			<gpxtpx:course>99.0</gpxtpx:course>
		</gpxtpx:TrackPointExtension>
	</extensions>
</trkpt>
<trkpt lat="45.9661667" lon="14.3975420">
	<ele>290.67</ele>
	<time>2026-08-24T16:40:15.998Z</time>
	<hdop>3.79</hdop>
	<extensions>
		<gpxtpx:TrackPointExtension>
			<gpxtpx:course>117.0</gpxtpx:course>
		</gpxtpx:TrackPointExtension>
	</extensions>
</trkpt>
<trkpt lat="45.9659310" lon="14.3980826">
	<ele>289.97</ele>
	<time>2026-08-24T16:40:21.996Z</time>
	<hdop>3.79</hdop>
	<extensions>
		<gpxtpx:TrackPointExtension>
			<gpxtpx:course>121.0</gpxtpx:course>
		</gpxtpx:TrackPointExtension>
	</extensions>
</trkpt>
<trkpt lat="45.9657661" lon="14.3985634">
	<ele>290.53</ele>
	<time>2026-08-24T16:40:26.996Z</time>
	<hdop>3.79</hdop>
	<extensions>
		<gpxtpx:TrackPointExtension>
			<gpxtpx:course>118.0</gpxtpx:course>
		</gpxtpx:TrackPointExtension>
	</extensions>
</trkpt>
<trkpt lat="45.9656271" lon="14.3990520">
	<ele>293.01</ele>
	<time>2026-08-24T16:40:31.997Z</time>
	<hdop>3.79</hdop>
	<extensions>
		<gpxtpx:TrackPointExtension>
			<gpxtpx:course>118.0</gpxtpx:course>
		</gpxtpx:TrackPointExtension>
	</extensions>
</trkpt>
<trkpt lat="45.9654722" lon="14.3995411">
	<ele>295.77</ele>
	<time>2026-08-24T16:40:36.997Z</time>
	<hdop>3.79</hdop>
	<extensions>
		<gpxtpx:TrackPointExtension>
			<gpxtpx:course>118.0</gpxtpx:course>
		</gpxtpx:TrackPointExtension>
	</extensions>
</trkpt>
<trkpt lat="45.9653815" lon="14.4001912">
	<ele>296.60</ele>
	<time>2026-08-24T16:40:42.998Z</time>
	<hdop>3.79</hdop>
	<extensions>
		<gpxtpx:TrackPointExtension>
			<gpxtpx:course>98.0</gpxtpx:course>
		</gpxtpx:TrackPointExtension>
	</extensions>
</trkpt>
<trkpt lat="45.9654251" lon="14.4007586">
	<ele>295.39</ele>
	<time>2026-08-24T16:40:47.998Z</time>
	<hdop>3.79</hdop>
	<extensions>
		<gpxtpx:TrackPointExtension>
			<gpxtpx:course>88.0</gpxtpx:course>
		</gpxtpx:TrackPointExtension>
	</extensions>
</trkpt>
<trkpt lat="45.9655732" lon="14.4014410">
	<ele>294.05</ele>
	<time>2026-08-24T16:40:53.998Z</time>
	<hdop>3.79</hdop>
	<extensions>
		<gpxtpx:TrackPointExtension>
			<gpxtpx:course>72.0</gpxtpx:course>
		</gpxtpx:TrackPointExtension>
	</extensions>
</trkpt>
<trkpt lat="45.9658005" lon="14.4020708">
	<ele>294.67</ele>
	<time>2026-08-24T16:40:59.997Z</time>
	<hdop>3.79</hdop>
	<extensions>
		<gpxtpx:TrackPointExtension>
			<gpxtpx:course>60.0</gpxtpx:course>
		</gpxtpx:TrackPointExtension>
	</extensions>
</trkpt>
<trkpt lat="45.9660442" lon="14.4026920">
	<ele>295.16</ele>
	<time>2026-08-24T16:41:05.997Z</time>
	<hdop>3.79</hdop>
	<extensions>
		<gpxtpx:TrackPointExtension>
			<gpxtpx:course>59.0</gpxtpx:course>
		</gpxtpx:TrackPointExtension>
	</extensions>
</trkpt>
<trkpt lat="45.9662273" lon="14.4032060">
	<ele>289.34</ele>
	<time>2026-08-24T16:41:10.997Z</time>
	<hdop>3.79</hdop>
	<extensions>
		<gpxtpx:TrackPointExtension>
			<gpxtpx:course>58.0</gpxtpx:course>
		</gpxtpx:TrackPointExtension>
	</extensions>
</trkpt>
<trkpt lat="45.9662932" lon="14.4037527">
	<ele>287.92</ele>
	<time>2026-08-24T16:41:15.997Z</time>
	<hdop>3.79</hdop>
	<extensions>
		<gpxtpx:TrackPointExtension>
			<gpxtpx:course>85.0</gpxtpx:course>
		</gpxtpx:TrackPointExtension>
	</extensions>
</trkpt>
<trkpt lat="45.9662441" lon="14.4043360">
	<ele>287.86</ele>
	<time>2026-08-24T16:41:20.997Z</time>
	<hdop>3.79</hdop>
	<extensions>
		<gpxtpx:TrackPointExtension>
			<gpxtpx:course>92.0</gpxtpx:course>
		</gpxtpx:TrackPointExtension>
	</extensions>
</trkpt>
<trkpt lat="45.9661964" lon="14.4049116">
	<ele>287.98</ele>
	<time>2026-08-24T16:41:25.997Z</time>
	<hdop>3.79</hdop>
	<extensions>
		<gpxtpx:TrackPointExtension>
			<gpxtpx:course>94.0</gpxtpx:course>
		</gpxtpx:TrackPointExtension>
	</extensions>
</trkpt>
<trkpt lat="45.9661425" lon="14.4054848">
	<ele>287.99</ele>
	<time>2026-08-24T16:41:30.998Z</time>
	<hdop>3.79</hdop>
	<extensions>
		<gpxtpx:TrackPointExtension>
			<gpxtpx:course>96.0</gpxtpx:course>
		</gpxtpx:TrackPointExtension>
	</extensions>
</trkpt>
<trkpt lat="45.9660842" lon="14.4061764">
	<ele>288.09</ele>
	<time>2026-08-24T16:41:36.997Z</time>
	<hdop>3.79</hdop>
	<extensions>
		<gpxtpx:TrackPointExtension>
			<gpxtpx:course>98.0</gpxtpx:course>
		</gpxtpx:TrackPointExtension>
	</extensions>
</trkpt>
<trkpt lat="45.9660249" lon="14.4068709">
	<ele>288.17</ele>
	<time>2026-08-24T16:41:42.997Z</time>
	<hdop>3.79</hdop>
	<extensions>
		<gpxtpx:TrackPointExtension>
			<gpxtpx:course>99.0</gpxtpx:course>
		</gpxtpx:TrackPointExtension>
	</extensions>
</trkpt>
<trkpt lat="45.9659730" lon="14.4074753">
	<ele>288.05</ele>
	<time>2026-08-24T16:41:47.997Z</time>
	<hdop>3.79</hdop>
	<extensions>
		<gpxtpx:TrackPointExtension>
			<gpxtpx:course>98.0</gpxtpx:course>
		</gpxtpx:TrackPointExtension>
	</extensions>
</trkpt>
<trkpt lat="45.9659558" lon="14.4080744">
	<ele>288.69</ele>
	<time>2026-08-24T16:41:52.997Z</time>
	<hdop>3.79</hdop>
	<extensions>
		<gpxtpx:TrackPointExtension>
			<gpxtpx:course>85.0</gpxtpx:course>
		</gpxtpx:TrackPointExtension>
	</extensions>
</trkpt>
<trkpt lat="45.9660413" lon="14.4086512">
	<ele>289.04</ele>
	<time>2026-08-24T16:41:57.997Z</time>
	<hdop>3.79</hdop>
	<extensions>
		<gpxtpx:TrackPointExtension>
			<gpxtpx:course>77.0</gpxtpx:course>
		</gpxtpx:TrackPointExtension>
	</extensions>
</trkpt>
<trkpt lat="45.9661524" lon="14.4092225">
	<ele>288.92</ele>
	<time>2026-08-24T16:42:02.998Z</time>
	<hdop>3.79</hdop>
	<extensions>
		<gpxtpx:TrackPointExtension>
			<gpxtpx:course>74.0</gpxtpx:course>
		</gpxtpx:TrackPointExtension>
	</extensions>
</trkpt>
<trkpt lat="45.9662915" lon="14.4097905">
	<ele>288.67</ele>
	<time>2026-08-24T16:42:07.998Z</time>
	<hdop>3.79</hdop>
	<extensions>
		<gpxtpx:TrackPointExtension>
			<gpxtpx:course>68.0</gpxtpx:course>
		</gpxtpx:TrackPointExtension>
	</extensions>
</trkpt>
<trkpt lat="45.9664689" lon="14.4104691">
	<ele>289.67</ele>
	<time>2026-08-24T16:42:13.996Z</time>
	<hdop>3.79</hdop>
	<extensions>
		<gpxtpx:TrackPointExtension>
			<gpxtpx:course>67.0</gpxtpx:course>
		</gpxtpx:TrackPointExtension>
	</extensions>
</trkpt>
<trkpt lat="45.9665583" lon="14.4110361">
	<ele>290.29</ele>
	<time>2026-08-24T16:42:18.997Z</time>
	<hdop>3.79</hdop>
	<extensions>
		<gpxtpx:TrackPointExtension>
			<gpxtpx:course>84.0</gpxtpx:course>
		</gpxtpx:TrackPointExtension>
	</extensions>
</trkpt>
<trkpt lat="45.9666320" lon="14.4115700">
	<ele>290.98</ele>
	<time>2026-08-24T16:42:23.997Z</time>
	<hdop>3.79</hdop>
	<extensions>
		<gpxtpx:TrackPointExtension>
			<gpxtpx:course>67.0</gpxtpx:course>
		</gpxtpx:TrackPointExtension>
	</extensions>
</trkpt>
<trkpt lat="45.9668270" lon="14.4120504">
	<ele>293.02</ele>
	<time>2026-08-24T16:42:28.997Z</time>
	<hdop>3.79</hdop>
	<extensions>
		<gpxtpx:TrackPointExtension>
			<gpxtpx:course>57.0</gpxtpx:course>
		</gpxtpx:TrackPointExtension>
	</extensions>
</trkpt>
<trkpt lat="45.9670590" lon="14.4125076">
	<ele>294.32</ele>
	<time>2026-08-24T16:42:33.997Z</time>
	<hdop>3.79</hdop>
	<extensions>
		<gpxtpx:TrackPointExtension>
			<gpxtpx:course>51.0</gpxtpx:course>
		</gpxtpx:TrackPointExtension>
	</extensions>
</trkpt>
<trkpt lat="45.9673102" lon="14.4129276">
	<ele>291.78</ele>
	<time>2026-08-24T16:42:38.997Z</time>
	<hdop>3.79</hdop>
	<extensions>
		<gpxtpx:TrackPointExtension>
			<gpxtpx:course>50.0</gpxtpx:course>
		</gpxtpx:TrackPointExtension>
	</extensions>
</trkpt>
<trkpt lat="45.9675507" lon="14.4133648">
	<ele>291.70</ele>
	<time>2026-08-24T16:42:43.997Z</time>
	<hdop>3.79</hdop>
	<extensions>
		<gpxtpx:TrackPointExtension>
			<gpxtpx:course>54.0</gpxtpx:course>
		</gpxtpx:TrackPointExtension>
	</extensions>
</trkpt>
<trkpt lat="45.9677834" lon="14.4138673">
	<ele>294.06</ele>
	<time>2026-08-24T16:42:48.997Z</time>
	<hdop>3.79</hdop>
	<extensions>
		<gpxtpx:TrackPointExtension>
			<gpxtpx:course>56.0</gpxtpx:course>
		</gpxtpx:TrackPointExtension>
	</extensions>
</trkpt>
<trkpt lat="45.9680255" lon="14.4143683">
	<ele>293.70</ele>
	<time>2026-08-24T16:42:53.997Z</time>
	<hdop>3.79</hdop>
	<extensions>
		<gpxtpx:TrackPointExtension>
			<gpxtpx:course>53.0</gpxtpx:course>
		</gpxtpx:TrackPointExtension>
	</extensions>
</trkpt>
<trkpt lat="45.9683127" lon="14.4148211">
	<ele>290.84</ele>
	<time>2026-08-24T16:42:58.998Z</time>
	<hdop>3.79</hdop>
	<extensions>
		<gpxtpx:TrackPointExtension>
			<gpxtpx:course>47.0</gpxtpx:course>
		</gpxtpx:TrackPointExtension>
	</extensions>
</trkpt>
<trkpt lat="45.9686457" lon="14.4153735">
	<ele>292.50</ele>
	<time>2026-08-24T16:43:04.998Z</time>
	<hdop>3.79</hdop>
	<extensions>
		<gpxtpx:TrackPointExtension>
			<gpxtpx:course>54.0</gpxtpx:course>
		</gpxtpx:TrackPointExtension>
	</extensions>
</trkpt>
<trkpt lat="45.9689720" lon="14.4159387">
	<ele>294.17</ele>
	<time>2026-08-24T16:43:10.997Z</time>
	<hdop>3.79</hdop>
	<extensions>
		<gpxtpx:TrackPointExtension>
			<gpxtpx:course>42.0</gpxtpx:course>
		</gpxtpx:TrackPointExtension>
	</extensions>
</trkpt>
<trkpt lat="45.9693895" lon="14.4163361">
	<ele>295.00</ele>
	<time>2026-08-24T16:43:16.997Z</time>
	<hdop>3.79</hdop>
	<extensions>
		<gpxtpx:TrackPointExtension>
			<gpxtpx:course>26.0</gpxtpx:course>
		</gpxtpx:TrackPointExtension>
	</extensions>
</trkpt>
<trkpt lat="45.9697800" lon="14.4165629">
	<ele>292.67</ele>
	<time>2026-08-24T16:43:21.997Z</time>
	<hdop>3.79</hdop>
	<extensions>
		<gpxtpx:TrackPointExtension>
			<gpxtpx:course>23.0</gpxtpx:course>
		</gpxtpx:TrackPointExtension>
	</extensions>
</trkpt>
<trkpt lat="45.9701605" lon="14.4167930">
	<ele>291.69</ele>
	<time>2026-08-24T16:43:26.998Z</time>
	<hdop>3.79</hdop>
	<extensions>
		<gpxtpx:TrackPointExtension>
			<gpxtpx:course>22.0</gpxtpx:course>
		</gpxtpx:TrackPointExtension>
	</extensions>
</trkpt>
<trkpt lat="45.9706139" lon="14.4170650">
	<ele>294.10</ele>
	<time>2026-08-24T16:43:32.997Z</time>
	<hdop>3.79</hdop>
	<extensions>
		<gpxtpx:TrackPointExtension>
			<gpxtpx:course>20.0</gpxtpx:course>
		</gpxtpx:TrackPointExtension>
	</extensions>
</trkpt>
<trkpt lat="45.9709694" lon="14.4172534">
	<ele>294.63</ele>
	<time>2026-08-24T16:43:37.997Z</time>
	<hdop>3.79</hdop>
	<extensions>
		<gpxtpx:TrackPointExtension>
			<gpxtpx:course>17.0</gpxtpx:course>
		</gpxtpx:TrackPointExtension>
	</extensions>
</trkpt>
<trkpt lat="45.9712984" lon="14.4174240">
	<ele>293.26</ele>
	<time>2026-08-24T16:43:42.997Z</time>
	<hdop>3.79</hdop>
	<extensions>
		<gpxtpx:TrackPointExtension>
			<gpxtpx:course>28.0</gpxtpx:course>
		</gpxtpx:TrackPointExtension>
	</extensions>
</trkpt>
<trkpt lat="45.9715672" lon="14.4177194">
	<ele>294.98</ele>
	<time>2026-08-24T16:43:47.997Z</time>
	<hdop>3.79</hdop>
	<extensions>
		<gpxtpx:TrackPointExtension>
			<gpxtpx:course>36.0</gpxtpx:course>
		</gpxtpx:TrackPointExtension>
	</extensions>
</trkpt>
<trkpt lat="45.9718579" lon="14.4180079">
	<ele>297.29</ele>
	<time>2026-08-24T16:43:52.997Z</time>
	<hdop>3.79</hdop>
	<extensions>
		<gpxtpx:TrackPointExtension>
			<gpxtpx:course>34.0</gpxtpx:course>
		</gpxtpx:TrackPointExtension>
	</extensions>
</trkpt>
<trkpt lat="45.9722101" lon="14.4183659">
	<ele>295.54</ele>
	<time>2026-08-24T16:43:58.996Z</time>
	<hdop>3.79</hdop>
	<extensions>
		<gpxtpx:TrackPointExtension>
			<gpxtpx:course>35.0</gpxtpx:course>
		</gpxtpx:TrackPointExtension>
	</extensions>
</trkpt>
<trkpt lat="45.9724674" lon="14.4186809">
	<ele>291.49</ele>
	<time>2026-08-24T16:44:03.998Z</time>
	<hdop>3.79</hdop>
	<extensions>
		<gpxtpx:TrackPointExtension>
			<gpxtpx:course>52.0</gpxtpx:course>
		</gpxtpx:TrackPointExtension>
	</extensions>
</trkpt>
<trkpt lat="45.9727026" lon="14.4190454">
	<ele>288.87</ele>
	<time>2026-08-24T16:44:09.997Z</time>
	<hdop>3.79</hdop>
	<extensions>
		<gpxtpx:TrackPointExtension>
			<gpxtpx:course>46.0</gpxtpx:course>
		</gpxtpx:TrackPointExtension>
	</extensions>
</trkpt>
<trkpt lat="45.9729350" lon="14.4193803">
	<ele>287.86</ele>
	<time>2026-08-24T16:44:15.997Z</time>
	<hdop>3.79</hdop>
	<extensions>
		<gpxtpx:TrackPointExtension>
			<gpxtpx:course>45.0</gpxtpx:course>
		</gpxtpx:TrackPointExtension>
	</extensions>
</trkpt>
<trkpt lat="45.9731743" lon="14.4197361">
	<ele>289.74</ele>
	<time>2026-08-24T16:44:21.997Z</time>
	<hdop>3.79</hdop>
	<extensions>
		<gpxtpx:TrackPointExtension>
			<gpxtpx:course>52.0</gpxtpx:course>
		</gpxtpx:TrackPointExtension>
	</extensions>
</trkpt>
<trkpt lat="45.9732842" lon="14.4200627">
	<ele>291.03</ele>
	<time>2026-08-24T16:44:26.997Z</time>
	<hdop>3.79</hdop>
	<extensions>
		<gpxtpx:TrackPointExtension>
			<gpxtpx:course>71.0</gpxtpx:course>
		</gpxtpx:TrackPointExtension>
	</extensions>
</trkpt>
<trkpt lat="45.9733286" lon="14.4203758">
	<ele>290.81</ele>
	<time>2026-08-24T16:44:31.997Z</time>
	<hdop>3.79</hdop>
	<extensions>
		<gpxtpx:TrackPointExtension>
			<gpxtpx:course>83.0</gpxtpx:course>
		</gpxtpx:TrackPointExtension>
	</extensions>
</trkpt>
<trkpt lat="45.9733298" lon="14.4206922">
	<ele>290.20</ele>
	<time>2026-08-24T16:44:36.997Z</time>
	<hdop>3.79</hdop>
	<extensions>
		<gpxtpx:TrackPointExtension>
			<gpxtpx:course>94.0</gpxtpx:course>
		</gpxtpx:TrackPointExtension>
	</extensions>
</trkpt>
<trkpt lat="45.9734824" lon="14.4208460">
	<ele>289.65</ele>
	<time>2026-08-24T16:44:41.997Z</time>
	<hdop>3.79</hdop>
	<extensions>
		<gpxtpx:TrackPointExtension>
			<gpxtpx:course>9.0</gpxtpx:course>
		</gpxtpx:TrackPointExtension>
	</extensions>
</trkpt>
<trkpt lat="45.9737293" lon="14.4207053">
	<ele>289.42</ele>
	<time>2026-08-24T16:44:46.997Z</time>
	<hdop>3.79</hdop>
	<extensions>
		<gpxtpx:TrackPointExtension>
			<gpxtpx:course>355.0</gpxtpx:course>
		</gpxtpx:TrackPointExtension>
	</extensions>
</trkpt>
<trkpt lat="45.9740171" lon="14.4205499">
	<ele>289.46</ele>
	<time>2026-08-24T16:44:52.997Z</time>
	<hdop>3.79</hdop>
	<extensions>
		<gpxtpx:TrackPointExtension>
			<gpxtpx:course>350.0</gpxtpx:course>
		</gpxtpx:TrackPointExtension>
	</extensions>
</trkpt>
<trkpt lat="45.9742727" lon="14.4204335">
	<ele>289.55</ele>
	<time>2026-08-24T16:44:58.997Z</time>
	<hdop>3.79</hdop>
	<extensions>
		<gpxtpx:TrackPointExtension>
			<gpxtpx:course>349.0</gpxtpx:course>
		</gpxtpx:TrackPointExtension>
	</extensions>
</trkpt>
<trkpt lat="45.9744633" lon="14.4202820">
	<ele>289.81</ele>
	<time>2026-08-24T16:45:03.997Z</time>
	<hdop>3.79</hdop>
	<extensions>
		<gpxtpx:TrackPointExtension>
			<gpxtpx:course>346.0</gpxtpx:course>
		</gpxtpx:TrackPointExtension>
	</extensions>
</trkpt>
<trkpt lat="45.9747345" lon="14.4203385">
	<ele>289.82</ele>
	<time>2026-08-24T16:45:09.998Z</time>
	<hdop>3.79</hdop>
	<extensions>
		<gpxtpx:TrackPointExtension>
			<gpxtpx:course>2.0</gpxtpx:course>
		</gpxtpx:TrackPointExtension>
	</extensions>
</trkpt>
<trkpt lat="45.9749978" lon="14.4203492">
	<ele>289.81</ele>
	<time>2026-08-24T16:45:15.997Z</time>
	<hdop>3.79</hdop>
	<extensions>
		<gpxtpx:TrackPointExtension>
			<gpxtpx:course>351.0</gpxtpx:course>
		</gpxtpx:TrackPointExtension>
	</extensions>
</trkpt>
<trkpt lat="45.9752003" lon="14.4201529">
	<ele>289.88</ele>
	<time>2026-08-24T16:45:20.997Z</time>
	<hdop>3.79</hdop>
	<extensions>
		<gpxtpx:TrackPointExtension>
			<gpxtpx:course>320.0</gpxtpx:course>
		</gpxtpx:TrackPointExtension>
	</extensions>
</trkpt>
<trkpt lat="45.9754645" lon="14.4199603">
	<ele>289.39</ele>
	<time>2026-08-24T16:45:26.997Z</time>
	<hdop>3.79</hdop>
	<extensions>
		<gpxtpx:TrackPointExtension>
			<gpxtpx:course>349.0</gpxtpx:course>
		</gpxtpx:TrackPointExtension>
	</extensions>
</trkpt>
<trkpt lat="45.9757279" lon="14.4199106">
	<ele>288.95</ele>
	<time>2026-08-24T16:45:31.997Z</time>
	<hdop>3.79</hdop>
	<extensions>
		<gpxtpx:TrackPointExtension>
			<gpxtpx:course>346.0</gpxtpx:course>
		</gpxtpx:TrackPointExtension>
	</extensions>
</trkpt>
<trkpt lat="45.9759956" lon="14.4198530">
	<ele>288.70</ele>
	<time>2026-08-24T16:45:36.997Z</time>
	<hdop>3.79</hdop>
	<extensions>
		<gpxtpx:TrackPointExtension>
			<gpxtpx:course>353.0</gpxtpx:course>
		</gpxtpx:TrackPointExtension>
	</extensions>
</trkpt>
<trkpt lat="45.9762642" lon="14.4198017">
	<ele>288.76</ele>
	<time>2026-08-24T16:45:41.997Z</time>
	<hdop>3.79</hdop>
	<extensions>
		<gpxtpx:TrackPointExtension>
			<gpxtpx:course>351.0</gpxtpx:course>
		</gpxtpx:TrackPointExtension>
	</extensions>
</trkpt>
<trkpt lat="45.9765292" lon="14.4197677">
	<ele>288.98</ele>
	<time>2026-08-24T16:45:46.998Z</time>
	<hdop>3.79</hdop>
	<extensions>
		<gpxtpx:TrackPointExtension>
			<gpxtpx:course>353.0</gpxtpx:course>
		</gpxtpx:TrackPointExtension>
	</extensions>
</trkpt>
<trkpt lat="45.9767968" lon="14.4197222">
	<ele>289.21</ele>
	<time>2026-08-24T16:45:52.997Z</time>
	<hdop>3.79</hdop>
	<extensions>
		<gpxtpx:TrackPointExtension>
			<gpxtpx:course>353.0</gpxtpx:course>
		</gpxtpx:TrackPointExtension>
	</extensions>
</trkpt>
<trkpt lat="45.9770006" lon="14.4196955">
	<ele>289.44</ele>
	<time>2026-08-24T16:45:57.997Z</time>
	<hdop>3.79</hdop>
	<extensions>
		<gpxtpx:TrackPointExtension>
			<gpxtpx:course>357.0</gpxtpx:course>
		</gpxtpx:TrackPointExtension>
	</extensions>
</trkpt>
<trkpt lat="45.9772291" lon="14.4197110">
	<ele>289.59</ele>
	<time>2026-08-24T16:46:03.997Z</time>
	<hdop>3.79</hdop>
	<extensions>
		<gpxtpx:TrackPointExtension>
			<gpxtpx:course>5.0</gpxtpx:course>
		</gpxtpx:TrackPointExtension>
	</extensions>
</trkpt>
<trkpt lat="45.9774002" lon="14.4199054">
	<ele>289.23</ele>
	<time>2026-08-24T16:46:09.996Z</time>
	<hdop>3.79</hdop>
	<extensions>
		<gpxtpx:TrackPointExtension>
			<gpxtpx:course>69.0</gpxtpx:course>
		</gpxtpx:TrackPointExtension>
	</extensions>
</trkpt>
<trkpt lat="45.9774911" lon="14.4201676">
	<ele>288.81</ele>
	<time>2026-08-24T16:46:14.997Z</time>
	<hdop>3.79</hdop>
	<extensions>
		<gpxtpx:TrackPointExtension>
			<gpxtpx:course>59.0</gpxtpx:course>
		</gpxtpx:TrackPointExtension>
	</extensions>
</trkpt>
<trkpt lat="45.9774808" lon="14.4203066">
	<ele>288.60</ele>
	<time>2026-08-24T16:46:19.997Z</time>
	<hdop>3.79</hdop>
	<extensions>
		<gpxtpx:TrackPointExtension>
			<gpxtpx:course>151.0</gpxtpx:course>
		</gpxtpx:TrackPointExtension>
	</extensions>
</trkpt>
<trkpt lat="45.9774238" lon="14.4201645">
	<ele>288.81</ele>
	<time>2026-08-24T17:16:07.998Z</time>
	<hdop>6.94</hdop>
	<extensions>
		<gpxtpx:TrackPointExtension>
			<gpxtpx:course>312.8007</gpxtpx:course>
		</gpxtpx:TrackPointExtension>
	</extensions>
</trkpt>
<trkpt lat="45.9774317" lon="14.4200281">
	<ele>288.99</ele>
	<time>2026-08-24T17:23:25.540Z</time>
	<hdop>7.74</hdop>
	<extensions>
		<gpxtpx:TrackPointExtension>
			<gpxtpx:course>289.05313</gpxtpx:course>
		</gpxtpx:TrackPointExtension>
	</extensions>
</trkpt>
<trkpt lat="45.9773911" lon="14.4198512">
	<ele>289.28</ele>
	<time>2026-08-24T17:23:30.621Z</time>
	<hdop>4.83</hdop>
	<extensions>
		<gpxtpx:TrackPointExtension>
			<gpxtpx:course>240.18848</gpxtpx:course>
		</gpxtpx:TrackPointExtension>
	</extensions>
</trkpt>
<trkpt lat="45.9772566" lon="14.4196873">
	<ele>289.64</ele>
	<time>2026-08-24T17:23:35.996Z</time>
	<hdop>3.15</hdop>
	<extensions>
		<gpxtpx:TrackPointExtension>
			<gpxtpx:course>188.40202</gpxtpx:course>
		</gpxtpx:TrackPointExtension>
	</extensions>
</trkpt>
<trkpt lat="45.9770067" lon="14.4196995">
	<ele>289.48</ele>
	<time>2026-08-24T17:23:41.995Z</time>
	<hdop>3.29</hdop>
	<extensions>
		<gpxtpx:TrackPointExtension>
			<gpxtpx:course>170.0</gpxtpx:course>
		</gpxtpx:TrackPointExtension>
	</extensions>
</trkpt>
<trkpt lat="45.9767992" lon="14.4197310">
	<ele>289.23</ele>
	<time>2026-08-24T17:23:46.997Z</time>
	<hdop>3.79</hdop>
	<extensions>
		<gpxtpx:TrackPointExtension>
			<gpxtpx:course>174.0</gpxtpx:course>
		</gpxtpx:TrackPointExtension>
	</extensions>
</trkpt>
<trkpt lat="45.9765894" lon="14.4197572">
	<ele>289.06</ele>
	<time>2026-08-24T17:23:51.997Z</time>
	<hdop>3.79</hdop>
	<extensions>
		<gpxtpx:TrackPointExtension>
			<gpxtpx:course>166.0</gpxtpx:course>
		</gpxtpx:TrackPointExtension>
	</extensions>
</trkpt>
<trkpt lat="45.9762840" lon="14.4197909">
	<ele>288.78</ele>
	<time>2026-08-24T17:23:57.996Z</time>
	<hdop>3.79</hdop>
	<extensions>
		<gpxtpx:TrackPointExtension>
			<gpxtpx:course>175.0</gpxtpx:course>
		</gpxtpx:TrackPointExtension>
	</extensions>
</trkpt>
<trkpt lat="45.9760115" lon="14.4198394">
	<ele>288.67</ele>
	<time>2026-08-24T17:24:02.996Z</time>
	<hdop>3.79</hdop>
	<extensions>
		<gpxtpx:TrackPointExtension>
			<gpxtpx:course>171.0</gpxtpx:course>
		</gpxtpx:TrackPointExtension>
	</extensions>
</trkpt>
<trkpt lat="45.9757377" lon="14.4198774">
	<ele>288.81</ele>
	<time>2026-08-24T17:24:07.997Z</time>
	<hdop>3.79</hdop>
	<extensions>
		<gpxtpx:TrackPointExtension>
			<gpxtpx:course>169.0</gpxtpx:course>
		</gpxtpx:TrackPointExtension>
	</extensions>
</trkpt>
<trkpt lat="45.9754702" lon="14.4199205">
	<ele>289.23</ele>
	<time>2026-08-24T17:24:12.997Z</time>
	<hdop>3.79</hdop>
	<extensions>
		<gpxtpx:TrackPointExtension>
			<gpxtpx:course>166.0</gpxtpx:course>
		</gpxtpx:TrackPointExtension>
	</extensions>
</trkpt>
<trkpt lat="45.9752248" lon="14.4200705">
	<ele>289.81</ele>
	<time>2026-08-24T17:24:17.997Z</time>
	<hdop>3.79</hdop>
	<extensions>
		<gpxtpx:TrackPointExtension>
			<gpxtpx:course>130.0</gpxtpx:course>
		</gpxtpx:TrackPointExtension>
	</extensions>
</trkpt>
<trkpt lat="45.9750260" lon="14.4202848">
	<ele>289.91</ele>
	<time>2026-08-24T17:24:22.997Z</time>
	<hdop>3.79</hdop>
	<extensions>
		<gpxtpx:TrackPointExtension>
			<gpxtpx:course>160.0</gpxtpx:course>
		</gpxtpx:TrackPointExtension>
	</extensions>
</trkpt>
<trkpt lat="45.9747338" lon="14.4202943">
	<ele>289.90</ele>
	<time>2026-08-24T17:24:28.997Z</time>
	<hdop>3.79</hdop>
	<extensions>
		<gpxtpx:TrackPointExtension>
			<gpxtpx:course>184.0</gpxtpx:course>
		</gpxtpx:TrackPointExtension>
	</extensions>
</trkpt>
<trkpt lat="45.9745249" lon="14.4202265">
	<ele>289.91</ele>
	<time>2026-08-24T17:24:34.996Z</time>
	<hdop>3.79</hdop>
	<extensions>
		<gpxtpx:TrackPointExtension>
			<gpxtpx:course>219.0</gpxtpx:course>
		</gpxtpx:TrackPointExtension>
	</extensions>
</trkpt>
<trkpt lat="45.9744037" lon="14.4201974">
	<ele>289.92</ele>
	<time>2026-08-24T17:24:39.996Z</time>
	<hdop>3.79</hdop>
	<extensions>
		<gpxtpx:TrackPointExtension>
			<gpxtpx:course>154.0</gpxtpx:course>
		</gpxtpx:TrackPointExtension>
	</extensions>
</trkpt>
<trkpt lat="45.9743177" lon="14.4204562">
	<ele>289.54</ele>
	<time>2026-08-24T17:24:44.996Z</time>
	<hdop>3.79</hdop>
	<extensions>
		<gpxtpx:TrackPointExtension>
			<gpxtpx:course>66.0</gpxtpx:course>
		</gpxtpx:TrackPointExtension>
	</extensions>
</trkpt>
<trkpt lat="45.9745773" lon="14.4208158">
	<ele>288.97</ele>
	<time>2026-08-24T17:24:50.996Z</time>
	<hdop>3.79</hdop>
	<extensions>
		<gpxtpx:TrackPointExtension>
			<gpxtpx:course>43.0</gpxtpx:course>
		</gpxtpx:TrackPointExtension>
	</extensions>
</trkpt>
<trkpt lat="45.9748433" lon="14.4211934">
	<ele>288.90</ele>
	<time>2026-08-24T17:24:55.996Z</time>
	<hdop>3.79</hdop>
	<extensions>
		<gpxtpx:TrackPointExtension>
			<gpxtpx:course>42.0</gpxtpx:course>
		</gpxtpx:TrackPointExtension>
	</extensions>
</trkpt>
<trkpt lat="45.9751319" lon="14.4215758">
	<ele>289.00</ele>
	<time>2026-08-24T17:25:00.997Z</time>
	<hdop>3.79</hdop>
	<extensions>
		<gpxtpx:TrackPointExtension>
			<gpxtpx:course>43.0</gpxtpx:course>
		</gpxtpx:TrackPointExtension>
	</extensions>
</trkpt>
<trkpt lat="45.9754885" lon="14.4220481">
	<ele>288.80</ele>
	<time>2026-08-24T17:25:06.996Z</time>
	<hdop>3.79</hdop>
	<extensions>
		<gpxtpx:TrackPointExtension>
			<gpxtpx:course>42.0</gpxtpx:course>
		</gpxtpx:TrackPointExtension>
	</extensions>
</trkpt>
<trkpt lat="45.9758006" lon="14.4224716">
	<ele>288.08</ele>
	<time>2026-08-24T17:25:11.996Z</time>
	<hdop>3.79</hdop>
	<extensions>
		<gpxtpx:TrackPointExtension>
			<gpxtpx:course>41.0</gpxtpx:course>
		</gpxtpx:TrackPointExtension>
	</extensions>
</trkpt>
<trkpt lat="45.9761178" lon="14.4229024">
	<ele>287.83</ele>
	<time>2026-08-24T17:25:16.997Z</time>
	<hdop>3.79</hdop>
	<extensions>
		<gpxtpx:TrackPointExtension>
			<gpxtpx:course>40.0</gpxtpx:course>
		</gpxtpx:TrackPointExtension>
	</extensions>
</trkpt>
<trkpt lat="45.9765092" lon="14.4234140">
	<ele>287.92</ele>
	<time>2026-08-24T17:25:22.997Z</time>
	<hdop>3.79</hdop>
	<extensions>
		<gpxtpx:TrackPointExtension>
			<gpxtpx:course>41.0</gpxtpx:course>
		</gpxtpx:TrackPointExtension>
	</extensions>
</trkpt>
<trkpt lat="45.9768334" lon="14.4238682">
	<ele>288.05</ele>
	<time>2026-08-24T17:25:27.997Z</time>
	<hdop>3.79</hdop>
	<extensions>
		<gpxtpx:TrackPointExtension>
			<gpxtpx:course>40.0</gpxtpx:course>
		</gpxtpx:TrackPointExtension>
	</extensions>
</trkpt>
<trkpt lat="45.9771700" lon="14.4243078">
	<ele>288.03</ele>
	<time>2026-08-24T17:25:32.997Z</time>
	<hdop>3.79</hdop>
	<extensions>
		<gpxtpx:TrackPointExtension>
			<gpxtpx:course>39.0</gpxtpx:course>
		</gpxtpx:TrackPointExtension>
	</extensions>
</trkpt>
<trkpt lat="45.9775631" lon="14.4248382">
	<ele>287.97</ele>
	<time>2026-08-24T17:25:38.996Z</time>
	<hdop>3.79</hdop>
	<extensions>
		<gpxtpx:TrackPointExtension>
			<gpxtpx:course>41.0</gpxtpx:course>
		</gpxtpx:TrackPointExtension>
	</extensions>
</trkpt>
<trkpt lat="45.9779556" lon="14.4253843">
	<ele>287.98</ele>
	<time>2026-08-24T17:25:44.996Z</time>
	<hdop>3.79</hdop>
	<extensions>
		<gpxtpx:TrackPointExtension>
			<gpxtpx:course>43.0</gpxtpx:course>
		</gpxtpx:TrackPointExtension>
	</extensions>
</trkpt>
<trkpt lat="45.9782895" lon="14.4258304">
	<ele>288.00</ele>
	<time>2026-08-24T17:25:49.996Z</time>
	<hdop>3.79</hdop>
	<extensions>
		<gpxtpx:TrackPointExtension>
			<gpxtpx:course>41.0</gpxtpx:course>
		</gpxtpx:TrackPointExtension>
	</extensions>
</trkpt>
<trkpt lat="45.9786244" lon="14.4262795">
	<ele>287.98</ele>
	<time>2026-08-24T17:25:54.996Z</time>
	<hdop>3.79</hdop>
	<extensions>
		<gpxtpx:TrackPointExtension>
			<gpxtpx:course>41.0</gpxtpx:course>
		</gpxtpx:TrackPointExtension>
	</extensions>
</trkpt>
<trkpt lat="45.9789510" lon="14.4267376">
	<ele>288.00</ele>
	<time>2026-08-24T17:25:59.996Z</time>
	<hdop>3.79</hdop>
	<extensions>
		<gpxtpx:TrackPointExtension>
			<gpxtpx:course>43.0</gpxtpx:course>
		</gpxtpx:TrackPointExtension>
	</extensions>
</trkpt>
<trkpt lat="45.9792708" lon="14.4271852">
	<ele>288.00</ele>
	<time>2026-08-24T17:26:04.996Z</time>
	<hdop>3.79</hdop>
	<extensions>
		<gpxtpx:TrackPointExtension>
			<gpxtpx:course>43.0</gpxtpx:course>
		</gpxtpx:TrackPointExtension>
	</extensions>
</trkpt>
<trkpt lat="45.9795996" lon="14.4276241">
	<ele>287.99</ele>
	<time>2026-08-24T17:26:09.996Z</time>
	<hdop>3.79</hdop>
	<extensions>
		<gpxtpx:TrackPointExtension>
			<gpxtpx:course>42.0</gpxtpx:course>
		</gpxtpx:TrackPointExtension>
	</extensions>
</trkpt>
<trkpt lat="45.9799237" lon="14.4280615">
	<ele>287.97</ele>
	<time>2026-08-24T17:26:14.996Z</time>
	<hdop>3.79</hdop>
	<extensions>
		<gpxtpx:TrackPointExtension>
			<gpxtpx:course>42.0</gpxtpx:course>
		</gpxtpx:TrackPointExtension>
	</extensions>
</trkpt>
<trkpt lat="45.9803125" lon="14.4285941">
	<ele>288.29</ele>
	<time>2026-08-24T17:26:20.995Z</time>
	<hdop>3.79</hdop>
	<extensions>
		<gpxtpx:TrackPointExtension>
			<gpxtpx:course>44.0</gpxtpx:course>
		</gpxtpx:TrackPointExtension>
	</extensions>
</trkpt>
<trkpt lat="45.9805515" lon="14.4291324">
	<ele>287.98</ele>
	<time>2026-08-24T17:26:25.995Z</time>
	<hdop>3.79</hdop>
	<extensions>
		<gpxtpx:TrackPointExtension>
			<gpxtpx:course>63.0</gpxtpx:course>
		</gpxtpx:TrackPointExtension>
	</extensions>
</trkpt>
<trkpt lat="45.9807238" lon="14.4297074">
	<ele>287.94</ele>
	<time>2026-08-24T17:26:30.996Z</time>
	<hdop>3.79</hdop>
	<extensions>
		<gpxtpx:TrackPointExtension>
			<gpxtpx:course>66.0</gpxtpx:course>
		</gpxtpx:TrackPointExtension>
	</extensions>
</trkpt>
<trkpt lat="45.9808984" lon="14.4302758">
	<ele>288.01</ele>
	<time>2026-08-24T17:26:35.997Z</time>
	<hdop>3.79</hdop>
	<extensions>
		<gpxtpx:TrackPointExtension>
			<gpxtpx:course>65.0</gpxtpx:course>
		</gpxtpx:TrackPointExtension>
	</extensions>
</trkpt>
<trkpt lat="45.9810989" lon="14.4309555">
	<ele>288.26</ele>
	<time>2026-08-24T17:26:41.996Z</time>
	<hdop>3.79</hdop>
	<extensions>
		<gpxtpx:TrackPointExtension>
			<gpxtpx:course>68.0</gpxtpx:course>
		</gpxtpx:TrackPointExtension>
	</extensions>
</trkpt>
<trkpt lat="45.9813079" lon="14.4316421">
	<ele>288.02</ele>
	<time>2026-08-24T17:26:47.996Z</time>
	<hdop>3.79</hdop>
	<extensions>
		<gpxtpx:TrackPointExtension>
			<gpxtpx:course>67.0</gpxtpx:course>
		</gpxtpx:TrackPointExtension>
	</extensions>
</trkpt>
<trkpt lat="45.9814772" lon="14.4322008">
	<ele>287.90</ele>
	<time>2026-08-24T17:26:52.996Z</time>
	<hdop>3.79</hdop>
	<extensions>
		<gpxtpx:TrackPointExtension>
			<gpxtpx:course>67.0</gpxtpx:course>
		</gpxtpx:TrackPointExtension>
	</extensions>
</trkpt>
<trkpt lat="45.9816424" lon="14.4327629">
	<ele>287.98</ele>
	<time>2026-08-24T17:26:57.996Z</time>
	<hdop>3.79</hdop>
	<extensions>
		<gpxtpx:TrackPointExtension>
			<gpxtpx:course>66.0</gpxtpx:course>
		</gpxtpx:TrackPointExtension>
	</extensions>
</trkpt>
<trkpt lat="45.9818713" lon="14.4332750">
	<ele>288.18</ele>
	<time>2026-08-24T17:27:02.997Z</time>
	<hdop>3.79</hdop>
	<extensions>
		<gpxtpx:TrackPointExtension>
			<gpxtpx:course>52.0</gpxtpx:course>
		</gpxtpx:TrackPointExtension>
	</extensions>
</trkpt>
<trkpt lat="45.9821709" lon="14.4336925">
	<ele>288.37</ele>
	<time>2026-08-24T17:27:07.997Z</time>
	<hdop>3.79</hdop>
	<extensions>
		<gpxtpx:TrackPointExtension>
			<gpxtpx:course>42.0</gpxtpx:course>
		</gpxtpx:TrackPointExtension>
	</extensions>
</trkpt>
<trkpt lat="45.9825465" lon="14.4341667">
	<ele>288.02</ele>
	<time>2026-08-24T17:27:13.996Z</time>
	<hdop>3.79</hdop>
	<extensions>
		<gpxtpx:TrackPointExtension>
			<gpxtpx:course>41.0</gpxtpx:course>
		</gpxtpx:TrackPointExtension>
	</extensions>
</trkpt>
<trkpt lat="45.9828632" lon="14.4345713">
	<ele>287.93</ele>
	<time>2026-08-24T17:27:18.996Z</time>
	<hdop>3.79</hdop>
	<extensions>
		<gpxtpx:TrackPointExtension>
			<gpxtpx:course>41.0</gpxtpx:course>
		</gpxtpx:TrackPointExtension>
	</extensions>
</trkpt>
<trkpt lat="45.9831814" lon="14.4349762">
	<ele>288.00</ele>
	<time>2026-08-24T17:27:23.996Z</time>
	<hdop>3.79</hdop>
	<extensions>
		<gpxtpx:TrackPointExtension>
			<gpxtpx:course>43.0</gpxtpx:course>
		</gpxtpx:TrackPointExtension>
	</extensions>
</trkpt>
<trkpt lat="45.9835714" lon="14.4354807">
	<ele>288.02</ele>
	<time>2026-08-24T17:27:29.996Z</time>
	<hdop>3.79</hdop>
	<extensions>
		<gpxtpx:TrackPointExtension>
			<gpxtpx:course>39.0</gpxtpx:course>
		</gpxtpx:TrackPointExtension>
	</extensions>
</trkpt>
<trkpt lat="45.9839505" lon="14.4359981">
	<ele>287.89</ele>
	<time>2026-08-24T17:27:35.996Z</time>
	<hdop>3.79</hdop>
	<extensions>
		<gpxtpx:TrackPointExtension>
			<gpxtpx:course>41.0</gpxtpx:course>
		</gpxtpx:TrackPointExtension>
	</extensions>
</trkpt>
<trkpt lat="45.9842793" lon="14.4364210">
	<ele>287.32</ele>
	<time>2026-08-24T17:27:40.996Z</time>
	<hdop>3.79</hdop>
	<extensions>
		<gpxtpx:TrackPointExtension>
			<gpxtpx:course>43.0</gpxtpx:course>
		</gpxtpx:TrackPointExtension>
	</extensions>
</trkpt>
<trkpt lat="45.9846747" lon="14.4369340">
	<ele>287.35</ele>
	<time>2026-08-24T17:27:46.997Z</time>
	<hdop>3.79</hdop>
	<extensions>
		<gpxtpx:TrackPointExtension>
			<gpxtpx:course>40.0</gpxtpx:course>
		</gpxtpx:TrackPointExtension>
	</extensions>
</trkpt>
<trkpt lat="45.9850735" lon="14.4374524">
	<ele>287.10</ele>
	<time>2026-08-24T17:27:52.996Z</time>
	<hdop>3.79</hdop>
	<extensions>
		<gpxtpx:TrackPointExtension>
			<gpxtpx:course>41.0</gpxtpx:course>
		</gpxtpx:TrackPointExtension>
	</extensions>
</trkpt>
<trkpt lat="45.9853823" lon="14.4379211">
	<ele>287.15</ele>
	<time>2026-08-24T17:27:57.996Z</time>
	<hdop>3.79</hdop>
	<extensions>
		<gpxtpx:TrackPointExtension>
			<gpxtpx:course>50.0</gpxtpx:course>
		</gpxtpx:TrackPointExtension>
	</extensions>
</trkpt>
<trkpt lat="45.9856217" lon="14.4384566">
	<ele>286.90</ele>
	<time>2026-08-24T17:28:02.996Z</time>
	<hdop>3.79</hdop>
	<extensions>
		<gpxtpx:TrackPointExtension>
			<gpxtpx:course>65.0</gpxtpx:course>
		</gpxtpx:TrackPointExtension>
	</extensions>
</trkpt>
<trkpt lat="45.9857851" lon="14.4390501">
	<ele>286.98</ele>
	<time>2026-08-24T17:28:07.996Z</time>
	<hdop>3.79</hdop>
	<extensions>
		<gpxtpx:TrackPointExtension>
			<gpxtpx:course>70.0</gpxtpx:course>
		</gpxtpx:TrackPointExtension>
	</extensions>
</trkpt>
<trkpt lat="45.9859611" lon="14.4397548">
	<ele>286.99</ele>
	<time>2026-08-24T17:28:13.996Z</time>
	<hdop>3.79</hdop>
	<extensions>
		<gpxtpx:TrackPointExtension>
			<gpxtpx:course>70.0</gpxtpx:course>
		</gpxtpx:TrackPointExtension>
	</extensions>
</trkpt>
<trkpt lat="45.9861053" lon="14.4403341">
	<ele>287.00</ele>
	<time>2026-08-24T17:28:18.996Z</time>
	<hdop>3.79</hdop>
	<extensions>
		<gpxtpx:TrackPointExtension>
			<gpxtpx:course>71.0</gpxtpx:course>
		</gpxtpx:TrackPointExtension>
	</extensions>
</trkpt>
<trkpt lat="45.9862870" lon="14.4410396">
	<ele>286.99</ele>
	<time>2026-08-24T17:28:24.996Z</time>
	<hdop>3.79</hdop>
	<extensions>
		<gpxtpx:TrackPointExtension>
			<gpxtpx:course>67.0</gpxtpx:course>
		</gpxtpx:TrackPointExtension>
	</extensions>
</trkpt>
<trkpt lat="45.9864410" lon="14.4416227">
	<ele>286.97</ele>
	<time>2026-08-24T17:28:29.996Z</time>
	<hdop>3.79</hdop>
	<extensions>
		<gpxtpx:TrackPointExtension>
			<gpxtpx:course>68.0</gpxtpx:course>
		</gpxtpx:TrackPointExtension>
	</extensions>
</trkpt>
<trkpt lat="45.9865874" lon="14.4422184">
	<ele>287.69</ele>
	<time>2026-08-24T17:28:34.996Z</time>
	<hdop>3.79</hdop>
	<extensions>
		<gpxtpx:TrackPointExtension>
			<gpxtpx:course>69.0</gpxtpx:course>
		</gpxtpx:TrackPointExtension>
	</extensions>
</trkpt>
<trkpt lat="45.9867707" lon="14.4429277">
	<ele>287.58</ele>
	<time>2026-08-24T17:28:40.996Z</time>
	<hdop>3.79</hdop>
	<extensions>
		<gpxtpx:TrackPointExtension>
			<gpxtpx:course>70.0</gpxtpx:course>
		</gpxtpx:TrackPointExtension>
	</extensions>
</trkpt>
<trkpt lat="45.9869186" lon="14.4435195">
	<ele>286.96</ele>
	<time>2026-08-24T17:28:45.998Z</time>
	<hdop>3.79</hdop>
	<extensions>
		<gpxtpx:TrackPointExtension>
			<gpxtpx:course>69.0</gpxtpx:course>
		</gpxtpx:TrackPointExtension>
	</extensions>
</trkpt>
<trkpt lat="45.9871281" lon="14.4442160">
	<ele>287.00</ele>
	<time>2026-08-24T17:28:51.997Z</time>
	<hdop>3.79</hdop>
	<extensions>
		<gpxtpx:TrackPointExtension>
			<gpxtpx:course>64.0</gpxtpx:course>
		</gpxtpx:TrackPointExtension>
	</extensions>
</trkpt>
<trkpt lat="45.9873039" lon="14.4447958">
	<ele>287.00</ele>
	<time>2026-08-24T17:28:56.997Z</time>
	<hdop>3.79</hdop>
	<extensions>
		<gpxtpx:TrackPointExtension>
			<gpxtpx:course>65.0</gpxtpx:course>
		</gpxtpx:TrackPointExtension>
	</extensions>
</trkpt>
<trkpt lat="45.9875175" lon="14.4454903">
	<ele>287.00</ele>
	<time>2026-08-24T17:29:02.996Z</time>
	<hdop>3.79</hdop>
	<extensions>
		<gpxtpx:TrackPointExtension>
			<gpxtpx:course>66.0</gpxtpx:course>
		</gpxtpx:TrackPointExtension>
	</extensions>
</trkpt>
<trkpt lat="45.9877014" lon="14.4460728">
	<ele>287.00</ele>
	<time>2026-08-24T17:29:07.996Z</time>
	<hdop>3.79</hdop>
	<extensions>
		<gpxtpx:TrackPointExtension>
			<gpxtpx:course>65.0</gpxtpx:course>
		</gpxtpx:TrackPointExtension>
	</extensions>
</trkpt>
<trkpt lat="45.9878770" lon="14.4466581">
	<ele>287.00</ele>
	<time>2026-08-24T17:29:12.996Z</time>
	<hdop>3.79</hdop>
	<extensions>
		<gpxtpx:TrackPointExtension>
			<gpxtpx:course>66.0</gpxtpx:course>
		</gpxtpx:TrackPointExtension>
	</extensions>
</trkpt>
<trkpt lat="45.9881046" lon="14.4473672">
	<ele>287.00</ele>
	<time>2026-08-24T17:29:18.996Z</time>
	<hdop>3.79</hdop>
	<extensions>
		<gpxtpx:TrackPointExtension>
			<gpxtpx:course>65.0</gpxtpx:course>
		</gpxtpx:TrackPointExtension>
	</extensions>
</trkpt>
<trkpt lat="45.9882851" lon="14.4479712">
	<ele>287.00</ele>
	<time>2026-08-24T17:29:23.996Z</time>
	<hdop>3.79</hdop>
	<extensions>
		<gpxtpx:TrackPointExtension>
			<gpxtpx:course>65.0</gpxtpx:course>
		</gpxtpx:TrackPointExtension>
	</extensions>
</trkpt>
<trkpt lat="45.9885042" lon="14.4486958">
	<ele>287.00</ele>
	<time>2026-08-24T17:29:29.996Z</time>
	<hdop>3.79</hdop>
	<extensions>
		<gpxtpx:TrackPointExtension>
			<gpxtpx:course>66.0</gpxtpx:course>
		</gpxtpx:TrackPointExtension>
	</extensions>
</trkpt>
<trkpt lat="45.9886929" lon="14.4492924">
	<ele>287.00</ele>
	<time>2026-08-24T17:29:34.997Z</time>
	<hdop>3.79</hdop>
	<extensions>
		<gpxtpx:TrackPointExtension>
			<gpxtpx:course>65.0</gpxtpx:course>
		</gpxtpx:TrackPointExtension>
	</extensions>
</trkpt>
<trkpt lat="45.9889166" lon="14.4499946">
	<ele>287.00</ele>
	<time>2026-08-24T17:29:40.998Z</time>
	<hdop>3.79</hdop>
	<extensions>
		<gpxtpx:TrackPointExtension>
			<gpxtpx:course>66.0</gpxtpx:course>
		</gpxtpx:TrackPointExtension>
	</extensions>
</trkpt>
<trkpt lat="45.9891253" lon="14.4506743">
	<ele>287.00</ele>
	<time>2026-08-24T17:29:46.997Z</time>
	<hdop>3.79</hdop>
	<extensions>
		<gpxtpx:TrackPointExtension>
			<gpxtpx:course>65.0</gpxtpx:course>
		</gpxtpx:TrackPointExtension>
	</extensions>
</trkpt>
<trkpt lat="45.9893354" lon="14.4513551">
	<ele>286.88</ele>
	<time>2026-08-24T17:29:52.996Z</time>
	<hdop>3.79</hdop>
	<extensions>
		<gpxtpx:TrackPointExtension>
			<gpxtpx:course>66.0</gpxtpx:course>
		</gpxtpx:TrackPointExtension>
	</extensions>
</trkpt>
<trkpt lat="45.9895006" lon="14.4519141">
	<ele>287.32</ele>
	<time>2026-08-24T17:29:57.996Z</time>
	<hdop>3.79</hdop>
	<extensions>
		<gpxtpx:TrackPointExtension>
			<gpxtpx:course>66.0</gpxtpx:course>
		</gpxtpx:TrackPointExtension>
	</extensions>
</trkpt>
<trkpt lat="45.9896711" lon="14.4524701">
	<ele>287.79</ele>
	<time>2026-08-24T17:30:02.996Z</time>
	<hdop>3.79</hdop>
	<extensions>
		<gpxtpx:TrackPointExtension>
			<gpxtpx:course>65.0</gpxtpx:course>
		</gpxtpx:TrackPointExtension>
	</extensions>
</trkpt>
<trkpt lat="45.9898754" lon="14.4531405">
	<ele>287.06</ele>
	<time>2026-08-24T17:30:08.996Z</time>
	<hdop>3.79</hdop>
	<extensions>
		<gpxtpx:TrackPointExtension>
			<gpxtpx:course>66.0</gpxtpx:course>
		</gpxtpx:TrackPointExtension>
	</extensions>
</trkpt>
<trkpt lat="45.9900493" lon="14.4537167">
	<ele>287.00</ele>
	<time>2026-08-24T17:30:13.996Z</time>
	<hdop>3.79</hdop>
	<extensions>
		<gpxtpx:TrackPointExtension>
			<gpxtpx:course>65.0</gpxtpx:course>
		</gpxtpx:TrackPointExtension>
	</extensions>
</trkpt>
<trkpt lat="45.9902236" lon="14.4542999">
	<ele>287.00</ele>
	<time>2026-08-24T17:30:18.996Z</time>
	<hdop>3.79</hdop>
	<extensions>
		<gpxtpx:TrackPointExtension>
			<gpxtpx:course>66.0</gpxtpx:course>
		</gpxtpx:TrackPointExtension>
	</extensions>
</trkpt>
<trkpt lat="45.9904321" lon="14.4549990">
	<ele>287.00</ele>
	<time>2026-08-24T17:30:24.996Z</time>
	<hdop>3.79</hdop>
	<extensions>
		<gpxtpx:TrackPointExtension>
			<gpxtpx:course>64.0</gpxtpx:course>
		</gpxtpx:TrackPointExtension>
	</extensions>
</trkpt>
<trkpt lat="45.9906201" lon="14.4555823">
	<ele>286.92</ele>
	<time>2026-08-24T17:30:29.996Z</time>
	<hdop>3.79</hdop>
	<extensions>
		<gpxtpx:TrackPointExtension>
			<gpxtpx:course>65.0</gpxtpx:course>
		</gpxtpx:TrackPointExtension>
	</extensions>
</trkpt>
<trkpt lat="45.9907961" lon="14.4561587">
	<ele>287.36</ele>
	<time>2026-08-24T17:30:34.996Z</time>
	<hdop>3.79</hdop>
	<extensions>
		<gpxtpx:TrackPointExtension>
			<gpxtpx:course>65.0</gpxtpx:course>
		</gpxtpx:TrackPointExtension>
	</extensions>
</trkpt>
<trkpt lat="45.9910054" lon="14.4568495">
	<ele>287.78</ele>
	<time>2026-08-24T17:30:40.998Z</time>
	<hdop>3.79</hdop>
	<extensions>
		<gpxtpx:TrackPointExtension>
			<gpxtpx:course>67.0</gpxtpx:course>
		</gpxtpx:TrackPointExtension>
	</extensions>
</trkpt>
<trkpt lat="45.9912227" lon="14.4575560">
	<ele>287.01</ele>
	<time>2026-08-24T17:30:46.995Z</time>
	<hdop>3.79</hdop>
	<extensions>
		<gpxtpx:TrackPointExtension>
			<gpxtpx:course>66.0</gpxtpx:course>
		</gpxtpx:TrackPointExtension>
	</extensions>
</trkpt>
<trkpt lat="45.9914041" lon="14.4581352">
	<ele>287.52</ele>
	<time>2026-08-24T17:30:51.996Z</time>
	<hdop>3.79</hdop>
	<extensions>
		<gpxtpx:TrackPointExtension>
			<gpxtpx:course>65.0</gpxtpx:course>
		</gpxtpx:TrackPointExtension>
	</extensions>
</trkpt>
<trkpt lat="45.9915797" lon="14.4586854">
	<ele>288.00</ele>
	<time>2026-08-24T17:30:56.997Z</time>
	<hdop>3.79</hdop>
	<extensions>
		<gpxtpx:TrackPointExtension>
			<gpxtpx:course>66.0</gpxtpx:course>
		</gpxtpx:TrackPointExtension>
	</extensions>
</trkpt>
<trkpt lat="45.9917805" lon="14.4592702">
	<ele>287.97</ele>
	<time>2026-08-24T17:31:02.995Z</time>
	<hdop>3.79</hdop>
	<extensions>
		<gpxtpx:TrackPointExtension>
			<gpxtpx:course>57.0</gpxtpx:course>
		</gpxtpx:TrackPointExtension>
	</extensions>
</trkpt>
<trkpt lat="45.9920173" lon="14.4597225">
	<ele>287.69</ele>
	<time>2026-08-24T17:31:07.996Z</time>
	<hdop>3.79</hdop>
	<extensions>
		<gpxtpx:TrackPointExtension>
			<gpxtpx:course>52.0</gpxtpx:course>
		</gpxtpx:TrackPointExtension>
	</extensions>
</trkpt>
<trkpt lat="45.9922757" lon="14.4601655">
	<ele>287.35</ele>
	<time>2026-08-24T17:31:12.996Z</time>
	<hdop>3.79</hdop>
	<extensions>
		<gpxtpx:TrackPointExtension>
			<gpxtpx:course>50.0</gpxtpx:course>
		</gpxtpx:TrackPointExtension>
	</extensions>
</trkpt>
<trkpt lat="45.9925320" lon="14.4606193">
	<ele>287.75</ele>
	<time>2026-08-24T17:31:17.997Z</time>
	<hdop>3.79</hdop>
	<extensions>
		<gpxtpx:TrackPointExtension>
			<gpxtpx:course>49.0</gpxtpx:course>
		</gpxtpx:TrackPointExtension>
	</extensions>
</trkpt>
<trkpt lat="45.9928495" lon="14.4611644">
	<ele>287.76</ele>
	<time>2026-08-24T17:31:23.996Z</time>
	<hdop>3.79</hdop>
	<extensions>
		<gpxtpx:TrackPointExtension>
			<gpxtpx:course>51.0</gpxtpx:course>
		</gpxtpx:TrackPointExtension>
	</extensions>
</trkpt>
<trkpt lat="45.9931133" lon="14.4616208">
	<ele>287.21</ele>
	<time>2026-08-24T17:31:28.997Z</time>
	<hdop>3.79</hdop>
	<extensions>
		<gpxtpx:TrackPointExtension>
			<gpxtpx:course>49.0</gpxtpx:course>
		</gpxtpx:TrackPointExtension>
	</extensions>
</trkpt>
<trkpt lat="45.9934260" lon="14.4621582">
	<ele>287.01</ele>
	<time>2026-08-24T17:31:34.996Z</time>
	<hdop>3.79</hdop>
	<extensions>
		<gpxtpx:TrackPointExtension>
			<gpxtpx:course>50.0</gpxtpx:course>
		</gpxtpx:TrackPointExtension>
	</extensions>
</trkpt>
<trkpt lat="45.9937295" lon="14.4626904">
	<ele>286.97</ele>
	<time>2026-08-24T17:31:40.997Z</time>
	<hdop>3.79</hdop>
	<extensions>
		<gpxtpx:TrackPointExtension>
			<gpxtpx:course>49.0</gpxtpx:course>
		</gpxtpx:TrackPointExtension>
	</extensions>
</trkpt>
<trkpt lat="45.9940408" lon="14.4632314">
	<ele>286.99</ele>
	<time>2026-08-24T17:31:46.996Z</time>
	<hdop>3.79</hdop>
	<extensions>
		<gpxtpx:TrackPointExtension>
			<gpxtpx:course>51.0</gpxtpx:course>
		</gpxtpx:TrackPointExtension>
	</extensions>
</trkpt>
<trkpt lat="45.9943046" lon="14.4636798">
	<ele>287.04</ele>
	<time>2026-08-24T17:31:51.996Z</time>
	<hdop>3.79</hdop>
	<extensions>
		<gpxtpx:TrackPointExtension>
			<gpxtpx:course>50.0</gpxtpx:course>
		</gpxtpx:TrackPointExtension>
	</extensions>
</trkpt>
<trkpt lat="45.9945642" lon="14.4641494">
	<ele>287.43</ele>
	<time>2026-08-24T17:31:56.996Z</time>
	<hdop>3.79</hdop>
	<extensions>
		<gpxtpx:TrackPointExtension>
			<gpxtpx:course>49.0</gpxtpx:course>
		</gpxtpx:TrackPointExtension>
	</extensions>
</trkpt>
<trkpt lat="45.9948195" lon="14.4646341">
	<ele>287.91</ele>
	<time>2026-08-24T17:32:01.997Z</time>
	<hdop>3.79</hdop>
	<extensions>
		<gpxtpx:TrackPointExtension>
			<gpxtpx:course>56.0</gpxtpx:course>
		</gpxtpx:TrackPointExtension>
	</extensions>
</trkpt>
<trkpt lat="45.9950560" lon="14.4651326">
	<ele>287.93</ele>
	<time>2026-08-24T17:32:06.998Z</time>
	<hdop>3.79</hdop>
	<extensions>
		<gpxtpx:TrackPointExtension>
			<gpxtpx:course>56.0</gpxtpx:course>
		</gpxtpx:TrackPointExtension>
	</extensions>
</trkpt>
<trkpt lat="45.9953327" lon="14.4657337">
	<ele>287.13</ele>
	<time>2026-08-24T17:32:12.997Z</time>
	<hdop>3.79</hdop>
	<extensions>
		<gpxtpx:TrackPointExtension>
			<gpxtpx:course>56.0</gpxtpx:course>
		</gpxtpx:TrackPointExtension>
	</extensions>
</trkpt>
<trkpt lat="45.9956052" lon="14.4663366">
	<ele>286.95</ele>
	<time>2026-08-24T17:32:18.996Z</time>
	<hdop>3.79</hdop>
	<extensions>
		<gpxtpx:TrackPointExtension>
			<gpxtpx:course>55.0</gpxtpx:course>
		</gpxtpx:TrackPointExtension>
	</extensions>
</trkpt>
<trkpt lat="45.9958775" lon="14.4669429">
	<ele>286.98</ele>
	<time>2026-08-24T17:32:24.997Z</time>
	<hdop>3.79</hdop>
	<extensions>
		<gpxtpx:TrackPointExtension>
			<gpxtpx:course>55.0</gpxtpx:course>
		</gpxtpx:TrackPointExtension>
	</extensions>
</trkpt>
<trkpt lat="45.9961572" lon="14.4675349">
	<ele>287.35</ele>
	<time>2026-08-24T17:32:30.996Z</time>
	<hdop>3.79</hdop>
	<extensions>
		<gpxtpx:TrackPointExtension>
			<gpxtpx:course>57.0</gpxtpx:course>
		</gpxtpx:TrackPointExtension>
	</extensions>
</trkpt>
<trkpt lat="45.9964389" lon="14.4681123">
	<ele>287.92</ele>
	<time>2026-08-24T17:32:36.995Z</time>
	<hdop>3.79</hdop>
	<extensions>
		<gpxtpx:TrackPointExtension>
			<gpxtpx:course>55.0</gpxtpx:course>
		</gpxtpx:TrackPointExtension>
	</extensions>
</trkpt>
<trkpt lat="45.9966529" lon="14.4686021">
	<ele>288.28</ele>
	<time>2026-08-24T17:32:41.996Z</time>
	<hdop>3.79</hdop>
	<extensions>
		<gpxtpx:TrackPointExtension>
			<gpxtpx:course>55.0</gpxtpx:course>
		</gpxtpx:TrackPointExtension>
	</extensions>
</trkpt>
<trkpt lat="45.9969074" lon="14.4691558">
	<ele>288.86</ele>
	<time>2026-08-24T17:32:47.996Z</time>
	<hdop>3.79</hdop>
	<extensions>
		<gpxtpx:TrackPointExtension>
			<gpxtpx:course>57.0</gpxtpx:course>
		</gpxtpx:TrackPointExtension>
	</extensions>
</trkpt>
<trkpt lat="45.9970946" lon="14.4695544">
	<ele>288.23</ele>
	<time>2026-08-24T17:32:52.996Z</time>
	<hdop>3.79</hdop>
	<extensions>
		<gpxtpx:TrackPointExtension>
			<gpxtpx:course>57.0</gpxtpx:course>
		</gpxtpx:TrackPointExtension>
	</extensions>
</trkpt>
<trkpt lat="45.9973009" lon="14.4700003">
	<ele>287.25</ele>
	<time>2026-08-24T17:32:58.995Z</time>
	<hdop>3.79</hdop>
	<extensions>
		<gpxtpx:TrackPointExtension>
			<gpxtpx:course>57.0</gpxtpx:course>
		</gpxtpx:TrackPointExtension>
	</extensions>
</trkpt>
<trkpt lat="45.9974446" lon="14.4703255">
	<ele>286.92</ele>
	<time>2026-08-24T17:33:03.997Z</time>
	<hdop>3.79</hdop>
	<extensions>
		<gpxtpx:TrackPointExtension>
			<gpxtpx:course>59.0</gpxtpx:course>
		</gpxtpx:TrackPointExtension>
	</extensions>
</trkpt>
<trkpt lat="45.9976077" lon="14.4706504">
	<ele>286.94</ele>
	<time>2026-08-24T17:33:09.995Z</time>
	<hdop>3.79</hdop>
	<extensions>
		<gpxtpx:TrackPointExtension>
			<gpxtpx:course>49.0</gpxtpx:course>
		</gpxtpx:TrackPointExtension>
	</extensions>
</trkpt>
<trkpt lat="45.9977281" lon="14.4708583">
	<ele>287.20</ele>
	<time>2026-08-24T17:33:14.997Z</time>
	<hdop>3.79</hdop>
	<extensions>
		<gpxtpx:TrackPointExtension>
			<gpxtpx:course>30.0</gpxtpx:course>
		</gpxtpx:TrackPointExtension>
	</extensions>
</trkpt>
<trkpt lat="45.9979157" lon="14.4708490">
	<ele>287.49</ele>
	<time>2026-08-24T17:33:19.997Z</time>
	<hdop>3.79</hdop>
	<extensions>
		<gpxtpx:TrackPointExtension>
			<gpxtpx:course>324.0</gpxtpx:course>
		</gpxtpx:TrackPointExtension>
	</extensions>
</trkpt>
<trkpt lat="45.9981526" lon="14.4706902">
	<ele>287.79</ele>
	<time>2026-08-24T17:33:24.997Z</time>
	<hdop>3.79</hdop>
	<extensions>
		<gpxtpx:TrackPointExtension>
			<gpxtpx:course>342.0</gpxtpx:course>
		</gpxtpx:TrackPointExtension>
	</extensions>
</trkpt>
<trkpt lat="45.9984799" lon="14.4705384">
	<ele>287.71</ele>
	<time>2026-08-24T17:33:30.996Z</time>
	<hdop>3.79</hdop>
	<extensions>
		<gpxtpx:TrackPointExtension>
			<gpxtpx:course>343.0</gpxtpx:course>
		</gpxtpx:TrackPointExtension>
	</extensions>
</trkpt>
<trkpt lat="45.9987675" lon="14.4704121">
	<ele>287.24</ele>
	<time>2026-08-24T17:33:35.997Z</time>
	<hdop>3.79</hdop>
	<extensions>
		<gpxtpx:TrackPointExtension>
			<gpxtpx:course>346.0</gpxtpx:course>
		</gpxtpx:TrackPointExtension>
	</extensions>
</trkpt>
<trkpt lat="45.9990704" lon="14.4702744">
	<ele>286.92</ele>
	<time>2026-08-24T17:33:40.997Z</time>
	<hdop>3.79</hdop>
	<extensions>
		<gpxtpx:TrackPointExtension>
			<gpxtpx:course>343.0</gpxtpx:course>
		</gpxtpx:TrackPointExtension>
	</extensions>
</trkpt>
<trkpt lat="45.9994468" lon="14.4701108">
	<ele>287.17</ele>
	<time>2026-08-24T17:33:46.997Z</time>
	<hdop>3.79</hdop>
	<extensions>
		<gpxtpx:TrackPointExtension>
			<gpxtpx:course>343.0</gpxtpx:course>
		</gpxtpx:TrackPointExtension>
	</extensions>
</trkpt>
<trkpt lat="45.9997618" lon="14.4699632">
	<ele>287.68</ele>
	<time>2026-08-24T17:33:51.998Z</time>
	<hdop>3.79</hdop>
	<extensions>
		<gpxtpx:TrackPointExtension>
			<gpxtpx:course>342.0</gpxtpx:course>
		</gpxtpx:TrackPointExtension>
	</extensions>
</trkpt>
<trkpt lat="46.0001017" lon="14.4698030">
	<ele>288.18</ele>
	<time>2026-08-24T17:33:57.997Z</time>
	<hdop>3.79</hdop>
	<extensions>
		<gpxtpx:TrackPointExtension>
			<gpxtpx:course>341.0</gpxtpx:course>
		</gpxtpx:TrackPointExtension>
	</extensions>
</trkpt>
<trkpt lat="46.0004352" lon="14.4696654">
	<ele>287.81</ele>
	<time>2026-08-24T17:34:03.998Z</time>
	<hdop>3.79</hdop>
	<extensions>
		<gpxtpx:TrackPointExtension>
			<gpxtpx:course>343.0</gpxtpx:course>
		</gpxtpx:TrackPointExtension>
	</extensions>
</trkpt>
<trkpt lat="46.0007210" lon="14.4695631">
	<ele>287.01</ele>
	<time>2026-08-24T17:34:09.997Z</time>
	<hdop>3.79</hdop>
	<extensions>
		<gpxtpx:TrackPointExtension>
			<gpxtpx:course>346.0</gpxtpx:course>
		</gpxtpx:TrackPointExtension>
	</extensions>
</trkpt>
<trkpt lat="46.0009189" lon="14.4694953">
	<ele>286.57</ele>
	<time>2026-08-24T17:34:14.997Z</time>
	<hdop>3.79</hdop>
	<extensions>
		<gpxtpx:TrackPointExtension>
			<gpxtpx:course>341.0</gpxtpx:course>
		</gpxtpx:TrackPointExtension>
	</extensions>
</trkpt>
<trkpt lat="46.0011464" lon="14.4693910">
	<ele>286.54</ele>
	<time>2026-08-24T17:34:20.996Z</time>
	<hdop>3.79</hdop>
	<extensions>
		<gpxtpx:TrackPointExtension>
			<gpxtpx:course>344.0</gpxtpx:course>
		</gpxtpx:TrackPointExtension>
	</extensions>
</trkpt>
<trkpt lat="46.0013298" lon="14.4693053">
	<ele>287.00</ele>
	<time>2026-08-24T17:34:25.996Z</time>
	<hdop>3.79</hdop>
	<extensions>
		<gpxtpx:TrackPointExtension>
			<gpxtpx:course>346.0</gpxtpx:course>
		</gpxtpx:TrackPointExtension>
	</extensions>
</trkpt>
<trkpt lat="46.0015068" lon="14.4692228">
	<ele>287.62</ele>
	<time>2026-08-24T17:34:30.997Z</time>
	<hdop>3.79</hdop>
	<extensions>
		<gpxtpx:TrackPointExtension>
			<gpxtpx:course>341.0</gpxtpx:course>
		</gpxtpx:TrackPointExtension>
	</extensions>
</trkpt>
<trkpt lat="46.0017402" lon="14.4690831">
	<ele>288.08</ele>
	<time>2026-08-24T17:34:36.996Z</time>
	<hdop>3.79</hdop>
	<extensions>
		<gpxtpx:TrackPointExtension>
			<gpxtpx:course>337.0</gpxtpx:course>
		</gpxtpx:TrackPointExtension>
	</extensions>
</trkpt>
<trkpt lat="46.0020091" lon="14.4689212">
	<ele>287.86</ele>
	<time>2026-08-24T17:34:41.997Z</time>
	<hdop>3.79</hdop>
	<extensions>
		<gpxtpx:TrackPointExtension>
			<gpxtpx:course>336.0</gpxtpx:course>
		</gpxtpx:TrackPointExtension>
	</extensions>
</trkpt>
<trkpt lat="46.0023014" lon="14.4687767">
	<ele>287.28</ele>
	<time>2026-08-24T17:34:46.997Z</time>
	<hdop>3.79</hdop>
	<extensions>
		<gpxtpx:TrackPointExtension>
			<gpxtpx:course>340.0</gpxtpx:course>
		</gpxtpx:TrackPointExtension>
	</extensions>
</trkpt>
<trkpt lat="46.0026622" lon="14.4686229">
	<ele>286.93</ele>
	<time>2026-08-24T17:34:52.998Z</time>
	<hdop>3.79</hdop>
	<extensions>
		<gpxtpx:TrackPointExtension>
			<gpxtpx:course>341.0</gpxtpx:course>
		</gpxtpx:TrackPointExtension>
	</extensions>
</trkpt>
<trkpt lat="46.0030264" lon="14.4684631">
	<ele>286.89</ele>
	<time>2026-08-24T17:34:58.996Z</time>
	<hdop>3.79</hdop>
	<extensions>
		<gpxtpx:TrackPointExtension>
			<gpxtpx:course>342.0</gpxtpx:course>
		</gpxtpx:TrackPointExtension>
	</extensions>
</trkpt>
<trkpt lat="46.0033387" lon="14.4683169">
	<ele>286.99</ele>
	<time>2026-08-24T17:35:03.996Z</time>
	<hdop>3.79</hdop>
	<extensions>
		<gpxtpx:TrackPointExtension>
			<gpxtpx:course>343.0</gpxtpx:course>
		</gpxtpx:TrackPointExtension>
	</extensions>
</trkpt>
<trkpt lat="46.0036510" lon="14.4681736">
	<ele>287.34</ele>
	<time>2026-08-24T17:35:08.997Z</time>
	<hdop>3.79</hdop>
	<extensions>
		<gpxtpx:TrackPointExtension>
			<gpxtpx:course>343.0</gpxtpx:course>
		</gpxtpx:TrackPointExtension>
	</extensions>
</trkpt>
<trkpt lat="46.0039628" lon="14.4680308">
	<ele>287.83</ele>
	<time>2026-08-24T17:35:13.998Z</time>
	<hdop>3.79</hdop>
	<extensions>
		<gpxtpx:TrackPointExtension>
			<gpxtpx:course>340.0</gpxtpx:course>
		</gpxtpx:TrackPointExtension>
	</extensions>
</trkpt>
<trkpt lat="46.0043306" lon="14.4678712">
	<ele>288.11</ele>
	<time>2026-08-24T17:35:19.997Z</time>
	<hdop>3.79</hdop>
	<extensions>
		<gpxtpx:TrackPointExtension>
			<gpxtpx:course>341.0</gpxtpx:course>
		</gpxtpx:TrackPointExtension>
	</extensions>
</trkpt>
<trkpt lat="46.0046281" lon="14.4677905">
	<ele>288.08</ele>
	<time>2026-08-24T17:35:24.998Z</time>
	<hdop>3.79</hdop>
	<extensions>
		<gpxtpx:TrackPointExtension>
			<gpxtpx:course>354.0</gpxtpx:course>
		</gpxtpx:TrackPointExtension>
	</extensions>
</trkpt>
<trkpt lat="46.0050182" lon="14.4677822">
	<ele>288.00</ele>
	<time>2026-08-24T17:35:30.996Z</time>
	<hdop>3.79</hdop>
	<extensions>
		<gpxtpx:TrackPointExtension>
			<gpxtpx:course>355.0</gpxtpx:course>
		</gpxtpx:TrackPointExtension>
	</extensions>
</trkpt>
<trkpt lat="46.0053615" lon="14.4677415">
	<ele>287.95</ele>
	<time>2026-08-24T17:35:35.996Z</time>
	<hdop>3.79</hdop>
	<extensions>
		<gpxtpx:TrackPointExtension>
			<gpxtpx:course>357.0</gpxtpx:course>
		</gpxtpx:TrackPointExtension>
	</extensions>
</trkpt>
<trkpt lat="46.0056984" lon="14.4677078">
	<ele>287.94</ele>
	<time>2026-08-24T17:35:40.997Z</time>
	<hdop>3.79</hdop>
	<extensions>
		<gpxtpx:TrackPointExtension>
			<gpxtpx:course>357.0</gpxtpx:course>
		</gpxtpx:TrackPointExtension>
	</extensions>
</trkpt>
<trkpt lat="46.0060383" lon="14.4676980">
	<ele>288.18</ele>
	<time>2026-08-24T17:35:45.997Z</time>
	<hdop>3.79</hdop>
	<extensions>
		<gpxtpx:TrackPointExtension>
			<gpxtpx:course>358.0</gpxtpx:course>
		</gpxtpx:TrackPointExtension>
	</extensions>
</trkpt>
<trkpt lat="46.0063689" lon="14.4676799">
	<ele>288.67</ele>
	<time>2026-08-24T17:35:50.997Z</time>
	<hdop>3.79</hdop>
	<extensions>
		<gpxtpx:TrackPointExtension>
			<gpxtpx:course>354.0</gpxtpx:course>
		</gpxtpx:TrackPointExtension>
	</extensions>
</trkpt>
<trkpt lat="46.0067024" lon="14.4676521">
	<ele>289.02</ele>
	<time>2026-08-24T17:35:55.997Z</time>
	<hdop>3.79</hdop>
	<extensions>
		<gpxtpx:TrackPointExtension>
			<gpxtpx:course>357.0</gpxtpx:course>
		</gpxtpx:TrackPointExtension>
	</extensions>
</trkpt>
<trkpt lat="46.0071071" lon="14.4675974">
	<ele>289.02</ele>
	<time>2026-08-24T17:36:01.996Z</time>
	<hdop>3.79</hdop>
	<extensions>
		<gpxtpx:TrackPointExtension>
			<gpxtpx:course>353.0</gpxtpx:course>
		</gpxtpx:TrackPointExtension>
	</extensions>
</trkpt>
<trkpt lat="46.0074455" lon="14.4675647">
	<ele>288.96</ele>
	<time>2026-08-24T17:36:06.997Z</time>
	<hdop>3.79</hdop>
	<extensions>
		<gpxtpx:TrackPointExtension>
			<gpxtpx:course>0.0</gpxtpx:course>
		</gpxtpx:TrackPointExtension>
	</extensions>
</trkpt>
<trkpt lat="46.0077900" lon="14.4675471">
	<ele>288.93</ele>
	<time>2026-08-24T17:36:11.997Z</time>
	<hdop>3.79</hdop>
	<extensions>
		<gpxtpx:TrackPointExtension>
			<gpxtpx:course>354.0</gpxtpx:course>
		</gpxtpx:TrackPointExtension>
	</extensions>
</trkpt>
<trkpt lat="46.0081996" lon="14.4675020">
	<ele>288.94</ele>
	<time>2026-08-24T17:36:17.997Z</time>
	<hdop>3.79</hdop>
	<extensions>
		<gpxtpx:TrackPointExtension>
			<gpxtpx:course>359.0</gpxtpx:course>
		</gpxtpx:TrackPointExtension>
	</extensions>
</trkpt>
<trkpt lat="46.0086111" lon="14.4674717">
	<ele>289.31</ele>
	<time>2026-08-24T17:36:23.997Z</time>
	<hdop>3.79</hdop>
	<extensions>
		<gpxtpx:TrackPointExtension>
			<gpxtpx:course>355.0</gpxtpx:course>
		</gpxtpx:TrackPointExtension>
	</extensions>
</trkpt>
<trkpt lat="46.0089577" lon="14.4674619">
	<ele>289.84</ele>
	<time>2026-08-24T17:36:28.997Z</time>
	<hdop>3.79</hdop>
	<extensions>
		<gpxtpx:TrackPointExtension>
			<gpxtpx:course>359.0</gpxtpx:course>
		</gpxtpx:TrackPointExtension>
	</extensions>
</trkpt>
<trkpt lat="46.0092905" lon="14.4674033">
	<ele>289.93</ele>
	<time>2026-08-24T17:36:33.997Z</time>
	<hdop>3.79</hdop>
	<extensions>
		<gpxtpx:TrackPointExtension>
			<gpxtpx:course>354.0</gpxtpx:course>
		</gpxtpx:TrackPointExtension>
	</extensions>
</trkpt>
<trkpt lat="46.0097004" lon="14.4673392">
	<ele>289.36</ele>
	<time>2026-08-24T17:36:39.998Z</time>
	<hdop>3.79</hdop>
	<extensions>
		<gpxtpx:TrackPointExtension>
			<gpxtpx:course>355.0</gpxtpx:course>
		</gpxtpx:TrackPointExtension>
	</extensions>
</trkpt>
<trkpt lat="46.0101243" lon="14.4673372">
	<ele>288.95</ele>
	<time>2026-08-24T17:36:45.996Z</time>
	<hdop>3.79</hdop>
	<extensions>
		<gpxtpx:TrackPointExtension>
			<gpxtpx:course>356.0</gpxtpx:course>
		</gpxtpx:TrackPointExtension>
	</extensions>
</trkpt>
<trkpt lat="46.0104716" lon="14.4672924">
	<ele>288.95</ele>
	<time>2026-08-24T17:36:50.997Z</time>
	<hdop>3.79</hdop>
	<extensions>
		<gpxtpx:TrackPointExtension>
			<gpxtpx:course>354.0</gpxtpx:course>
		</gpxtpx:TrackPointExtension>
	</extensions>
</trkpt>
<trkpt lat="46.0108983" lon="14.4672590">
	<ele>288.99</ele>
	<time>2026-08-24T17:36:56.996Z</time>
	<hdop>3.79</hdop>
	<extensions>
		<gpxtpx:TrackPointExtension>
			<gpxtpx:course>353.0</gpxtpx:course>
		</gpxtpx:TrackPointExtension>
	</extensions>
</trkpt>
<trkpt lat="46.0112324" lon="14.4672286">
	<ele>288.89</ele>
	<time>2026-08-24T17:37:01.997Z</time>
	<hdop>3.79</hdop>
	<extensions>
		<gpxtpx:TrackPointExtension>
			<gpxtpx:course>358.0</gpxtpx:course>
		</gpxtpx:TrackPointExtension>
	</extensions>
</trkpt>
<trkpt lat="46.0115780" lon="14.4671959">
	<ele>288.84</ele>
	<time>2026-08-24T17:37:06.997Z</time>
	<hdop>3.79</hdop>
	<extensions>
		<gpxtpx:TrackPointExtension>
			<gpxtpx:course>356.0</gpxtpx:course>
		</gpxtpx:TrackPointExtension>
	</extensions>
</trkpt>
<trkpt lat="46.0119413" lon="14.4671643">
	<ele>289.18</ele>
	<time>2026-08-24T17:37:11.997Z</time>
	<hdop>3.79</hdop>
	<extensions>
		<gpxtpx:TrackPointExtension>
			<gpxtpx:course>355.0</gpxtpx:course>
		</gpxtpx:TrackPointExtension>
	</extensions>
</trkpt>
<trkpt lat="46.0122913" lon="14.4671365">
	<ele>289.77</ele>
	<time>2026-08-24T17:37:16.997Z</time>
	<hdop>3.79</hdop>
	<extensions>
		<gpxtpx:TrackPointExtension>
			<gpxtpx:course>358.0</gpxtpx:course>
		</gpxtpx:TrackPointExtension>
	</extensions>
</trkpt>
<trkpt lat="46.0126328" lon="14.4671039">
	<ele>290.11</ele>
	<time>2026-08-24T17:37:21.997Z</time>
	<hdop>3.79</hdop>
	<extensions>
		<gpxtpx:TrackPointExtension>
			<gpxtpx:course>355.0</gpxtpx:course>
		</gpxtpx:TrackPointExtension>
	</extensions>
</trkpt>
<trkpt lat="46.0130413" lon="14.4670802">
	<ele>290.07</ele>
	<time>2026-08-24T17:37:27.997Z</time>
	<hdop>3.79</hdop>
	<extensions>
		<gpxtpx:TrackPointExtension>
			<gpxtpx:course>357.0</gpxtpx:course>
		</gpxtpx:TrackPointExtension>
	</extensions>
</trkpt>
<trkpt lat="46.0134662" lon="14.4670404">
	<ele>289.98</ele>
	<time>2026-08-24T17:37:33.997Z</time>
	<hdop>3.79</hdop>
	<extensions>
		<gpxtpx:TrackPointExtension>
			<gpxtpx:course>357.0</gpxtpx:course>
		</gpxtpx:TrackPointExtension>
	</extensions>
</trkpt>
<trkpt lat="46.0138278" lon="14.4670020">
	<ele>289.87</ele>
	<time>2026-08-24T17:37:38.997Z</time>
	<hdop>3.79</hdop>
	<extensions>
		<gpxtpx:TrackPointExtension>
			<gpxtpx:course>358.0</gpxtpx:course>
		</gpxtpx:TrackPointExtension>
	</extensions>
</trkpt>
<trkpt lat="46.0141689" lon="14.4669746">
	<ele>289.98</ele>
	<time>2026-08-24T17:37:43.998Z</time>
	<hdop>3.79</hdop>
	<extensions>
		<gpxtpx:TrackPointExtension>
			<gpxtpx:course>356.0</gpxtpx:course>
		</gpxtpx:TrackPointExtension>
	</extensions>
</trkpt>
<trkpt lat="46.0145840" lon="14.4669374">
	<ele>290.94</ele>
	<time>2026-08-24T17:37:49.997Z</time>
	<hdop>3.79</hdop>
	<extensions>
		<gpxtpx:TrackPointExtension>
			<gpxtpx:course>357.0</gpxtpx:course>
		</gpxtpx:TrackPointExtension>
	</extensions>
</trkpt>
<trkpt lat="46.0149287" lon="14.4669141">
	<ele>291.81</ele>
	<time>2026-08-24T17:37:54.997Z</time>
	<hdop>3.79</hdop>
	<extensions>
		<gpxtpx:TrackPointExtension>
			<gpxtpx:course>357.0</gpxtpx:course>
		</gpxtpx:TrackPointExtension>
	</extensions>
</trkpt>
<trkpt lat="46.0153540" lon="14.4668721">
	<ele>291.73</ele>
	<time>2026-08-24T17:38:00.997Z</time>
	<hdop>3.79</hdop>
	<extensions>
		<gpxtpx:TrackPointExtension>
			<gpxtpx:course>355.0</gpxtpx:course>
		</gpxtpx:TrackPointExtension>
	</extensions>
</trkpt>
<trkpt lat="46.0157690" lon="14.4668344">
	<ele>291.08</ele>
	<time>2026-08-24T17:38:06.997Z</time>
	<hdop>3.79</hdop>
	<extensions>
		<gpxtpx:TrackPointExtension>
			<gpxtpx:course>355.0</gpxtpx:course>
		</gpxtpx:TrackPointExtension>
	</extensions>
</trkpt>
<trkpt lat="46.0161843" lon="14.4668048">
	<ele>290.93</ele>
	<time>2026-08-24T17:38:12.996Z</time>
	<hdop>3.79</hdop>
	<extensions>
		<gpxtpx:TrackPointExtension>
			<gpxtpx:course>358.0</gpxtpx:course>
		</gpxtpx:TrackPointExtension>
	</extensions>
</trkpt>
<trkpt lat="46.0165517" lon="14.4667646">
	<ele>291.01</ele>
	<time>2026-08-24T17:38:17.996Z</time>
	<hdop>3.79</hdop>
	<extensions>
		<gpxtpx:TrackPointExtension>
			<gpxtpx:course>355.0</gpxtpx:course>
		</gpxtpx:TrackPointExtension>
	</extensions>
</trkpt>
<trkpt lat="46.0169010" lon="14.4667424">
	<ele>291.26</ele>
	<time>2026-08-24T17:38:22.996Z</time>
	<hdop>3.79</hdop>
	<extensions>
		<gpxtpx:TrackPointExtension>
			<gpxtpx:course>357.0</gpxtpx:course>
		</gpxtpx:TrackPointExtension>
	</extensions>
</trkpt>
<trkpt lat="46.0172475" lon="14.4667258">
	<ele>291.72</ele>
	<time>2026-08-24T17:38:27.997Z</time>
	<hdop>3.79</hdop>
	<extensions>
		<gpxtpx:TrackPointExtension>
			<gpxtpx:course>358.0</gpxtpx:course>
		</gpxtpx:TrackPointExtension>
	</extensions>
</trkpt>
<trkpt lat="46.0175980" lon="14.4666972">
	<ele>292.03</ele>
	<time>2026-08-24T17:38:32.997Z</time>
	<hdop>3.79</hdop>
	<extensions>
		<gpxtpx:TrackPointExtension>
			<gpxtpx:course>355.0</gpxtpx:course>
		</gpxtpx:TrackPointExtension>
	</extensions>
</trkpt>
<trkpt lat="46.0179507" lon="14.4666663">
	<ele>292.06</ele>
	<time>2026-08-24T17:38:37.997Z</time>
	<hdop>3.79</hdop>
	<extensions>
		<gpxtpx:TrackPointExtension>
			<gpxtpx:course>359.0</gpxtpx:course>
		</gpxtpx:TrackPointExtension>
	</extensions>
</trkpt>
<trkpt lat="46.0183142" lon="14.4666350">
	<ele>292.00</ele>
	<time>2026-08-24T17:38:42.997Z</time>
	<hdop>3.79</hdop>
	<extensions>
		<gpxtpx:TrackPointExtension>
			<gpxtpx:course>358.0</gpxtpx:course>
		</gpxtpx:TrackPointExtension>
	</extensions>
</trkpt>
<trkpt lat="46.0186736" lon="14.4666086">
	<ele>291.96</ele>
	<time>2026-08-24T17:38:47.997Z</time>
	<hdop>3.79</hdop>
	<extensions>
		<gpxtpx:TrackPointExtension>
			<gpxtpx:course>356.0</gpxtpx:course>
		</gpxtpx:TrackPointExtension>
	</extensions>
</trkpt>
<trkpt lat="46.0190186" lon="14.4665888">
	<ele>291.94</ele>
	<time>2026-08-24T17:38:52.997Z</time>
	<hdop>3.79</hdop>
	<extensions>
		<gpxtpx:TrackPointExtension>
			<gpxtpx:course>358.0</gpxtpx:course>
		</gpxtpx:TrackPointExtension>
	</extensions>
</trkpt>
<trkpt lat="46.0194088" lon="14.4665369">
	<ele>292.23</ele>
	<time>2026-08-24T17:38:58.997Z</time>
	<hdop>3.79</hdop>
	<extensions>
		<gpxtpx:TrackPointExtension>
			<gpxtpx:course>353.0</gpxtpx:course>
		</gpxtpx:TrackPointExtension>
	</extensions>
</trkpt>
<trkpt lat="46.0197251" lon="14.4665222">
	<ele>292.71</ele>
	<time>2026-08-24T17:39:04.997Z</time>
	<hdop>3.79</hdop>
	<extensions>
		<gpxtpx:TrackPointExtension>
			<gpxtpx:course>356.0</gpxtpx:course>
		</gpxtpx:TrackPointExtension>
	</extensions>
</trkpt>
<trkpt lat="46.0199756" lon="14.4664866">
	<ele>292.89</ele>
	<time>2026-08-24T17:39:09.998Z</time>
	<hdop>3.79</hdop>
	<extensions>
		<gpxtpx:TrackPointExtension>
			<gpxtpx:course>353.0</gpxtpx:course>
		</gpxtpx:TrackPointExtension>
	</extensions>
</trkpt>
<trkpt lat="46.0202356" lon="14.4664328">
	<ele>292.72</ele>
	<time>2026-08-24T17:39:15.996Z</time>
	<hdop>3.79</hdop>
	<extensions>
		<gpxtpx:TrackPointExtension>
			<gpxtpx:course>356.0</gpxtpx:course>
		</gpxtpx:TrackPointExtension>
	</extensions>
</trkpt>
<trkpt lat="46.0203694" lon="14.4664459">
	<ele>292.56</ele>
	<time>2026-08-24T17:39:20.997Z</time>
	<hdop>3.79</hdop>
	<extensions>
		<gpxtpx:TrackPointExtension>
			<gpxtpx:course>4.0</gpxtpx:course>
		</gpxtpx:TrackPointExtension>
	</extensions>
</trkpt>
<trkpt lat="46.0204414" lon="14.4663511">
	<ele>292.41</ele>
	<time>2026-08-24T17:39:26.997Z</time>
	<hdop>3.79</hdop>
	<extensions>
		<gpxtpx:TrackPointExtension>
			<gpxtpx:course>347.0</gpxtpx:course>
		</gpxtpx:TrackPointExtension>
	</extensions>
</trkpt>
<trkpt lat="46.0206381" lon="14.4663615">
	<ele>292.19</ele>
	<time>2026-08-24T17:39:31.997Z</time>
	<hdop>3.79</hdop>
	<extensions>
		<gpxtpx:TrackPointExtension>
			<gpxtpx:course>356.0</gpxtpx:course>
		</gpxtpx:TrackPointExtension>
	</extensions>
</trkpt>
<trkpt lat="46.0208489" lon="14.4663423">
	<ele>292.00</ele>
	<time>2026-08-24T17:39:36.997Z</time>
	<hdop>3.79</hdop>
	<extensions>
		<gpxtpx:TrackPointExtension>
			<gpxtpx:course>358.0</gpxtpx:course>
		</gpxtpx:TrackPointExtension>
	</extensions>
</trkpt>
<trkpt lat="46.0210641" lon="14.4663282">
	<ele>291.86</ele>
	<time>2026-08-24T17:39:41.997Z</time>
	<hdop>3.79</hdop>
	<extensions>
		<gpxtpx:TrackPointExtension>
			<gpxtpx:course>358.0</gpxtpx:course>
		</gpxtpx:TrackPointExtension>
	</extensions>
</trkpt>
<trkpt lat="46.0212461" lon="14.4664620">
	<ele>291.85</ele>
	<time>2026-08-24T17:39:46.998Z</time>
	<hdop>3.79</hdop>
	<extensions>
		<gpxtpx:TrackPointExtension>
			<gpxtpx:course>73.0</gpxtpx:course>
		</gpxtpx:TrackPointExtension>
	</extensions>
</trkpt>
<trkpt lat="46.0213199" lon="14.4669024">
	<ele>291.84</ele>
	<time>2026-08-24T17:39:52.998Z</time>
	<hdop>3.79</hdop>
	<extensions>
		<gpxtpx:TrackPointExtension>
			<gpxtpx:course>78.0</gpxtpx:course>
		</gpxtpx:TrackPointExtension>
	</extensions>
</trkpt>
<trkpt lat="46.0214997" lon="14.4670217">
	<ele>291.63</ele>
	<time>2026-08-24T17:39:57.998Z</time>
	<hdop>4.17</hdop>
	<extensions>
		<gpxtpx:TrackPointExtension>
			<gpxtpx:course>338.0</gpxtpx:course>
		</gpxtpx:TrackPointExtension>
	</extensions>
</trkpt>
<trkpt lat="46.0218209" lon="14.4667841">
	<ele>291.94</ele>
	<time>2026-08-24T17:40:03.997Z</time>
	<hdop>3.79</hdop>
	<extensions>
		<gpxtpx:TrackPointExtension>
			<gpxtpx:course>330.0</gpxtpx:course>
		</gpxtpx:TrackPointExtension>
	</extensions>
</trkpt>
<trkpt lat="46.0220942" lon="14.4665785">
	<ele>291.99</ele>
	<time>2026-08-24T17:40:08.998Z</time>
	<hdop>3.79</hdop>
	<extensions>
		<gpxtpx:TrackPointExtension>
			<gpxtpx:course>332.0</gpxtpx:course>
		</gpxtpx:TrackPointExtension>
	</extensions>
</trkpt>
<trkpt lat="46.0224648" lon="14.4663994">
	<ele>291.99</ele>
	<time>2026-08-24T17:40:14.997Z</time>
	<hdop>3.79</hdop>
	<extensions>
		<gpxtpx:TrackPointExtension>
			<gpxtpx:course>346.0</gpxtpx:course>
		</gpxtpx:TrackPointExtension>
	</extensions>
</trkpt>
<trkpt lat="46.0227980" lon="14.4662808">
	<ele>291.99</ele>
	<time>2026-08-24T17:40:19.997Z</time>
	<hdop>3.79</hdop>
	<extensions>
		<gpxtpx:TrackPointExtension>
			<gpxtpx:course>344.0</gpxtpx:course>
		</gpxtpx:TrackPointExtension>
	</extensions>
</trkpt>
<trkpt lat="46.0231473" lon="14.4661886">
	<ele>291.94</ele>
	<time>2026-08-24T17:40:24.997Z</time>
	<hdop>3.79</hdop>
	<extensions>
		<gpxtpx:TrackPointExtension>
			<gpxtpx:course>353.0</gpxtpx:course>
		</gpxtpx:TrackPointExtension>
	</extensions>
</trkpt>
<trkpt lat="46.0235661" lon="14.4661377">
	<ele>292.24</ele>
	<time>2026-08-24T17:40:30.998Z</time>
	<hdop>3.79</hdop>
	<extensions>
		<gpxtpx:TrackPointExtension>
			<gpxtpx:course>353.0</gpxtpx:course>
		</gpxtpx:TrackPointExtension>
	</extensions>
</trkpt>
<trkpt lat="46.0239211" lon="14.4661113">
	<ele>292.82</ele>
	<time>2026-08-24T17:40:35.998Z</time>
	<hdop>3.79</hdop>
	<extensions>
		<gpxtpx:TrackPointExtension>
			<gpxtpx:course>355.0</gpxtpx:course>
		</gpxtpx:TrackPointExtension>
	</extensions>
</trkpt>
<trkpt lat="46.0243514" lon="14.4660786">
	<ele>293.10</ele>
	<time>2026-08-24T17:40:41.997Z</time>
	<hdop>3.79</hdop>
	<extensions>
		<gpxtpx:TrackPointExtension>
			<gpxtpx:course>356.0</gpxtpx:course>
		</gpxtpx:TrackPointExtension>
	</extensions>
</trkpt>
<trkpt lat="46.0247703" lon="14.4660384">
	<ele>292.85</ele>
	<time>2026-08-24T17:40:47.996Z</time>
	<hdop>3.79</hdop>
	<extensions>
		<gpxtpx:TrackPointExtension>
			<gpxtpx:course>354.0</gpxtpx:course>
		</gpxtpx:TrackPointExtension>
	</extensions>
</trkpt>
<trkpt lat="46.0251208" lon="14.4660127">
	<ele>292.97</ele>
	<time>2026-08-24T17:40:52.998Z</time>
	<hdop>3.79</hdop>
	<extensions>
		<gpxtpx:TrackPointExtension>
			<gpxtpx:course>358.0</gpxtpx:course>
		</gpxtpx:TrackPointExtension>
	</extensions>
</trkpt>
<trkpt lat="46.0255337" lon="14.4659885">
	<ele>293.67</ele>
	<time>2026-08-24T17:40:58.997Z</time>
	<hdop>3.79</hdop>
	<extensions>
		<gpxtpx:TrackPointExtension>
			<gpxtpx:course>358.0</gpxtpx:course>
		</gpxtpx:TrackPointExtension>
	</extensions>
</trkpt>
<trkpt lat="46.0258794" lon="14.4659597">
	<ele>294.13</ele>
	<time>2026-08-24T17:41:03.997Z</time>
	<hdop>3.79</hdop>
	<extensions>
		<gpxtpx:TrackPointExtension>
			<gpxtpx:course>356.0</gpxtpx:course>
		</gpxtpx:TrackPointExtension>
	</extensions>
</trkpt>
<trkpt lat="46.0262210" lon="14.4659255">
	<ele>294.21</ele>
	<time>2026-08-24T17:41:08.997Z</time>
	<hdop>3.79</hdop>
	<extensions>
		<gpxtpx:TrackPointExtension>
			<gpxtpx:course>355.0</gpxtpx:course>
		</gpxtpx:TrackPointExtension>
	</extensions>
</trkpt>
<trkpt lat="46.0265370" lon="14.4659000">
	<ele>294.14</ele>
	<time>2026-08-24T17:41:13.997Z</time>
	<hdop>3.79</hdop>
	<extensions>
		<gpxtpx:TrackPointExtension>
			<gpxtpx:course>353.0</gpxtpx:course>
		</gpxtpx:TrackPointExtension>
	</extensions>
</trkpt>
<trkpt lat="46.0268701" lon="14.4658610">
	<ele>294.05</ele>
	<time>2026-08-24T17:41:18.998Z</time>
	<hdop>3.79</hdop>
	<extensions>
		<gpxtpx:TrackPointExtension>
			<gpxtpx:course>357.0</gpxtpx:course>
		</gpxtpx:TrackPointExtension>
	</extensions>
</trkpt>
<trkpt lat="46.0272837" lon="14.4658234">
	<ele>293.99</ele>
	<time>2026-08-24T17:41:24.995Z</time>
	<hdop>3.79</hdop>
	<extensions>
		<gpxtpx:TrackPointExtension>
			<gpxtpx:course>355.0</gpxtpx:course>
		</gpxtpx:TrackPointExtension>
	</extensions>
</trkpt>
<trkpt lat="46.0276036" lon="14.4657933">
	<ele>293.94</ele>
	<time>2026-08-24T17:41:29.998Z</time>
	<hdop>3.79</hdop>
	<extensions>
		<gpxtpx:TrackPointExtension>
			<gpxtpx:course>358.0</gpxtpx:course>
		</gpxtpx:TrackPointExtension>
	</extensions>
</trkpt>
<trkpt lat="46.0279562" lon="14.4657663">
	<ele>293.88</ele>
	<time>2026-08-24T17:41:35.997Z</time>
	<hdop>3.79</hdop>
	<extensions>
		<gpxtpx:TrackPointExtension>
			<gpxtpx:course>353.0</gpxtpx:course>
		</gpxtpx:TrackPointExtension>
	</extensions>
</trkpt>
<trkpt lat="46.0282516" lon="14.4657507">
	<ele>293.92</ele>
	<time>2026-08-24T17:41:40.998Z</time>
	<hdop>3.79</hdop>
	<extensions>
		<gpxtpx:TrackPointExtension>
			<gpxtpx:course>357.0</gpxtpx:course>
		</gpxtpx:TrackPointExtension>
	</extensions>
</trkpt>
<trkpt lat="46.0286033" lon="14.4657003">
	<ele>294.16</ele>
	<time>2026-08-24T17:41:46.998Z</time>
	<hdop>3.79</hdop>
	<extensions>
		<gpxtpx:TrackPointExtension>
			<gpxtpx:course>354.0</gpxtpx:course>
		</gpxtpx:TrackPointExtension>
	</extensions>
</trkpt>
<trkpt lat="46.0289609" lon="14.4656783">
	<ele>294.61</ele>
	<time>2026-08-24T17:41:52.997Z</time>
	<hdop>3.79</hdop>
	<extensions>
		<gpxtpx:TrackPointExtension>
			<gpxtpx:course>355.0</gpxtpx:course>
		</gpxtpx:TrackPointExtension>
	</extensions>
</trkpt>
<trkpt lat="46.0292820" lon="14.4656592">
	<ele>295.17</ele>
	<time>2026-08-24T17:41:57.997Z</time>
	<hdop>3.79</hdop>
	<extensions>
		<gpxtpx:TrackPointExtension>
			<gpxtpx:course>356.0</gpxtpx:course>
		</gpxtpx:TrackPointExtension>
	</extensions>
</trkpt>
<trkpt lat="46.0296639" lon="14.4656342">
	<ele>296.21</ele>
	<time>2026-08-24T17:42:03.997Z</time>
	<hdop>3.79</hdop>
	<extensions>
		<gpxtpx:TrackPointExtension>
			<gpxtpx:course>356.0</gpxtpx:course>
		</gpxtpx:TrackPointExtension>
	</extensions>
</trkpt>
<trkpt lat="46.0299752" lon="14.4655999">
	<ele>296.69</ele>
	<time>2026-08-24T17:42:08.998Z</time>
	<hdop>3.79</hdop>
	<extensions>
		<gpxtpx:TrackPointExtension>
			<gpxtpx:course>356.0</gpxtpx:course>
		</gpxtpx:TrackPointExtension>
	</extensions>
</trkpt>
<trkpt lat="46.0303620" lon="14.4655622">
	<ele>296.11</ele>
	<time>2026-08-24T17:42:14.996Z</time>
	<hdop>3.79</hdop>
	<extensions>
		<gpxtpx:TrackPointExtension>
			<gpxtpx:course>356.0</gpxtpx:course>
		</gpxtpx:TrackPointExtension>
	</extensions>
</trkpt>
<trkpt lat="46.0306852" lon="14.4655420">
	<ele>295.27</ele>
	<time>2026-08-24T17:42:19.997Z</time>
	<hdop>3.79</hdop>
	<extensions>
		<gpxtpx:TrackPointExtension>
			<gpxtpx:course>356.0</gpxtpx:course>
		</gpxtpx:TrackPointExtension>
	</extensions>
</trkpt>
<trkpt lat="46.0310059" lon="14.4655392">
	<ele>294.91</ele>
	<time>2026-08-24T17:42:24.997Z</time>
	<hdop>3.79</hdop>
	<extensions>
		<gpxtpx:TrackPointExtension>
			<gpxtpx:course>356.0</gpxtpx:course>
		</gpxtpx:TrackPointExtension>
	</extensions>
</trkpt>
<trkpt lat="46.0313119" lon="14.4655104">
	<ele>294.94</ele>
	<time>2026-08-24T17:42:29.997Z</time>
	<hdop>3.79</hdop>
	<extensions>
		<gpxtpx:TrackPointExtension>
			<gpxtpx:course>357.0</gpxtpx:course>
		</gpxtpx:TrackPointExtension>
	</extensions>
</trkpt>
<trkpt lat="46.0315882" lon="14.4654729">
	<ele>295.01</ele>
	<time>2026-08-24T17:42:34.998Z</time>
	<hdop>3.79</hdop>
	<extensions>
		<gpxtpx:TrackPointExtension>
			<gpxtpx:course>355.0</gpxtpx:course>
		</gpxtpx:TrackPointExtension>
	</extensions>
</trkpt>
<trkpt lat="46.0318932" lon="14.4654695">
	<ele>294.94</ele>
	<time>2026-08-24T17:42:40.996Z</time>
	<hdop>3.79</hdop>
	<extensions>
		<gpxtpx:TrackPointExtension>
			<gpxtpx:course>3.0</gpxtpx:course>
		</gpxtpx:TrackPointExtension>
	</extensions>
</trkpt>
<trkpt lat="46.0321146" lon="14.4654579">
	<ele>294.85</ele>
	<time>2026-08-24T17:42:45.997Z</time>
	<hdop>3.79</hdop>
	<extensions>
		<gpxtpx:TrackPointExtension>
			<gpxtpx:course>355.0</gpxtpx:course>
		</gpxtpx:TrackPointExtension>
	</extensions>
</trkpt>
<trkpt lat="46.0323125" lon="14.4654422">
	<ele>294.71</ele>
	<time>2026-08-24T17:42:50.997Z</time>
	<hdop>3.79</hdop>
	<extensions>
		<gpxtpx:TrackPointExtension>
			<gpxtpx:course>358.0</gpxtpx:course>
		</gpxtpx:TrackPointExtension>
	</extensions>
</trkpt>
<trkpt lat="46.0324757" lon="14.4656457">
	<ele>294.86</ele>
	<time>2026-08-24T17:42:55.997Z</time>
	<hdop>3.79</hdop>
	<extensions>
		<gpxtpx:TrackPointExtension>
			<gpxtpx:course>64.0</gpxtpx:course>
		</gpxtpx:TrackPointExtension>
	</extensions>
</trkpt>
<trkpt lat="46.0326559" lon="14.4660101">
	<ele>294.80</ele>
	<time>2026-08-24T17:43:01.997Z</time>
	<hdop>3.79</hdop>
	<extensions>
		<gpxtpx:TrackPointExtension>
			<gpxtpx:course>50.0</gpxtpx:course>
		</gpxtpx:TrackPointExtension>
	</extensions>
</trkpt>
<trkpt lat="46.0327790" lon="14.4662629">
	<ele>294.47</ele>
	<time>2026-08-24T17:43:06.998Z</time>
	<hdop>3.95</hdop>
	<extensions>
		<gpxtpx:TrackPointExtension>
			<gpxtpx:course>71.0</gpxtpx:course>
		</gpxtpx:TrackPointExtension>
	</extensions>
</trkpt>
<trkpt lat="46.0328159" lon="14.4664869">
	<ele>294.27</ele>
	<time>2026-08-24T17:43:11.998Z</time>
	<hdop>3.79</hdop>
	<extensions>
		<gpxtpx:TrackPointExtension>
			<gpxtpx:course>73.0</gpxtpx:course>
		</gpxtpx:TrackPointExtension>
	</extensions>
</trkpt>
<trkpt lat="46.0329630" lon="14.4665152">
	<ele>294.36</ele>
	<time>2026-08-24T17:43:17.997Z</time>
	<hdop>3.79</hdop>
	<extensions>
		<gpxtpx:TrackPointExtension>
			<gpxtpx:course>32.0</gpxtpx:course>
		</gpxtpx:TrackPointExtension>
	</extensions>
</trkpt>
<trkpt lat="46.0331566" lon="14.4667433">
	<ele>294.54</ele>
	<time>2026-08-24T17:43:23.998Z</time>
	<hdop>3.79</hdop>
	<extensions>
		<gpxtpx:TrackPointExtension>
			<gpxtpx:course>20.0</gpxtpx:course>
		</gpxtpx:TrackPointExtension>
	</extensions>
</trkpt>
<trkpt lat="46.0333641" lon="14.4667378">
	<ele>294.97</ele>
	<time>2026-08-24T17:43:28.998Z</time>
	<hdop>3.79</hdop>
	<extensions>
		<gpxtpx:TrackPointExtension>
			<gpxtpx:course>350.0</gpxtpx:course>
		</gpxtpx:TrackPointExtension>
	</extensions>
</trkpt>
<trkpt lat="46.0335729" lon="14.4667554">
	<ele>295.65</ele>
	<time>2026-08-24T17:43:33.998Z</time>
	<hdop>3.79</hdop>
	<extensions>
		<gpxtpx:TrackPointExtension>
			<gpxtpx:course>23.0</gpxtpx:course>
		</gpxtpx:TrackPointExtension>
	</extensions>
</trkpt>
<trkpt lat="46.0337590" lon="14.4669991">
	<ele>295.41</ele>
	<time>2026-08-24T17:43:38.998Z</time>
	<hdop>3.79</hdop>
	<extensions>
		<gpxtpx:TrackPointExtension>
			<gpxtpx:course>58.0</gpxtpx:course>
		</gpxtpx:TrackPointExtension>
	</extensions>
</trkpt>
<trkpt lat="46.0338998" lon="14.4673231">
	<ele>293.69</ele>
	<time>2026-08-24T17:43:44.997Z</time>
	<hdop>4.06</hdop>
	<extensions>
		<gpxtpx:TrackPointExtension>
			<gpxtpx:course>58.0</gpxtpx:course>
		</gpxtpx:TrackPointExtension>
	</extensions>
</trkpt>
<trkpt lat="46.0340259" lon="14.4676172">
	<ele>292.78</ele>
	<time>2026-08-24T17:43:50.996Z</time>
	<hdop>3.79</hdop>
	<extensions>
		<gpxtpx:TrackPointExtension>
			<gpxtpx:course>57.0</gpxtpx:course>
		</gpxtpx:TrackPointExtension>
	</extensions>
</trkpt>
<trkpt lat="46.0341113" lon="14.4679614">
	<ele>293.21</ele>
	<time>2026-08-24T17:43:55.998Z</time>
	<hdop>3.89</hdop>
	<extensions>
		<gpxtpx:TrackPointExtension>
			<gpxtpx:course>32.0</gpxtpx:course>
		</gpxtpx:TrackPointExtension>
	</extensions>
</trkpt>
<trkpt lat="46.0342909" lon="14.4678830">
	<ele>293.21</ele>
	<time>2026-08-24T17:44:01.998Z</time>
	<hdop>3.79</hdop>
	<extensions>
		<gpxtpx:TrackPointExtension>
			<gpxtpx:course>328.0</gpxtpx:course>
		</gpxtpx:TrackPointExtension>
	</extensions>
</trkpt>
<trkpt lat="46.0344339" lon="14.4677534">
	<ele>293.14</ele>
	<time>2026-08-24T17:44:07.999Z</time>
	<hdop>3.79</hdop>
	<extensions>
		<gpxtpx:TrackPointExtension>
			<gpxtpx:course>324.0</gpxtpx:course>
		</gpxtpx:TrackPointExtension>
	</extensions>
</trkpt>
<trkpt lat="46.0345537" lon="14.4676210">
	<ele>293.27</ele>
	<time>2026-08-24T17:44:13.997Z</time>
	<hdop>3.79</hdop>
	<extensions>
		<gpxtpx:TrackPointExtension>
			<gpxtpx:course>1.0</gpxtpx:course>
		</gpxtpx:TrackPointExtension>
	</extensions>
</trkpt>
<trkpt lat="46.0346096" lon="14.4678446">
	<ele>293.41</ele>
	<time>2026-08-24T17:44:18.998Z</time>
	<hdop>3.79</hdop>
	<extensions>
		<gpxtpx:TrackPointExtension>
			<gpxtpx:course>78.0</gpxtpx:course>
		</gpxtpx:TrackPointExtension>
	</extensions>
</trkpt>
<trkpt lat="46.0346219" lon="14.4681457">
	<ele>293.83</ele>
	<time>2026-08-24T17:44:23.998Z</time>
	<hdop>3.79</hdop>
	<extensions>
		<gpxtpx:TrackPointExtension>
			<gpxtpx:course>78.0</gpxtpx:course>
		</gpxtpx:TrackPointExtension>
	</extensions>
</trkpt>
<trkpt lat="46.0347117" lon="14.4685445">
	<ele>294.19</ele>
	<time>2026-08-24T17:44:29.996Z</time>
	<hdop>3.79</hdop>
	<extensions>
		<gpxtpx:TrackPointExtension>
			<gpxtpx:course>70.0</gpxtpx:course>
		</gpxtpx:TrackPointExtension>
	</extensions>
</trkpt>
<trkpt lat="46.0347834" lon="14.4688576">
	<ele>294.55</ele>
	<time>2026-08-24T17:44:34.998Z</time>
	<hdop>3.79</hdop>
	<extensions>
		<gpxtpx:TrackPointExtension>
			<gpxtpx:course>72.0</gpxtpx:course>
		</gpxtpx:TrackPointExtension>
	</extensions>
</trkpt>
<trkpt lat="46.0348773" lon="14.4692393">
	<ele>294.86</ele>
	<time>2026-08-24T17:44:40.998Z</time>
	<hdop>3.79</hdop>
	<extensions>
		<gpxtpx:TrackPointExtension>
			<gpxtpx:course>80.0</gpxtpx:course>
		</gpxtpx:TrackPointExtension>
	</extensions>
</trkpt>
<trkpt lat="46.0349459" lon="14.4696474">
	<ele>294.65</ele>
	<time>2026-08-24T17:44:46.997Z</time>
	<hdop>3.79</hdop>
	<extensions>
		<gpxtpx:TrackPointExtension>
			<gpxtpx:course>89.0</gpxtpx:course>
		</gpxtpx:TrackPointExtension>
	</extensions>
</trkpt>
<trkpt lat="46.0349774" lon="14.4699993">
	<ele>294.03</ele>
	<time>2026-08-24T17:44:51.998Z</time>
	<hdop>3.79</hdop>
	<extensions>
		<gpxtpx:TrackPointExtension>
			<gpxtpx:course>75.0</gpxtpx:course>
		</gpxtpx:TrackPointExtension>
	</extensions>
</trkpt>
<trkpt lat="46.0350877" lon="14.4703983">
	<ele>292.69</ele>
	<time>2026-08-24T17:44:57.996Z</time>
	<hdop>3.79</hdop>
	<extensions>
		<gpxtpx:TrackPointExtension>
			<gpxtpx:course>70.0</gpxtpx:course>
		</gpxtpx:TrackPointExtension>
	</extensions>
</trkpt>
<trkpt lat="46.0351741" lon="14.4707358">
	<ele>291.61</ele>
	<time>2026-08-24T17:45:02.997Z</time>
	<hdop>3.79</hdop>
	<extensions>
		<gpxtpx:TrackPointExtension>
			<gpxtpx:course>70.0</gpxtpx:course>
		</gpxtpx:TrackPointExtension>
	</extensions>
</trkpt>
<trkpt lat="46.0352438" lon="14.4710654">
	<ele>291.37</ele>
	<time>2026-08-24T17:45:07.998Z</time>
	<hdop>3.79</hdop>
	<extensions>
		<gpxtpx:TrackPointExtension>
			<gpxtpx:course>85.0</gpxtpx:course>
		</gpxtpx:TrackPointExtension>
	</extensions>
</trkpt>
<trkpt lat="46.0352387" lon="14.4715005">
	<ele>291.36</ele>
	<time>2026-08-24T17:45:13.998Z</time>
	<hdop>3.79</hdop>
	<extensions>
		<gpxtpx:TrackPointExtension>
			<gpxtpx:course>90.0</gpxtpx:course>
		</gpxtpx:TrackPointExtension>
	</extensions>
</trkpt>
<trkpt lat="46.0352121" lon="14.4718825">
	<ele>291.74</ele>
	<time>2026-08-24T17:45:18.998Z</time>
	<hdop>3.79</hdop>
	<extensions>
		<gpxtpx:TrackPointExtension>
			<gpxtpx:course>100.0</gpxtpx:course>
		</gpxtpx:TrackPointExtension>
	</extensions>
</trkpt>
<trkpt lat="46.0351073" lon="14.4723240">
	<ele>292.65</ele>
	<time>2026-08-24T17:45:24.997Z</time>
	<hdop>3.79</hdop>
	<extensions>
		<gpxtpx:TrackPointExtension>
			<gpxtpx:course>111.0</gpxtpx:course>
		</gpxtpx:TrackPointExtension>
	</extensions>
</trkpt>
<trkpt lat="46.0349705" lon="14.4726965">
	<ele>293.27</ele>
	<time>2026-08-24T17:45:29.997Z</time>
	<hdop>3.79</hdop>
	<extensions>
		<gpxtpx:TrackPointExtension>
			<gpxtpx:course>117.0</gpxtpx:course>
		</gpxtpx:TrackPointExtension>
	</extensions>
</trkpt>
<trkpt lat="46.0348230" lon="14.4730480">
	<ele>293.64</ele>
	<time>2026-08-24T17:45:34.997Z</time>
	<hdop>3.79</hdop>
	<extensions>
		<gpxtpx:TrackPointExtension>
			<gpxtpx:course>118.0</gpxtpx:course>
		</gpxtpx:TrackPointExtension>
	</extensions>
</trkpt>
<trkpt lat="46.0346699" lon="14.4734019">
	<ele>293.61</ele>
	<time>2026-08-24T17:45:39.997Z</time>
	<hdop>3.79</hdop>
	<extensions>
		<gpxtpx:TrackPointExtension>
			<gpxtpx:course>121.0</gpxtpx:course>
		</gpxtpx:TrackPointExtension>
	</extensions>
</trkpt>
<trkpt lat="46.0345932" lon="14.4737337">
	<ele>292.79</ele>
	<time>2026-08-24T17:45:44.997Z</time>
	<hdop>3.79</hdop>
	<extensions>
		<gpxtpx:TrackPointExtension>
			<gpxtpx:course>107.0</gpxtpx:course>
		</gpxtpx:TrackPointExtension>
	</extensions>
</trkpt>
<trkpt lat="46.0345782" lon="14.4740975">
	<ele>291.83</ele>
	<time>2026-08-24T17:45:50.999Z</time>
	<hdop>3.79</hdop>
	<extensions>
		<gpxtpx:TrackPointExtension>
			<gpxtpx:course>52.0</gpxtpx:course>
		</gpxtpx:TrackPointExtension>
	</extensions>
</trkpt>
<trkpt lat="46.0346341" lon="14.4743279">
	<ele>292.17</ele>
	<time>2026-08-24T17:45:56.998Z</time>
	<hdop>3.79</hdop>
	<extensions>
		<gpxtpx:TrackPointExtension>
			<gpxtpx:course>93.0</gpxtpx:course>
		</gpxtpx:TrackPointExtension>
	</extensions>
</trkpt>
<trkpt lat="46.0346419" lon="14.4746194">
	<ele>292.53</ele>
	<time>2026-08-24T17:46:01.998Z</time>
	<hdop>3.79</hdop>
	<extensions>
		<gpxtpx:TrackPointExtension>
			<gpxtpx:course>85.0</gpxtpx:course>
		</gpxtpx:TrackPointExtension>
	</extensions>
</trkpt>
<trkpt lat="46.0346578" lon="14.4749246">
	<ele>293.05</ele>
	<time>2026-08-24T17:46:06.998Z</time>
	<hdop>3.79</hdop>
	<extensions>
		<gpxtpx:TrackPointExtension>
			<gpxtpx:course>81.0</gpxtpx:course>
		</gpxtpx:TrackPointExtension>
	</extensions>
</trkpt>
<trkpt lat="46.0346801" lon="14.4752068">
	<ele>293.43</ele>
	<time>2026-08-24T17:46:11.999Z</time>
	<hdop>3.79</hdop>
	<extensions>
		<gpxtpx:TrackPointExtension>
			<gpxtpx:course>79.0</gpxtpx:course>
		</gpxtpx:TrackPointExtension>
	</extensions>
</trkpt>
<trkpt lat="46.0347109" lon="14.4755012">
	<ele>293.79</ele>
	<time>2026-08-24T17:46:17.998Z</time>
	<hdop>3.79</hdop>
	<extensions>
		<gpxtpx:TrackPointExtension>
			<gpxtpx:course>83.0</gpxtpx:course>
		</gpxtpx:TrackPointExtension>
	</extensions>
</trkpt>
<trkpt lat="46.0347383" lon="14.4757454">
	<ele>293.99</ele>
	<time>2026-08-24T17:46:23.996Z</time>
	<hdop>3.79</hdop>
	<extensions>
		<gpxtpx:TrackPointExtension>
			<gpxtpx:course>55.0</gpxtpx:course>
		</gpxtpx:TrackPointExtension>
	</extensions>
</trkpt>
<trkpt lat="46.0348453" lon="14.4757731">
	<ele>294.00</ele>
	<time>2026-08-24T17:46:30.998Z</time>
	<hdop>3.79</hdop>
	<extensions>
		<gpxtpx:TrackPointExtension>
			<gpxtpx:course>347.0</gpxtpx:course>
		</gpxtpx:TrackPointExtension>
	</extensions>
</trkpt>
<trkpt lat="46.0350304" lon="14.4757227">
	<ele>294.00</ele>
	<time>2026-08-24T17:46:36.998Z</time>
	<hdop>3.79</hdop>
	<extensions>
		<gpxtpx:TrackPointExtension>
			<gpxtpx:course>346.0</gpxtpx:course>
		</gpxtpx:TrackPointExtension>
	</extensions>
</trkpt>
<trkpt lat="46.0351908" lon="14.4756747">
	<ele>294.02</ele>
	<time>2026-08-24T17:46:41.998Z</time>
	<hdop>3.79</hdop>
	<extensions>
		<gpxtpx:TrackPointExtension>
			<gpxtpx:course>344.0</gpxtpx:course>
		</gpxtpx:TrackPointExtension>
	</extensions>
</trkpt>
<trkpt lat="46.0353814" lon="14.4755464">
	<ele>294.04</ele>
	<time>2026-08-24T17:46:47.998Z</time>
	<hdop>3.79</hdop>
	<extensions>
		<gpxtpx:TrackPointExtension>
			<gpxtpx:course>344.0</gpxtpx:course>
		</gpxtpx:TrackPointExtension>
	</extensions>
</trkpt>
<trkpt lat="46.0355541" lon="14.4755185">
	<ele>294.02</ele>
	<time>2026-08-24T17:46:53.998Z</time>
	<hdop>3.79</hdop>
	<extensions>
		<gpxtpx:TrackPointExtension>
			<gpxtpx:course>345.0</gpxtpx:course>
		</gpxtpx:TrackPointExtension>
	</extensions>
</trkpt>
<trkpt lat="46.0357273" lon="14.4754628">
	<ele>294.01</ele>
	<time>2026-08-24T17:46:59.997Z</time>
	<hdop>3.79</hdop>
	<extensions>
		<gpxtpx:TrackPointExtension>
			<gpxtpx:course>344.0</gpxtpx:course>
		</gpxtpx:TrackPointExtension>
	</extensions>
</trkpt>
<trkpt lat="46.0358336" lon="14.4754355">
	<ele>294.00</ele>
	<time>2026-08-24T17:47:04.997Z</time>
	<hdop>3.79</hdop>
	<extensions>
		<gpxtpx:TrackPointExtension>
			<gpxtpx:course>344.0</gpxtpx:course>
		</gpxtpx:TrackPointExtension>
	</extensions>
</trkpt>
<trkpt lat="46.0359023" lon="14.4755467">
	<ele>294.00</ele>
	<time>2026-08-24T17:47:11.996Z</time>
	<hdop>3.79</hdop>
	<extensions>
		<gpxtpx:TrackPointExtension>
			<gpxtpx:course>90.0</gpxtpx:course>
		</gpxtpx:TrackPointExtension>
	</extensions>
</trkpt>
<trkpt lat="46.0358952" lon="14.4757339">
	<ele>294.00</ele>
	<time>2026-08-24T17:47:16.998Z</time>
	<hdop>3.79</hdop>
	<extensions>
		<gpxtpx:TrackPointExtension>
			<gpxtpx:course>88.0</gpxtpx:course>
		</gpxtpx:TrackPointExtension>
	</extensions>
</trkpt>
<trkpt lat="46.0358955" lon="14.4759228">
	<ele>294.00</ele>
	<time>2026-08-24T17:47:22.997Z</time>
	<hdop>3.79</hdop>
	<extensions>
		<gpxtpx:TrackPointExtension>
			<gpxtpx:course>99.0</gpxtpx:course>
		</gpxtpx:TrackPointExtension>
	</extensions>
</trkpt>
<trkpt lat="46.0358741" lon="14.4760545">
	<ele>294.00</ele>
	<time>2026-08-24T17:48:02.999Z</time>
	<hdop>3.79</hdop>
	<extensions>
		<gpxtpx:TrackPointExtension>
			<gpxtpx:course>126.0</gpxtpx:course>
		</gpxtpx:TrackPointExtension>
	</extensions>
</trkpt>
</trkseg>
</trk>
</gpx>
