<?xml version="1.0" encoding="utf-8" standalone="yes"?>
<gpx version="1.1" creator="Locus Map, Android"
 xmlns="http://www.topografix.com/GPX/1/1"
 xmlns:xsi="http://www.w3.org/2001/XMLSchema-instance"
 xsi:schemaLocation="http://www.topografix.com/GPX/1/1 http://www.topografix.com/GPX/1/1/gpx.xsd"
 xmlns:gpxx="http://www.garmin.com/xmlschemas/GpxExtensions/v3"
 xmlns:gpxtrkx="http://www.garmin.com/xmlschemas/TrackStatsExtension/v1"
 xmlns:gpxtpx="http://www.garmin.com/xmlschemas/TrackPointExtension/v2"
 xmlns:locus="http://www.locusmap.eu">
	<metadata>
		<desc>File with points/tracks from Locus Map Classic/3.70.20</desc>
		<time>2026-10-06T19:11:54.930Z</time>
	</metadata>
<trk>
<name>2026-06-27 17:59 Bled Mojstrana čez Radovno</name>
<desc><![CDATA[<!-- desc_gen:start -->
<font color="black"><table width="100%"><tr><td><table width="100%"><tr><td align="left" valign="center"><small><b>Dejavnost</b></small></td><td align="center" valign="center">Kolesarjenje</td></tr>
<tr><td align="left" valign="center"><small><b>Razdalja</b></small></td><td align="center" valign="center">21,0 km</td></tr>
<tr><td align="left" valign="center"><small><b>Ustvarjen</b></small></td><td align="center" valign="center">2026-06-27 17:59:50</td></tr>
<tr><td align="left" valign="center"><small><b>Največja hitrost</b></small></td><td align="center" valign="center">51,7 km/h</td></tr>
<tr><td align="left" valign="center"><small><b>Ritem</b></small></td><td align="center" valign="center">03:48 min/km</td></tr>
<tr><td align="left" valign="center"><small><b>Energija</b></small></td><td align="center" valign="center">861 kcal</td></tr>
<tr><td align="left" valign="center"><small><b>Točke</b></small></td><td align="center" valign="center">768</td></tr>
</table></td></tr><tr><td colspan="1"><hr></td></tr><tr><td><table width="100%"><tr><td align="left" valign="center"><small><b></b></small></td><td align="center" valign="center">Vse</td><td align="center" valign="center">Hitrost > 0</td></tr>
<tr><td align="left" valign="center"><small><b>Pov. hitrost</b></small></td><td align="center" valign="center">15,8 km/h</td><td align="center" valign="center">18,7 km/h</td></tr>
<tr><td align="left" valign="center"><small><b>Čas sledi</b></small></td><td align="center" valign="center">1:19:51</td><td align="center" valign="center">1:07:07</td></tr>
</table></td></tr><tr><td colspan="1"><hr></td></tr><tr><td><table width="100%"><tr><td align="left" valign="center"><small><b>Najm. nadm. višina</b></small></td><td align="center" valign="center">505 m</td></tr>
<tr><td align="left" valign="center"><small><b>Najv. nadm. višina</b></small></td><td align="center" valign="center">847 m</td></tr>
</table></td></tr><tr><td colspan="1"><hr></td></tr><tr><td><table width="100%"><tr><td align="left" valign="center"><small><b></b></small></td><td align="center" valign="center">Nadm. višina</td><td align="center" valign="center">Razdalja</td></tr>
<tr><td align="left" valign="center"><small><b>Navzgor</b></small></td><td align="center" valign="center">523 m</td><td align="center" valign="center">7665 m</td></tr>
<tr><td align="left" valign="center"><small><b>Navzdol</b></small></td><td align="center" valign="center">−370 m</td><td align="center" valign="center">5440 m</td></tr>
<tr><td align="left" valign="center"><small><b>Plosko</b></small></td><td align="center" valign="center">0 m</td><td align="center" valign="center">67859 m</td></tr>
</table></td></tr></table></font>
<!-- desc_gen:end -->]]></desc>
	<extensions>
		<line xmlns="http://www.topografix.com/GPX/gpx_style/0/2">
			<color>FF0000</color>
			<opacity>0.59</opacity>
			<width>5.0</width>
			<extensions>
				<locus:lsColorBase>#96FF0000</locus:lsColorBase>
				<locus:lsWidth>5.0</locus:lsWidth>
				<locus:lsUnits>PIXELS</locus:lsUnits>
			</extensions>
		</line>
		<locus:activity>cycling</locus:activity>
	</extensions>
<trkseg>
<trkpt lat="46.3723131" lon="14.0857301">
	<ele>505.22</ele>
	<time>2026-06-27T15:59:56.764Z</time>
	<hdop>3.79</hdop>
	<extensions>
		<gpxtpx:TrackPointExtension>
			<gpxtpx:course>27.0</gpxtpx:course>
		</gpxtpx:TrackPointExtension>
	</extensions>
</trkpt>
<trkpt lat="46.3725097" lon="14.0858912">
	<ele>506.54</ele>
	<time>2026-06-27T16:00:02.764Z</time>
	<hdop>3.79</hdop>
	<extensions>
		<gpxtpx:TrackPointExtension>
			<gpxtpx:course>30.0</gpxtpx:course>
		</gpxtpx:TrackPointExtension>
	</extensions>
</trkpt>
<trkpt lat="46.3726628" lon="14.0860386">
	<ele>508.16</ele>
	<time>2026-06-27T16:00:07.764Z</time>
	<hdop>3.79</hdop>
	<extensions>
		<gpxtpx:TrackPointExtension>
			<gpxtpx:course>39.0</gpxtpx:course>
		</gpxtpx:TrackPointExtension>
	</extensions>
</trkpt>
<trkpt lat="46.3728005" lon="14.0862035">
	<ele>509.81</ele>
	<time>2026-06-27T16:00:12.764Z</time>
	<hdop>3.79</hdop>
	<extensions>
		<gpxtpx:TrackPointExtension>
			<gpxtpx:course>42.0</gpxtpx:course>
		</gpxtpx:TrackPointExtension>
	</extensions>
</trkpt>
<trkpt lat="46.3729373" lon="14.0863933">
	<ele>511.46</ele>
	<time>2026-06-27T16:00:18.762Z</time>
	<hdop>3.79</hdop>
	<extensions>
		<gpxtpx:TrackPointExtension>
			<gpxtpx:course>46.0</gpxtpx:course>
		</gpxtpx:TrackPointExtension>
	</extensions>
</trkpt>
<trkpt lat="46.3730412" lon="14.0865488">
	<ele>512.84</ele>
	<time>2026-06-27T16:00:23.763Z</time>
	<hdop>3.79</hdop>
	<extensions>
		<gpxtpx:TrackPointExtension>
			<gpxtpx:course>52.0</gpxtpx:course>
		</gpxtpx:TrackPointExtension>
	</extensions>
</trkpt>
<trkpt lat="46.3731516" lon="14.0867486">
	<ele>514.73</ele>
	<time>2026-06-27T16:00:29.763Z</time>
	<hdop>3.79</hdop>
	<extensions>
		<gpxtpx:TrackPointExtension>
			<gpxtpx:course>46.0</gpxtpx:course>
		</gpxtpx:TrackPointExtension>
	</extensions>
</trkpt>
<trkpt lat="46.3732432" lon="14.0868532">
	<ele>516.75</ele>
	<time>2026-06-27T16:00:34.763Z</time>
	<hdop>3.79</hdop>
	<extensions>
		<gpxtpx:TrackPointExtension>
			<gpxtpx:course>42.0</gpxtpx:course>
		</gpxtpx:TrackPointExtension>
	</extensions>
</trkpt>
<trkpt lat="46.3732408" lon="14.0870120">
	<ele>517.11</ele>
	<time>2026-06-27T16:00:39.763Z</time>
	<hdop>3.79</hdop>
	<extensions>
		<gpxtpx:TrackPointExtension>
			<gpxtpx:course>114.0</gpxtpx:course>
		</gpxtpx:TrackPointExtension>
	</extensions>
</trkpt>
<trkpt lat="46.3732440" lon="14.0871555">
	<ele>517.32</ele>
	<time>2026-06-27T16:00:44.764Z</time>
	<hdop>3.79</hdop>
	<extensions>
		<gpxtpx:TrackPointExtension>
			<gpxtpx:course>38.0</gpxtpx:course>
		</gpxtpx:TrackPointExtension>
	</extensions>
</trkpt>
<trkpt lat="46.3733440" lon="14.0869777">
	<ele>519.14</ele>
	<time>2026-06-27T16:00:50.762Z</time>
	<hdop>3.79</hdop>
	<extensions>
		<gpxtpx:TrackPointExtension>
			<gpxtpx:course>299.0</gpxtpx:course>
		</gpxtpx:TrackPointExtension>
	</extensions>
</trkpt>
<trkpt lat="46.3734218" lon="14.0867866">
	<ele>521.18</ele>
	<time>2026-06-27T16:00:55.762Z</time>
	<hdop>3.79</hdop>
	<extensions>
		<gpxtpx:TrackPointExtension>
			<gpxtpx:course>300.0</gpxtpx:course>
		</gpxtpx:TrackPointExtension>
	</extensions>
</trkpt>
<trkpt lat="46.3734997" lon="14.0865952">
	<ele>523.82</ele>
	<time>2026-06-27T16:01:00.762Z</time>
	<hdop>3.79</hdop>
	<extensions>
		<gpxtpx:TrackPointExtension>
			<gpxtpx:course>306.0</gpxtpx:course>
		</gpxtpx:TrackPointExtension>
	</extensions>
</trkpt>
<trkpt lat="46.3735867" lon="14.0864086">
	<ele>526.37</ele>
	<time>2026-06-27T16:01:05.762Z</time>
	<hdop>3.79</hdop>
	<extensions>
		<gpxtpx:TrackPointExtension>
			<gpxtpx:course>302.0</gpxtpx:course>
		</gpxtpx:TrackPointExtension>
	</extensions>
</trkpt>
<trkpt lat="46.3736694" lon="14.0862214">
	<ele>527.34</ele>
	<time>2026-06-27T16:01:10.762Z</time>
	<hdop>3.79</hdop>
	<extensions>
		<gpxtpx:TrackPointExtension>
			<gpxtpx:course>306.0</gpxtpx:course>
		</gpxtpx:TrackPointExtension>
	</extensions>
</trkpt>
<trkpt lat="46.3737808" lon="14.0860551">
	<ele>527.39</ele>
	<time>2026-06-27T16:01:15.762Z</time>
	<hdop>3.79</hdop>
	<extensions>
		<gpxtpx:TrackPointExtension>
			<gpxtpx:course>321.0</gpxtpx:course>
		</gpxtpx:TrackPointExtension>
	</extensions>
</trkpt>
<trkpt lat="46.3739086" lon="14.0859031">
	<ele>526.76</ele>
	<time>2026-06-27T16:01:20.762Z</time>
	<hdop>3.79</hdop>
	<extensions>
		<gpxtpx:TrackPointExtension>
			<gpxtpx:course>323.0</gpxtpx:course>
		</gpxtpx:TrackPointExtension>
	</extensions>
</trkpt>
<trkpt lat="46.3740484" lon="14.0857943">
	<ele>526.76</ele>
	<time>2026-06-27T16:01:25.762Z</time>
	<hdop>3.79</hdop>
	<extensions>
		<gpxtpx:TrackPointExtension>
			<gpxtpx:course>331.0</gpxtpx:course>
		</gpxtpx:TrackPointExtension>
	</extensions>
</trkpt>
<trkpt lat="46.3741168" lon="14.0855740">
	<ele>526.69</ele>
	<time>2026-06-27T16:01:30.763Z</time>
	<hdop>3.79</hdop>
	<extensions>
		<gpxtpx:TrackPointExtension>
			<gpxtpx:course>276.0</gpxtpx:course>
		</gpxtpx:TrackPointExtension>
	</extensions>
</trkpt>
<trkpt lat="46.3741528" lon="14.0852573">
	<ele>527.96</ele>
	<time>2026-06-27T16:01:36.762Z</time>
	<hdop>3.79</hdop>
	<extensions>
		<gpxtpx:TrackPointExtension>
			<gpxtpx:course>284.0</gpxtpx:course>
		</gpxtpx:TrackPointExtension>
	</extensions>
</trkpt>
<trkpt lat="46.3741740" lon="14.0850021">
	<ele>528.98</ele>
	<time>2026-06-27T16:01:41.762Z</time>
	<hdop>3.79</hdop>
	<extensions>
		<gpxtpx:TrackPointExtension>
			<gpxtpx:course>272.0</gpxtpx:course>
		</gpxtpx:TrackPointExtension>
	</extensions>
</trkpt>
<trkpt lat="46.3742032" lon="14.0847552">
	<ele>529.34</ele>
	<time>2026-06-27T16:01:46.763Z</time>
	<hdop>3.79</hdop>
	<extensions>
		<gpxtpx:TrackPointExtension>
			<gpxtpx:course>279.0</gpxtpx:course>
		</gpxtpx:TrackPointExtension>
	</extensions>
</trkpt>
<trkpt lat="46.3742060" lon="14.0844888">
	<ele>529.65</ele>
	<time>2026-06-27T16:01:52.761Z</time>
	<hdop>3.79</hdop>
	<extensions>
		<gpxtpx:TrackPointExtension>
			<gpxtpx:course>269.0</gpxtpx:course>
		</gpxtpx:TrackPointExtension>
	</extensions>
</trkpt>
<trkpt lat="46.3741839" lon="14.0843086">
	<ele>529.88</ele>
	<time>2026-06-27T16:01:57.763Z</time>
	<hdop>3.79</hdop>
	<extensions>
		<gpxtpx:TrackPointExtension>
			<gpxtpx:course>263.0</gpxtpx:course>
		</gpxtpx:TrackPointExtension>
	</extensions>
</trkpt>
<trkpt lat="46.3741871" lon="14.0840797">
	<ele>529.76</ele>
	<time>2026-06-27T16:02:03.762Z</time>
	<hdop>3.79</hdop>
	<extensions>
		<gpxtpx:TrackPointExtension>
			<gpxtpx:course>297.0</gpxtpx:course>
		</gpxtpx:TrackPointExtension>
	</extensions>
</trkpt>
<trkpt lat="46.3743672" lon="14.0840147">
	<ele>528.20</ele>
	<time>2026-06-27T16:02:08.762Z</time>
	<hdop>3.79</hdop>
	<extensions>
		<gpxtpx:TrackPointExtension>
			<gpxtpx:course>18.0</gpxtpx:course>
		</gpxtpx:TrackPointExtension>
	</extensions>
</trkpt>
<trkpt lat="46.3746124" lon="14.0841252">
	<ele>526.86</ele>
	<time>2026-06-27T16:02:14.762Z</time>
	<hdop>3.79</hdop>
	<extensions>
		<gpxtpx:TrackPointExtension>
			<gpxtpx:course>0.0</gpxtpx:course>
		</gpxtpx:TrackPointExtension>
	</extensions>
</trkpt>
<trkpt lat="46.3748346" lon="14.0841056">
	<ele>525.67</ele>
	<time>2026-06-27T16:02:19.762Z</time>
	<hdop>3.79</hdop>
	<extensions>
		<gpxtpx:TrackPointExtension>
			<gpxtpx:course>353.0</gpxtpx:course>
		</gpxtpx:TrackPointExtension>
	</extensions>
</trkpt>
<trkpt lat="46.3750102" lon="14.0840362">
	<ele>524.99</ele>
	<time>2026-06-27T16:02:24.763Z</time>
	<hdop>3.79</hdop>
	<extensions>
		<gpxtpx:TrackPointExtension>
			<gpxtpx:course>328.0</gpxtpx:course>
		</gpxtpx:TrackPointExtension>
	</extensions>
</trkpt>
<trkpt lat="46.3750046" lon="14.0837253">
	<ele>524.92</ele>
	<time>2026-06-27T16:02:30.762Z</time>
	<hdop>3.79</hdop>
	<extensions>
		<gpxtpx:TrackPointExtension>
			<gpxtpx:course>250.0</gpxtpx:course>
		</gpxtpx:TrackPointExtension>
	</extensions>
</trkpt>
<trkpt lat="46.3749269" lon="14.0834831">
	<ele>525.07</ele>
	<time>2026-06-27T16:02:35.762Z</time>
	<hdop>3.79</hdop>
	<extensions>
		<gpxtpx:TrackPointExtension>
			<gpxtpx:course>245.0</gpxtpx:course>
		</gpxtpx:TrackPointExtension>
	</extensions>
</trkpt>
<trkpt lat="46.3748220" lon="14.0831988">
	<ele>525.49</ele>
	<time>2026-06-27T16:02:41.762Z</time>
	<hdop>3.79</hdop>
	<extensions>
		<gpxtpx:TrackPointExtension>
			<gpxtpx:course>242.0</gpxtpx:course>
		</gpxtpx:TrackPointExtension>
	</extensions>
</trkpt>
<trkpt lat="46.3747678" lon="14.0828868">
	<ele>526.63</ele>
	<time>2026-06-27T16:02:46.763Z</time>
	<hdop>3.79</hdop>
	<extensions>
		<gpxtpx:TrackPointExtension>
			<gpxtpx:course>262.0</gpxtpx:course>
		</gpxtpx:TrackPointExtension>
	</extensions>
</trkpt>
<trkpt lat="46.3748234" lon="14.0824797">
	<ele>527.23</ele>
	<time>2026-06-27T16:02:52.762Z</time>
	<hdop>3.79</hdop>
	<extensions>
		<gpxtpx:TrackPointExtension>
			<gpxtpx:course>303.0</gpxtpx:course>
		</gpxtpx:TrackPointExtension>
	</extensions>
</trkpt>
<trkpt lat="46.3749692" lon="14.0821735">
	<ele>525.87</ele>
	<time>2026-06-27T16:02:58.762Z</time>
	<hdop>3.79</hdop>
	<extensions>
		<gpxtpx:TrackPointExtension>
			<gpxtpx:course>309.0</gpxtpx:course>
		</gpxtpx:TrackPointExtension>
	</extensions>
</trkpt>
<trkpt lat="46.3751340" lon="14.0818631">
	<ele>524.94</ele>
	<time>2026-06-27T16:03:04.762Z</time>
	<hdop>3.79</hdop>
	<extensions>
		<gpxtpx:TrackPointExtension>
			<gpxtpx:course>308.0</gpxtpx:course>
		</gpxtpx:TrackPointExtension>
	</extensions>
</trkpt>
<trkpt lat="46.3752761" lon="14.0815591">
	<ele>524.85</ele>
	<time>2026-06-27T16:03:10.762Z</time>
	<hdop>3.85</hdop>
	<extensions>
		<gpxtpx:TrackPointExtension>
			<gpxtpx:course>304.0</gpxtpx:course>
		</gpxtpx:TrackPointExtension>
	</extensions>
</trkpt>
<trkpt lat="46.3753528" lon="14.0813853">
	<ele>524.88</ele>
	<time>2026-06-27T16:04:57.763Z</time>
	<hdop>3.79</hdop>
	<extensions>
		<gpxtpx:TrackPointExtension>
			<gpxtpx:course>288.0</gpxtpx:course>
		</gpxtpx:TrackPointExtension>
	</extensions>
</trkpt>
<trkpt lat="46.3754168" lon="14.0811593">
	<ele>524.85</ele>
	<time>2026-06-27T16:05:03.760Z</time>
	<hdop>3.79</hdop>
	<extensions>
		<gpxtpx:TrackPointExtension>
			<gpxtpx:course>290.0</gpxtpx:course>
		</gpxtpx:TrackPointExtension>
	</extensions>
</trkpt>
<trkpt lat="46.3755142" lon="14.0808847">
	<ele>524.90</ele>
	<time>2026-06-27T16:05:08.762Z</time>
	<hdop>3.79</hdop>
	<extensions>
		<gpxtpx:TrackPointExtension>
			<gpxtpx:course>301.0</gpxtpx:course>
		</gpxtpx:TrackPointExtension>
	</extensions>
</trkpt>
<trkpt lat="46.3756599" lon="14.0805693">
	<ele>525.89</ele>
	<time>2026-06-27T16:05:14.761Z</time>
	<hdop>3.79</hdop>
	<extensions>
		<gpxtpx:TrackPointExtension>
			<gpxtpx:course>312.0</gpxtpx:course>
		</gpxtpx:TrackPointExtension>
	</extensions>
</trkpt>
<trkpt lat="46.3758658" lon="14.0804638">
	<ele>527.03</ele>
	<time>2026-06-27T16:05:19.763Z</time>
	<hdop>3.96</hdop>
	<extensions>
		<gpxtpx:TrackPointExtension>
			<gpxtpx:course>356.0</gpxtpx:course>
		</gpxtpx:TrackPointExtension>
	</extensions>
</trkpt>
<trkpt lat="46.3761040" lon="14.0804281">
	<ele>528.34</ele>
	<time>2026-06-27T16:05:25.760Z</time>
	<hdop>3.79</hdop>
	<extensions>
		<gpxtpx:TrackPointExtension>
			<gpxtpx:course>351.0</gpxtpx:course>
		</gpxtpx:TrackPointExtension>
	</extensions>
</trkpt>
<trkpt lat="46.3762865" lon="14.0803454">
	<ele>529.96</ele>
	<time>2026-06-27T16:05:30.763Z</time>
	<hdop>3.79</hdop>
	<extensions>
		<gpxtpx:TrackPointExtension>
			<gpxtpx:course>343.0</gpxtpx:course>
		</gpxtpx:TrackPointExtension>
	</extensions>
</trkpt>
<trkpt lat="46.3764678" lon="14.0801831">
	<ele>532.07</ele>
	<time>2026-06-27T16:05:36.761Z</time>
	<hdop>3.79</hdop>
	<extensions>
		<gpxtpx:TrackPointExtension>
			<gpxtpx:course>322.0</gpxtpx:course>
		</gpxtpx:TrackPointExtension>
	</extensions>
</trkpt>
<trkpt lat="46.3766048" lon="14.0800230">
	<ele>533.54</ele>
	<time>2026-06-27T16:05:41.762Z</time>
	<hdop>4.65</hdop>
	<extensions>
		<gpxtpx:TrackPointExtension>
			<gpxtpx:course>325.0</gpxtpx:course>
		</gpxtpx:TrackPointExtension>
	</extensions>
</trkpt>
<trkpt lat="46.3767959" lon="14.0798478">
	<ele>534.87</ele>
	<time>2026-06-27T16:05:47.762Z</time>
	<hdop>3.79</hdop>
	<extensions>
		<gpxtpx:TrackPointExtension>
			<gpxtpx:course>320.0</gpxtpx:course>
		</gpxtpx:TrackPointExtension>
	</extensions>
</trkpt>
<trkpt lat="46.3769597" lon="14.0796310">
	<ele>536.12</ele>
	<time>2026-06-27T16:05:53.762Z</time>
	<hdop>3.79</hdop>
	<extensions>
		<gpxtpx:TrackPointExtension>
			<gpxtpx:course>315.0</gpxtpx:course>
		</gpxtpx:TrackPointExtension>
	</extensions>
</trkpt>
<trkpt lat="46.3770763" lon="14.0794330">
	<ele>537.50</ele>
	<time>2026-06-27T16:05:58.763Z</time>
	<hdop>3.79</hdop>
	<extensions>
		<gpxtpx:TrackPointExtension>
			<gpxtpx:course>302.0</gpxtpx:course>
		</gpxtpx:TrackPointExtension>
	</extensions>
</trkpt>
<trkpt lat="46.3771621" lon="14.0792158">
	<ele>539.06</ele>
	<time>2026-06-27T16:06:03.772Z</time>
	<hdop>3.79</hdop>
	<extensions>
		<gpxtpx:TrackPointExtension>
			<gpxtpx:course>296.05975</gpxtpx:course>
		</gpxtpx:TrackPointExtension>
	</extensions>
</trkpt>
<trkpt lat="46.3772699" lon="14.0789810">
	<ele>540.86</ele>
	<time>2026-06-27T16:06:09.753Z</time>
	<hdop>3.79</hdop>
	<extensions>
		<gpxtpx:TrackPointExtension>
			<gpxtpx:course>302.06543</gpxtpx:course>
		</gpxtpx:TrackPointExtension>
	</extensions>
</trkpt>
<trkpt lat="46.3773463" lon="14.0787923">
	<ele>541.98</ele>
	<time>2026-06-27T16:06:14.765Z</time>
	<hdop>3.79</hdop>
	<extensions>
		<gpxtpx:TrackPointExtension>
			<gpxtpx:course>298.94952</gpxtpx:course>
		</gpxtpx:TrackPointExtension>
	</extensions>
</trkpt>
<trkpt lat="46.3774063" lon="14.0785504">
	<ele>542.92</ele>
	<time>2026-06-27T16:06:20.765Z</time>
	<hdop>3.79</hdop>
	<extensions>
		<gpxtpx:TrackPointExtension>
			<gpxtpx:course>281.11108</gpxtpx:course>
		</gpxtpx:TrackPointExtension>
	</extensions>
</trkpt>
<trkpt lat="46.3774276" lon="14.0782905">
	<ele>543.84</ele>
	<time>2026-06-27T16:06:26.761Z</time>
	<hdop>3.79</hdop>
	<extensions>
		<gpxtpx:TrackPointExtension>
			<gpxtpx:course>278.46252</gpxtpx:course>
		</gpxtpx:TrackPointExtension>
	</extensions>
</trkpt>
<trkpt lat="46.3774532" lon="14.0780736">
	<ele>544.90</ele>
	<time>2026-06-27T16:06:31.761Z</time>
	<hdop>3.79</hdop>
	<extensions>
		<gpxtpx:TrackPointExtension>
			<gpxtpx:course>280.30936</gpxtpx:course>
		</gpxtpx:TrackPointExtension>
	</extensions>
</trkpt>
<trkpt lat="46.3775014" lon="14.0778639">
	<ele>546.00</ele>
	<time>2026-06-27T16:06:36.761Z</time>
	<hdop>3.79</hdop>
	<extensions>
		<gpxtpx:TrackPointExtension>
			<gpxtpx:course>283.0628</gpxtpx:course>
		</gpxtpx:TrackPointExtension>
	</extensions>
</trkpt>
<trkpt lat="46.3775597" lon="14.0776212">
	<ele>547.18</ele>
	<time>2026-06-27T16:06:42.767Z</time>
	<hdop>3.79</hdop>
	<extensions>
		<gpxtpx:TrackPointExtension>
			<gpxtpx:course>292.11685</gpxtpx:course>
		</gpxtpx:TrackPointExtension>
	</extensions>
</trkpt>
<trkpt lat="46.3776394" lon="14.0773889">
	<ele>548.22</ele>
	<time>2026-06-27T16:06:48.759Z</time>
	<hdop>3.79</hdop>
	<extensions>
		<gpxtpx:TrackPointExtension>
			<gpxtpx:course>302.10126</gpxtpx:course>
		</gpxtpx:TrackPointExtension>
	</extensions>
</trkpt>
<trkpt lat="46.3777527" lon="14.0771911">
	<ele>549.35</ele>
	<time>2026-06-27T16:06:54.759Z</time>
	<hdop>3.79</hdop>
	<extensions>
		<gpxtpx:TrackPointExtension>
			<gpxtpx:course>312.15262</gpxtpx:course>
		</gpxtpx:TrackPointExtension>
	</extensions>
</trkpt>
<trkpt lat="46.3778559" lon="14.0770376">
	<ele>550.69</ele>
	<time>2026-06-27T16:06:59.766Z</time>
	<hdop>3.79</hdop>
	<extensions>
		<gpxtpx:TrackPointExtension>
			<gpxtpx:course>316.89954</gpxtpx:course>
		</gpxtpx:TrackPointExtension>
	</extensions>
</trkpt>
<trkpt lat="46.3779611" lon="14.0768388">
	<ele>553.01</ele>
	<time>2026-06-27T16:07:05.759Z</time>
	<hdop>3.79</hdop>
	<extensions>
		<gpxtpx:TrackPointExtension>
			<gpxtpx:course>299.42786</gpxtpx:course>
		</gpxtpx:TrackPointExtension>
	</extensions>
</trkpt>
<trkpt lat="46.3780505" lon="14.0766248">
	<ele>555.32</ele>
	<time>2026-06-27T16:07:11.762Z</time>
	<hdop>3.79</hdop>
	<extensions>
		<gpxtpx:TrackPointExtension>
			<gpxtpx:course>299.77994</gpxtpx:course>
		</gpxtpx:TrackPointExtension>
	</extensions>
</trkpt>
<trkpt lat="46.3781240" lon="14.0764514">
	<ele>556.56</ele>
	<time>2026-06-27T16:07:16.767Z</time>
	<hdop>3.79</hdop>
	<extensions>
		<gpxtpx:TrackPointExtension>
			<gpxtpx:course>298.81097</gpxtpx:course>
		</gpxtpx:TrackPointExtension>
	</extensions>
</trkpt>
<trkpt lat="46.3781729" lon="14.0762144">
	<ele>557.50</ele>
	<time>2026-06-27T16:07:22.769Z</time>
	<hdop>3.79</hdop>
	<extensions>
		<gpxtpx:TrackPointExtension>
			<gpxtpx:course>282.53513</gpxtpx:course>
		</gpxtpx:TrackPointExtension>
	</extensions>
</trkpt>
<trkpt lat="46.3782236" lon="14.0759879">
	<ele>558.29</ele>
	<time>2026-06-27T16:07:28.760Z</time>
	<hdop>3.79</hdop>
	<extensions>
		<gpxtpx:TrackPointExtension>
			<gpxtpx:course>280.80563</gpxtpx:course>
		</gpxtpx:TrackPointExtension>
	</extensions>
</trkpt>
<trkpt lat="46.3782569" lon="14.0757935">
	<ele>559.35</ele>
	<time>2026-06-27T16:07:33.760Z</time>
	<hdop>3.79</hdop>
	<extensions>
		<gpxtpx:TrackPointExtension>
			<gpxtpx:course>273.5167</gpxtpx:course>
		</gpxtpx:TrackPointExtension>
	</extensions>
</trkpt>
<trkpt lat="46.3782791" lon="14.0755490">
	<ele>561.15</ele>
	<time>2026-06-27T16:07:39.760Z</time>
	<hdop>3.79</hdop>
	<extensions>
		<gpxtpx:TrackPointExtension>
			<gpxtpx:course>278.8391</gpxtpx:course>
		</gpxtpx:TrackPointExtension>
	</extensions>
</trkpt>
<trkpt lat="46.3782971" lon="14.0753491">
	<ele>562.80</ele>
	<time>2026-06-27T16:07:44.760Z</time>
	<hdop>3.79</hdop>
	<extensions>
		<gpxtpx:TrackPointExtension>
			<gpxtpx:course>283.6777</gpxtpx:course>
		</gpxtpx:TrackPointExtension>
	</extensions>
</trkpt>
<trkpt lat="46.3783145" lon="14.0751582">
	<ele>564.47</ele>
	<time>2026-06-27T16:07:49.760Z</time>
	<hdop>3.79</hdop>
	<extensions>
		<gpxtpx:TrackPointExtension>
			<gpxtpx:course>266.2869</gpxtpx:course>
		</gpxtpx:TrackPointExtension>
	</extensions>
</trkpt>
<trkpt lat="46.3783304" lon="14.0749802">
	<ele>566.11</ele>
	<time>2026-06-27T16:07:54.760Z</time>
	<hdop>3.79</hdop>
	<extensions>
		<gpxtpx:TrackPointExtension>
			<gpxtpx:course>277.50873</gpxtpx:course>
		</gpxtpx:TrackPointExtension>
	</extensions>
</trkpt>
<trkpt lat="46.3783437" lon="14.0748187">
	<ele>567.74</ele>
	<time>2026-06-27T16:07:59.760Z</time>
	<hdop>3.79</hdop>
	<extensions>
		<gpxtpx:TrackPointExtension>
			<gpxtpx:course>278.1121</gpxtpx:course>
		</gpxtpx:TrackPointExtension>
	</extensions>
</trkpt>
<trkpt lat="46.3783584" lon="14.0746483">
	<ele>569.59</ele>
	<time>2026-06-27T16:08:04.760Z</time>
	<hdop>4.06</hdop>
	<extensions>
		<gpxtpx:TrackPointExtension>
			<gpxtpx:course>263.15372</gpxtpx:course>
		</gpxtpx:TrackPointExtension>
	</extensions>
</trkpt>
<trkpt lat="46.3783171" lon="14.0744930">
	<ele>571.72</ele>
	<time>2026-06-27T16:08:09.760Z</time>
	<hdop>3.79</hdop>
	<extensions>
		<gpxtpx:TrackPointExtension>
			<gpxtpx:course>238.32738</gpxtpx:course>
		</gpxtpx:TrackPointExtension>
	</extensions>
</trkpt>
<trkpt lat="46.3782517" lon="14.0743605">
	<ele>573.55</ele>
	<time>2026-06-27T16:08:14.760Z</time>
	<hdop>3.79</hdop>
	<extensions>
		<gpxtpx:TrackPointExtension>
			<gpxtpx:course>237.28743</gpxtpx:course>
		</gpxtpx:TrackPointExtension>
	</extensions>
</trkpt>
<trkpt lat="46.3781865" lon="14.0742084">
	<ele>575.32</ele>
	<time>2026-06-27T16:08:19.760Z</time>
	<hdop>3.79</hdop>
	<extensions>
		<gpxtpx:TrackPointExtension>
			<gpxtpx:course>240.38258</gpxtpx:course>
		</gpxtpx:TrackPointExtension>
	</extensions>
</trkpt>
<trkpt lat="46.3781287" lon="14.0740669">
	<ele>576.65</ele>
	<time>2026-06-27T16:08:24.760Z</time>
	<hdop>4.51</hdop>
	<extensions>
		<gpxtpx:TrackPointExtension>
			<gpxtpx:course>241.61108</gpxtpx:course>
		</gpxtpx:TrackPointExtension>
	</extensions>
</trkpt>
<trkpt lat="46.3780592" lon="14.0738949">
	<ele>578.19</ele>
	<time>2026-06-27T16:08:30.760Z</time>
	<hdop>3.79</hdop>
	<extensions>
		<gpxtpx:TrackPointExtension>
			<gpxtpx:course>235.26685</gpxtpx:course>
		</gpxtpx:TrackPointExtension>
	</extensions>
</trkpt>
<trkpt lat="46.3779673" lon="14.0738132">
	<ele>578.95</ele>
	<time>2026-06-27T16:08:35.760Z</time>
	<hdop>3.79</hdop>
	<extensions>
		<gpxtpx:TrackPointExtension>
			<gpxtpx:course>189.21399</gpxtpx:course>
		</gpxtpx:TrackPointExtension>
	</extensions>
</trkpt>
<trkpt lat="46.3778557" lon="14.0737251">
	<ele>579.65</ele>
	<time>2026-06-27T16:08:41.601Z</time>
	<hdop>3.69</hdop>
	<extensions>
		<gpxtpx:TrackPointExtension>
			<gpxtpx:course>215.18874</gpxtpx:course>
		</gpxtpx:TrackPointExtension>
	</extensions>
</trkpt>
<trkpt lat="46.3777587" lon="14.0736029">
	<ele>580.66</ele>
	<time>2026-06-27T16:08:46.762Z</time>
	<hdop>5.14</hdop>
	<extensions>
		<gpxtpx:TrackPointExtension>
			<gpxtpx:course>233.07402</gpxtpx:course>
		</gpxtpx:TrackPointExtension>
	</extensions>
</trkpt>
<trkpt lat="46.3776642" lon="14.0734446">
	<ele>582.06</ele>
	<time>2026-06-27T16:08:52.304Z</time>
	<hdop>6.06</hdop>
	<extensions>
		<gpxtpx:TrackPointExtension>
			<gpxtpx:course>228.91435</gpxtpx:course>
		</gpxtpx:TrackPointExtension>
	</extensions>
</trkpt>
<trkpt lat="46.3775844" lon="14.0733099">
	<ele>583.47</ele>
	<time>2026-06-27T16:08:57.760Z</time>
	<hdop>4.68</hdop>
	<extensions>
		<gpxtpx:TrackPointExtension>
			<gpxtpx:course>228.02698</gpxtpx:course>
		</gpxtpx:TrackPointExtension>
	</extensions>
</trkpt>
<trkpt lat="46.3774941" lon="14.0731886">
	<ele>585.42</ele>
	<time>2026-06-27T16:09:03.080Z</time>
	<hdop>3.73</hdop>
	<extensions>
		<gpxtpx:TrackPointExtension>
			<gpxtpx:course>223.77061</gpxtpx:course>
		</gpxtpx:TrackPointExtension>
	</extensions>
</trkpt>
<trkpt lat="46.3774215" lon="14.0730641">
	<ele>587.63</ele>
	<time>2026-06-27T16:09:08.203Z</time>
	<hdop>5.50</hdop>
	<extensions>
		<gpxtpx:TrackPointExtension>
			<gpxtpx:course>230.06639</gpxtpx:course>
		</gpxtpx:TrackPointExtension>
	</extensions>
</trkpt>
<trkpt lat="46.3773298" lon="14.0729412">
	<ele>590.19</ele>
	<time>2026-06-27T16:09:13.645Z</time>
	<hdop>5.93</hdop>
	<extensions>
		<gpxtpx:TrackPointExtension>
			<gpxtpx:course>210.81306</gpxtpx:course>
		</gpxtpx:TrackPointExtension>
	</extensions>
</trkpt>
<trkpt lat="46.3772954" lon="14.0728174">
	<ele>591.96</ele>
	<time>2026-06-27T16:09:20.760Z</time>
	<hdop>3.43</hdop>
	<extensions>
		<gpxtpx:TrackPointExtension>
			<gpxtpx:course>306.716</gpxtpx:course>
		</gpxtpx:TrackPointExtension>
	</extensions>
</trkpt>
<trkpt lat="46.3774180" lon="14.0727210">
	<ele>591.30</ele>
	<time>2026-06-27T16:09:26.307Z</time>
	<hdop>4.60</hdop>
	<extensions>
		<gpxtpx:TrackPointExtension>
			<gpxtpx:course>332.65836</gpxtpx:course>
		</gpxtpx:TrackPointExtension>
	</extensions>
</trkpt>
<trkpt lat="46.3775441" lon="14.0726125">
	<ele>589.62</ele>
	<time>2026-06-27T16:09:31.379Z</time>
	<hdop>6.17</hdop>
	<extensions>
		<gpxtpx:TrackPointExtension>
			<gpxtpx:course>336.76895</gpxtpx:course>
		</gpxtpx:TrackPointExtension>
	</extensions>
</trkpt>
<trkpt lat="46.3776652" lon="14.0724596">
	<ele>586.23</ele>
	<time>2026-06-27T16:09:36.610Z</time>
	<hdop>5.77</hdop>
	<extensions>
		<gpxtpx:TrackPointExtension>
			<gpxtpx:course>311.52335</gpxtpx:course>
		</gpxtpx:TrackPointExtension>
	</extensions>
</trkpt>
<trkpt lat="46.3776723" lon="14.0722315">
	<ele>582.66</ele>
	<time>2026-06-27T16:09:41.759Z</time>
	<hdop>3.43</hdop>
	<extensions>
		<gpxtpx:TrackPointExtension>
			<gpxtpx:course>242.0</gpxtpx:course>
		</gpxtpx:TrackPointExtension>
	</extensions>
</trkpt>
<trkpt lat="46.3775452" lon="14.0720241">
	<ele>580.12</ele>
	<time>2026-06-27T16:09:46.759Z</time>
	<hdop>3.79</hdop>
	<extensions>
		<gpxtpx:TrackPointExtension>
			<gpxtpx:course>224.0</gpxtpx:course>
		</gpxtpx:TrackPointExtension>
	</extensions>
</trkpt>
<trkpt lat="46.3774083" lon="14.0718356">
	<ele>576.85</ele>
	<time>2026-06-27T16:09:51.760Z</time>
	<hdop>3.79</hdop>
	<extensions>
		<gpxtpx:TrackPointExtension>
			<gpxtpx:course>216.0</gpxtpx:course>
		</gpxtpx:TrackPointExtension>
	</extensions>
</trkpt>
<trkpt lat="46.3774272" lon="14.0715500">
	<ele>574.04</ele>
	<time>2026-06-27T16:09:57.760Z</time>
	<hdop>3.79</hdop>
	<extensions>
		<gpxtpx:TrackPointExtension>
			<gpxtpx:course>334.0</gpxtpx:course>
		</gpxtpx:TrackPointExtension>
	</extensions>
</trkpt>
<trkpt lat="46.3776106" lon="14.0713132">
	<ele>575.25</ele>
	<time>2026-06-27T16:10:03.760Z</time>
	<hdop>3.79</hdop>
	<extensions>
		<gpxtpx:TrackPointExtension>
			<gpxtpx:course>301.0</gpxtpx:course>
		</gpxtpx:TrackPointExtension>
	</extensions>
</trkpt>
<trkpt lat="46.3776847" lon="14.0710167">
	<ele>579.62</ele>
	<time>2026-06-27T16:10:09.759Z</time>
	<hdop>3.79</hdop>
	<extensions>
		<gpxtpx:TrackPointExtension>
			<gpxtpx:course>270.0</gpxtpx:course>
		</gpxtpx:TrackPointExtension>
	</extensions>
</trkpt>
<trkpt lat="46.3776882" lon="14.0707524">
	<ele>582.70</ele>
	<time>2026-06-27T16:10:14.760Z</time>
	<hdop>3.79</hdop>
	<extensions>
		<gpxtpx:TrackPointExtension>
			<gpxtpx:course>277.0</gpxtpx:course>
		</gpxtpx:TrackPointExtension>
	</extensions>
</trkpt>
<trkpt lat="46.3777431" lon="14.0705206">
	<ele>585.14</ele>
	<time>2026-06-27T16:10:19.760Z</time>
	<hdop>3.79</hdop>
	<extensions>
		<gpxtpx:TrackPointExtension>
			<gpxtpx:course>301.0</gpxtpx:course>
		</gpxtpx:TrackPointExtension>
	</extensions>
</trkpt>
<trkpt lat="46.3778300" lon="14.0703524">
	<ele>587.09</ele>
	<time>2026-06-27T16:10:24.760Z</time>
	<hdop>3.79</hdop>
	<extensions>
		<gpxtpx:TrackPointExtension>
			<gpxtpx:course>311.0</gpxtpx:course>
		</gpxtpx:TrackPointExtension>
	</extensions>
</trkpt>
<trkpt lat="46.3778986" lon="14.0702128">
	<ele>588.34</ele>
	<time>2026-06-27T16:10:29.760Z</time>
	<hdop>3.79</hdop>
	<extensions>
		<gpxtpx:TrackPointExtension>
			<gpxtpx:course>306.0</gpxtpx:course>
		</gpxtpx:TrackPointExtension>
	</extensions>
</trkpt>
<trkpt lat="46.3779797" lon="14.0700598">
	<ele>589.44</ele>
	<time>2026-06-27T16:10:35.759Z</time>
	<hdop>3.79</hdop>
	<extensions>
		<gpxtpx:TrackPointExtension>
			<gpxtpx:course>311.0</gpxtpx:course>
		</gpxtpx:TrackPointExtension>
	</extensions>
</trkpt>
<trkpt lat="46.3780417" lon="14.0699337">
	<ele>590.16</ele>
	<time>2026-06-27T16:10:40.760Z</time>
	<hdop>3.79</hdop>
	<extensions>
		<gpxtpx:TrackPointExtension>
			<gpxtpx:course>308.0</gpxtpx:course>
		</gpxtpx:TrackPointExtension>
	</extensions>
</trkpt>
<trkpt lat="46.3781251" lon="14.0697782">
	<ele>590.69</ele>
	<time>2026-06-27T16:10:46.760Z</time>
	<hdop>3.79</hdop>
	<extensions>
		<gpxtpx:TrackPointExtension>
			<gpxtpx:course>319.0</gpxtpx:course>
		</gpxtpx:TrackPointExtension>
	</extensions>
</trkpt>
<trkpt lat="46.3782363" lon="14.0696569">
	<ele>590.83</ele>
	<time>2026-06-27T16:10:52.760Z</time>
	<hdop>3.79</hdop>
	<extensions>
		<gpxtpx:TrackPointExtension>
			<gpxtpx:course>331.0</gpxtpx:course>
		</gpxtpx:TrackPointExtension>
	</extensions>
</trkpt>
<trkpt lat="46.3783419" lon="14.0695787">
	<ele>590.88</ele>
	<time>2026-06-27T16:10:57.760Z</time>
	<hdop>3.79</hdop>
	<extensions>
		<gpxtpx:TrackPointExtension>
			<gpxtpx:course>341.0</gpxtpx:course>
		</gpxtpx:TrackPointExtension>
	</extensions>
</trkpt>
<trkpt lat="46.3784497" lon="14.0695155">
	<ele>591.13</ele>
	<time>2026-06-27T16:11:02.760Z</time>
	<hdop>3.79</hdop>
	<extensions>
		<gpxtpx:TrackPointExtension>
			<gpxtpx:course>332.0</gpxtpx:course>
		</gpxtpx:TrackPointExtension>
	</extensions>
</trkpt>
<trkpt lat="46.3785796" lon="14.0694248">
	<ele>591.87</ele>
	<time>2026-06-27T16:11:08.760Z</time>
	<hdop>3.79</hdop>
	<extensions>
		<gpxtpx:TrackPointExtension>
			<gpxtpx:course>354.0</gpxtpx:course>
		</gpxtpx:TrackPointExtension>
	</extensions>
</trkpt>
<trkpt lat="46.3786996" lon="14.0693085">
	<ele>593.15</ele>
	<time>2026-06-27T16:11:14.760Z</time>
	<hdop>3.79</hdop>
	<extensions>
		<gpxtpx:TrackPointExtension>
			<gpxtpx:course>327.0</gpxtpx:course>
		</gpxtpx:TrackPointExtension>
	</extensions>
</trkpt>
<trkpt lat="46.3788001" lon="14.0692177">
	<ele>594.58</ele>
	<time>2026-06-27T16:11:19.760Z</time>
	<hdop>3.79</hdop>
	<extensions>
		<gpxtpx:TrackPointExtension>
			<gpxtpx:course>331.0</gpxtpx:course>
		</gpxtpx:TrackPointExtension>
	</extensions>
</trkpt>
<trkpt lat="46.3788966" lon="14.0691246">
	<ele>596.12</ele>
	<time>2026-06-27T16:11:24.760Z</time>
	<hdop>3.79</hdop>
	<extensions>
		<gpxtpx:TrackPointExtension>
			<gpxtpx:course>320.0</gpxtpx:course>
		</gpxtpx:TrackPointExtension>
	</extensions>
</trkpt>
<trkpt lat="46.3789549" lon="14.0689983">
	<ele>597.31</ele>
	<time>2026-06-27T16:11:29.760Z</time>
	<hdop>3.79</hdop>
	<extensions>
		<gpxtpx:TrackPointExtension>
			<gpxtpx:course>279.0</gpxtpx:course>
		</gpxtpx:TrackPointExtension>
	</extensions>
</trkpt>
<trkpt lat="46.3789597" lon="14.0687879">
	<ele>597.91</ele>
	<time>2026-06-27T16:11:35.760Z</time>
	<hdop>3.79</hdop>
	<extensions>
		<gpxtpx:TrackPointExtension>
			<gpxtpx:course>274.0</gpxtpx:course>
		</gpxtpx:TrackPointExtension>
	</extensions>
</trkpt>
<trkpt lat="46.3789709" lon="14.0686149">
	<ele>598.38</ele>
	<time>2026-06-27T16:11:40.760Z</time>
	<hdop>3.79</hdop>
	<extensions>
		<gpxtpx:TrackPointExtension>
			<gpxtpx:course>273.0</gpxtpx:course>
		</gpxtpx:TrackPointExtension>
	</extensions>
</trkpt>
<trkpt lat="46.3789807" lon="14.0684216">
	<ele>598.89</ele>
	<time>2026-06-27T16:11:46.759Z</time>
	<hdop>3.79</hdop>
	<extensions>
		<gpxtpx:TrackPointExtension>
			<gpxtpx:course>273.0</gpxtpx:course>
		</gpxtpx:TrackPointExtension>
	</extensions>
</trkpt>
<trkpt lat="46.3790392" lon="14.0682986">
	<ele>599.73</ele>
	<time>2026-06-27T16:11:51.760Z</time>
	<hdop>3.79</hdop>
	<extensions>
		<gpxtpx:TrackPointExtension>
			<gpxtpx:course>351.0</gpxtpx:course>
		</gpxtpx:TrackPointExtension>
	</extensions>
</trkpt>
<trkpt lat="46.3791639" lon="14.0682959">
	<ele>600.97</ele>
	<time>2026-06-27T16:11:56.760Z</time>
	<hdop>3.79</hdop>
	<extensions>
		<gpxtpx:TrackPointExtension>
			<gpxtpx:course>11.0</gpxtpx:course>
		</gpxtpx:TrackPointExtension>
	</extensions>
</trkpt>
<trkpt lat="46.3792849" lon="14.0683301">
	<ele>602.28</ele>
	<time>2026-06-27T16:12:01.760Z</time>
	<hdop>3.79</hdop>
	<extensions>
		<gpxtpx:TrackPointExtension>
			<gpxtpx:course>18.0</gpxtpx:course>
		</gpxtpx:TrackPointExtension>
	</extensions>
</trkpt>
<trkpt lat="46.3794154" lon="14.0683831">
	<ele>603.94</ele>
	<time>2026-06-27T16:12:06.760Z</time>
	<hdop>3.79</hdop>
	<extensions>
		<gpxtpx:TrackPointExtension>
			<gpxtpx:course>20.0</gpxtpx:course>
		</gpxtpx:TrackPointExtension>
	</extensions>
</trkpt>
<trkpt lat="46.3795335" lon="14.0684381">
	<ele>605.51</ele>
	<time>2026-06-27T16:12:11.760Z</time>
	<hdop>3.79</hdop>
	<extensions>
		<gpxtpx:TrackPointExtension>
			<gpxtpx:course>26.0</gpxtpx:course>
		</gpxtpx:TrackPointExtension>
	</extensions>
</trkpt>
<trkpt lat="46.3796576" lon="14.0684538">
	<ele>607.20</ele>
	<time>2026-06-27T16:12:16.760Z</time>
	<hdop>3.79</hdop>
	<extensions>
		<gpxtpx:TrackPointExtension>
			<gpxtpx:course>6.0</gpxtpx:course>
		</gpxtpx:TrackPointExtension>
	</extensions>
</trkpt>
<trkpt lat="46.3797780" lon="14.0684424">
	<ele>608.92</ele>
	<time>2026-06-27T16:12:21.760Z</time>
	<hdop>3.79</hdop>
	<extensions>
		<gpxtpx:TrackPointExtension>
			<gpxtpx:course>2.0</gpxtpx:course>
		</gpxtpx:TrackPointExtension>
	</extensions>
</trkpt>
<trkpt lat="46.3798965" lon="14.0684556">
	<ele>610.23</ele>
	<time>2026-06-27T16:12:26.760Z</time>
	<hdop>3.79</hdop>
	<extensions>
		<gpxtpx:TrackPointExtension>
			<gpxtpx:course>4.0</gpxtpx:course>
		</gpxtpx:TrackPointExtension>
	</extensions>
</trkpt>
<trkpt lat="46.3800095" lon="14.0684434">
	<ele>611.34</ele>
	<time>2026-06-27T16:12:31.760Z</time>
	<hdop>3.79</hdop>
	<extensions>
		<gpxtpx:TrackPointExtension>
			<gpxtpx:course>350.0</gpxtpx:course>
		</gpxtpx:TrackPointExtension>
	</extensions>
</trkpt>
<trkpt lat="46.3801264" lon="14.0683966">
	<ele>612.39</ele>
	<time>2026-06-27T16:12:37.760Z</time>
	<hdop>3.79</hdop>
	<extensions>
		<gpxtpx:TrackPointExtension>
			<gpxtpx:course>334.0</gpxtpx:course>
		</gpxtpx:TrackPointExtension>
	</extensions>
</trkpt>
<trkpt lat="46.3802046" lon="14.0683213">
	<ele>613.08</ele>
	<time>2026-06-27T16:12:43.760Z</time>
	<hdop>3.79</hdop>
	<extensions>
		<gpxtpx:TrackPointExtension>
			<gpxtpx:course>310.0</gpxtpx:course>
		</gpxtpx:TrackPointExtension>
	</extensions>
</trkpt>
<trkpt lat="46.3802306" lon="14.0681573">
	<ele>613.77</ele>
	<time>2026-06-27T16:12:48.760Z</time>
	<hdop>3.79</hdop>
	<extensions>
		<gpxtpx:TrackPointExtension>
			<gpxtpx:course>276.0</gpxtpx:course>
		</gpxtpx:TrackPointExtension>
	</extensions>
</trkpt>
<trkpt lat="46.3802292" lon="14.0679939">
	<ele>614.16</ele>
	<time>2026-06-27T16:12:53.760Z</time>
	<hdop>3.79</hdop>
	<extensions>
		<gpxtpx:TrackPointExtension>
			<gpxtpx:course>269.0</gpxtpx:course>
		</gpxtpx:TrackPointExtension>
	</extensions>
</trkpt>
<trkpt lat="46.3802300" lon="14.0678197">
	<ele>614.42</ele>
	<time>2026-06-27T16:12:58.760Z</time>
	<hdop>3.79</hdop>
	<extensions>
		<gpxtpx:TrackPointExtension>
			<gpxtpx:course>266.0</gpxtpx:course>
		</gpxtpx:TrackPointExtension>
	</extensions>
</trkpt>
<trkpt lat="46.3802338" lon="14.0676111">
	<ele>614.69</ele>
	<time>2026-06-27T16:13:04.760Z</time>
	<hdop>3.79</hdop>
	<extensions>
		<gpxtpx:TrackPointExtension>
			<gpxtpx:course>273.0</gpxtpx:course>
		</gpxtpx:TrackPointExtension>
	</extensions>
</trkpt>
<trkpt lat="46.3802222" lon="14.0674255">
	<ele>614.92</ele>
	<time>2026-06-27T16:13:09.760Z</time>
	<hdop>3.79</hdop>
	<extensions>
		<gpxtpx:TrackPointExtension>
			<gpxtpx:course>258.0</gpxtpx:course>
		</gpxtpx:TrackPointExtension>
	</extensions>
</trkpt>
<trkpt lat="46.3802346" lon="14.0671479">
	<ele>615.35</ele>
	<time>2026-06-27T16:13:15.759Z</time>
	<hdop>3.79</hdop>
	<extensions>
		<gpxtpx:TrackPointExtension>
			<gpxtpx:course>273.0</gpxtpx:course>
		</gpxtpx:TrackPointExtension>
	</extensions>
</trkpt>
<trkpt lat="46.3802486" lon="14.0669050">
	<ele>615.81</ele>
	<time>2026-06-27T16:13:20.760Z</time>
	<hdop>3.79</hdop>
	<extensions>
		<gpxtpx:TrackPointExtension>
			<gpxtpx:course>283.0</gpxtpx:course>
		</gpxtpx:TrackPointExtension>
	</extensions>
</trkpt>
<trkpt lat="46.3802884" lon="14.0666684">
	<ele>616.70</ele>
	<time>2026-06-27T16:13:25.760Z</time>
	<hdop>3.79</hdop>
	<extensions>
		<gpxtpx:TrackPointExtension>
			<gpxtpx:course>288.0</gpxtpx:course>
		</gpxtpx:TrackPointExtension>
	</extensions>
</trkpt>
<trkpt lat="46.3803415" lon="14.0663853">
	<ele>618.00</ele>
	<time>2026-06-27T16:13:31.760Z</time>
	<hdop>3.79</hdop>
	<extensions>
		<gpxtpx:TrackPointExtension>
			<gpxtpx:course>279.0</gpxtpx:course>
		</gpxtpx:TrackPointExtension>
	</extensions>
</trkpt>
<trkpt lat="46.3803641" lon="14.0661036">
	<ele>618.93</ele>
	<time>2026-06-27T16:13:37.760Z</time>
	<hdop>3.79</hdop>
	<extensions>
		<gpxtpx:TrackPointExtension>
			<gpxtpx:course>282.0</gpxtpx:course>
		</gpxtpx:TrackPointExtension>
	</extensions>
</trkpt>
<trkpt lat="46.3803917" lon="14.0658588">
	<ele>619.87</ele>
	<time>2026-06-27T16:13:42.760Z</time>
	<hdop>3.79</hdop>
	<extensions>
		<gpxtpx:TrackPointExtension>
			<gpxtpx:course>279.0</gpxtpx:course>
		</gpxtpx:TrackPointExtension>
	</extensions>
</trkpt>
<trkpt lat="46.3804033" lon="14.0656221">
	<ele>621.04</ele>
	<time>2026-06-27T16:13:47.760Z</time>
	<hdop>3.79</hdop>
	<extensions>
		<gpxtpx:TrackPointExtension>
			<gpxtpx:course>274.0</gpxtpx:course>
		</gpxtpx:TrackPointExtension>
	</extensions>
</trkpt>
<trkpt lat="46.3803990" lon="14.0653885">
	<ele>622.42</ele>
	<time>2026-06-27T16:13:52.760Z</time>
	<hdop>3.79</hdop>
	<extensions>
		<gpxtpx:TrackPointExtension>
			<gpxtpx:course>262.0</gpxtpx:course>
		</gpxtpx:TrackPointExtension>
	</extensions>
</trkpt>
<trkpt lat="46.3803911" lon="14.0651699">
	<ele>623.77</ele>
	<time>2026-06-27T16:13:57.760Z</time>
	<hdop>3.79</hdop>
	<extensions>
		<gpxtpx:TrackPointExtension>
			<gpxtpx:course>265.0</gpxtpx:course>
		</gpxtpx:TrackPointExtension>
	</extensions>
</trkpt>
<trkpt lat="46.3803779" lon="14.0649456">
	<ele>625.06</ele>
	<time>2026-06-27T16:14:02.760Z</time>
	<hdop>3.79</hdop>
	<extensions>
		<gpxtpx:TrackPointExtension>
			<gpxtpx:course>257.0</gpxtpx:course>
		</gpxtpx:TrackPointExtension>
	</extensions>
</trkpt>
<trkpt lat="46.3803617" lon="14.0647258">
	<ele>626.32</ele>
	<time>2026-06-27T16:14:07.760Z</time>
	<hdop>3.79</hdop>
	<extensions>
		<gpxtpx:TrackPointExtension>
			<gpxtpx:course>260.0</gpxtpx:course>
		</gpxtpx:TrackPointExtension>
	</extensions>
</trkpt>
<trkpt lat="46.3803416" lon="14.0644860">
	<ele>627.65</ele>
	<time>2026-06-27T16:14:12.760Z</time>
	<hdop>3.79</hdop>
	<extensions>
		<gpxtpx:TrackPointExtension>
			<gpxtpx:course>266.0</gpxtpx:course>
		</gpxtpx:TrackPointExtension>
	</extensions>
</trkpt>
<trkpt lat="46.3803325" lon="14.0642495">
	<ele>629.13</ele>
	<time>2026-06-27T16:14:17.760Z</time>
	<hdop>3.79</hdop>
	<extensions>
		<gpxtpx:TrackPointExtension>
			<gpxtpx:course>267.0</gpxtpx:course>
		</gpxtpx:TrackPointExtension>
	</extensions>
</trkpt>
<trkpt lat="46.3803213" lon="14.0640210">
	<ele>630.66</ele>
	<time>2026-06-27T16:14:22.760Z</time>
	<hdop>3.79</hdop>
	<extensions>
		<gpxtpx:TrackPointExtension>
			<gpxtpx:course>265.0</gpxtpx:course>
		</gpxtpx:TrackPointExtension>
	</extensions>
</trkpt>
<trkpt lat="46.3802921" lon="14.0637999">
	<ele>632.40</ele>
	<time>2026-06-27T16:14:27.760Z</time>
	<hdop>3.79</hdop>
	<extensions>
		<gpxtpx:TrackPointExtension>
			<gpxtpx:course>252.0</gpxtpx:course>
		</gpxtpx:TrackPointExtension>
	</extensions>
</trkpt>
<trkpt lat="46.3802298" lon="14.0635245">
	<ele>634.52</ele>
	<time>2026-06-27T16:14:33.759Z</time>
	<hdop>3.79</hdop>
	<extensions>
		<gpxtpx:TrackPointExtension>
			<gpxtpx:course>247.0</gpxtpx:course>
		</gpxtpx:TrackPointExtension>
	</extensions>
</trkpt>
<trkpt lat="46.3801799" lon="14.0632923">
	<ele>635.70</ele>
	<time>2026-06-27T16:14:38.760Z</time>
	<hdop>3.79</hdop>
	<extensions>
		<gpxtpx:TrackPointExtension>
			<gpxtpx:course>253.0</gpxtpx:course>
		</gpxtpx:TrackPointExtension>
	</extensions>
</trkpt>
<trkpt lat="46.3801383" lon="14.0630412">
	<ele>635.65</ele>
	<time>2026-06-27T16:14:43.760Z</time>
	<hdop>4.01</hdop>
	<extensions>
		<gpxtpx:TrackPointExtension>
			<gpxtpx:course>246.0</gpxtpx:course>
		</gpxtpx:TrackPointExtension>
	</extensions>
</trkpt>
<trkpt lat="46.3800781" lon="14.0627313">
	<ele>634.85</ele>
	<time>2026-06-27T16:14:49.760Z</time>
	<hdop>3.79</hdop>
	<extensions>
		<gpxtpx:TrackPointExtension>
			<gpxtpx:course>253.0</gpxtpx:course>
		</gpxtpx:TrackPointExtension>
	</extensions>
</trkpt>
<trkpt lat="46.3800035" lon="14.0624028">
	<ele>634.93</ele>
	<time>2026-06-27T16:14:55.759Z</time>
	<hdop>3.79</hdop>
	<extensions>
		<gpxtpx:TrackPointExtension>
			<gpxtpx:course>252.0</gpxtpx:course>
		</gpxtpx:TrackPointExtension>
	</extensions>
</trkpt>
<trkpt lat="46.3799362" lon="14.0621240">
	<ele>635.72</ele>
	<time>2026-06-27T16:15:00.759Z</time>
	<hdop>4.07</hdop>
	<extensions>
		<gpxtpx:TrackPointExtension>
			<gpxtpx:course>251.0</gpxtpx:course>
		</gpxtpx:TrackPointExtension>
	</extensions>
</trkpt>
<trkpt lat="46.3798447" lon="14.0618530">
	<ele>635.90</ele>
	<time>2026-06-27T16:15:05.760Z</time>
	<hdop>3.79</hdop>
	<extensions>
		<gpxtpx:TrackPointExtension>
			<gpxtpx:course>239.0</gpxtpx:course>
		</gpxtpx:TrackPointExtension>
	</extensions>
</trkpt>
<trkpt lat="46.3797115" lon="14.0615865">
	<ele>635.07</ele>
	<time>2026-06-27T16:15:10.760Z</time>
	<hdop>3.79</hdop>
	<extensions>
		<gpxtpx:TrackPointExtension>
			<gpxtpx:course>233.0</gpxtpx:course>
		</gpxtpx:TrackPointExtension>
	</extensions>
</trkpt>
<trkpt lat="46.3795507" lon="14.0613195">
	<ele>633.66</ele>
	<time>2026-06-27T16:15:15.760Z</time>
	<hdop>3.79</hdop>
	<extensions>
		<gpxtpx:TrackPointExtension>
			<gpxtpx:course>221.0</gpxtpx:course>
		</gpxtpx:TrackPointExtension>
	</extensions>
</trkpt>
<trkpt lat="46.3793759" lon="14.0610713">
	<ele>632.77</ele>
	<time>2026-06-27T16:15:20.760Z</time>
	<hdop>3.79</hdop>
	<extensions>
		<gpxtpx:TrackPointExtension>
			<gpxtpx:course>220.0</gpxtpx:course>
		</gpxtpx:TrackPointExtension>
	</extensions>
</trkpt>
<trkpt lat="46.3791924" lon="14.0608390">
	<ele>632.85</ele>
	<time>2026-06-27T16:15:25.760Z</time>
	<hdop>3.79</hdop>
	<extensions>
		<gpxtpx:TrackPointExtension>
			<gpxtpx:course>222.0</gpxtpx:course>
		</gpxtpx:TrackPointExtension>
	</extensions>
</trkpt>
<trkpt lat="46.3789976" lon="14.0605846">
	<ele>634.14</ele>
	<time>2026-06-27T16:15:30.760Z</time>
	<hdop>3.79</hdop>
	<extensions>
		<gpxtpx:TrackPointExtension>
			<gpxtpx:course>223.0</gpxtpx:course>
		</gpxtpx:TrackPointExtension>
	</extensions>
</trkpt>
<trkpt lat="46.3788024" lon="14.0603210">
	<ele>635.48</ele>
	<time>2026-06-27T16:15:35.760Z</time>
	<hdop>3.79</hdop>
	<extensions>
		<gpxtpx:TrackPointExtension>
			<gpxtpx:course>225.0</gpxtpx:course>
		</gpxtpx:TrackPointExtension>
	</extensions>
</trkpt>
<trkpt lat="46.3786083" lon="14.0600658">
	<ele>635.81</ele>
	<time>2026-06-27T16:15:40.760Z</time>
	<hdop>3.79</hdop>
	<extensions>
		<gpxtpx:TrackPointExtension>
			<gpxtpx:course>222.0</gpxtpx:course>
		</gpxtpx:TrackPointExtension>
	</extensions>
</trkpt>
<trkpt lat="46.3783809" lon="14.0597829">
	<ele>636.32</ele>
	<time>2026-06-27T16:15:46.759Z</time>
	<hdop>3.79</hdop>
	<extensions>
		<gpxtpx:TrackPointExtension>
			<gpxtpx:course>211.0</gpxtpx:course>
		</gpxtpx:TrackPointExtension>
	</extensions>
</trkpt>
<trkpt lat="46.3781588" lon="14.0596301">
	<ele>637.50</ele>
	<time>2026-06-27T16:15:51.760Z</time>
	<hdop>3.79</hdop>
	<extensions>
		<gpxtpx:TrackPointExtension>
			<gpxtpx:course>196.0</gpxtpx:course>
		</gpxtpx:TrackPointExtension>
	</extensions>
</trkpt>
<trkpt lat="46.3779304" lon="14.0595049">
	<ele>638.35</ele>
	<time>2026-06-27T16:15:56.760Z</time>
	<hdop>3.79</hdop>
	<extensions>
		<gpxtpx:TrackPointExtension>
			<gpxtpx:course>197.0</gpxtpx:course>
		</gpxtpx:TrackPointExtension>
	</extensions>
</trkpt>
<trkpt lat="46.3776504" lon="14.0593608">
	<ele>638.45</ele>
	<time>2026-06-27T16:16:02.760Z</time>
	<hdop>3.79</hdop>
	<extensions>
		<gpxtpx:TrackPointExtension>
			<gpxtpx:course>204.0</gpxtpx:course>
		</gpxtpx:TrackPointExtension>
	</extensions>
</trkpt>
<trkpt lat="46.3774562" lon="14.0591342">
	<ele>638.04</ele>
	<time>2026-06-27T16:16:07.760Z</time>
	<hdop>3.79</hdop>
	<extensions>
		<gpxtpx:TrackPointExtension>
			<gpxtpx:course>231.0</gpxtpx:course>
		</gpxtpx:TrackPointExtension>
	</extensions>
</trkpt>
<trkpt lat="46.3773423" lon="14.0587940">
	<ele>638.20</ele>
	<time>2026-06-27T16:16:12.760Z</time>
	<hdop>3.79</hdop>
	<extensions>
		<gpxtpx:TrackPointExtension>
			<gpxtpx:course>253.0</gpxtpx:course>
		</gpxtpx:TrackPointExtension>
	</extensions>
</trkpt>
<trkpt lat="46.3772894" lon="14.0584304">
	<ele>638.23</ele>
	<time>2026-06-27T16:16:17.760Z</time>
	<hdop>3.79</hdop>
	<extensions>
		<gpxtpx:TrackPointExtension>
			<gpxtpx:course>260.0</gpxtpx:course>
		</gpxtpx:TrackPointExtension>
	</extensions>
</trkpt>
<trkpt lat="46.3772305" lon="14.0579892">
	<ele>636.62</ele>
	<time>2026-06-27T16:16:23.760Z</time>
	<hdop>3.79</hdop>
	<extensions>
		<gpxtpx:TrackPointExtension>
			<gpxtpx:course>258.0</gpxtpx:course>
		</gpxtpx:TrackPointExtension>
	</extensions>
</trkpt>
<trkpt lat="46.3771805" lon="14.0576144">
	<ele>634.47</ele>
	<time>2026-06-27T16:16:28.760Z</time>
	<hdop>3.79</hdop>
	<extensions>
		<gpxtpx:TrackPointExtension>
			<gpxtpx:course>256.0</gpxtpx:course>
		</gpxtpx:TrackPointExtension>
	</extensions>
</trkpt>
<trkpt lat="46.3771055" lon="14.0572549">
	<ele>632.36</ele>
	<time>2026-06-27T16:16:33.760Z</time>
	<hdop>3.79</hdop>
	<extensions>
		<gpxtpx:TrackPointExtension>
			<gpxtpx:course>249.0</gpxtpx:course>
		</gpxtpx:TrackPointExtension>
	</extensions>
</trkpt>
<trkpt lat="46.3769960" lon="14.0568686">
	<ele>632.06</ele>
	<time>2026-06-27T16:16:39.760Z</time>
	<hdop>3.79</hdop>
	<extensions>
		<gpxtpx:TrackPointExtension>
			<gpxtpx:course>254.0</gpxtpx:course>
		</gpxtpx:TrackPointExtension>
	</extensions>
</trkpt>
<trkpt lat="46.3769371" lon="14.0566142">
	<ele>632.85</ele>
	<time>2026-06-27T16:16:44.760Z</time>
	<hdop>3.79</hdop>
	<extensions>
		<gpxtpx:TrackPointExtension>
			<gpxtpx:course>251.0</gpxtpx:course>
		</gpxtpx:TrackPointExtension>
	</extensions>
</trkpt>
<trkpt lat="46.3768529" lon="14.0563415">
	<ele>634.09</ele>
	<time>2026-06-27T16:16:49.760Z</time>
	<hdop>3.79</hdop>
	<extensions>
		<gpxtpx:TrackPointExtension>
			<gpxtpx:course>241.0</gpxtpx:course>
		</gpxtpx:TrackPointExtension>
	</extensions>
</trkpt>
<trkpt lat="46.3767031" lon="14.0560283">
	<ele>635.61</ele>
	<time>2026-06-27T16:16:54.760Z</time>
	<hdop>3.79</hdop>
	<extensions>
		<gpxtpx:TrackPointExtension>
			<gpxtpx:course>229.0</gpxtpx:course>
		</gpxtpx:TrackPointExtension>
	</extensions>
</trkpt>
<trkpt lat="46.3764758" lon="14.0557757">
	<ele>637.42</ele>
	<time>2026-06-27T16:16:59.760Z</time>
	<hdop>3.79</hdop>
	<extensions>
		<gpxtpx:TrackPointExtension>
			<gpxtpx:course>204.0</gpxtpx:course>
		</gpxtpx:TrackPointExtension>
	</extensions>
</trkpt>
<trkpt lat="46.3762170" lon="14.0555995">
	<ele>638.79</ele>
	<time>2026-06-27T16:17:04.760Z</time>
	<hdop>3.79</hdop>
	<extensions>
		<gpxtpx:TrackPointExtension>
			<gpxtpx:course>209.0</gpxtpx:course>
		</gpxtpx:TrackPointExtension>
	</extensions>
</trkpt>
<trkpt lat="46.3760103" lon="14.0552157">
	<ele>635.65</ele>
	<time>2026-06-27T16:17:10.760Z</time>
	<hdop>3.79</hdop>
	<extensions>
		<gpxtpx:TrackPointExtension>
			<gpxtpx:course>249.0</gpxtpx:course>
		</gpxtpx:TrackPointExtension>
	</extensions>
</trkpt>
<trkpt lat="46.3760588" lon="14.0548328">
	<ele>633.59</ele>
	<time>2026-06-27T16:17:15.760Z</time>
	<hdop>3.79</hdop>
	<extensions>
		<gpxtpx:TrackPointExtension>
			<gpxtpx:course>306.0</gpxtpx:course>
		</gpxtpx:TrackPointExtension>
	</extensions>
</trkpt>
<trkpt lat="46.3763330" lon="14.0547002">
	<ele>632.91</ele>
	<time>2026-06-27T16:17:20.760Z</time>
	<hdop>3.79</hdop>
	<extensions>
		<gpxtpx:TrackPointExtension>
			<gpxtpx:course>356.0</gpxtpx:course>
		</gpxtpx:TrackPointExtension>
	</extensions>
</trkpt>
<trkpt lat="46.3766830" lon="14.0547041">
	<ele>630.75</ele>
	<time>2026-06-27T16:17:25.760Z</time>
	<hdop>3.79</hdop>
	<extensions>
		<gpxtpx:TrackPointExtension>
			<gpxtpx:course>6.0</gpxtpx:course>
		</gpxtpx:TrackPointExtension>
	</extensions>
</trkpt>
<trkpt lat="46.3770454" lon="14.0548685">
	<ele>626.27</ele>
	<time>2026-06-27T16:17:30.760Z</time>
	<hdop>3.79</hdop>
	<extensions>
		<gpxtpx:TrackPointExtension>
			<gpxtpx:course>25.0</gpxtpx:course>
		</gpxtpx:TrackPointExtension>
	</extensions>
</trkpt>
<trkpt lat="46.3773950" lon="14.0551422">
	<ele>617.75</ele>
	<time>2026-06-27T16:17:36.759Z</time>
	<hdop>3.79</hdop>
	<extensions>
		<gpxtpx:TrackPointExtension>
			<gpxtpx:course>30.0</gpxtpx:course>
		</gpxtpx:TrackPointExtension>
	</extensions>
</trkpt>
<trkpt lat="46.3777035" lon="14.0551073">
	<ele>613.33</ele>
	<time>2026-06-27T16:17:41.760Z</time>
	<hdop>3.79</hdop>
	<extensions>
		<gpxtpx:TrackPointExtension>
			<gpxtpx:course>333.0</gpxtpx:course>
		</gpxtpx:TrackPointExtension>
	</extensions>
</trkpt>
<trkpt lat="46.3779608" lon="14.0548033">
	<ele>611.64</ele>
	<time>2026-06-27T16:17:46.760Z</time>
	<hdop>3.79</hdop>
	<extensions>
		<gpxtpx:TrackPointExtension>
			<gpxtpx:course>323.0</gpxtpx:course>
		</gpxtpx:TrackPointExtension>
	</extensions>
</trkpt>
<trkpt lat="46.3782106" lon="14.0545072">
	<ele>610.34</ele>
	<time>2026-06-27T16:17:51.760Z</time>
	<hdop>3.79</hdop>
	<extensions>
		<gpxtpx:TrackPointExtension>
			<gpxtpx:course>325.0</gpxtpx:course>
		</gpxtpx:TrackPointExtension>
	</extensions>
</trkpt>
<trkpt lat="46.3784746" lon="14.0541959">
	<ele>612.83</ele>
	<time>2026-06-27T16:17:57.759Z</time>
	<hdop>3.79</hdop>
	<extensions>
		<gpxtpx:TrackPointExtension>
			<gpxtpx:course>319.0</gpxtpx:course>
		</gpxtpx:TrackPointExtension>
	</extensions>
</trkpt>
<trkpt lat="46.3785587" lon="14.0538320">
	<ele>616.19</ele>
	<time>2026-06-27T16:18:02.759Z</time>
	<hdop>3.79</hdop>
	<extensions>
		<gpxtpx:TrackPointExtension>
			<gpxtpx:course>276.0</gpxtpx:course>
		</gpxtpx:TrackPointExtension>
	</extensions>
</trkpt>
<trkpt lat="46.3785631" lon="14.0534127">
	<ele>618.72</ele>
	<time>2026-06-27T16:18:07.760Z</time>
	<hdop>3.79</hdop>
	<extensions>
		<gpxtpx:TrackPointExtension>
			<gpxtpx:course>279.0</gpxtpx:course>
		</gpxtpx:TrackPointExtension>
	</extensions>
</trkpt>
<trkpt lat="46.3786722" lon="14.0529631">
	<ele>622.05</ele>
	<time>2026-06-27T16:18:13.760Z</time>
	<hdop>3.79</hdop>
	<extensions>
		<gpxtpx:TrackPointExtension>
			<gpxtpx:course>289.0</gpxtpx:course>
		</gpxtpx:TrackPointExtension>
	</extensions>
</trkpt>
<trkpt lat="46.3787569" lon="14.0525827">
	<ele>623.99</ele>
	<time>2026-06-27T16:18:18.760Z</time>
	<hdop>3.79</hdop>
	<extensions>
		<gpxtpx:TrackPointExtension>
			<gpxtpx:course>289.0</gpxtpx:course>
		</gpxtpx:TrackPointExtension>
	</extensions>
</trkpt>
<trkpt lat="46.3788586" lon="14.0521578">
	<ele>623.69</ele>
	<time>2026-06-27T16:18:24.759Z</time>
	<hdop>3.79</hdop>
	<extensions>
		<gpxtpx:TrackPointExtension>
			<gpxtpx:course>293.0</gpxtpx:course>
		</gpxtpx:TrackPointExtension>
	</extensions>
</trkpt>
<trkpt lat="46.3789699" lon="14.0518397">
	<ele>622.40</ele>
	<time>2026-06-27T16:18:29.759Z</time>
	<hdop>3.79</hdop>
	<extensions>
		<gpxtpx:TrackPointExtension>
			<gpxtpx:course>305.0</gpxtpx:course>
		</gpxtpx:TrackPointExtension>
	</extensions>
</trkpt>
<trkpt lat="46.3791212" lon="14.0515607">
	<ele>622.86</ele>
	<time>2026-06-27T16:18:34.759Z</time>
	<hdop>3.79</hdop>
	<extensions>
		<gpxtpx:TrackPointExtension>
			<gpxtpx:course>317.0</gpxtpx:course>
		</gpxtpx:TrackPointExtension>
	</extensions>
</trkpt>
<trkpt lat="46.3792977" lon="14.0513235">
	<ele>623.69</ele>
	<time>2026-06-27T16:18:39.760Z</time>
	<hdop>3.79</hdop>
	<extensions>
		<gpxtpx:TrackPointExtension>
			<gpxtpx:course>323.0</gpxtpx:course>
		</gpxtpx:TrackPointExtension>
	</extensions>
</trkpt>
<trkpt lat="46.3794585" lon="14.0510811">
	<ele>622.14</ele>
	<time>2026-06-27T16:18:44.760Z</time>
	<hdop>3.79</hdop>
	<extensions>
		<gpxtpx:TrackPointExtension>
			<gpxtpx:course>317.0</gpxtpx:course>
		</gpxtpx:TrackPointExtension>
	</extensions>
</trkpt>
<trkpt lat="46.3796694" lon="14.0508277">
	<ele>619.55</ele>
	<time>2026-06-27T16:18:49.760Z</time>
	<hdop>3.79</hdop>
	<extensions>
		<gpxtpx:TrackPointExtension>
			<gpxtpx:course>326.0</gpxtpx:course>
		</gpxtpx:TrackPointExtension>
	</extensions>
</trkpt>
<trkpt lat="46.3799447" lon="14.0506791">
	<ele>620.82</ele>
	<time>2026-06-27T16:18:54.760Z</time>
	<hdop>3.79</hdop>
	<extensions>
		<gpxtpx:TrackPointExtension>
			<gpxtpx:course>344.0</gpxtpx:course>
		</gpxtpx:TrackPointExtension>
	</extensions>
</trkpt>
<trkpt lat="46.3802667" lon="14.0505205">
	<ele>625.33</ele>
	<time>2026-06-27T16:19:00.760Z</time>
	<hdop>3.79</hdop>
	<extensions>
		<gpxtpx:TrackPointExtension>
			<gpxtpx:course>326.0</gpxtpx:course>
		</gpxtpx:TrackPointExtension>
	</extensions>
</trkpt>
<trkpt lat="46.3804911" lon="14.0502487">
	<ele>624.96</ele>
	<time>2026-06-27T16:19:05.760Z</time>
	<hdop>3.79</hdop>
	<extensions>
		<gpxtpx:TrackPointExtension>
			<gpxtpx:course>317.0</gpxtpx:course>
		</gpxtpx:TrackPointExtension>
	</extensions>
</trkpt>
<trkpt lat="46.3807136" lon="14.0498673">
	<ele>619.72</ele>
	<time>2026-06-27T16:19:11.760Z</time>
	<hdop>3.79</hdop>
	<extensions>
		<gpxtpx:TrackPointExtension>
			<gpxtpx:course>303.0</gpxtpx:course>
		</gpxtpx:TrackPointExtension>
	</extensions>
</trkpt>
<trkpt lat="46.3809106" lon="14.0494514">
	<ele>617.68</ele>
	<time>2026-06-27T16:19:17.759Z</time>
	<hdop>3.79</hdop>
	<extensions>
		<gpxtpx:TrackPointExtension>
			<gpxtpx:course>306.0</gpxtpx:course>
		</gpxtpx:TrackPointExtension>
	</extensions>
</trkpt>
<trkpt lat="46.3810701" lon="14.0490937">
	<ele>620.64</ele>
	<time>2026-06-27T16:19:22.760Z</time>
	<hdop>3.79</hdop>
	<extensions>
		<gpxtpx:TrackPointExtension>
			<gpxtpx:course>305.0</gpxtpx:course>
		</gpxtpx:TrackPointExtension>
	</extensions>
</trkpt>
<trkpt lat="46.3812783" lon="14.0487144">
	<ele>625.85</ele>
	<time>2026-06-27T16:19:28.759Z</time>
	<hdop>3.79</hdop>
	<extensions>
		<gpxtpx:TrackPointExtension>
			<gpxtpx:course>310.0</gpxtpx:course>
		</gpxtpx:TrackPointExtension>
	</extensions>
</trkpt>
<trkpt lat="46.3814567" lon="14.0484074">
	<ele>625.50</ele>
	<time>2026-06-27T16:19:33.759Z</time>
	<hdop>3.79</hdop>
	<extensions>
		<gpxtpx:TrackPointExtension>
			<gpxtpx:course>312.0</gpxtpx:course>
		</gpxtpx:TrackPointExtension>
	</extensions>
</trkpt>
<trkpt lat="46.3816371" lon="14.0481097">
	<ele>623.75</ele>
	<time>2026-06-27T16:19:38.760Z</time>
	<hdop>3.79</hdop>
	<extensions>
		<gpxtpx:TrackPointExtension>
			<gpxtpx:course>309.0</gpxtpx:course>
		</gpxtpx:TrackPointExtension>
	</extensions>
</trkpt>
<trkpt lat="46.3818144" lon="14.0478157">
	<ele>625.40</ele>
	<time>2026-06-27T16:19:43.760Z</time>
	<hdop>3.79</hdop>
	<extensions>
		<gpxtpx:TrackPointExtension>
			<gpxtpx:course>305.0</gpxtpx:course>
		</gpxtpx:TrackPointExtension>
	</extensions>
</trkpt>
<trkpt lat="46.3819876" lon="14.0473999">
	<ele>628.53</ele>
	<time>2026-06-27T16:19:49.759Z</time>
	<hdop>3.79</hdop>
	<extensions>
		<gpxtpx:TrackPointExtension>
			<gpxtpx:course>301.0</gpxtpx:course>
		</gpxtpx:TrackPointExtension>
	</extensions>
</trkpt>
<trkpt lat="46.3821026" lon="14.0470586">
	<ele>628.72</ele>
	<time>2026-06-27T16:19:54.760Z</time>
	<hdop>3.79</hdop>
	<extensions>
		<gpxtpx:TrackPointExtension>
			<gpxtpx:course>293.0</gpxtpx:course>
		</gpxtpx:TrackPointExtension>
	</extensions>
</trkpt>
<trkpt lat="46.3821407" lon="14.0466611">
	<ele>624.09</ele>
	<time>2026-06-27T16:19:59.760Z</time>
	<hdop>3.79</hdop>
	<extensions>
		<gpxtpx:TrackPointExtension>
			<gpxtpx:course>270.0</gpxtpx:course>
		</gpxtpx:TrackPointExtension>
	</extensions>
</trkpt>
<trkpt lat="46.3822193" lon="14.0462718">
	<ele>621.92</ele>
	<time>2026-06-27T16:20:04.760Z</time>
	<hdop>3.79</hdop>
	<extensions>
		<gpxtpx:TrackPointExtension>
			<gpxtpx:course>294.0</gpxtpx:course>
		</gpxtpx:TrackPointExtension>
	</extensions>
</trkpt>
<trkpt lat="46.3823638" lon="14.0459289">
	<ele>622.33</ele>
	<time>2026-06-27T16:20:09.760Z</time>
	<hdop>3.79</hdop>
	<extensions>
		<gpxtpx:TrackPointExtension>
			<gpxtpx:course>302.0</gpxtpx:course>
		</gpxtpx:TrackPointExtension>
	</extensions>
</trkpt>
<trkpt lat="46.3824733" lon="14.0455596">
	<ele>622.81</ele>
	<time>2026-06-27T16:20:14.760Z</time>
	<hdop>3.79</hdop>
	<extensions>
		<gpxtpx:TrackPointExtension>
			<gpxtpx:course>288.0</gpxtpx:course>
		</gpxtpx:TrackPointExtension>
	</extensions>
</trkpt>
<trkpt lat="46.3825379" lon="14.0451671">
	<ele>623.86</ele>
	<time>2026-06-27T16:20:19.760Z</time>
	<hdop>3.79</hdop>
	<extensions>
		<gpxtpx:TrackPointExtension>
			<gpxtpx:course>285.0</gpxtpx:course>
		</gpxtpx:TrackPointExtension>
	</extensions>
</trkpt>
<trkpt lat="46.3826437" lon="14.0447074">
	<ele>624.30</ele>
	<time>2026-06-27T16:20:25.760Z</time>
	<hdop>3.79</hdop>
	<extensions>
		<gpxtpx:TrackPointExtension>
			<gpxtpx:course>291.0</gpxtpx:course>
		</gpxtpx:TrackPointExtension>
	</extensions>
</trkpt>
<trkpt lat="46.3827755" lon="14.0443437">
	<ele>624.72</ele>
	<time>2026-06-27T16:20:30.760Z</time>
	<hdop>3.79</hdop>
	<extensions>
		<gpxtpx:TrackPointExtension>
			<gpxtpx:course>301.0</gpxtpx:course>
		</gpxtpx:TrackPointExtension>
	</extensions>
</trkpt>
<trkpt lat="46.3829284" lon="14.0439912">
	<ele>624.85</ele>
	<time>2026-06-27T16:20:35.760Z</time>
	<hdop>3.79</hdop>
	<extensions>
		<gpxtpx:TrackPointExtension>
			<gpxtpx:course>298.0</gpxtpx:course>
		</gpxtpx:TrackPointExtension>
	</extensions>
</trkpt>
<trkpt lat="46.3830887" lon="14.0436323">
	<ele>625.13</ele>
	<time>2026-06-27T16:20:40.760Z</time>
	<hdop>3.79</hdop>
	<extensions>
		<gpxtpx:TrackPointExtension>
			<gpxtpx:course>305.0</gpxtpx:course>
		</gpxtpx:TrackPointExtension>
	</extensions>
</trkpt>
<trkpt lat="46.3832537" lon="14.0432583">
	<ele>625.86</ele>
	<time>2026-06-27T16:20:45.760Z</time>
	<hdop>3.79</hdop>
	<extensions>
		<gpxtpx:TrackPointExtension>
			<gpxtpx:course>303.0</gpxtpx:course>
		</gpxtpx:TrackPointExtension>
	</extensions>
</trkpt>
<trkpt lat="46.3834214" lon="14.0428631">
	<ele>625.99</ele>
	<time>2026-06-27T16:20:50.760Z</time>
	<hdop>3.79</hdop>
	<extensions>
		<gpxtpx:TrackPointExtension>
			<gpxtpx:course>304.0</gpxtpx:course>
		</gpxtpx:TrackPointExtension>
	</extensions>
</trkpt>
<trkpt lat="46.3836252" lon="14.0423830">
	<ele>625.93</ele>
	<time>2026-06-27T16:20:56.760Z</time>
	<hdop>3.79</hdop>
	<extensions>
		<gpxtpx:TrackPointExtension>
			<gpxtpx:course>300.0</gpxtpx:course>
		</gpxtpx:TrackPointExtension>
	</extensions>
</trkpt>
<trkpt lat="46.3837844" lon="14.0419906">
	<ele>626.53</ele>
	<time>2026-06-27T16:21:01.760Z</time>
	<hdop>3.79</hdop>
	<extensions>
		<gpxtpx:TrackPointExtension>
			<gpxtpx:course>299.0</gpxtpx:course>
		</gpxtpx:TrackPointExtension>
	</extensions>
</trkpt>
<trkpt lat="46.3839371" lon="14.0415888">
	<ele>627.13</ele>
	<time>2026-06-27T16:21:06.760Z</time>
	<hdop>3.79</hdop>
	<extensions>
		<gpxtpx:TrackPointExtension>
			<gpxtpx:course>296.0</gpxtpx:course>
		</gpxtpx:TrackPointExtension>
	</extensions>
</trkpt>
<trkpt lat="46.3840839" lon="14.0411170">
	<ele>628.09</ele>
	<time>2026-06-27T16:21:12.760Z</time>
	<hdop>3.79</hdop>
	<extensions>
		<gpxtpx:TrackPointExtension>
			<gpxtpx:course>288.0</gpxtpx:course>
		</gpxtpx:TrackPointExtension>
	</extensions>
</trkpt>
<trkpt lat="46.3841507" lon="14.0406283">
	<ele>628.74</ele>
	<time>2026-06-27T16:21:18.759Z</time>
	<hdop>3.79</hdop>
	<extensions>
		<gpxtpx:TrackPointExtension>
			<gpxtpx:course>276.0</gpxtpx:course>
		</gpxtpx:TrackPointExtension>
	</extensions>
</trkpt>
<trkpt lat="46.3842057" lon="14.0402064">
	<ele>628.83</ele>
	<time>2026-06-27T16:21:23.760Z</time>
	<hdop>3.79</hdop>
	<extensions>
		<gpxtpx:TrackPointExtension>
			<gpxtpx:course>282.0</gpxtpx:course>
		</gpxtpx:TrackPointExtension>
	</extensions>
</trkpt>
<trkpt lat="46.3843686" lon="14.0397050">
	<ele>629.39</ele>
	<time>2026-06-27T16:21:29.759Z</time>
	<hdop>3.79</hdop>
	<extensions>
		<gpxtpx:TrackPointExtension>
			<gpxtpx:course>298.0</gpxtpx:course>
		</gpxtpx:TrackPointExtension>
	</extensions>
</trkpt>
<trkpt lat="46.3845459" lon="14.0393267">
	<ele>627.90</ele>
	<time>2026-06-27T16:21:34.760Z</time>
	<hdop>3.79</hdop>
	<extensions>
		<gpxtpx:TrackPointExtension>
			<gpxtpx:course>302.0</gpxtpx:course>
		</gpxtpx:TrackPointExtension>
	</extensions>
</trkpt>
<trkpt lat="46.3847173" lon="14.0389673">
	<ele>626.52</ele>
	<time>2026-06-27T16:21:39.760Z</time>
	<hdop>3.79</hdop>
	<extensions>
		<gpxtpx:TrackPointExtension>
			<gpxtpx:course>303.0</gpxtpx:course>
		</gpxtpx:TrackPointExtension>
	</extensions>
</trkpt>
<trkpt lat="46.3848881" lon="14.0386299">
	<ele>627.51</ele>
	<time>2026-06-27T16:21:44.760Z</time>
	<hdop>3.79</hdop>
	<extensions>
		<gpxtpx:TrackPointExtension>
			<gpxtpx:course>307.0</gpxtpx:course>
		</gpxtpx:TrackPointExtension>
	</extensions>
</trkpt>
<trkpt lat="46.3850943" lon="14.0383228">
	<ele>629.77</ele>
	<time>2026-06-27T16:21:49.760Z</time>
	<hdop>3.79</hdop>
	<extensions>
		<gpxtpx:TrackPointExtension>
			<gpxtpx:course>314.0</gpxtpx:course>
		</gpxtpx:TrackPointExtension>
	</extensions>
</trkpt>
<trkpt lat="46.3852851" lon="14.0379773">
	<ele>631.75</ele>
	<time>2026-06-27T16:21:54.760Z</time>
	<hdop>3.79</hdop>
	<extensions>
		<gpxtpx:TrackPointExtension>
			<gpxtpx:course>303.0</gpxtpx:course>
		</gpxtpx:TrackPointExtension>
	</extensions>
</trkpt>
<trkpt lat="46.3853949" lon="14.0375479">
	<ele>633.11</ele>
	<time>2026-06-27T16:21:59.760Z</time>
	<hdop>3.79</hdop>
	<extensions>
		<gpxtpx:TrackPointExtension>
			<gpxtpx:course>278.0</gpxtpx:course>
		</gpxtpx:TrackPointExtension>
	</extensions>
</trkpt>
<trkpt lat="46.3853308" lon="14.0371049">
	<ele>630.93</ele>
	<time>2026-06-27T16:22:04.760Z</time>
	<hdop>3.79</hdop>
	<extensions>
		<gpxtpx:TrackPointExtension>
			<gpxtpx:course>245.0</gpxtpx:course>
		</gpxtpx:TrackPointExtension>
	</extensions>
</trkpt>
<trkpt lat="46.3851744" lon="14.0367198">
	<ele>629.31</ele>
	<time>2026-06-27T16:22:09.760Z</time>
	<hdop>3.79</hdop>
	<extensions>
		<gpxtpx:TrackPointExtension>
			<gpxtpx:course>241.0</gpxtpx:course>
		</gpxtpx:TrackPointExtension>
	</extensions>
</trkpt>
<trkpt lat="46.3850140" lon="14.0363324">
	<ele>628.94</ele>
	<time>2026-06-27T16:22:14.760Z</time>
	<hdop>3.79</hdop>
	<extensions>
		<gpxtpx:TrackPointExtension>
			<gpxtpx:course>239.0</gpxtpx:course>
		</gpxtpx:TrackPointExtension>
	</extensions>
</trkpt>
<trkpt lat="46.3848265" lon="14.0358568">
	<ele>628.73</ele>
	<time>2026-06-27T16:22:20.760Z</time>
	<hdop>3.79</hdop>
	<extensions>
		<gpxtpx:TrackPointExtension>
			<gpxtpx:course>240.0</gpxtpx:course>
		</gpxtpx:TrackPointExtension>
	</extensions>
</trkpt>
<trkpt lat="46.3847127" lon="14.0354431">
	<ele>629.73</ele>
	<time>2026-06-27T16:22:25.760Z</time>
	<hdop>3.79</hdop>
	<extensions>
		<gpxtpx:TrackPointExtension>
			<gpxtpx:course>254.0</gpxtpx:course>
		</gpxtpx:TrackPointExtension>
	</extensions>
</trkpt>
<trkpt lat="46.3847514" lon="14.0349954">
	<ele>631.24</ele>
	<time>2026-06-27T16:22:30.760Z</time>
	<hdop>3.79</hdop>
	<extensions>
		<gpxtpx:TrackPointExtension>
			<gpxtpx:course>281.0</gpxtpx:course>
		</gpxtpx:TrackPointExtension>
	</extensions>
</trkpt>
<trkpt lat="46.3847961" lon="14.0344971">
	<ele>631.64</ele>
	<time>2026-06-27T16:22:36.760Z</time>
	<hdop>3.79</hdop>
	<extensions>
		<gpxtpx:TrackPointExtension>
			<gpxtpx:course>267.0</gpxtpx:course>
		</gpxtpx:TrackPointExtension>
	</extensions>
</trkpt>
<trkpt lat="46.3847799" lon="14.0340933">
	<ele>630.80</ele>
	<time>2026-06-27T16:22:41.760Z</time>
	<hdop>3.79</hdop>
	<extensions>
		<gpxtpx:TrackPointExtension>
			<gpxtpx:course>268.0</gpxtpx:course>
		</gpxtpx:TrackPointExtension>
	</extensions>
</trkpt>
<trkpt lat="46.3847657" lon="14.0335912">
	<ele>629.24</ele>
	<time>2026-06-27T16:22:47.760Z</time>
	<hdop>3.79</hdop>
	<extensions>
		<gpxtpx:TrackPointExtension>
			<gpxtpx:course>265.0</gpxtpx:course>
		</gpxtpx:TrackPointExtension>
	</extensions>
</trkpt>
<trkpt lat="46.3847605" lon="14.0331848">
	<ele>628.49</ele>
	<time>2026-06-27T16:22:52.760Z</time>
	<hdop>3.79</hdop>
	<extensions>
		<gpxtpx:TrackPointExtension>
			<gpxtpx:course>269.0</gpxtpx:course>
		</gpxtpx:TrackPointExtension>
	</extensions>
</trkpt>
<trkpt lat="46.3847968" lon="14.0327719">
	<ele>629.27</ele>
	<time>2026-06-27T16:22:57.760Z</time>
	<hdop>3.79</hdop>
	<extensions>
		<gpxtpx:TrackPointExtension>
			<gpxtpx:course>285.0</gpxtpx:course>
		</gpxtpx:TrackPointExtension>
	</extensions>
</trkpt>
<trkpt lat="46.3849320" lon="14.0322468">
	<ele>631.69</ele>
	<time>2026-06-27T16:23:03.759Z</time>
	<hdop>3.79</hdop>
	<extensions>
		<gpxtpx:TrackPointExtension>
			<gpxtpx:course>291.0</gpxtpx:course>
		</gpxtpx:TrackPointExtension>
	</extensions>
</trkpt>
<trkpt lat="46.3850187" lon="14.0318140">
	<ele>633.23</ele>
	<time>2026-06-27T16:23:08.760Z</time>
	<hdop>3.79</hdop>
	<extensions>
		<gpxtpx:TrackPointExtension>
			<gpxtpx:course>278.0</gpxtpx:course>
		</gpxtpx:TrackPointExtension>
	</extensions>
</trkpt>
<trkpt lat="46.3851794" lon="14.0313564">
	<ele>635.41</ele>
	<time>2026-06-27T16:23:14.760Z</time>
	<hdop>3.79</hdop>
	<extensions>
		<gpxtpx:TrackPointExtension>
			<gpxtpx:course>317.0</gpxtpx:course>
		</gpxtpx:TrackPointExtension>
	</extensions>
</trkpt>
<trkpt lat="46.3853828" lon="14.0310912">
	<ele>638.23</ele>
	<time>2026-06-27T16:23:19.760Z</time>
	<hdop>3.79</hdop>
	<extensions>
		<gpxtpx:TrackPointExtension>
			<gpxtpx:course>318.0</gpxtpx:course>
		</gpxtpx:TrackPointExtension>
	</extensions>
</trkpt>
<trkpt lat="46.3856135" lon="14.0308439">
	<ele>640.44</ele>
	<time>2026-06-27T16:23:25.760Z</time>
	<hdop>3.79</hdop>
	<extensions>
		<gpxtpx:TrackPointExtension>
			<gpxtpx:course>326.0</gpxtpx:course>
		</gpxtpx:TrackPointExtension>
	</extensions>
</trkpt>
<trkpt lat="46.3859088" lon="14.0306183">
	<ele>641.55</ele>
	<time>2026-06-27T16:23:31.759Z</time>
	<hdop>3.79</hdop>
	<extensions>
		<gpxtpx:TrackPointExtension>
			<gpxtpx:course>333.0</gpxtpx:course>
		</gpxtpx:TrackPointExtension>
	</extensions>
</trkpt>
<trkpt lat="46.3861705" lon="14.0304113">
	<ele>640.47</ele>
	<time>2026-06-27T16:23:36.760Z</time>
	<hdop>3.79</hdop>
	<extensions>
		<gpxtpx:TrackPointExtension>
			<gpxtpx:course>330.0</gpxtpx:course>
		</gpxtpx:TrackPointExtension>
	</extensions>
</trkpt>
<trkpt lat="46.3863779" lon="14.0301140">
	<ele>639.73</ele>
	<time>2026-06-27T16:23:41.760Z</time>
	<hdop>3.79</hdop>
	<extensions>
		<gpxtpx:TrackPointExtension>
			<gpxtpx:course>308.0</gpxtpx:course>
		</gpxtpx:TrackPointExtension>
	</extensions>
</trkpt>
<trkpt lat="46.3865520" lon="14.0296651">
	<ele>639.02</ele>
	<time>2026-06-27T16:23:47.760Z</time>
	<hdop>3.79</hdop>
	<extensions>
		<gpxtpx:TrackPointExtension>
			<gpxtpx:course>300.0</gpxtpx:course>
		</gpxtpx:TrackPointExtension>
	</extensions>
</trkpt>
<trkpt lat="46.3866738" lon="14.0292583">
	<ele>637.88</ele>
	<time>2026-06-27T16:23:52.760Z</time>
	<hdop>3.79</hdop>
	<extensions>
		<gpxtpx:TrackPointExtension>
			<gpxtpx:course>295.0</gpxtpx:course>
		</gpxtpx:TrackPointExtension>
	</extensions>
</trkpt>
<trkpt lat="46.3868121" lon="14.0288679">
	<ele>639.19</ele>
	<time>2026-06-27T16:23:57.760Z</time>
	<hdop>3.79</hdop>
	<extensions>
		<gpxtpx:TrackPointExtension>
			<gpxtpx:course>302.0</gpxtpx:course>
		</gpxtpx:TrackPointExtension>
	</extensions>
</trkpt>
<trkpt lat="46.3870345" lon="14.0286349">
	<ele>641.03</ele>
	<time>2026-06-27T16:24:02.760Z</time>
	<hdop>3.79</hdop>
	<extensions>
		<gpxtpx:TrackPointExtension>
			<gpxtpx:course>336.0</gpxtpx:course>
		</gpxtpx:TrackPointExtension>
	</extensions>
</trkpt>
<trkpt lat="46.3873267" lon="14.0285291">
	<ele>643.05</ele>
	<time>2026-06-27T16:24:08.760Z</time>
	<hdop>3.79</hdop>
	<extensions>
		<gpxtpx:TrackPointExtension>
			<gpxtpx:course>345.0</gpxtpx:course>
		</gpxtpx:TrackPointExtension>
	</extensions>
</trkpt>
<trkpt lat="46.3875504" lon="14.0284354">
	<ele>644.75</ele>
	<time>2026-06-27T16:24:13.760Z</time>
	<hdop>3.79</hdop>
	<extensions>
		<gpxtpx:TrackPointExtension>
			<gpxtpx:course>341.0</gpxtpx:course>
		</gpxtpx:TrackPointExtension>
	</extensions>
</trkpt>
<trkpt lat="46.3877520" lon="14.0283006">
	<ele>646.84</ele>
	<time>2026-06-27T16:24:18.760Z</time>
	<hdop>3.79</hdop>
	<extensions>
		<gpxtpx:TrackPointExtension>
			<gpxtpx:course>326.0</gpxtpx:course>
		</gpxtpx:TrackPointExtension>
	</extensions>
</trkpt>
<trkpt lat="46.3879207" lon="14.0281463">
	<ele>649.22</ele>
	<time>2026-06-27T16:24:23.760Z</time>
	<hdop>3.79</hdop>
	<extensions>
		<gpxtpx:TrackPointExtension>
			<gpxtpx:course>324.0</gpxtpx:course>
		</gpxtpx:TrackPointExtension>
	</extensions>
</trkpt>
<trkpt lat="46.3881005" lon="14.0279647">
	<ele>650.80</ele>
	<time>2026-06-27T16:24:28.760Z</time>
	<hdop>3.79</hdop>
	<extensions>
		<gpxtpx:TrackPointExtension>
			<gpxtpx:course>323.0</gpxtpx:course>
		</gpxtpx:TrackPointExtension>
	</extensions>
</trkpt>
<trkpt lat="46.3882529" lon="14.0277556">
	<ele>649.93</ele>
	<time>2026-06-27T16:24:33.760Z</time>
	<hdop>3.79</hdop>
	<extensions>
		<gpxtpx:TrackPointExtension>
			<gpxtpx:course>309.0</gpxtpx:course>
		</gpxtpx:TrackPointExtension>
	</extensions>
</trkpt>
<trkpt lat="46.3883713" lon="14.0274876">
	<ele>647.97</ele>
	<time>2026-06-27T16:24:38.760Z</time>
	<hdop>3.79</hdop>
	<extensions>
		<gpxtpx:TrackPointExtension>
			<gpxtpx:course>291.0</gpxtpx:course>
		</gpxtpx:TrackPointExtension>
	</extensions>
</trkpt>
<trkpt lat="46.3884289" lon="14.0271772">
	<ele>647.80</ele>
	<time>2026-06-27T16:24:43.760Z</time>
	<hdop>3.79</hdop>
	<extensions>
		<gpxtpx:TrackPointExtension>
			<gpxtpx:course>284.0</gpxtpx:course>
		</gpxtpx:TrackPointExtension>
	</extensions>
</trkpt>
<trkpt lat="46.3884442" lon="14.0268914">
	<ele>649.51</ele>
	<time>2026-06-27T16:24:48.760Z</time>
	<hdop>3.79</hdop>
	<extensions>
		<gpxtpx:TrackPointExtension>
			<gpxtpx:course>274.0</gpxtpx:course>
		</gpxtpx:TrackPointExtension>
	</extensions>
</trkpt>
<trkpt lat="46.3884539" lon="14.0266446">
	<ele>651.47</ele>
	<time>2026-06-27T16:24:54.760Z</time>
	<hdop>3.79</hdop>
	<extensions>
		<gpxtpx:TrackPointExtension>
			<gpxtpx:course>282.0</gpxtpx:course>
		</gpxtpx:TrackPointExtension>
	</extensions>
</trkpt>
<trkpt lat="46.3884979" lon="14.0264028">
	<ele>654.45</ele>
	<time>2026-06-27T16:25:00.760Z</time>
	<hdop>3.79</hdop>
	<extensions>
		<gpxtpx:TrackPointExtension>
			<gpxtpx:course>296.0</gpxtpx:course>
		</gpxtpx:TrackPointExtension>
	</extensions>
</trkpt>
<trkpt lat="46.3885779" lon="14.0262294">
	<ele>657.35</ele>
	<time>2026-06-27T16:25:05.760Z</time>
	<hdop>3.79</hdop>
	<extensions>
		<gpxtpx:TrackPointExtension>
			<gpxtpx:course>303.0</gpxtpx:course>
		</gpxtpx:TrackPointExtension>
	</extensions>
</trkpt>
<trkpt lat="46.3886922" lon="14.0260464">
	<ele>659.96</ele>
	<time>2026-06-27T16:25:11.760Z</time>
	<hdop>3.79</hdop>
	<extensions>
		<gpxtpx:TrackPointExtension>
			<gpxtpx:course>310.0</gpxtpx:course>
		</gpxtpx:TrackPointExtension>
	</extensions>
</trkpt>
<trkpt lat="46.3887968" lon="14.0259035">
	<ele>661.18</ele>
	<time>2026-06-27T16:25:16.760Z</time>
	<hdop>3.79</hdop>
	<extensions>
		<gpxtpx:TrackPointExtension>
			<gpxtpx:course>319.0</gpxtpx:course>
		</gpxtpx:TrackPointExtension>
	</extensions>
</trkpt>
<trkpt lat="46.3889271" lon="14.0257705">
	<ele>661.37</ele>
	<time>2026-06-27T16:25:21.760Z</time>
	<hdop>3.79</hdop>
	<extensions>
		<gpxtpx:TrackPointExtension>
			<gpxtpx:course>325.0</gpxtpx:course>
		</gpxtpx:TrackPointExtension>
	</extensions>
</trkpt>
<trkpt lat="46.3890682" lon="14.0256348">
	<ele>661.39</ele>
	<time>2026-06-27T16:25:27.760Z</time>
	<hdop>3.79</hdop>
	<extensions>
		<gpxtpx:TrackPointExtension>
			<gpxtpx:course>330.0</gpxtpx:course>
		</gpxtpx:TrackPointExtension>
	</extensions>
</trkpt>
<trkpt lat="46.3891920" lon="14.0254904">
	<ele>661.79</ele>
	<time>2026-06-27T16:25:32.760Z</time>
	<hdop>3.79</hdop>
	<extensions>
		<gpxtpx:TrackPointExtension>
			<gpxtpx:course>313.0</gpxtpx:course>
		</gpxtpx:TrackPointExtension>
	</extensions>
</trkpt>
<trkpt lat="46.3892935" lon="14.0253121">
	<ele>662.33</ele>
	<time>2026-06-27T16:25:37.760Z</time>
	<hdop>3.79</hdop>
	<extensions>
		<gpxtpx:TrackPointExtension>
			<gpxtpx:course>307.0</gpxtpx:course>
		</gpxtpx:TrackPointExtension>
	</extensions>
</trkpt>
<trkpt lat="46.3893880" lon="14.0251110">
	<ele>662.69</ele>
	<time>2026-06-27T16:25:42.760Z</time>
	<hdop>3.79</hdop>
	<extensions>
		<gpxtpx:TrackPointExtension>
			<gpxtpx:course>300.0</gpxtpx:course>
		</gpxtpx:TrackPointExtension>
	</extensions>
</trkpt>
<trkpt lat="46.3894916" lon="14.0249108">
	<ele>662.36</ele>
	<time>2026-06-27T16:25:47.760Z</time>
	<hdop>3.79</hdop>
	<extensions>
		<gpxtpx:TrackPointExtension>
			<gpxtpx:course>314.0</gpxtpx:course>
		</gpxtpx:TrackPointExtension>
	</extensions>
</trkpt>
<trkpt lat="46.3896271" lon="14.0247568">
	<ele>662.10</ele>
	<time>2026-06-27T16:25:52.760Z</time>
	<hdop>3.79</hdop>
	<extensions>
		<gpxtpx:TrackPointExtension>
			<gpxtpx:course>336.0</gpxtpx:course>
		</gpxtpx:TrackPointExtension>
	</extensions>
</trkpt>
<trkpt lat="46.3897882" lon="14.0246574">
	<ele>662.88</ele>
	<time>2026-06-27T16:25:57.760Z</time>
	<hdop>3.79</hdop>
	<extensions>
		<gpxtpx:TrackPointExtension>
			<gpxtpx:course>349.0</gpxtpx:course>
		</gpxtpx:TrackPointExtension>
	</extensions>
</trkpt>
<trkpt lat="46.3899630" lon="14.0245978">
	<ele>664.26</ele>
	<time>2026-06-27T16:26:02.760Z</time>
	<hdop>3.79</hdop>
	<extensions>
		<gpxtpx:TrackPointExtension>
			<gpxtpx:course>343.0</gpxtpx:course>
		</gpxtpx:TrackPointExtension>
	</extensions>
</trkpt>
<trkpt lat="46.3901631" lon="14.0244090">
	<ele>664.97</ele>
	<time>2026-06-27T16:26:08.760Z</time>
	<hdop>3.79</hdop>
	<extensions>
		<gpxtpx:TrackPointExtension>
			<gpxtpx:course>318.0</gpxtpx:course>
		</gpxtpx:TrackPointExtension>
	</extensions>
</trkpt>
<trkpt lat="46.3903311" lon="14.0241383">
	<ele>663.74</ele>
	<time>2026-06-27T16:26:14.760Z</time>
	<hdop>3.79</hdop>
	<extensions>
		<gpxtpx:TrackPointExtension>
			<gpxtpx:course>311.0</gpxtpx:course>
		</gpxtpx:TrackPointExtension>
	</extensions>
</trkpt>
<trkpt lat="46.3904913" lon="14.0238552">
	<ele>662.29</ele>
	<time>2026-06-27T16:26:20.759Z</time>
	<hdop>3.79</hdop>
	<extensions>
		<gpxtpx:TrackPointExtension>
			<gpxtpx:course>309.0</gpxtpx:course>
		</gpxtpx:TrackPointExtension>
	</extensions>
</trkpt>
<trkpt lat="46.3906177" lon="14.0236170">
	<ele>662.88</ele>
	<time>2026-06-27T16:26:25.760Z</time>
	<hdop>3.79</hdop>
	<extensions>
		<gpxtpx:TrackPointExtension>
			<gpxtpx:course>303.0</gpxtpx:course>
		</gpxtpx:TrackPointExtension>
	</extensions>
</trkpt>
<trkpt lat="46.3907485" lon="14.0233744">
	<ele>664.77</ele>
	<time>2026-06-27T16:26:30.760Z</time>
	<hdop>3.79</hdop>
	<extensions>
		<gpxtpx:TrackPointExtension>
			<gpxtpx:course>304.0</gpxtpx:course>
		</gpxtpx:TrackPointExtension>
	</extensions>
</trkpt>
<trkpt lat="46.3909027" lon="14.0230730">
	<ele>666.08</ele>
	<time>2026-06-27T16:26:36.760Z</time>
	<hdop>3.79</hdop>
	<extensions>
		<gpxtpx:TrackPointExtension>
			<gpxtpx:course>306.0</gpxtpx:course>
		</gpxtpx:TrackPointExtension>
	</extensions>
</trkpt>
<trkpt lat="46.3910220" lon="14.0228080">
	<ele>665.94</ele>
	<time>2026-06-27T16:26:41.760Z</time>
	<hdop>3.79</hdop>
	<extensions>
		<gpxtpx:TrackPointExtension>
			<gpxtpx:course>300.0</gpxtpx:course>
		</gpxtpx:TrackPointExtension>
	</extensions>
</trkpt>
<trkpt lat="46.3911452" lon="14.0225418">
	<ele>665.86</ele>
	<time>2026-06-27T16:26:46.760Z</time>
	<hdop>3.79</hdop>
	<extensions>
		<gpxtpx:TrackPointExtension>
			<gpxtpx:course>304.0</gpxtpx:course>
		</gpxtpx:TrackPointExtension>
	</extensions>
</trkpt>
<trkpt lat="46.3912651" lon="14.0222702">
	<ele>666.04</ele>
	<time>2026-06-27T16:26:51.760Z</time>
	<hdop>4.14</hdop>
	<extensions>
		<gpxtpx:TrackPointExtension>
			<gpxtpx:course>298.0</gpxtpx:course>
		</gpxtpx:TrackPointExtension>
	</extensions>
</trkpt>
<trkpt lat="46.3913839" lon="14.0219910">
	<ele>666.46</ele>
	<time>2026-06-27T16:26:56.760Z</time>
	<hdop>3.79</hdop>
	<extensions>
		<gpxtpx:TrackPointExtension>
			<gpxtpx:course>304.0</gpxtpx:course>
		</gpxtpx:TrackPointExtension>
	</extensions>
</trkpt>
<trkpt lat="46.3915137" lon="14.0217207">
	<ele>667.15</ele>
	<time>2026-06-27T16:27:01.760Z</time>
	<hdop>3.79</hdop>
	<extensions>
		<gpxtpx:TrackPointExtension>
			<gpxtpx:course>303.0</gpxtpx:course>
		</gpxtpx:TrackPointExtension>
	</extensions>
</trkpt>
<trkpt lat="46.3916416" lon="14.0214523">
	<ele>667.81</ele>
	<time>2026-06-27T16:27:06.760Z</time>
	<hdop>3.79</hdop>
	<extensions>
		<gpxtpx:TrackPointExtension>
			<gpxtpx:course>307.0</gpxtpx:course>
		</gpxtpx:TrackPointExtension>
	</extensions>
</trkpt>
<trkpt lat="46.3917863" lon="14.0211829">
	<ele>668.18</ele>
	<time>2026-06-27T16:27:11.760Z</time>
	<hdop>3.79</hdop>
	<extensions>
		<gpxtpx:TrackPointExtension>
			<gpxtpx:course>307.0</gpxtpx:course>
		</gpxtpx:TrackPointExtension>
	</extensions>
</trkpt>
<trkpt lat="46.3919330" lon="14.0209163">
	<ele>667.78</ele>
	<time>2026-06-27T16:27:16.760Z</time>
	<hdop>3.79</hdop>
	<extensions>
		<gpxtpx:TrackPointExtension>
			<gpxtpx:course>304.0</gpxtpx:course>
		</gpxtpx:TrackPointExtension>
	</extensions>
</trkpt>
<trkpt lat="46.3920780" lon="14.0206730">
	<ele>667.54</ele>
	<time>2026-06-27T16:27:21.760Z</time>
	<hdop>3.79</hdop>
	<extensions>
		<gpxtpx:TrackPointExtension>
			<gpxtpx:course>309.0</gpxtpx:course>
		</gpxtpx:TrackPointExtension>
	</extensions>
</trkpt>
<trkpt lat="46.3922546" lon="14.0203688">
	<ele>668.27</ele>
	<time>2026-06-27T16:27:27.759Z</time>
	<hdop>3.79</hdop>
	<extensions>
		<gpxtpx:TrackPointExtension>
			<gpxtpx:course>308.0</gpxtpx:course>
		</gpxtpx:TrackPointExtension>
	</extensions>
</trkpt>
<trkpt lat="46.3923987" lon="14.0201487">
	<ele>669.66</ele>
	<time>2026-06-27T16:27:32.759Z</time>
	<hdop>3.79</hdop>
	<extensions>
		<gpxtpx:TrackPointExtension>
			<gpxtpx:course>309.0</gpxtpx:course>
		</gpxtpx:TrackPointExtension>
	</extensions>
</trkpt>
<trkpt lat="46.3925519" lon="14.0199127">
	<ele>671.54</ele>
	<time>2026-06-27T16:27:37.760Z</time>
	<hdop>3.79</hdop>
	<extensions>
		<gpxtpx:TrackPointExtension>
			<gpxtpx:course>314.0</gpxtpx:course>
		</gpxtpx:TrackPointExtension>
	</extensions>
</trkpt>
<trkpt lat="46.3927061" lon="14.0196694">
	<ele>673.54</ele>
	<time>2026-06-27T16:27:42.760Z</time>
	<hdop>3.79</hdop>
	<extensions>
		<gpxtpx:TrackPointExtension>
			<gpxtpx:course>306.0</gpxtpx:course>
		</gpxtpx:TrackPointExtension>
	</extensions>
</trkpt>
<trkpt lat="46.3928631" lon="14.0193577">
	<ele>674.41</ele>
	<time>2026-06-27T16:27:48.760Z</time>
	<hdop>3.79</hdop>
	<extensions>
		<gpxtpx:TrackPointExtension>
			<gpxtpx:course>301.0</gpxtpx:course>
		</gpxtpx:TrackPointExtension>
	</extensions>
</trkpt>
<trkpt lat="46.3930052" lon="14.0190304">
	<ele>673.97</ele>
	<time>2026-06-27T16:27:54.760Z</time>
	<hdop>3.79</hdop>
	<extensions>
		<gpxtpx:TrackPointExtension>
			<gpxtpx:course>304.0</gpxtpx:course>
		</gpxtpx:TrackPointExtension>
	</extensions>
</trkpt>
<trkpt lat="46.3931234" lon="14.0187606">
	<ele>673.88</ele>
	<time>2026-06-27T16:27:59.760Z</time>
	<hdop>3.79</hdop>
	<extensions>
		<gpxtpx:TrackPointExtension>
			<gpxtpx:course>304.0</gpxtpx:course>
		</gpxtpx:TrackPointExtension>
	</extensions>
</trkpt>
<trkpt lat="46.3932304" lon="14.0184888">
	<ele>674.15</ele>
	<time>2026-06-27T16:28:04.760Z</time>
	<hdop>3.79</hdop>
	<extensions>
		<gpxtpx:TrackPointExtension>
			<gpxtpx:course>299.0</gpxtpx:course>
		</gpxtpx:TrackPointExtension>
	</extensions>
</trkpt>
<trkpt lat="46.3933370" lon="14.0182215">
	<ele>674.46</ele>
	<time>2026-06-27T16:28:09.760Z</time>
	<hdop>3.79</hdop>
	<extensions>
		<gpxtpx:TrackPointExtension>
			<gpxtpx:course>305.0</gpxtpx:course>
		</gpxtpx:TrackPointExtension>
	</extensions>
</trkpt>
<trkpt lat="46.3934905" lon="14.0179986">
	<ele>675.32</ele>
	<time>2026-06-27T16:28:14.760Z</time>
	<hdop>3.79</hdop>
	<extensions>
		<gpxtpx:TrackPointExtension>
			<gpxtpx:course>324.0</gpxtpx:course>
		</gpxtpx:TrackPointExtension>
	</extensions>
</trkpt>
<trkpt lat="46.3936749" lon="14.0178250">
	<ele>676.08</ele>
	<time>2026-06-27T16:28:19.760Z</time>
	<hdop>3.79</hdop>
	<extensions>
		<gpxtpx:TrackPointExtension>
			<gpxtpx:course>326.0</gpxtpx:course>
		</gpxtpx:TrackPointExtension>
	</extensions>
</trkpt>
<trkpt lat="46.3938514" lon="14.0176228">
	<ele>676.37</ele>
	<time>2026-06-27T16:28:24.760Z</time>
	<hdop>3.79</hdop>
	<extensions>
		<gpxtpx:TrackPointExtension>
			<gpxtpx:course>323.0</gpxtpx:course>
		</gpxtpx:TrackPointExtension>
	</extensions>
</trkpt>
<trkpt lat="46.3940292" lon="14.0173437">
	<ele>676.91</ele>
	<time>2026-06-27T16:28:30.760Z</time>
	<hdop>3.79</hdop>
	<extensions>
		<gpxtpx:TrackPointExtension>
			<gpxtpx:course>302.0</gpxtpx:course>
		</gpxtpx:TrackPointExtension>
	</extensions>
</trkpt>
<trkpt lat="46.3941553" lon="14.0170997">
	<ele>677.77</ele>
	<time>2026-06-27T16:28:35.760Z</time>
	<hdop>3.79</hdop>
	<extensions>
		<gpxtpx:TrackPointExtension>
			<gpxtpx:course>306.0</gpxtpx:course>
		</gpxtpx:TrackPointExtension>
	</extensions>
</trkpt>
<trkpt lat="46.3942582" lon="14.0168127">
	<ele>678.51</ele>
	<time>2026-06-27T16:28:40.760Z</time>
	<hdop>3.79</hdop>
	<extensions>
		<gpxtpx:TrackPointExtension>
			<gpxtpx:course>285.0</gpxtpx:course>
		</gpxtpx:TrackPointExtension>
	</extensions>
</trkpt>
<trkpt lat="46.3943050" lon="14.0164963">
	<ele>678.46</ele>
	<time>2026-06-27T16:28:45.760Z</time>
	<hdop>3.79</hdop>
	<extensions>
		<gpxtpx:TrackPointExtension>
			<gpxtpx:course>281.0</gpxtpx:course>
		</gpxtpx:TrackPointExtension>
	</extensions>
</trkpt>
<trkpt lat="46.3943433" lon="14.0161934">
	<ele>680.11</ele>
	<time>2026-06-27T16:28:50.760Z</time>
	<hdop>3.79</hdop>
	<extensions>
		<gpxtpx:TrackPointExtension>
			<gpxtpx:course>277.0</gpxtpx:course>
		</gpxtpx:TrackPointExtension>
	</extensions>
</trkpt>
<trkpt lat="46.3943740" lon="14.0158940">
	<ele>681.56</ele>
	<time>2026-06-27T16:28:55.760Z</time>
	<hdop>3.79</hdop>
	<extensions>
		<gpxtpx:TrackPointExtension>
			<gpxtpx:course>280.0</gpxtpx:course>
		</gpxtpx:TrackPointExtension>
	</extensions>
</trkpt>
<trkpt lat="46.3944233" lon="14.0156103">
	<ele>681.83</ele>
	<time>2026-06-27T16:29:00.760Z</time>
	<hdop>3.79</hdop>
	<extensions>
		<gpxtpx:TrackPointExtension>
			<gpxtpx:course>288.0</gpxtpx:course>
		</gpxtpx:TrackPointExtension>
	</extensions>
</trkpt>
<trkpt lat="46.3944741" lon="14.0153131">
	<ele>681.36</ele>
	<time>2026-06-27T16:29:05.760Z</time>
	<hdop>3.79</hdop>
	<extensions>
		<gpxtpx:TrackPointExtension>
			<gpxtpx:course>277.0</gpxtpx:course>
		</gpxtpx:TrackPointExtension>
	</extensions>
</trkpt>
<trkpt lat="46.3944948" lon="14.0149958">
	<ele>680.56</ele>
	<time>2026-06-27T16:29:10.760Z</time>
	<hdop>3.79</hdop>
	<extensions>
		<gpxtpx:TrackPointExtension>
			<gpxtpx:course>274.0</gpxtpx:course>
		</gpxtpx:TrackPointExtension>
	</extensions>
</trkpt>
<trkpt lat="46.3945055" lon="14.0146195">
	<ele>681.26</ele>
	<time>2026-06-27T16:29:16.760Z</time>
	<hdop>3.79</hdop>
	<extensions>
		<gpxtpx:TrackPointExtension>
			<gpxtpx:course>269.0</gpxtpx:course>
		</gpxtpx:TrackPointExtension>
	</extensions>
</trkpt>
<trkpt lat="46.3945224" lon="14.0143163">
	<ele>682.17</ele>
	<time>2026-06-27T16:29:21.760Z</time>
	<hdop>3.79</hdop>
	<extensions>
		<gpxtpx:TrackPointExtension>
			<gpxtpx:course>272.0</gpxtpx:course>
		</gpxtpx:TrackPointExtension>
	</extensions>
</trkpt>
<trkpt lat="46.3945476" lon="14.0139452">
	<ele>680.79</ele>
	<time>2026-06-27T16:29:27.759Z</time>
	<hdop>3.79</hdop>
	<extensions>
		<gpxtpx:TrackPointExtension>
			<gpxtpx:course>275.0</gpxtpx:course>
		</gpxtpx:TrackPointExtension>
	</extensions>
</trkpt>
<trkpt lat="46.3945747" lon="14.0136294">
	<ele>677.96</ele>
	<time>2026-06-27T16:29:32.759Z</time>
	<hdop>3.79</hdop>
	<extensions>
		<gpxtpx:TrackPointExtension>
			<gpxtpx:course>279.0</gpxtpx:course>
		</gpxtpx:TrackPointExtension>
	</extensions>
</trkpt>
<trkpt lat="46.3946178" lon="14.0132718">
	<ele>676.07</ele>
	<time>2026-06-27T16:29:37.760Z</time>
	<hdop>3.79</hdop>
	<extensions>
		<gpxtpx:TrackPointExtension>
			<gpxtpx:course>283.0</gpxtpx:course>
		</gpxtpx:TrackPointExtension>
	</extensions>
</trkpt>
<trkpt lat="46.3946768" lon="14.0127131">
	<ele>676.84</ele>
	<time>2026-06-27T16:29:43.760Z</time>
	<hdop>3.79</hdop>
	<extensions>
		<gpxtpx:TrackPointExtension>
			<gpxtpx:course>272.0</gpxtpx:course>
		</gpxtpx:TrackPointExtension>
	</extensions>
</trkpt>
<trkpt lat="46.3947217" lon="14.0121788">
	<ele>675.82</ele>
	<time>2026-06-27T16:29:48.760Z</time>
	<hdop>3.79</hdop>
	<extensions>
		<gpxtpx:TrackPointExtension>
			<gpxtpx:course>278.0</gpxtpx:course>
		</gpxtpx:TrackPointExtension>
	</extensions>
</trkpt>
<trkpt lat="46.3947414" lon="14.0116596">
	<ele>672.37</ele>
	<time>2026-06-27T16:29:53.760Z</time>
	<hdop>3.79</hdop>
	<extensions>
		<gpxtpx:TrackPointExtension>
			<gpxtpx:course>269.0</gpxtpx:course>
		</gpxtpx:TrackPointExtension>
	</extensions>
</trkpt>
<trkpt lat="46.3947298" lon="14.0111708">
	<ele>670.06</ele>
	<time>2026-06-27T16:29:58.760Z</time>
	<hdop>3.79</hdop>
	<extensions>
		<gpxtpx:TrackPointExtension>
			<gpxtpx:course>268.0</gpxtpx:course>
		</gpxtpx:TrackPointExtension>
	</extensions>
</trkpt>
<trkpt lat="46.3947368" lon="14.0107146">
	<ele>670.02</ele>
	<time>2026-06-27T16:30:03.760Z</time>
	<hdop>3.79</hdop>
	<extensions>
		<gpxtpx:TrackPointExtension>
			<gpxtpx:course>269.0</gpxtpx:course>
		</gpxtpx:TrackPointExtension>
	</extensions>
</trkpt>
<trkpt lat="46.3947548" lon="14.0103150">
	<ele>671.43</ele>
	<time>2026-06-27T16:30:08.760Z</time>
	<hdop>3.79</hdop>
	<extensions>
		<gpxtpx:TrackPointExtension>
			<gpxtpx:course>275.0</gpxtpx:course>
		</gpxtpx:TrackPointExtension>
	</extensions>
</trkpt>
<trkpt lat="46.3948089" lon="14.0098464">
	<ele>672.57</ele>
	<time>2026-06-27T16:30:14.760Z</time>
	<hdop>3.79</hdop>
	<extensions>
		<gpxtpx:TrackPointExtension>
			<gpxtpx:course>281.0</gpxtpx:course>
		</gpxtpx:TrackPointExtension>
	</extensions>
</trkpt>
<trkpt lat="46.3948633" lon="14.0094613">
	<ele>672.83</ele>
	<time>2026-06-27T16:30:19.760Z</time>
	<hdop>3.79</hdop>
	<extensions>
		<gpxtpx:TrackPointExtension>
			<gpxtpx:course>276.0</gpxtpx:course>
		</gpxtpx:TrackPointExtension>
	</extensions>
</trkpt>
<trkpt lat="46.3949044" lon="14.0090702">
	<ele>673.45</ele>
	<time>2026-06-27T16:30:24.760Z</time>
	<hdop>3.79</hdop>
	<extensions>
		<gpxtpx:TrackPointExtension>
			<gpxtpx:course>276.0</gpxtpx:course>
		</gpxtpx:TrackPointExtension>
	</extensions>
</trkpt>
<trkpt lat="46.3949473" lon="14.0086884">
	<ele>674.63</ele>
	<time>2026-06-27T16:30:29.760Z</time>
	<hdop>3.79</hdop>
	<extensions>
		<gpxtpx:TrackPointExtension>
			<gpxtpx:course>277.0</gpxtpx:course>
		</gpxtpx:TrackPointExtension>
	</extensions>
</trkpt>
<trkpt lat="46.3949668" lon="14.0082890">
	<ele>675.54</ele>
	<time>2026-06-27T16:30:34.760Z</time>
	<hdop>3.79</hdop>
	<extensions>
		<gpxtpx:TrackPointExtension>
			<gpxtpx:course>272.0</gpxtpx:course>
		</gpxtpx:TrackPointExtension>
	</extensions>
</trkpt>
<trkpt lat="46.3949860" lon="14.0079085">
	<ele>678.03</ele>
	<time>2026-06-27T16:30:39.760Z</time>
	<hdop>5.84</hdop>
	<extensions>
		<gpxtpx:TrackPointExtension>
			<gpxtpx:course>276.0</gpxtpx:course>
		</gpxtpx:TrackPointExtension>
	</extensions>
</trkpt>
<trkpt lat="46.3950665" lon="14.0074804">
	<ele>680.97</ele>
	<time>2026-06-27T16:30:45.760Z</time>
	<hdop>8.71</hdop>
	<extensions>
		<gpxtpx:TrackPointExtension>
			<gpxtpx:course>290.0</gpxtpx:course>
		</gpxtpx:TrackPointExtension>
	</extensions>
</trkpt>
<trkpt lat="46.3951822" lon="14.0071215">
	<ele>679.60</ele>
	<time>2026-06-27T16:30:50.760Z</time>
	<hdop>3.79</hdop>
	<extensions>
		<gpxtpx:TrackPointExtension>
			<gpxtpx:course>298.0</gpxtpx:course>
		</gpxtpx:TrackPointExtension>
	</extensions>
</trkpt>
<trkpt lat="46.3953078" lon="14.0067222">
	<ele>677.96</ele>
	<time>2026-06-27T16:30:55.760Z</time>
	<hdop>3.79</hdop>
	<extensions>
		<gpxtpx:TrackPointExtension>
			<gpxtpx:course>288.0</gpxtpx:course>
		</gpxtpx:TrackPointExtension>
	</extensions>
</trkpt>
<trkpt lat="46.3953901" lon="14.0063466">
	<ele>678.90</ele>
	<time>2026-06-27T16:31:00.760Z</time>
	<hdop>3.79</hdop>
	<extensions>
		<gpxtpx:TrackPointExtension>
			<gpxtpx:course>290.0</gpxtpx:course>
		</gpxtpx:TrackPointExtension>
	</extensions>
</trkpt>
<trkpt lat="46.3955540" lon="14.0059425">
	<ele>680.70</ele>
	<time>2026-06-27T16:31:06.759Z</time>
	<hdop>3.79</hdop>
	<extensions>
		<gpxtpx:TrackPointExtension>
			<gpxtpx:course>314.0</gpxtpx:course>
		</gpxtpx:TrackPointExtension>
	</extensions>
</trkpt>
<trkpt lat="46.3957282" lon="14.0056833">
	<ele>680.40</ele>
	<time>2026-06-27T16:31:11.760Z</time>
	<hdop>3.79</hdop>
	<extensions>
		<gpxtpx:TrackPointExtension>
			<gpxtpx:course>312.0</gpxtpx:course>
		</gpxtpx:TrackPointExtension>
	</extensions>
</trkpt>
<trkpt lat="46.3959372" lon="14.0054303">
	<ele>681.30</ele>
	<time>2026-06-27T16:31:16.760Z</time>
	<hdop>3.79</hdop>
	<extensions>
		<gpxtpx:TrackPointExtension>
			<gpxtpx:course>317.0</gpxtpx:course>
		</gpxtpx:TrackPointExtension>
	</extensions>
</trkpt>
<trkpt lat="46.3961089" lon="14.0050895">
	<ele>682.27</ele>
	<time>2026-06-27T16:31:21.760Z</time>
	<hdop>3.79</hdop>
	<extensions>
		<gpxtpx:TrackPointExtension>
			<gpxtpx:course>298.0</gpxtpx:course>
		</gpxtpx:TrackPointExtension>
	</extensions>
</trkpt>
<trkpt lat="46.3962643" lon="14.0047126">
	<ele>682.46</ele>
	<time>2026-06-27T16:31:26.760Z</time>
	<hdop>3.79</hdop>
	<extensions>
		<gpxtpx:TrackPointExtension>
			<gpxtpx:course>297.0</gpxtpx:course>
		</gpxtpx:TrackPointExtension>
	</extensions>
</trkpt>
<trkpt lat="46.3964171" lon="14.0042861">
	<ele>680.88</ele>
	<time>2026-06-27T16:31:31.760Z</time>
	<hdop>3.79</hdop>
	<extensions>
		<gpxtpx:TrackPointExtension>
			<gpxtpx:course>298.0</gpxtpx:course>
		</gpxtpx:TrackPointExtension>
	</extensions>
</trkpt>
<trkpt lat="46.3965736" lon="14.0038473">
	<ele>678.93</ele>
	<time>2026-06-27T16:31:36.760Z</time>
	<hdop>3.79</hdop>
	<extensions>
		<gpxtpx:TrackPointExtension>
			<gpxtpx:course>305.0</gpxtpx:course>
		</gpxtpx:TrackPointExtension>
	</extensions>
</trkpt>
<trkpt lat="46.3968015" lon="14.0032913">
	<ele>677.74</ele>
	<time>2026-06-27T16:31:42.759Z</time>
	<hdop>3.79</hdop>
	<extensions>
		<gpxtpx:TrackPointExtension>
			<gpxtpx:course>290.0</gpxtpx:course>
		</gpxtpx:TrackPointExtension>
	</extensions>
</trkpt>
<trkpt lat="46.3968930" lon="14.0027347">
	<ele>672.38</ele>
	<time>2026-06-27T16:31:47.760Z</time>
	<hdop>3.79</hdop>
	<extensions>
		<gpxtpx:TrackPointExtension>
			<gpxtpx:course>286.0</gpxtpx:course>
		</gpxtpx:TrackPointExtension>
	</extensions>
</trkpt>
<trkpt lat="46.3971540" lon="14.0021772">
	<ele>671.00</ele>
	<time>2026-06-27T16:31:53.760Z</time>
	<hdop>3.79</hdop>
	<extensions>
		<gpxtpx:TrackPointExtension>
			<gpxtpx:course>324.0</gpxtpx:course>
		</gpxtpx:TrackPointExtension>
	</extensions>
</trkpt>
<trkpt lat="46.3975782" lon="14.0017575">
	<ele>669.14</ele>
	<time>2026-06-27T16:31:59.760Z</time>
	<hdop>3.79</hdop>
	<extensions>
		<gpxtpx:TrackPointExtension>
			<gpxtpx:course>324.0</gpxtpx:course>
		</gpxtpx:TrackPointExtension>
	</extensions>
</trkpt>
<trkpt lat="46.3979171" lon="14.0014351">
	<ele>670.68</ele>
	<time>2026-06-27T16:32:04.760Z</time>
	<hdop>3.79</hdop>
	<extensions>
		<gpxtpx:TrackPointExtension>
			<gpxtpx:course>332.0</gpxtpx:course>
		</gpxtpx:TrackPointExtension>
	</extensions>
</trkpt>
<trkpt lat="46.3983017" lon="14.0011875">
	<ele>671.74</ele>
	<time>2026-06-27T16:32:10.759Z</time>
	<hdop>3.79</hdop>
	<extensions>
		<gpxtpx:TrackPointExtension>
			<gpxtpx:course>342.0</gpxtpx:course>
		</gpxtpx:TrackPointExtension>
	</extensions>
</trkpt>
<trkpt lat="46.3986272" lon="14.0011387">
	<ele>672.62</ele>
	<time>2026-06-27T16:32:15.760Z</time>
	<hdop>3.79</hdop>
	<extensions>
		<gpxtpx:TrackPointExtension>
			<gpxtpx:course>357.0</gpxtpx:course>
		</gpxtpx:TrackPointExtension>
	</extensions>
</trkpt>
<trkpt lat="46.3989122" lon="14.0011178">
	<ele>673.63</ele>
	<time>2026-06-27T16:32:20.760Z</time>
	<hdop>3.79</hdop>
	<extensions>
		<gpxtpx:TrackPointExtension>
			<gpxtpx:course>358.0</gpxtpx:course>
		</gpxtpx:TrackPointExtension>
	</extensions>
</trkpt>
<trkpt lat="46.3992040" lon="14.0010920">
	<ele>674.40</ele>
	<time>2026-06-27T16:32:25.760Z</time>
	<hdop>3.79</hdop>
	<extensions>
		<gpxtpx:TrackPointExtension>
			<gpxtpx:course>356.0</gpxtpx:course>
		</gpxtpx:TrackPointExtension>
	</extensions>
</trkpt>
<trkpt lat="46.3995020" lon="14.0010556">
	<ele>674.78</ele>
	<time>2026-06-27T16:32:30.760Z</time>
	<hdop>3.79</hdop>
	<extensions>
		<gpxtpx:TrackPointExtension>
			<gpxtpx:course>356.0</gpxtpx:course>
		</gpxtpx:TrackPointExtension>
	</extensions>
</trkpt>
<trkpt lat="46.3998045" lon="14.0010194">
	<ele>674.78</ele>
	<time>2026-06-27T16:32:35.760Z</time>
	<hdop>3.79</hdop>
	<extensions>
		<gpxtpx:TrackPointExtension>
			<gpxtpx:course>355.0</gpxtpx:course>
		</gpxtpx:TrackPointExtension>
	</extensions>
</trkpt>
<trkpt lat="46.4001049" lon="14.0009964">
	<ele>673.88</ele>
	<time>2026-06-27T16:32:40.760Z</time>
	<hdop>6.25</hdop>
	<extensions>
		<gpxtpx:TrackPointExtension>
			<gpxtpx:course>4.0</gpxtpx:course>
		</gpxtpx:TrackPointExtension>
	</extensions>
</trkpt>
<trkpt lat="46.4003872" lon="14.0011308">
	<ele>676.52</ele>
	<time>2026-06-27T16:32:45.760Z</time>
	<hdop>9.94</hdop>
	<extensions>
		<gpxtpx:TrackPointExtension>
			<gpxtpx:course>33.0</gpxtpx:course>
		</gpxtpx:TrackPointExtension>
	</extensions>
</trkpt>
<trkpt lat="46.4006564" lon="14.0013157">
	<ele>679.55</ele>
	<time>2026-06-27T16:32:50.760Z</time>
	<hdop>5.02</hdop>
	<extensions>
		<gpxtpx:TrackPointExtension>
			<gpxtpx:course>12.0</gpxtpx:course>
		</gpxtpx:TrackPointExtension>
	</extensions>
</trkpt>
<trkpt lat="46.4009813" lon="14.0013457">
	<ele>677.44</ele>
	<time>2026-06-27T16:32:55.760Z</time>
	<hdop>3.79</hdop>
	<extensions>
		<gpxtpx:TrackPointExtension>
			<gpxtpx:course>2.0</gpxtpx:course>
		</gpxtpx:TrackPointExtension>
	</extensions>
</trkpt>
<trkpt lat="46.4013727" lon="14.0012962">
	<ele>675.96</ele>
	<time>2026-06-27T16:33:01.759Z</time>
	<hdop>3.79</hdop>
	<extensions>
		<gpxtpx:TrackPointExtension>
			<gpxtpx:course>348.0</gpxtpx:course>
		</gpxtpx:TrackPointExtension>
	</extensions>
</trkpt>
<trkpt lat="46.4016965" lon="14.0012667">
	<ele>676.02</ele>
	<time>2026-06-27T16:33:06.760Z</time>
	<hdop>3.79</hdop>
	<extensions>
		<gpxtpx:TrackPointExtension>
			<gpxtpx:course>4.0</gpxtpx:course>
		</gpxtpx:TrackPointExtension>
	</extensions>
</trkpt>
<trkpt lat="46.4020629" lon="14.0014939">
	<ele>675.98</ele>
	<time>2026-06-27T16:33:12.760Z</time>
	<hdop>3.79</hdop>
	<extensions>
		<gpxtpx:TrackPointExtension>
			<gpxtpx:course>32.0</gpxtpx:course>
		</gpxtpx:TrackPointExtension>
	</extensions>
</trkpt>
<trkpt lat="46.4023420" lon="14.0017425">
	<ele>677.11</ele>
	<time>2026-06-27T16:33:17.760Z</time>
	<hdop>3.79</hdop>
	<extensions>
		<gpxtpx:TrackPointExtension>
			<gpxtpx:course>30.0</gpxtpx:course>
		</gpxtpx:TrackPointExtension>
	</extensions>
</trkpt>
<trkpt lat="46.4026135" lon="14.0019552">
	<ele>679.28</ele>
	<time>2026-06-27T16:33:22.760Z</time>
	<hdop>3.79</hdop>
	<extensions>
		<gpxtpx:TrackPointExtension>
			<gpxtpx:course>28.0</gpxtpx:course>
		</gpxtpx:TrackPointExtension>
	</extensions>
</trkpt>
<trkpt lat="46.4029347" lon="14.0021585">
	<ele>683.86</ele>
	<time>2026-06-27T16:33:28.759Z</time>
	<hdop>3.79</hdop>
	<extensions>
		<gpxtpx:TrackPointExtension>
			<gpxtpx:course>19.0</gpxtpx:course>
		</gpxtpx:TrackPointExtension>
	</extensions>
</trkpt>
<trkpt lat="46.4031957" lon="14.0021558">
	<ele>687.10</ele>
	<time>2026-06-27T16:33:33.760Z</time>
	<hdop>3.79</hdop>
	<extensions>
		<gpxtpx:TrackPointExtension>
			<gpxtpx:course>344.0</gpxtpx:course>
		</gpxtpx:TrackPointExtension>
	</extensions>
</trkpt>
<trkpt lat="46.4035128" lon="14.0019347">
	<ele>686.62</ele>
	<time>2026-06-27T16:33:39.760Z</time>
	<hdop>3.79</hdop>
	<extensions>
		<gpxtpx:TrackPointExtension>
			<gpxtpx:course>334.0</gpxtpx:course>
		</gpxtpx:TrackPointExtension>
	</extensions>
</trkpt>
<trkpt lat="46.4037612" lon="14.0017282">
	<ele>683.61</ele>
	<time>2026-06-27T16:33:44.760Z</time>
	<hdop>3.79</hdop>
	<extensions>
		<gpxtpx:TrackPointExtension>
			<gpxtpx:course>323.0</gpxtpx:course>
		</gpxtpx:TrackPointExtension>
	</extensions>
</trkpt>
<trkpt lat="46.4040026" lon="14.0014947">
	<ele>681.85</ele>
	<time>2026-06-27T16:33:49.760Z</time>
	<hdop>3.79</hdop>
	<extensions>
		<gpxtpx:TrackPointExtension>
			<gpxtpx:course>319.0</gpxtpx:course>
		</gpxtpx:TrackPointExtension>
	</extensions>
</trkpt>
<trkpt lat="46.4042189" lon="14.0012425">
	<ele>682.95</ele>
	<time>2026-06-27T16:33:54.760Z</time>
	<hdop>3.79</hdop>
	<extensions>
		<gpxtpx:TrackPointExtension>
			<gpxtpx:course>321.0</gpxtpx:course>
		</gpxtpx:TrackPointExtension>
	</extensions>
</trkpt>
<trkpt lat="46.4044296" lon="14.0009885">
	<ele>683.86</ele>
	<time>2026-06-27T16:33:59.760Z</time>
	<hdop>3.79</hdop>
	<extensions>
		<gpxtpx:TrackPointExtension>
			<gpxtpx:course>322.0</gpxtpx:course>
		</gpxtpx:TrackPointExtension>
	</extensions>
</trkpt>
<trkpt lat="46.4046536" lon="14.0007199">
	<ele>683.08</ele>
	<time>2026-06-27T16:34:04.760Z</time>
	<hdop>3.79</hdop>
	<extensions>
		<gpxtpx:TrackPointExtension>
			<gpxtpx:course>325.0</gpxtpx:course>
		</gpxtpx:TrackPointExtension>
	</extensions>
</trkpt>
<trkpt lat="46.4048821" lon="14.0004506">
	<ele>684.62</ele>
	<time>2026-06-27T16:34:09.760Z</time>
	<hdop>3.79</hdop>
	<extensions>
		<gpxtpx:TrackPointExtension>
			<gpxtpx:course>319.0</gpxtpx:course>
		</gpxtpx:TrackPointExtension>
	</extensions>
</trkpt>
<trkpt lat="46.4051481" lon="14.0001312">
	<ele>688.96</ele>
	<time>2026-06-27T16:34:15.760Z</time>
	<hdop>3.79</hdop>
	<extensions>
		<gpxtpx:TrackPointExtension>
			<gpxtpx:course>321.0</gpxtpx:course>
		</gpxtpx:TrackPointExtension>
	</extensions>
</trkpt>
<trkpt lat="46.4054004" lon="13.9998295">
	<ele>690.93</ele>
	<time>2026-06-27T16:34:21.759Z</time>
	<hdop>3.79</hdop>
	<extensions>
		<gpxtpx:TrackPointExtension>
			<gpxtpx:course>322.0</gpxtpx:course>
		</gpxtpx:TrackPointExtension>
	</extensions>
</trkpt>
<trkpt lat="46.4056193" lon="13.9995769">
	<ele>687.81</ele>
	<time>2026-06-27T16:34:26.759Z</time>
	<hdop>3.79</hdop>
	<extensions>
		<gpxtpx:TrackPointExtension>
			<gpxtpx:course>325.0</gpxtpx:course>
		</gpxtpx:TrackPointExtension>
	</extensions>
</trkpt>
<trkpt lat="46.4058718" lon="13.9993878">
	<ele>683.98</ele>
	<time>2026-06-27T16:34:31.759Z</time>
	<hdop>3.79</hdop>
	<extensions>
		<gpxtpx:TrackPointExtension>
			<gpxtpx:course>347.0</gpxtpx:course>
		</gpxtpx:TrackPointExtension>
	</extensions>
</trkpt>
<trkpt lat="46.4061672" lon="13.9992293">
	<ele>684.43</ele>
	<time>2026-06-27T16:34:36.760Z</time>
	<hdop>3.79</hdop>
	<extensions>
		<gpxtpx:TrackPointExtension>
			<gpxtpx:course>336.0</gpxtpx:course>
		</gpxtpx:TrackPointExtension>
	</extensions>
</trkpt>
<trkpt lat="46.4065037" lon="13.9989734">
	<ele>685.49</ele>
	<time>2026-06-27T16:34:41.760Z</time>
	<hdop>3.79</hdop>
	<extensions>
		<gpxtpx:TrackPointExtension>
			<gpxtpx:course>332.0</gpxtpx:course>
		</gpxtpx:TrackPointExtension>
	</extensions>
</trkpt>
<trkpt lat="46.4068812" lon="13.9987260">
	<ele>684.75</ele>
	<time>2026-06-27T16:34:46.760Z</time>
	<hdop>3.79</hdop>
	<extensions>
		<gpxtpx:TrackPointExtension>
			<gpxtpx:course>336.0</gpxtpx:course>
		</gpxtpx:TrackPointExtension>
	</extensions>
</trkpt>
<trkpt lat="46.4072880" lon="13.9984510">
	<ele>680.71</ele>
	<time>2026-06-27T16:34:51.760Z</time>
	<hdop>3.79</hdop>
	<extensions>
		<gpxtpx:TrackPointExtension>
			<gpxtpx:course>335.0</gpxtpx:course>
		</gpxtpx:TrackPointExtension>
	</extensions>
</trkpt>
<trkpt lat="46.4076923" lon="13.9981794">
	<ele>677.79</ele>
	<time>2026-06-27T16:34:56.760Z</time>
	<hdop>3.79</hdop>
	<extensions>
		<gpxtpx:TrackPointExtension>
			<gpxtpx:course>335.0</gpxtpx:course>
		</gpxtpx:TrackPointExtension>
	</extensions>
</trkpt>
<trkpt lat="46.4080648" lon="13.9979205">
	<ele>676.26</ele>
	<time>2026-06-27T16:35:01.760Z</time>
	<hdop>3.79</hdop>
	<extensions>
		<gpxtpx:TrackPointExtension>
			<gpxtpx:course>333.0</gpxtpx:course>
		</gpxtpx:TrackPointExtension>
	</extensions>
</trkpt>
<trkpt lat="46.4083915" lon="13.9976916">
	<ele>675.32</ele>
	<time>2026-06-27T16:35:06.760Z</time>
	<hdop>3.79</hdop>
	<extensions>
		<gpxtpx:TrackPointExtension>
			<gpxtpx:course>332.0</gpxtpx:course>
		</gpxtpx:TrackPointExtension>
	</extensions>
</trkpt>
<trkpt lat="46.4086956" lon="13.9974743">
	<ele>674.38</ele>
	<time>2026-06-27T16:35:11.760Z</time>
	<hdop>3.79</hdop>
	<extensions>
		<gpxtpx:TrackPointExtension>
			<gpxtpx:course>331.0</gpxtpx:course>
		</gpxtpx:TrackPointExtension>
	</extensions>
</trkpt>
<trkpt lat="46.4089704" lon="13.9971420">
	<ele>674.98</ele>
	<time>2026-06-27T16:35:16.760Z</time>
	<hdop>3.79</hdop>
	<extensions>
		<gpxtpx:TrackPointExtension>
			<gpxtpx:course>314.0</gpxtpx:course>
		</gpxtpx:TrackPointExtension>
	</extensions>
</trkpt>
<trkpt lat="46.4091762" lon="13.9967217">
	<ele>677.06</ele>
	<time>2026-06-27T16:35:21.760Z</time>
	<hdop>3.79</hdop>
	<extensions>
		<gpxtpx:TrackPointExtension>
			<gpxtpx:course>307.0</gpxtpx:course>
		</gpxtpx:TrackPointExtension>
	</extensions>
</trkpt>
<trkpt lat="46.4094692" lon="13.9964168">
	<ele>676.59</ele>
	<time>2026-06-27T16:35:26.760Z</time>
	<hdop>3.79</hdop>
	<extensions>
		<gpxtpx:TrackPointExtension>
			<gpxtpx:course>332.0</gpxtpx:course>
		</gpxtpx:TrackPointExtension>
	</extensions>
</trkpt>
<trkpt lat="46.4098054" lon="13.9962567">
	<ele>676.79</ele>
	<time>2026-06-27T16:35:31.760Z</time>
	<hdop>3.79</hdop>
	<extensions>
		<gpxtpx:TrackPointExtension>
			<gpxtpx:course>344.0</gpxtpx:course>
		</gpxtpx:TrackPointExtension>
	</extensions>
</trkpt>
<trkpt lat="46.4101934" lon="13.9961160">
	<ele>678.22</ele>
	<time>2026-06-27T16:35:37.760Z</time>
	<hdop>3.79</hdop>
	<extensions>
		<gpxtpx:TrackPointExtension>
			<gpxtpx:course>346.0</gpxtpx:course>
		</gpxtpx:TrackPointExtension>
	</extensions>
</trkpt>
<trkpt lat="46.4105593" lon="13.9959437">
	<ele>678.44</ele>
	<time>2026-06-27T16:35:43.759Z</time>
	<hdop>3.79</hdop>
	<extensions>
		<gpxtpx:TrackPointExtension>
			<gpxtpx:course>344.0</gpxtpx:course>
		</gpxtpx:TrackPointExtension>
	</extensions>
</trkpt>
<trkpt lat="46.4108434" lon="13.9958061">
	<ele>677.83</ele>
	<time>2026-06-27T16:35:48.759Z</time>
	<hdop>3.79</hdop>
	<extensions>
		<gpxtpx:TrackPointExtension>
			<gpxtpx:course>340.0</gpxtpx:course>
		</gpxtpx:TrackPointExtension>
	</extensions>
</trkpt>
<trkpt lat="46.4110998" lon="13.9955921">
	<ele>677.38</ele>
	<time>2026-06-27T16:35:53.759Z</time>
	<hdop>3.79</hdop>
	<extensions>
		<gpxtpx:TrackPointExtension>
			<gpxtpx:course>318.0</gpxtpx:course>
		</gpxtpx:TrackPointExtension>
	</extensions>
</trkpt>
<trkpt lat="46.4113005" lon="13.9953204">
	<ele>677.56</ele>
	<time>2026-06-27T16:35:58.760Z</time>
	<hdop>3.79</hdop>
	<extensions>
		<gpxtpx:TrackPointExtension>
			<gpxtpx:course>317.0</gpxtpx:course>
		</gpxtpx:TrackPointExtension>
	</extensions>
</trkpt>
<trkpt lat="46.4115194" lon="13.9950140">
	<ele>677.85</ele>
	<time>2026-06-27T16:36:03.760Z</time>
	<hdop>3.79</hdop>
	<extensions>
		<gpxtpx:TrackPointExtension>
			<gpxtpx:course>319.0</gpxtpx:course>
		</gpxtpx:TrackPointExtension>
	</extensions>
</trkpt>
<trkpt lat="46.4117749" lon="13.9947449">
	<ele>677.37</ele>
	<time>2026-06-27T16:36:08.760Z</time>
	<hdop>3.79</hdop>
	<extensions>
		<gpxtpx:TrackPointExtension>
			<gpxtpx:course>325.0</gpxtpx:course>
		</gpxtpx:TrackPointExtension>
	</extensions>
</trkpt>
<trkpt lat="46.4120341" lon="13.9944990">
	<ele>677.55</ele>
	<time>2026-06-27T16:36:13.760Z</time>
	<hdop>3.79</hdop>
	<extensions>
		<gpxtpx:TrackPointExtension>
			<gpxtpx:course>329.0</gpxtpx:course>
		</gpxtpx:TrackPointExtension>
	</extensions>
</trkpt>
<trkpt lat="46.4123067" lon="13.9942690">
	<ele>678.56</ele>
	<time>2026-06-27T16:36:18.760Z</time>
	<hdop>3.79</hdop>
	<extensions>
		<gpxtpx:TrackPointExtension>
			<gpxtpx:course>332.0</gpxtpx:course>
		</gpxtpx:TrackPointExtension>
	</extensions>
</trkpt>
<trkpt lat="46.4126251" lon="13.9940405">
	<ele>679.00</ele>
	<time>2026-06-27T16:36:24.760Z</time>
	<hdop>3.79</hdop>
	<extensions>
		<gpxtpx:TrackPointExtension>
			<gpxtpx:course>335.0</gpxtpx:course>
		</gpxtpx:TrackPointExtension>
	</extensions>
</trkpt>
<trkpt lat="46.4128864" lon="13.9938359">
	<ele>678.91</ele>
	<time>2026-06-27T16:36:29.760Z</time>
	<hdop>3.79</hdop>
	<extensions>
		<gpxtpx:TrackPointExtension>
			<gpxtpx:course>329.0</gpxtpx:course>
		</gpxtpx:TrackPointExtension>
	</extensions>
</trkpt>
<trkpt lat="46.4131435" lon="13.9935883">
	<ele>679.68</ele>
	<time>2026-06-27T16:36:34.760Z</time>
	<hdop>3.79</hdop>
	<extensions>
		<gpxtpx:TrackPointExtension>
			<gpxtpx:course>322.0</gpxtpx:course>
		</gpxtpx:TrackPointExtension>
	</extensions>
</trkpt>
<trkpt lat="46.4133441" lon="13.9932651">
	<ele>681.20</ele>
	<time>2026-06-27T16:36:39.760Z</time>
	<hdop>3.79</hdop>
	<extensions>
		<gpxtpx:TrackPointExtension>
			<gpxtpx:course>313.0</gpxtpx:course>
		</gpxtpx:TrackPointExtension>
	</extensions>
</trkpt>
<trkpt lat="46.4135165" lon="13.9929081">
	<ele>682.54</ele>
	<time>2026-06-27T16:36:44.760Z</time>
	<hdop>3.79</hdop>
	<extensions>
		<gpxtpx:TrackPointExtension>
			<gpxtpx:course>309.0</gpxtpx:course>
		</gpxtpx:TrackPointExtension>
	</extensions>
</trkpt>
<trkpt lat="46.4137415" lon="13.9925819">
	<ele>683.25</ele>
	<time>2026-06-27T16:36:49.760Z</time>
	<hdop>3.79</hdop>
	<extensions>
		<gpxtpx:TrackPointExtension>
			<gpxtpx:course>319.0</gpxtpx:course>
		</gpxtpx:TrackPointExtension>
	</extensions>
</trkpt>
<trkpt lat="46.4140556" lon="13.9922401">
	<ele>683.71</ele>
	<time>2026-06-27T16:36:55.759Z</time>
	<hdop>3.79</hdop>
	<extensions>
		<gpxtpx:TrackPointExtension>
			<gpxtpx:course>323.0</gpxtpx:course>
		</gpxtpx:TrackPointExtension>
	</extensions>
</trkpt>
<trkpt lat="46.4143210" lon="13.9919780">
	<ele>684.64</ele>
	<time>2026-06-27T16:37:00.760Z</time>
	<hdop>3.79</hdop>
	<extensions>
		<gpxtpx:TrackPointExtension>
			<gpxtpx:course>322.0</gpxtpx:course>
		</gpxtpx:TrackPointExtension>
	</extensions>
</trkpt>
<trkpt lat="46.4145480" lon="13.9916875">
	<ele>686.57</ele>
	<time>2026-06-27T16:37:05.760Z</time>
	<hdop>3.79</hdop>
	<extensions>
		<gpxtpx:TrackPointExtension>
			<gpxtpx:course>314.0</gpxtpx:course>
		</gpxtpx:TrackPointExtension>
	</extensions>
</trkpt>
<trkpt lat="46.4147645" lon="13.9913926">
	<ele>687.89</ele>
	<time>2026-06-27T16:37:10.760Z</time>
	<hdop>3.79</hdop>
	<extensions>
		<gpxtpx:TrackPointExtension>
			<gpxtpx:course>319.0</gpxtpx:course>
		</gpxtpx:TrackPointExtension>
	</extensions>
</trkpt>
<trkpt lat="46.4149798" lon="13.9911166">
	<ele>687.83</ele>
	<time>2026-06-27T16:37:15.760Z</time>
	<hdop>3.79</hdop>
	<extensions>
		<gpxtpx:TrackPointExtension>
			<gpxtpx:course>321.0</gpxtpx:course>
		</gpxtpx:TrackPointExtension>
	</extensions>
</trkpt>
<trkpt lat="46.4152047" lon="13.9908940">
	<ele>687.29</ele>
	<time>2026-06-27T16:37:20.760Z</time>
	<hdop>3.79</hdop>
	<extensions>
		<gpxtpx:TrackPointExtension>
			<gpxtpx:course>326.0</gpxtpx:course>
		</gpxtpx:TrackPointExtension>
	</extensions>
</trkpt>
<trkpt lat="46.4154663" lon="13.9907026">
	<ele>686.45</ele>
	<time>2026-06-27T16:37:25.760Z</time>
	<hdop>3.79</hdop>
	<extensions>
		<gpxtpx:TrackPointExtension>
			<gpxtpx:course>339.0</gpxtpx:course>
		</gpxtpx:TrackPointExtension>
	</extensions>
</trkpt>
<trkpt lat="46.4157141" lon="13.9905428">
	<ele>684.29</ele>
	<time>2026-06-27T16:37:30.760Z</time>
	<hdop>3.79</hdop>
	<extensions>
		<gpxtpx:TrackPointExtension>
			<gpxtpx:course>337.0</gpxtpx:course>
		</gpxtpx:TrackPointExtension>
	</extensions>
</trkpt>
<trkpt lat="46.4159966" lon="13.9903752">
	<ele>682.47</ele>
	<time>2026-06-27T16:37:35.760Z</time>
	<hdop>3.79</hdop>
	<extensions>
		<gpxtpx:TrackPointExtension>
			<gpxtpx:course>339.0</gpxtpx:course>
		</gpxtpx:TrackPointExtension>
	</extensions>
</trkpt>
<trkpt lat="46.4163545" lon="13.9901877">
	<ele>682.99</ele>
	<time>2026-06-27T16:37:41.759Z</time>
	<hdop>3.79</hdop>
	<extensions>
		<gpxtpx:TrackPointExtension>
			<gpxtpx:course>339.0</gpxtpx:course>
		</gpxtpx:TrackPointExtension>
	</extensions>
</trkpt>
<trkpt lat="46.4166316" lon="13.9900074">
	<ele>684.04</ele>
	<time>2026-06-27T16:37:46.760Z</time>
	<hdop>3.79</hdop>
	<extensions>
		<gpxtpx:TrackPointExtension>
			<gpxtpx:course>331.0</gpxtpx:course>
		</gpxtpx:TrackPointExtension>
	</extensions>
</trkpt>
<trkpt lat="46.4168515" lon="13.9897839">
	<ele>684.73</ele>
	<time>2026-06-27T16:37:51.760Z</time>
	<hdop>3.79</hdop>
	<extensions>
		<gpxtpx:TrackPointExtension>
			<gpxtpx:course>319.0</gpxtpx:course>
		</gpxtpx:TrackPointExtension>
	</extensions>
</trkpt>
<trkpt lat="46.4170593" lon="13.9894924">
	<ele>685.18</ele>
	<time>2026-06-27T16:37:56.760Z</time>
	<hdop>3.79</hdop>
	<extensions>
		<gpxtpx:TrackPointExtension>
			<gpxtpx:course>317.0</gpxtpx:course>
		</gpxtpx:TrackPointExtension>
	</extensions>
</trkpt>
<trkpt lat="46.4172397" lon="13.9891913">
	<ele>686.42</ele>
	<time>2026-06-27T16:38:01.760Z</time>
	<hdop>3.79</hdop>
	<extensions>
		<gpxtpx:TrackPointExtension>
			<gpxtpx:course>307.0</gpxtpx:course>
		</gpxtpx:TrackPointExtension>
	</extensions>
</trkpt>
<trkpt lat="46.4174148" lon="13.9887770">
	<ele>687.16</ele>
	<time>2026-06-27T16:38:07.759Z</time>
	<hdop>3.79</hdop>
	<extensions>
		<gpxtpx:TrackPointExtension>
			<gpxtpx:course>297.0</gpxtpx:course>
		</gpxtpx:TrackPointExtension>
	</extensions>
</trkpt>
<trkpt lat="46.4175248" lon="13.9883874">
	<ele>685.73</ele>
	<time>2026-06-27T16:38:12.760Z</time>
	<hdop>3.79</hdop>
	<extensions>
		<gpxtpx:TrackPointExtension>
			<gpxtpx:course>291.0</gpxtpx:course>
		</gpxtpx:TrackPointExtension>
	</extensions>
</trkpt>
<trkpt lat="46.4176012" lon="13.9880240">
	<ele>686.05</ele>
	<time>2026-06-27T16:38:17.760Z</time>
	<hdop>3.79</hdop>
	<extensions>
		<gpxtpx:TrackPointExtension>
			<gpxtpx:course>288.0</gpxtpx:course>
		</gpxtpx:TrackPointExtension>
	</extensions>
</trkpt>
<trkpt lat="46.4176887" lon="13.9876346">
	<ele>687.71</ele>
	<time>2026-06-27T16:38:22.760Z</time>
	<hdop>3.79</hdop>
	<extensions>
		<gpxtpx:TrackPointExtension>
			<gpxtpx:course>285.0</gpxtpx:course>
		</gpxtpx:TrackPointExtension>
	</extensions>
</trkpt>
<trkpt lat="46.4177752" lon="13.9871571">
	<ele>689.96</ele>
	<time>2026-06-27T16:38:28.759Z</time>
	<hdop>3.79</hdop>
	<extensions>
		<gpxtpx:TrackPointExtension>
			<gpxtpx:course>277.0</gpxtpx:course>
		</gpxtpx:TrackPointExtension>
	</extensions>
</trkpt>
<trkpt lat="46.4178145" lon="13.9867980">
	<ele>692.36</ele>
	<time>2026-06-27T16:38:33.760Z</time>
	<hdop>3.80</hdop>
	<extensions>
		<gpxtpx:TrackPointExtension>
			<gpxtpx:course>275.0</gpxtpx:course>
		</gpxtpx:TrackPointExtension>
	</extensions>
</trkpt>
<trkpt lat="46.4178491" lon="13.9864331">
	<ele>694.40</ele>
	<time>2026-06-27T16:38:38.760Z</time>
	<hdop>3.79</hdop>
	<extensions>
		<gpxtpx:TrackPointExtension>
			<gpxtpx:course>282.0</gpxtpx:course>
		</gpxtpx:TrackPointExtension>
	</extensions>
</trkpt>
<trkpt lat="46.4179078" lon="13.9861096">
	<ele>694.98</ele>
	<time>2026-06-27T16:38:43.760Z</time>
	<hdop>3.79</hdop>
	<extensions>
		<gpxtpx:TrackPointExtension>
			<gpxtpx:course>283.0</gpxtpx:course>
		</gpxtpx:TrackPointExtension>
	</extensions>
</trkpt>
<trkpt lat="46.4179847" lon="13.9858205">
	<ele>694.72</ele>
	<time>2026-06-27T16:38:48.760Z</time>
	<hdop>3.79</hdop>
	<extensions>
		<gpxtpx:TrackPointExtension>
			<gpxtpx:course>290.0</gpxtpx:course>
		</gpxtpx:TrackPointExtension>
	</extensions>
</trkpt>
<trkpt lat="46.4180882" lon="13.9854705">
	<ele>693.65</ele>
	<time>2026-06-27T16:38:54.760Z</time>
	<hdop>3.79</hdop>
	<extensions>
		<gpxtpx:TrackPointExtension>
			<gpxtpx:course>288.0</gpxtpx:course>
		</gpxtpx:TrackPointExtension>
	</extensions>
</trkpt>
<trkpt lat="46.4181659" lon="13.9851023">
	<ele>692.75</ele>
	<time>2026-06-27T16:39:00.759Z</time>
	<hdop>3.79</hdop>
	<extensions>
		<gpxtpx:TrackPointExtension>
			<gpxtpx:course>284.0</gpxtpx:course>
		</gpxtpx:TrackPointExtension>
	</extensions>
</trkpt>
<trkpt lat="46.4182308" lon="13.9847857">
	<ele>692.06</ele>
	<time>2026-06-27T16:39:05.760Z</time>
	<hdop>3.83</hdop>
	<extensions>
		<gpxtpx:TrackPointExtension>
			<gpxtpx:course>288.0</gpxtpx:course>
		</gpxtpx:TrackPointExtension>
	</extensions>
</trkpt>
<trkpt lat="46.4183337" lon="13.9844300">
	<ele>690.16</ele>
	<time>2026-06-27T16:39:11.760Z</time>
	<hdop>3.83</hdop>
	<extensions>
		<gpxtpx:TrackPointExtension>
			<gpxtpx:course>292.0</gpxtpx:course>
		</gpxtpx:TrackPointExtension>
	</extensions>
</trkpt>
<trkpt lat="46.4184483" lon="13.9841375">
	<ele>689.51</ele>
	<time>2026-06-27T16:39:16.760Z</time>
	<hdop>4.20</hdop>
	<extensions>
		<gpxtpx:TrackPointExtension>
			<gpxtpx:course>299.0</gpxtpx:course>
		</gpxtpx:TrackPointExtension>
	</extensions>
</trkpt>
<trkpt lat="46.4185620" lon="13.9837786">
	<ele>693.15</ele>
	<time>2026-06-27T16:39:21.760Z</time>
	<hdop>4.13</hdop>
	<extensions>
		<gpxtpx:TrackPointExtension>
			<gpxtpx:course>295.0</gpxtpx:course>
		</gpxtpx:TrackPointExtension>
	</extensions>
</trkpt>
<trkpt lat="46.4186122" lon="13.9834154">
	<ele>698.49</ele>
	<time>2026-06-27T16:39:26.760Z</time>
	<hdop>3.79</hdop>
	<extensions>
		<gpxtpx:TrackPointExtension>
			<gpxtpx:course>279.0</gpxtpx:course>
		</gpxtpx:TrackPointExtension>
	</extensions>
</trkpt>
<trkpt lat="46.4186699" lon="13.9830336">
	<ele>701.25</ele>
	<time>2026-06-27T16:39:32.760Z</time>
	<hdop>3.79</hdop>
	<extensions>
		<gpxtpx:TrackPointExtension>
			<gpxtpx:course>282.0</gpxtpx:course>
		</gpxtpx:TrackPointExtension>
	</extensions>
</trkpt>
<trkpt lat="46.4187546" lon="13.9826729">
	<ele>701.21</ele>
	<time>2026-06-27T16:39:38.759Z</time>
	<hdop>3.79</hdop>
	<extensions>
		<gpxtpx:TrackPointExtension>
			<gpxtpx:course>292.0</gpxtpx:course>
		</gpxtpx:TrackPointExtension>
	</extensions>
</trkpt>
<trkpt lat="46.4188476" lon="13.9823665">
	<ele>699.14</ele>
	<time>2026-06-27T16:39:43.760Z</time>
	<hdop>3.79</hdop>
	<extensions>
		<gpxtpx:TrackPointExtension>
			<gpxtpx:course>299.0</gpxtpx:course>
		</gpxtpx:TrackPointExtension>
	</extensions>
</trkpt>
<trkpt lat="46.4189546" lon="13.9820466">
	<ele>695.98</ele>
	<time>2026-06-27T16:39:49.759Z</time>
	<hdop>3.79</hdop>
	<extensions>
		<gpxtpx:TrackPointExtension>
			<gpxtpx:course>293.0</gpxtpx:course>
		</gpxtpx:TrackPointExtension>
	</extensions>
</trkpt>
<trkpt lat="46.4190415" lon="13.9816995">
	<ele>693.66</ele>
	<time>2026-06-27T16:39:54.760Z</time>
	<hdop>3.79</hdop>
	<extensions>
		<gpxtpx:TrackPointExtension>
			<gpxtpx:course>291.0</gpxtpx:course>
		</gpxtpx:TrackPointExtension>
	</extensions>
</trkpt>
<trkpt lat="46.4191125" lon="13.9813579">
	<ele>693.22</ele>
	<time>2026-06-27T16:39:59.760Z</time>
	<hdop>3.79</hdop>
	<extensions>
		<gpxtpx:TrackPointExtension>
			<gpxtpx:course>287.0</gpxtpx:course>
		</gpxtpx:TrackPointExtension>
	</extensions>
</trkpt>
<trkpt lat="46.4192108" lon="13.9810413">
	<ele>693.29</ele>
	<time>2026-06-27T16:40:04.760Z</time>
	<hdop>3.79</hdop>
	<extensions>
		<gpxtpx:TrackPointExtension>
			<gpxtpx:course>295.0</gpxtpx:course>
		</gpxtpx:TrackPointExtension>
	</extensions>
</trkpt>
<trkpt lat="46.4193230" lon="13.9806358">
	<ele>694.57</ele>
	<time>2026-06-27T16:40:10.760Z</time>
	<hdop>3.79</hdop>
	<extensions>
		<gpxtpx:TrackPointExtension>
			<gpxtpx:course>289.0</gpxtpx:course>
		</gpxtpx:TrackPointExtension>
	</extensions>
</trkpt>
<trkpt lat="46.4193743" lon="13.9802771">
	<ele>696.55</ele>
	<time>2026-06-27T16:40:15.760Z</time>
	<hdop>3.79</hdop>
	<extensions>
		<gpxtpx:TrackPointExtension>
			<gpxtpx:course>286.0</gpxtpx:course>
		</gpxtpx:TrackPointExtension>
	</extensions>
</trkpt>
<trkpt lat="46.4194423" lon="13.9799196">
	<ele>698.25</ele>
	<time>2026-06-27T16:40:20.760Z</time>
	<hdop>3.79</hdop>
	<extensions>
		<gpxtpx:TrackPointExtension>
			<gpxtpx:course>288.0</gpxtpx:course>
		</gpxtpx:TrackPointExtension>
	</extensions>
</trkpt>
<trkpt lat="46.4194978" lon="13.9795780">
	<ele>699.86</ele>
	<time>2026-06-27T16:40:25.760Z</time>
	<hdop>3.79</hdop>
	<extensions>
		<gpxtpx:TrackPointExtension>
			<gpxtpx:course>279.0</gpxtpx:course>
		</gpxtpx:TrackPointExtension>
	</extensions>
</trkpt>
<trkpt lat="46.4195852" lon="13.9792533">
	<ele>700.38</ele>
	<time>2026-06-27T16:40:30.760Z</time>
	<hdop>3.79</hdop>
	<extensions>
		<gpxtpx:TrackPointExtension>
			<gpxtpx:course>287.0</gpxtpx:course>
		</gpxtpx:TrackPointExtension>
	</extensions>
</trkpt>
<trkpt lat="46.4197029" lon="13.9789215">
	<ele>699.60</ele>
	<time>2026-06-27T16:40:36.760Z</time>
	<hdop>3.79</hdop>
	<extensions>
		<gpxtpx:TrackPointExtension>
			<gpxtpx:course>304.0</gpxtpx:course>
		</gpxtpx:TrackPointExtension>
	</extensions>
</trkpt>
<trkpt lat="46.4198002" lon="13.9787282">
	<ele>698.18</ele>
	<time>2026-06-27T16:40:41.760Z</time>
	<hdop>3.79</hdop>
	<extensions>
		<gpxtpx:TrackPointExtension>
			<gpxtpx:course>313.0</gpxtpx:course>
		</gpxtpx:TrackPointExtension>
	</extensions>
</trkpt>
<trkpt lat="46.4199167" lon="13.9785533">
	<ele>696.07</ele>
	<time>2026-06-27T16:40:47.759Z</time>
	<hdop>3.79</hdop>
	<extensions>
		<gpxtpx:TrackPointExtension>
			<gpxtpx:course>314.0</gpxtpx:course>
		</gpxtpx:TrackPointExtension>
	</extensions>
</trkpt>
<trkpt lat="46.4200333" lon="13.9783668">
	<ele>694.44</ele>
	<time>2026-06-27T16:40:52.760Z</time>
	<hdop>3.79</hdop>
	<extensions>
		<gpxtpx:TrackPointExtension>
			<gpxtpx:course>316.0</gpxtpx:course>
		</gpxtpx:TrackPointExtension>
	</extensions>
</trkpt>
<trkpt lat="46.4201558" lon="13.9781822">
	<ele>693.28</ele>
	<time>2026-06-27T16:40:58.760Z</time>
	<hdop>3.79</hdop>
	<extensions>
		<gpxtpx:TrackPointExtension>
			<gpxtpx:course>310.0</gpxtpx:course>
		</gpxtpx:TrackPointExtension>
	</extensions>
</trkpt>
<trkpt lat="46.4202626" lon="13.9780292">
	<ele>692.82</ele>
	<time>2026-06-27T16:41:04.760Z</time>
	<hdop>3.79</hdop>
	<extensions>
		<gpxtpx:TrackPointExtension>
			<gpxtpx:course>312.0</gpxtpx:course>
		</gpxtpx:TrackPointExtension>
	</extensions>
</trkpt>
<trkpt lat="46.4203855" lon="13.9778380">
	<ele>692.88</ele>
	<time>2026-06-27T16:41:09.760Z</time>
	<hdop>3.79</hdop>
	<extensions>
		<gpxtpx:TrackPointExtension>
			<gpxtpx:course>308.0</gpxtpx:course>
		</gpxtpx:TrackPointExtension>
	</extensions>
</trkpt>
<trkpt lat="46.4205287" lon="13.9776176">
	<ele>693.65</ele>
	<time>2026-06-27T16:41:15.760Z</time>
	<hdop>3.79</hdop>
	<extensions>
		<gpxtpx:TrackPointExtension>
			<gpxtpx:course>318.0</gpxtpx:course>
		</gpxtpx:TrackPointExtension>
	</extensions>
</trkpt>
<trkpt lat="46.4206330" lon="13.9774741">
	<ele>694.47</ele>
	<time>2026-06-27T16:41:20.760Z</time>
	<hdop>3.79</hdop>
	<extensions>
		<gpxtpx:TrackPointExtension>
			<gpxtpx:course>318.0</gpxtpx:course>
		</gpxtpx:TrackPointExtension>
	</extensions>
</trkpt>
<trkpt lat="46.4207593" lon="13.9772829">
	<ele>695.26</ele>
	<time>2026-06-27T16:41:26.760Z</time>
	<hdop>3.79</hdop>
	<extensions>
		<gpxtpx:TrackPointExtension>
			<gpxtpx:course>316.0</gpxtpx:course>
		</gpxtpx:TrackPointExtension>
	</extensions>
</trkpt>
<trkpt lat="46.4208816" lon="13.9771024">
	<ele>695.58</ele>
	<time>2026-06-27T16:41:31.760Z</time>
	<hdop>3.79</hdop>
	<extensions>
		<gpxtpx:TrackPointExtension>
			<gpxtpx:course>311.0</gpxtpx:course>
		</gpxtpx:TrackPointExtension>
	</extensions>
</trkpt>
<trkpt lat="46.4210137" lon="13.9769143">
	<ele>695.80</ele>
	<time>2026-06-27T16:41:36.760Z</time>
	<hdop>3.79</hdop>
	<extensions>
		<gpxtpx:TrackPointExtension>
			<gpxtpx:course>312.0</gpxtpx:course>
		</gpxtpx:TrackPointExtension>
	</extensions>
</trkpt>
<trkpt lat="46.4211464" lon="13.9767048">
	<ele>696.07</ele>
	<time>2026-06-27T16:41:41.760Z</time>
	<hdop>3.79</hdop>
	<extensions>
		<gpxtpx:TrackPointExtension>
			<gpxtpx:course>312.0</gpxtpx:course>
		</gpxtpx:TrackPointExtension>
	</extensions>
</trkpt>
<trkpt lat="46.4212888" lon="13.9764918">
	<ele>696.18</ele>
	<time>2026-06-27T16:41:46.760Z</time>
	<hdop>3.79</hdop>
	<extensions>
		<gpxtpx:TrackPointExtension>
			<gpxtpx:course>315.0</gpxtpx:course>
		</gpxtpx:TrackPointExtension>
	</extensions>
</trkpt>
<trkpt lat="46.4214298" lon="13.9762653">
	<ele>696.01</ele>
	<time>2026-06-27T16:41:51.760Z</time>
	<hdop>3.79</hdop>
	<extensions>
		<gpxtpx:TrackPointExtension>
			<gpxtpx:course>313.0</gpxtpx:course>
		</gpxtpx:TrackPointExtension>
	</extensions>
</trkpt>
<trkpt lat="46.4215661" lon="13.9760433">
	<ele>696.10</ele>
	<time>2026-06-27T16:41:56.760Z</time>
	<hdop>3.79</hdop>
	<extensions>
		<gpxtpx:TrackPointExtension>
			<gpxtpx:course>312.0</gpxtpx:course>
		</gpxtpx:TrackPointExtension>
	</extensions>
</trkpt>
<trkpt lat="46.4216920" lon="13.9758469">
	<ele>696.76</ele>
	<time>2026-06-27T16:42:01.760Z</time>
	<hdop>3.79</hdop>
	<extensions>
		<gpxtpx:TrackPointExtension>
			<gpxtpx:course>315.0</gpxtpx:course>
		</gpxtpx:TrackPointExtension>
	</extensions>
</trkpt>
<trkpt lat="46.4218277" lon="13.9756369">
	<ele>698.41</ele>
	<time>2026-06-27T16:42:06.760Z</time>
	<hdop>3.79</hdop>
	<extensions>
		<gpxtpx:TrackPointExtension>
			<gpxtpx:course>310.0</gpxtpx:course>
		</gpxtpx:TrackPointExtension>
	</extensions>
</trkpt>
<trkpt lat="46.4219658" lon="13.9754176">
	<ele>700.27</ele>
	<time>2026-06-27T16:42:11.760Z</time>
	<hdop>3.79</hdop>
	<extensions>
		<gpxtpx:TrackPointExtension>
			<gpxtpx:course>312.0</gpxtpx:course>
		</gpxtpx:TrackPointExtension>
	</extensions>
</trkpt>
<trkpt lat="46.4221407" lon="13.9751470">
	<ele>701.01</ele>
	<time>2026-06-27T16:42:17.760Z</time>
	<hdop>3.79</hdop>
	<extensions>
		<gpxtpx:TrackPointExtension>
			<gpxtpx:course>311.0</gpxtpx:course>
		</gpxtpx:TrackPointExtension>
	</extensions>
</trkpt>
<trkpt lat="46.4222923" lon="13.9749003">
	<ele>700.89</ele>
	<time>2026-06-27T16:42:22.760Z</time>
	<hdop>3.79</hdop>
	<extensions>
		<gpxtpx:TrackPointExtension>
			<gpxtpx:course>310.0</gpxtpx:course>
		</gpxtpx:TrackPointExtension>
	</extensions>
</trkpt>
<trkpt lat="46.4224534" lon="13.9746628">
	<ele>701.34</ele>
	<time>2026-06-27T16:42:27.760Z</time>
	<hdop>3.79</hdop>
	<extensions>
		<gpxtpx:TrackPointExtension>
			<gpxtpx:course>316.0</gpxtpx:course>
		</gpxtpx:TrackPointExtension>
	</extensions>
</trkpt>
<trkpt lat="46.4226591" lon="13.9743885">
	<ele>702.98</ele>
	<time>2026-06-27T16:42:33.759Z</time>
	<hdop>3.79</hdop>
	<extensions>
		<gpxtpx:TrackPointExtension>
			<gpxtpx:course>317.0</gpxtpx:course>
		</gpxtpx:TrackPointExtension>
	</extensions>
</trkpt>
<trkpt lat="46.4228382" lon="13.9741678">
	<ele>703.66</ele>
	<time>2026-06-27T16:42:38.759Z</time>
	<hdop>3.79</hdop>
	<extensions>
		<gpxtpx:TrackPointExtension>
			<gpxtpx:course>323.0</gpxtpx:course>
		</gpxtpx:TrackPointExtension>
	</extensions>
</trkpt>
<trkpt lat="46.4230389" lon="13.9739772">
	<ele>702.45</ele>
	<time>2026-06-27T16:42:43.760Z</time>
	<hdop>3.79</hdop>
	<extensions>
		<gpxtpx:TrackPointExtension>
			<gpxtpx:course>330.0</gpxtpx:course>
		</gpxtpx:TrackPointExtension>
	</extensions>
</trkpt>
<trkpt lat="46.4232460" lon="13.9738109">
	<ele>699.96</ele>
	<time>2026-06-27T16:42:48.760Z</time>
	<hdop>3.79</hdop>
	<extensions>
		<gpxtpx:TrackPointExtension>
			<gpxtpx:course>334.0</gpxtpx:course>
		</gpxtpx:TrackPointExtension>
	</extensions>
</trkpt>
<trkpt lat="46.4234667" lon="13.9736522">
	<ele>698.02</ele>
	<time>2026-06-27T16:42:53.760Z</time>
	<hdop>3.79</hdop>
	<extensions>
		<gpxtpx:TrackPointExtension>
			<gpxtpx:course>332.0</gpxtpx:course>
		</gpxtpx:TrackPointExtension>
	</extensions>
</trkpt>
<trkpt lat="46.4236931" lon="13.9735182">
	<ele>698.15</ele>
	<time>2026-06-27T16:42:58.760Z</time>
	<hdop>3.79</hdop>
	<extensions>
		<gpxtpx:TrackPointExtension>
			<gpxtpx:course>331.0</gpxtpx:course>
		</gpxtpx:TrackPointExtension>
	</extensions>
</trkpt>
<trkpt lat="46.4239188" lon="13.9733682">
	<ele>699.70</ele>
	<time>2026-06-27T16:43:03.760Z</time>
	<hdop>3.79</hdop>
	<extensions>
		<gpxtpx:TrackPointExtension>
			<gpxtpx:course>336.0</gpxtpx:course>
		</gpxtpx:TrackPointExtension>
	</extensions>
</trkpt>
<trkpt lat="46.4241391" lon="13.9732060">
	<ele>700.89</ele>
	<time>2026-06-27T16:43:08.760Z</time>
	<hdop>3.79</hdop>
	<extensions>
		<gpxtpx:TrackPointExtension>
			<gpxtpx:course>330.0</gpxtpx:course>
		</gpxtpx:TrackPointExtension>
	</extensions>
</trkpt>
<trkpt lat="46.4243582" lon="13.9730487">
	<ele>700.74</ele>
	<time>2026-06-27T16:43:13.760Z</time>
	<hdop>3.79</hdop>
	<extensions>
		<gpxtpx:TrackPointExtension>
			<gpxtpx:course>333.0</gpxtpx:course>
		</gpxtpx:TrackPointExtension>
	</extensions>
</trkpt>
<trkpt lat="46.4245763" lon="13.9728957">
	<ele>700.90</ele>
	<time>2026-06-27T16:43:18.760Z</time>
	<hdop>3.79</hdop>
	<extensions>
		<gpxtpx:TrackPointExtension>
			<gpxtpx:course>332.0</gpxtpx:course>
		</gpxtpx:TrackPointExtension>
	</extensions>
</trkpt>
<trkpt lat="46.4247798" lon="13.9727595">
	<ele>701.62</ele>
	<time>2026-06-27T16:43:23.760Z</time>
	<hdop>3.79</hdop>
	<extensions>
		<gpxtpx:TrackPointExtension>
			<gpxtpx:course>335.0</gpxtpx:course>
		</gpxtpx:TrackPointExtension>
	</extensions>
</trkpt>
<trkpt lat="46.4249958" lon="13.9726154">
	<ele>702.50</ele>
	<time>2026-06-27T16:43:28.760Z</time>
	<hdop>3.79</hdop>
	<extensions>
		<gpxtpx:TrackPointExtension>
			<gpxtpx:course>334.0</gpxtpx:course>
		</gpxtpx:TrackPointExtension>
	</extensions>
</trkpt>
<trkpt lat="46.4252568" lon="13.9724474">
	<ele>703.03</ele>
	<time>2026-06-27T16:43:34.760Z</time>
	<hdop>3.79</hdop>
	<extensions>
		<gpxtpx:TrackPointExtension>
			<gpxtpx:course>334.0</gpxtpx:course>
		</gpxtpx:TrackPointExtension>
	</extensions>
</trkpt>
<trkpt lat="46.4254840" lon="13.9722879">
	<ele>702.34</ele>
	<time>2026-06-27T16:43:39.760Z</time>
	<hdop>3.79</hdop>
	<extensions>
		<gpxtpx:TrackPointExtension>
			<gpxtpx:course>338.0</gpxtpx:course>
		</gpxtpx:TrackPointExtension>
	</extensions>
</trkpt>
<trkpt lat="46.4257453" lon="13.9720942">
	<ele>701.12</ele>
	<time>2026-06-27T16:43:45.760Z</time>
	<hdop>3.79</hdop>
	<extensions>
		<gpxtpx:TrackPointExtension>
			<gpxtpx:course>332.0</gpxtpx:course>
		</gpxtpx:TrackPointExtension>
	</extensions>
</trkpt>
<trkpt lat="46.4259691" lon="13.9719241">
	<ele>701.07</ele>
	<time>2026-06-27T16:43:50.760Z</time>
	<hdop>3.79</hdop>
	<extensions>
		<gpxtpx:TrackPointExtension>
			<gpxtpx:course>333.0</gpxtpx:course>
		</gpxtpx:TrackPointExtension>
	</extensions>
</trkpt>
<trkpt lat="46.4262278" lon="13.9717064">
	<ele>703.45</ele>
	<time>2026-06-27T16:43:56.759Z</time>
	<hdop>3.79</hdop>
	<extensions>
		<gpxtpx:TrackPointExtension>
			<gpxtpx:course>331.0</gpxtpx:course>
		</gpxtpx:TrackPointExtension>
	</extensions>
</trkpt>
<trkpt lat="46.4264461" lon="13.9715228">
	<ele>705.46</ele>
	<time>2026-06-27T16:44:01.760Z</time>
	<hdop>3.79</hdop>
	<extensions>
		<gpxtpx:TrackPointExtension>
			<gpxtpx:course>329.0</gpxtpx:course>
		</gpxtpx:TrackPointExtension>
	</extensions>
</trkpt>
<trkpt lat="46.4266820" lon="13.9712645">
	<ele>704.97</ele>
	<time>2026-06-27T16:44:07.760Z</time>
	<hdop>3.79</hdop>
	<extensions>
		<gpxtpx:TrackPointExtension>
			<gpxtpx:course>319.0</gpxtpx:course>
		</gpxtpx:TrackPointExtension>
	</extensions>
</trkpt>
<trkpt lat="46.4268564" lon="13.9710023">
	<ele>703.56</ele>
	<time>2026-06-27T16:44:12.760Z</time>
	<hdop>3.79</hdop>
	<extensions>
		<gpxtpx:TrackPointExtension>
			<gpxtpx:course>313.0</gpxtpx:course>
		</gpxtpx:TrackPointExtension>
	</extensions>
</trkpt>
<trkpt lat="46.4270065" lon="13.9707214">
	<ele>703.37</ele>
	<time>2026-06-27T16:44:17.760Z</time>
	<hdop>6.86</hdop>
	<extensions>
		<gpxtpx:TrackPointExtension>
			<gpxtpx:course>305.0</gpxtpx:course>
		</gpxtpx:TrackPointExtension>
	</extensions>
</trkpt>
<trkpt lat="46.4271476" lon="13.9704217">
	<ele>704.28</ele>
	<time>2026-06-27T16:44:22.760Z</time>
	<hdop>3.79</hdop>
	<extensions>
		<gpxtpx:TrackPointExtension>
			<gpxtpx:course>302.0</gpxtpx:course>
		</gpxtpx:TrackPointExtension>
	</extensions>
</trkpt>
<trkpt lat="46.4272998" lon="13.9701304">
	<ele>706.15</ele>
	<time>2026-06-27T16:44:27.760Z</time>
	<hdop>3.79</hdop>
	<extensions>
		<gpxtpx:TrackPointExtension>
			<gpxtpx:course>308.0</gpxtpx:course>
		</gpxtpx:TrackPointExtension>
	</extensions>
</trkpt>
<trkpt lat="46.4274839" lon="13.9698809">
	<ele>707.08</ele>
	<time>2026-06-27T16:44:32.760Z</time>
	<hdop>3.79</hdop>
	<extensions>
		<gpxtpx:TrackPointExtension>
			<gpxtpx:course>317.0</gpxtpx:course>
		</gpxtpx:TrackPointExtension>
	</extensions>
</trkpt>
<trkpt lat="46.4276720" lon="13.9696463">
	<ele>705.80</ele>
	<time>2026-06-27T16:44:37.760Z</time>
	<hdop>3.79</hdop>
	<extensions>
		<gpxtpx:TrackPointExtension>
			<gpxtpx:course>321.0</gpxtpx:course>
		</gpxtpx:TrackPointExtension>
	</extensions>
</trkpt>
<trkpt lat="46.4278669" lon="13.9694172">
	<ele>705.49</ele>
	<time>2026-06-27T16:44:42.760Z</time>
	<hdop>3.79</hdop>
	<extensions>
		<gpxtpx:TrackPointExtension>
			<gpxtpx:course>321.0</gpxtpx:course>
		</gpxtpx:TrackPointExtension>
	</extensions>
</trkpt>
<trkpt lat="46.4280677" lon="13.9691813">
	<ele>706.74</ele>
	<time>2026-06-27T16:44:47.760Z</time>
	<hdop>3.79</hdop>
	<extensions>
		<gpxtpx:TrackPointExtension>
			<gpxtpx:course>322.0</gpxtpx:course>
		</gpxtpx:TrackPointExtension>
	</extensions>
</trkpt>
<trkpt lat="46.4282604" lon="13.9689338">
	<ele>707.84</ele>
	<time>2026-06-27T16:44:52.760Z</time>
	<hdop>3.79</hdop>
	<extensions>
		<gpxtpx:TrackPointExtension>
			<gpxtpx:course>318.0</gpxtpx:course>
		</gpxtpx:TrackPointExtension>
	</extensions>
</trkpt>
<trkpt lat="46.4284923" lon="13.9686318">
	<ele>707.70</ele>
	<time>2026-06-27T16:44:58.760Z</time>
	<hdop>3.79</hdop>
	<extensions>
		<gpxtpx:TrackPointExtension>
			<gpxtpx:course>316.0</gpxtpx:course>
		</gpxtpx:TrackPointExtension>
	</extensions>
</trkpt>
<trkpt lat="46.4286795" lon="13.9683455">
	<ele>708.82</ele>
	<time>2026-06-27T16:45:03.760Z</time>
	<hdop>3.79</hdop>
	<extensions>
		<gpxtpx:TrackPointExtension>
			<gpxtpx:course>311.0</gpxtpx:course>
		</gpxtpx:TrackPointExtension>
	</extensions>
</trkpt>
<trkpt lat="46.4288448" lon="13.9680393">
	<ele>710.49</ele>
	<time>2026-06-27T16:45:08.760Z</time>
	<hdop>3.79</hdop>
	<extensions>
		<gpxtpx:TrackPointExtension>
			<gpxtpx:course>306.0</gpxtpx:course>
		</gpxtpx:TrackPointExtension>
	</extensions>
</trkpt>
<trkpt lat="46.4290233" lon="13.9676510">
	<ele>710.91</ele>
	<time>2026-06-27T16:45:14.759Z</time>
	<hdop>3.79</hdop>
	<extensions>
		<gpxtpx:TrackPointExtension>
			<gpxtpx:course>301.0</gpxtpx:course>
		</gpxtpx:TrackPointExtension>
	</extensions>
</trkpt>
<trkpt lat="46.4291534" lon="13.9673212">
	<ele>710.33</ele>
	<time>2026-06-27T16:45:19.760Z</time>
	<hdop>3.79</hdop>
	<extensions>
		<gpxtpx:TrackPointExtension>
			<gpxtpx:course>295.0</gpxtpx:course>
		</gpxtpx:TrackPointExtension>
	</extensions>
</trkpt>
<trkpt lat="46.4292587" lon="13.9669687">
	<ele>709.42</ele>
	<time>2026-06-27T16:45:24.760Z</time>
	<hdop>3.79</hdop>
	<extensions>
		<gpxtpx:TrackPointExtension>
			<gpxtpx:course>295.0</gpxtpx:course>
		</gpxtpx:TrackPointExtension>
	</extensions>
</trkpt>
<trkpt lat="46.4293738" lon="13.9665405">
	<ele>710.13</ele>
	<time>2026-06-27T16:45:30.760Z</time>
	<hdop>3.79</hdop>
	<extensions>
		<gpxtpx:TrackPointExtension>
			<gpxtpx:course>288.0</gpxtpx:course>
		</gpxtpx:TrackPointExtension>
	</extensions>
</trkpt>
<trkpt lat="46.4294510" lon="13.9661715">
	<ele>713.53</ele>
	<time>2026-06-27T16:45:35.760Z</time>
	<hdop>3.79</hdop>
	<extensions>
		<gpxtpx:TrackPointExtension>
			<gpxtpx:course>286.0</gpxtpx:course>
		</gpxtpx:TrackPointExtension>
	</extensions>
</trkpt>
<trkpt lat="46.4295020" lon="13.9657990">
	<ele>715.96</ele>
	<time>2026-06-27T16:45:40.760Z</time>
	<hdop>3.79</hdop>
	<extensions>
		<gpxtpx:TrackPointExtension>
			<gpxtpx:course>275.0</gpxtpx:course>
		</gpxtpx:TrackPointExtension>
	</extensions>
</trkpt>
<trkpt lat="46.4295293" lon="13.9654442">
	<ele>715.41</ele>
	<time>2026-06-27T16:45:45.760Z</time>
	<hdop>3.79</hdop>
	<extensions>
		<gpxtpx:TrackPointExtension>
			<gpxtpx:course>275.0</gpxtpx:course>
		</gpxtpx:TrackPointExtension>
	</extensions>
</trkpt>
<trkpt lat="46.4295506" lon="13.9650615">
	<ele>714.37</ele>
	<time>2026-06-27T16:45:50.760Z</time>
	<hdop>3.79</hdop>
	<extensions>
		<gpxtpx:TrackPointExtension>
			<gpxtpx:course>276.0</gpxtpx:course>
		</gpxtpx:TrackPointExtension>
	</extensions>
</trkpt>
<trkpt lat="46.4295417" lon="13.9646808">
	<ele>715.81</ele>
	<time>2026-06-27T16:45:55.760Z</time>
	<hdop>3.79</hdop>
	<extensions>
		<gpxtpx:TrackPointExtension>
			<gpxtpx:course>265.0</gpxtpx:course>
		</gpxtpx:TrackPointExtension>
	</extensions>
</trkpt>
<trkpt lat="46.4295796" lon="13.9643020">
	<ele>717.88</ele>
	<time>2026-06-27T16:46:00.760Z</time>
	<hdop>3.79</hdop>
	<extensions>
		<gpxtpx:TrackPointExtension>
			<gpxtpx:course>288.0</gpxtpx:course>
		</gpxtpx:TrackPointExtension>
	</extensions>
</trkpt>
<trkpt lat="46.4297306" lon="13.9638926">
	<ele>717.45</ele>
	<time>2026-06-27T16:46:06.760Z</time>
	<hdop>9.94</hdop>
	<extensions>
		<gpxtpx:TrackPointExtension>
			<gpxtpx:course>303.0</gpxtpx:course>
		</gpxtpx:TrackPointExtension>
	</extensions>
</trkpt>
<trkpt lat="46.4298919" lon="13.9635797">
	<ele>714.69</ele>
	<time>2026-06-27T16:46:11.760Z</time>
	<hdop>9.94</hdop>
	<extensions>
		<gpxtpx:TrackPointExtension>
			<gpxtpx:course>307.0</gpxtpx:course>
		</gpxtpx:TrackPointExtension>
	</extensions>
</trkpt>
<trkpt lat="46.4300402" lon="13.9632682">
	<ele>712.50</ele>
	<time>2026-06-27T16:46:16.760Z</time>
	<hdop>7.48</hdop>
	<extensions>
		<gpxtpx:TrackPointExtension>
			<gpxtpx:course>296.0</gpxtpx:course>
		</gpxtpx:TrackPointExtension>
	</extensions>
</trkpt>
<trkpt lat="46.4301514" lon="13.9629333">
	<ele>712.07</ele>
	<time>2026-06-27T16:46:21.760Z</time>
	<hdop>3.79</hdop>
	<extensions>
		<gpxtpx:TrackPointExtension>
			<gpxtpx:course>292.0</gpxtpx:course>
		</gpxtpx:TrackPointExtension>
	</extensions>
</trkpt>
<trkpt lat="46.4302410" lon="13.9625700">
	<ele>712.98</ele>
	<time>2026-06-27T16:46:26.760Z</time>
	<hdop>3.79</hdop>
	<extensions>
		<gpxtpx:TrackPointExtension>
			<gpxtpx:course>286.0</gpxtpx:course>
		</gpxtpx:TrackPointExtension>
	</extensions>
</trkpt>
<trkpt lat="46.4302995" lon="13.9622564">
	<ele>716.69</ele>
	<time>2026-06-27T16:46:32.760Z</time>
	<hdop>3.79</hdop>
	<extensions>
		<gpxtpx:TrackPointExtension>
			<gpxtpx:course>280.0</gpxtpx:course>
		</gpxtpx:TrackPointExtension>
	</extensions>
</trkpt>
<trkpt lat="46.4303416" lon="13.9620094">
	<ele>720.87</ele>
	<time>2026-06-27T16:46:38.760Z</time>
	<hdop>3.79</hdop>
	<extensions>
		<gpxtpx:TrackPointExtension>
			<gpxtpx:course>278.0</gpxtpx:course>
		</gpxtpx:TrackPointExtension>
	</extensions>
</trkpt>
<trkpt lat="46.4303348" lon="13.9617576">
	<ele>725.21</ele>
	<time>2026-06-27T16:46:43.760Z</time>
	<hdop>3.79</hdop>
	<extensions>
		<gpxtpx:TrackPointExtension>
			<gpxtpx:course>264.0</gpxtpx:course>
		</gpxtpx:TrackPointExtension>
	</extensions>
</trkpt>
<trkpt lat="46.4303216" lon="13.9614541">
	<ele>727.76</ele>
	<time>2026-06-27T16:46:48.760Z</time>
	<hdop>3.79</hdop>
	<extensions>
		<gpxtpx:TrackPointExtension>
			<gpxtpx:course>268.0</gpxtpx:course>
		</gpxtpx:TrackPointExtension>
	</extensions>
</trkpt>
<trkpt lat="46.4303389" lon="13.9611238">
	<ele>726.71</ele>
	<time>2026-06-27T16:46:53.760Z</time>
	<hdop>3.79</hdop>
	<extensions>
		<gpxtpx:TrackPointExtension>
			<gpxtpx:course>278.0</gpxtpx:course>
		</gpxtpx:TrackPointExtension>
	</extensions>
</trkpt>
<trkpt lat="46.4303740" lon="13.9608075">
	<ele>723.87</ele>
	<time>2026-06-27T16:46:58.760Z</time>
	<hdop>3.79</hdop>
	<extensions>
		<gpxtpx:TrackPointExtension>
			<gpxtpx:course>276.0</gpxtpx:course>
		</gpxtpx:TrackPointExtension>
	</extensions>
</trkpt>
<trkpt lat="46.4303758" lon="13.9605107">
	<ele>720.40</ele>
	<time>2026-06-27T16:47:03.760Z</time>
	<hdop>3.79</hdop>
	<extensions>
		<gpxtpx:TrackPointExtension>
			<gpxtpx:course>265.0</gpxtpx:course>
		</gpxtpx:TrackPointExtension>
	</extensions>
</trkpt>
<trkpt lat="46.4303276" lon="13.9601582">
	<ele>715.68</ele>
	<time>2026-06-27T16:47:08.760Z</time>
	<hdop>3.85</hdop>
	<extensions>
		<gpxtpx:TrackPointExtension>
			<gpxtpx:course>254.0</gpxtpx:course>
		</gpxtpx:TrackPointExtension>
	</extensions>
</trkpt>
<trkpt lat="46.4302744" lon="13.9598753">
	<ele>713.67</ele>
	<time>2026-06-27T16:47:13.760Z</time>
	<hdop>3.79</hdop>
	<extensions>
		<gpxtpx:TrackPointExtension>
			<gpxtpx:course>256.0</gpxtpx:course>
		</gpxtpx:TrackPointExtension>
	</extensions>
</trkpt>
<trkpt lat="46.4302026" lon="13.9596441">
	<ele>714.39</ele>
	<time>2026-06-27T16:47:18.760Z</time>
	<hdop>3.79</hdop>
	<extensions>
		<gpxtpx:TrackPointExtension>
			<gpxtpx:course>238.0</gpxtpx:course>
		</gpxtpx:TrackPointExtension>
	</extensions>
</trkpt>
<trkpt lat="46.4301320" lon="13.9593761">
	<ele>716.70</ele>
	<time>2026-06-27T16:47:23.760Z</time>
	<hdop>3.79</hdop>
	<extensions>
		<gpxtpx:TrackPointExtension>
			<gpxtpx:course>242.0</gpxtpx:course>
		</gpxtpx:TrackPointExtension>
	</extensions>
</trkpt>
<trkpt lat="46.4300516" lon="13.9590338">
	<ele>719.12</ele>
	<time>2026-06-27T16:47:29.760Z</time>
	<hdop>3.79</hdop>
	<extensions>
		<gpxtpx:TrackPointExtension>
			<gpxtpx:course>254.0</gpxtpx:course>
		</gpxtpx:TrackPointExtension>
	</extensions>
</trkpt>
<trkpt lat="46.4300022" lon="13.9587371">
	<ele>720.21</ele>
	<time>2026-06-27T16:47:34.760Z</time>
	<hdop>3.79</hdop>
	<extensions>
		<gpxtpx:TrackPointExtension>
			<gpxtpx:course>259.0</gpxtpx:course>
		</gpxtpx:TrackPointExtension>
	</extensions>
</trkpt>
<trkpt lat="46.4299443" lon="13.9584405">
	<ele>722.16</ele>
	<time>2026-06-27T16:47:39.760Z</time>
	<hdop>3.79</hdop>
	<extensions>
		<gpxtpx:TrackPointExtension>
			<gpxtpx:course>245.0</gpxtpx:course>
		</gpxtpx:TrackPointExtension>
	</extensions>
</trkpt>
<trkpt lat="46.4298130" lon="13.9581300">
	<ele>728.32</ele>
	<time>2026-06-27T16:47:45.760Z</time>
	<hdop>3.79</hdop>
	<extensions>
		<gpxtpx:TrackPointExtension>
			<gpxtpx:course>230.0</gpxtpx:course>
		</gpxtpx:TrackPointExtension>
	</extensions>
</trkpt>
<trkpt lat="46.4296761" lon="13.9578918">
	<ele>734.35</ele>
	<time>2026-06-27T16:47:50.760Z</time>
	<hdop>3.79</hdop>
	<extensions>
		<gpxtpx:TrackPointExtension>
			<gpxtpx:course>234.0</gpxtpx:course>
		</gpxtpx:TrackPointExtension>
	</extensions>
</trkpt>
<trkpt lat="46.4295388" lon="13.9575349">
	<ele>736.83</ele>
	<time>2026-06-27T16:47:56.759Z</time>
	<hdop>3.79</hdop>
	<extensions>
		<gpxtpx:TrackPointExtension>
			<gpxtpx:course>248.0</gpxtpx:course>
		</gpxtpx:TrackPointExtension>
	</extensions>
</trkpt>
<trkpt lat="46.4295051" lon="13.9572516">
	<ele>733.92</ele>
	<time>2026-06-27T16:48:01.760Z</time>
	<hdop>3.85</hdop>
	<extensions>
		<gpxtpx:TrackPointExtension>
			<gpxtpx:course>262.0</gpxtpx:course>
		</gpxtpx:TrackPointExtension>
	</extensions>
</trkpt>
<trkpt lat="46.4294618" lon="13.9569672">
	<ele>730.50</ele>
	<time>2026-06-27T16:48:07.759Z</time>
	<hdop>3.79</hdop>
	<extensions>
		<gpxtpx:TrackPointExtension>
			<gpxtpx:course>254.0</gpxtpx:course>
		</gpxtpx:TrackPointExtension>
	</extensions>
</trkpt>
<trkpt lat="46.4293874" lon="13.9567328">
	<ele>728.58</ele>
	<time>2026-06-27T16:48:12.760Z</time>
	<hdop>3.79</hdop>
	<extensions>
		<gpxtpx:TrackPointExtension>
			<gpxtpx:course>244.0</gpxtpx:course>
		</gpxtpx:TrackPointExtension>
	</extensions>
</trkpt>
<trkpt lat="46.4293064" lon="13.9565153">
	<ele>727.84</ele>
	<time>2026-06-27T16:48:17.760Z</time>
	<hdop>3.96</hdop>
	<extensions>
		<gpxtpx:TrackPointExtension>
			<gpxtpx:course>243.0</gpxtpx:course>
		</gpxtpx:TrackPointExtension>
	</extensions>
</trkpt>
<trkpt lat="46.4292351" lon="13.9562969">
	<ele>728.28</ele>
	<time>2026-06-27T16:48:22.760Z</time>
	<hdop>3.79</hdop>
	<extensions>
		<gpxtpx:TrackPointExtension>
			<gpxtpx:course>256.0</gpxtpx:course>
		</gpxtpx:TrackPointExtension>
	</extensions>
</trkpt>
<trkpt lat="46.4291943" lon="13.9560403">
	<ele>728.66</ele>
	<time>2026-06-27T16:48:27.760Z</time>
	<hdop>3.79</hdop>
	<extensions>
		<gpxtpx:TrackPointExtension>
			<gpxtpx:course>260.0</gpxtpx:course>
		</gpxtpx:TrackPointExtension>
	</extensions>
</trkpt>
<trkpt lat="46.4291592" lon="13.9557696">
	<ele>729.01</ele>
	<time>2026-06-27T16:48:32.760Z</time>
	<hdop>3.79</hdop>
	<extensions>
		<gpxtpx:TrackPointExtension>
			<gpxtpx:course>256.0</gpxtpx:course>
		</gpxtpx:TrackPointExtension>
	</extensions>
</trkpt>
<trkpt lat="46.4290868" lon="13.9555205">
	<ele>731.04</ele>
	<time>2026-06-27T16:48:37.760Z</time>
	<hdop>4.08</hdop>
	<extensions>
		<gpxtpx:TrackPointExtension>
			<gpxtpx:course>237.0</gpxtpx:course>
		</gpxtpx:TrackPointExtension>
	</extensions>
</trkpt>
<trkpt lat="46.4289787" lon="13.9552976">
	<ele>735.04</ele>
	<time>2026-06-27T16:48:42.760Z</time>
	<hdop>3.79</hdop>
	<extensions>
		<gpxtpx:TrackPointExtension>
			<gpxtpx:course>229.0</gpxtpx:course>
		</gpxtpx:TrackPointExtension>
	</extensions>
</trkpt>
<trkpt lat="46.4288544" lon="13.9550785">
	<ele>739.66</ele>
	<time>2026-06-27T16:48:47.760Z</time>
	<hdop>3.79</hdop>
	<extensions>
		<gpxtpx:TrackPointExtension>
			<gpxtpx:course>231.0</gpxtpx:course>
		</gpxtpx:TrackPointExtension>
	</extensions>
</trkpt>
<trkpt lat="46.4287369" lon="13.9548132">
	<ele>743.32</ele>
	<time>2026-06-27T16:48:52.760Z</time>
	<hdop>3.79</hdop>
	<extensions>
		<gpxtpx:TrackPointExtension>
			<gpxtpx:course>249.0</gpxtpx:course>
		</gpxtpx:TrackPointExtension>
	</extensions>
</trkpt>
<trkpt lat="46.4287046" lon="13.9545303">
	<ele>741.46</ele>
	<time>2026-06-27T16:48:57.760Z</time>
	<hdop>3.79</hdop>
	<extensions>
		<gpxtpx:TrackPointExtension>
			<gpxtpx:course>268.0</gpxtpx:course>
		</gpxtpx:TrackPointExtension>
	</extensions>
</trkpt>
<trkpt lat="46.4287388" lon="13.9542407">
	<ele>737.56</ele>
	<time>2026-06-27T16:49:02.760Z</time>
	<hdop>3.79</hdop>
	<extensions>
		<gpxtpx:TrackPointExtension>
			<gpxtpx:course>287.0</gpxtpx:course>
		</gpxtpx:TrackPointExtension>
	</extensions>
</trkpt>
<trkpt lat="46.4288224" lon="13.9539727">
	<ele>735.05</ele>
	<time>2026-06-27T16:49:07.760Z</time>
	<hdop>3.79</hdop>
	<extensions>
		<gpxtpx:TrackPointExtension>
			<gpxtpx:course>289.0</gpxtpx:course>
		</gpxtpx:TrackPointExtension>
	</extensions>
</trkpt>
<trkpt lat="46.4288751" lon="13.9537149">
	<ele>734.56</ele>
	<time>2026-06-27T16:49:12.760Z</time>
	<hdop>3.79</hdop>
	<extensions>
		<gpxtpx:TrackPointExtension>
			<gpxtpx:course>281.0</gpxtpx:course>
		</gpxtpx:TrackPointExtension>
	</extensions>
</trkpt>
<trkpt lat="46.4289015" lon="13.9534517">
	<ele>734.72</ele>
	<time>2026-06-27T16:49:17.760Z</time>
	<hdop>3.79</hdop>
	<extensions>
		<gpxtpx:TrackPointExtension>
			<gpxtpx:course>278.0</gpxtpx:course>
		</gpxtpx:TrackPointExtension>
	</extensions>
</trkpt>
<trkpt lat="46.4289170" lon="13.9531056">
	<ele>734.86</ele>
	<time>2026-06-27T16:49:23.759Z</time>
	<hdop>3.79</hdop>
	<extensions>
		<gpxtpx:TrackPointExtension>
			<gpxtpx:course>268.0</gpxtpx:course>
		</gpxtpx:TrackPointExtension>
	</extensions>
</trkpt>
<trkpt lat="46.4289123" lon="13.9527999">
	<ele>735.35</ele>
	<time>2026-06-27T16:49:28.760Z</time>
	<hdop>3.79</hdop>
	<extensions>
		<gpxtpx:TrackPointExtension>
			<gpxtpx:course>264.0</gpxtpx:course>
		</gpxtpx:TrackPointExtension>
	</extensions>
</trkpt>
<trkpt lat="46.4289160" lon="13.9524815">
	<ele>735.41</ele>
	<time>2026-06-27T16:49:33.760Z</time>
	<hdop>3.79</hdop>
	<extensions>
		<gpxtpx:TrackPointExtension>
			<gpxtpx:course>276.0</gpxtpx:course>
		</gpxtpx:TrackPointExtension>
	</extensions>
</trkpt>
<trkpt lat="46.4289435" lon="13.9520891">
	<ele>734.40</ele>
	<time>2026-06-27T16:49:39.760Z</time>
	<hdop>3.79</hdop>
	<extensions>
		<gpxtpx:TrackPointExtension>
			<gpxtpx:course>271.0</gpxtpx:course>
		</gpxtpx:TrackPointExtension>
	</extensions>
</trkpt>
<trkpt lat="46.4289720" lon="13.9517746">
	<ele>733.95</ele>
	<time>2026-06-27T16:49:44.760Z</time>
	<hdop>3.79</hdop>
	<extensions>
		<gpxtpx:TrackPointExtension>
			<gpxtpx:course>280.0</gpxtpx:course>
		</gpxtpx:TrackPointExtension>
	</extensions>
</trkpt>
<trkpt lat="46.4289988" lon="13.9514597">
	<ele>734.36</ele>
	<time>2026-06-27T16:49:49.760Z</time>
	<hdop>3.79</hdop>
	<extensions>
		<gpxtpx:TrackPointExtension>
			<gpxtpx:course>270.0</gpxtpx:course>
		</gpxtpx:TrackPointExtension>
	</extensions>
</trkpt>
<trkpt lat="46.4290068" lon="13.9511359">
	<ele>735.18</ele>
	<time>2026-06-27T16:49:54.760Z</time>
	<hdop>3.79</hdop>
	<extensions>
		<gpxtpx:TrackPointExtension>
			<gpxtpx:course>280.0</gpxtpx:course>
		</gpxtpx:TrackPointExtension>
	</extensions>
</trkpt>
<trkpt lat="46.4290024" lon="13.9508244">
	<ele>735.94</ele>
	<time>2026-06-27T16:49:59.760Z</time>
	<hdop>3.79</hdop>
	<extensions>
		<gpxtpx:TrackPointExtension>
			<gpxtpx:course>266.0</gpxtpx:course>
		</gpxtpx:TrackPointExtension>
	</extensions>
</trkpt>
<trkpt lat="46.4289576" lon="13.9505221">
	<ele>736.06</ele>
	<time>2026-06-27T16:50:04.760Z</time>
	<hdop>3.79</hdop>
	<extensions>
		<gpxtpx:TrackPointExtension>
			<gpxtpx:course>249.0</gpxtpx:course>
		</gpxtpx:TrackPointExtension>
	</extensions>
</trkpt>
<trkpt lat="46.4289024" lon="13.9502351">
	<ele>735.96</ele>
	<time>2026-06-27T16:50:09.760Z</time>
	<hdop>3.79</hdop>
	<extensions>
		<gpxtpx:TrackPointExtension>
			<gpxtpx:course>252.0</gpxtpx:course>
		</gpxtpx:TrackPointExtension>
	</extensions>
</trkpt>
<trkpt lat="46.4288488" lon="13.9499547">
	<ele>736.10</ele>
	<time>2026-06-27T16:50:14.760Z</time>
	<hdop>3.79</hdop>
	<extensions>
		<gpxtpx:TrackPointExtension>
			<gpxtpx:course>252.0</gpxtpx:course>
		</gpxtpx:TrackPointExtension>
	</extensions>
</trkpt>
<trkpt lat="46.4287891" lon="13.9496762">
	<ele>736.61</ele>
	<time>2026-06-27T16:50:19.760Z</time>
	<hdop>3.79</hdop>
	<extensions>
		<gpxtpx:TrackPointExtension>
			<gpxtpx:course>256.0</gpxtpx:course>
		</gpxtpx:TrackPointExtension>
	</extensions>
</trkpt>
<trkpt lat="46.4287261" lon="13.9494103">
	<ele>737.45</ele>
	<time>2026-06-27T16:50:24.760Z</time>
	<hdop>3.79</hdop>
	<extensions>
		<gpxtpx:TrackPointExtension>
			<gpxtpx:course>252.0</gpxtpx:course>
		</gpxtpx:TrackPointExtension>
	</extensions>
</trkpt>
<trkpt lat="46.4286613" lon="13.9491491">
	<ele>738.45</ele>
	<time>2026-06-27T16:50:29.760Z</time>
	<hdop>3.79</hdop>
	<extensions>
		<gpxtpx:TrackPointExtension>
			<gpxtpx:course>250.0</gpxtpx:course>
		</gpxtpx:TrackPointExtension>
	</extensions>
</trkpt>
<trkpt lat="46.4285621" lon="13.9488438">
	<ele>739.90</ele>
	<time>2026-06-27T16:50:35.759Z</time>
	<hdop>3.79</hdop>
	<extensions>
		<gpxtpx:TrackPointExtension>
			<gpxtpx:course>248.0</gpxtpx:course>
		</gpxtpx:TrackPointExtension>
	</extensions>
</trkpt>
<trkpt lat="46.4284812" lon="13.9486057">
	<ele>741.50</ele>
	<time>2026-06-27T16:50:40.760Z</time>
	<hdop>3.79</hdop>
	<extensions>
		<gpxtpx:TrackPointExtension>
			<gpxtpx:course>243.0</gpxtpx:course>
		</gpxtpx:TrackPointExtension>
	</extensions>
</trkpt>
<trkpt lat="46.4283717" lon="13.9483595">
	<ele>743.94</ele>
	<time>2026-06-27T16:50:46.760Z</time>
	<hdop>3.79</hdop>
	<extensions>
		<gpxtpx:TrackPointExtension>
			<gpxtpx:course>231.0</gpxtpx:course>
		</gpxtpx:TrackPointExtension>
	</extensions>
</trkpt>
<trkpt lat="46.4282675" lon="13.9481731">
	<ele>746.57</ele>
	<time>2026-06-27T16:50:52.760Z</time>
	<hdop>3.79</hdop>
	<extensions>
		<gpxtpx:TrackPointExtension>
			<gpxtpx:course>228.0</gpxtpx:course>
		</gpxtpx:TrackPointExtension>
	</extensions>
</trkpt>
<trkpt lat="46.4281823" lon="13.9479592">
	<ele>748.37</ele>
	<time>2026-06-27T16:50:57.760Z</time>
	<hdop>3.79</hdop>
	<extensions>
		<gpxtpx:TrackPointExtension>
			<gpxtpx:course>248.0</gpxtpx:course>
		</gpxtpx:TrackPointExtension>
	</extensions>
</trkpt>
<trkpt lat="46.4282460" lon="13.9477243">
	<ele>747.95</ele>
	<time>2026-06-27T16:51:03.760Z</time>
	<hdop>3.79</hdop>
	<extensions>
		<gpxtpx:TrackPointExtension>
			<gpxtpx:course>329.0</gpxtpx:course>
		</gpxtpx:TrackPointExtension>
	</extensions>
</trkpt>
<trkpt lat="46.4284504" lon="13.9475805">
	<ele>745.31</ele>
	<time>2026-06-27T16:51:09.759Z</time>
	<hdop>3.79</hdop>
	<extensions>
		<gpxtpx:TrackPointExtension>
			<gpxtpx:course>331.0</gpxtpx:course>
		</gpxtpx:TrackPointExtension>
	</extensions>
</trkpt>
<trkpt lat="46.4286292" lon="13.9474513">
	<ele>744.90</ele>
	<time>2026-06-27T16:51:14.759Z</time>
	<hdop>3.79</hdop>
	<extensions>
		<gpxtpx:TrackPointExtension>
			<gpxtpx:course>332.0</gpxtpx:course>
		</gpxtpx:TrackPointExtension>
	</extensions>
</trkpt>
<trkpt lat="46.4288316" lon="13.9473147">
	<ele>745.79</ele>
	<time>2026-06-27T16:51:19.760Z</time>
	<hdop>3.92</hdop>
	<extensions>
		<gpxtpx:TrackPointExtension>
			<gpxtpx:course>333.0</gpxtpx:course>
		</gpxtpx:TrackPointExtension>
	</extensions>
</trkpt>
<trkpt lat="46.4290462" lon="13.9471391">
	<ele>746.95</ele>
	<time>2026-06-27T16:51:24.760Z</time>
	<hdop>3.79</hdop>
	<extensions>
		<gpxtpx:TrackPointExtension>
			<gpxtpx:course>331.0</gpxtpx:course>
		</gpxtpx:TrackPointExtension>
	</extensions>
</trkpt>
<trkpt lat="46.4292986" lon="13.9469500">
	<ele>746.98</ele>
	<time>2026-06-27T16:51:30.760Z</time>
	<hdop>3.79</hdop>
	<extensions>
		<gpxtpx:TrackPointExtension>
			<gpxtpx:course>334.0</gpxtpx:course>
		</gpxtpx:TrackPointExtension>
	</extensions>
</trkpt>
<trkpt lat="46.4295520" lon="13.9467578">
	<ele>746.36</ele>
	<time>2026-06-27T16:51:35.760Z</time>
	<hdop>3.79</hdop>
	<extensions>
		<gpxtpx:TrackPointExtension>
			<gpxtpx:course>329.0</gpxtpx:course>
		</gpxtpx:TrackPointExtension>
	</extensions>
</trkpt>
<trkpt lat="46.4297774" lon="13.9464833">
	<ele>746.03</ele>
	<time>2026-06-27T16:51:40.760Z</time>
	<hdop>3.79</hdop>
	<extensions>
		<gpxtpx:TrackPointExtension>
			<gpxtpx:course>314.0</gpxtpx:course>
		</gpxtpx:TrackPointExtension>
	</extensions>
</trkpt>
<trkpt lat="46.4299333" lon="13.9462324">
	<ele>746.15</ele>
	<time>2026-06-27T16:51:45.760Z</time>
	<hdop>3.79</hdop>
	<extensions>
		<gpxtpx:TrackPointExtension>
			<gpxtpx:course>317.0</gpxtpx:course>
		</gpxtpx:TrackPointExtension>
	</extensions>
</trkpt>
<trkpt lat="46.4300798" lon="13.9460065">
	<ele>746.48</ele>
	<time>2026-06-27T16:51:50.760Z</time>
	<hdop>3.79</hdop>
	<extensions>
		<gpxtpx:TrackPointExtension>
			<gpxtpx:course>308.0</gpxtpx:course>
		</gpxtpx:TrackPointExtension>
	</extensions>
</trkpt>
<trkpt lat="46.4302585" lon="13.9457303">
	<ele>747.17</ele>
	<time>2026-06-27T16:51:56.760Z</time>
	<hdop>3.79</hdop>
	<extensions>
		<gpxtpx:TrackPointExtension>
			<gpxtpx:course>316.0</gpxtpx:course>
		</gpxtpx:TrackPointExtension>
	</extensions>
</trkpt>
<trkpt lat="46.4304072" lon="13.9455546">
	<ele>747.68</ele>
	<time>2026-06-27T16:52:01.760Z</time>
	<hdop>3.83</hdop>
	<extensions>
		<gpxtpx:TrackPointExtension>
			<gpxtpx:course>317.0</gpxtpx:course>
		</gpxtpx:TrackPointExtension>
	</extensions>
</trkpt>
<trkpt lat="46.4304955" lon="13.9453415">
	<ele>748.12</ele>
	<time>2026-06-27T16:52:06.760Z</time>
	<hdop>3.79</hdop>
	<extensions>
		<gpxtpx:TrackPointExtension>
			<gpxtpx:course>302.0</gpxtpx:course>
		</gpxtpx:TrackPointExtension>
	</extensions>
</trkpt>
<trkpt lat="46.4305851" lon="13.9451697">
	<ele>748.32</ele>
	<time>2026-06-27T16:52:11.760Z</time>
	<hdop>3.79</hdop>
	<extensions>
		<gpxtpx:TrackPointExtension>
			<gpxtpx:course>311.0</gpxtpx:course>
		</gpxtpx:TrackPointExtension>
	</extensions>
</trkpt>
<trkpt lat="46.4306522" lon="13.9450446">
	<ele>748.35</ele>
	<time>2026-06-27T16:52:16.760Z</time>
	<hdop>3.79</hdop>
	<extensions>
		<gpxtpx:TrackPointExtension>
			<gpxtpx:course>313.0</gpxtpx:course>
		</gpxtpx:TrackPointExtension>
	</extensions>
</trkpt>
<trkpt lat="46.4306133" lon="13.9451689">
	<ele>748.29</ele>
	<time>2026-06-27T16:52:22.760Z</time>
	<hdop>3.92</hdop>
	<extensions>
		<gpxtpx:TrackPointExtension>
			<gpxtpx:course>139.0</gpxtpx:course>
		</gpxtpx:TrackPointExtension>
	</extensions>
</trkpt>
<trkpt lat="46.4305081" lon="13.9453002">
	<ele>748.23</ele>
	<time>2026-06-27T16:52:27.760Z</time>
	<hdop>3.79</hdop>
	<extensions>
		<gpxtpx:TrackPointExtension>
			<gpxtpx:course>125.0</gpxtpx:course>
		</gpxtpx:TrackPointExtension>
	</extensions>
</trkpt>
<trkpt lat="46.4304422" lon="13.9455116">
	<ele>747.84</ele>
	<time>2026-06-27T16:52:32.760Z</time>
	<hdop>3.79</hdop>
	<extensions>
		<gpxtpx:TrackPointExtension>
			<gpxtpx:course>115.0</gpxtpx:course>
		</gpxtpx:TrackPointExtension>
	</extensions>
</trkpt>
<trkpt lat="46.4303878" lon="13.9456166">
	<ele>747.56</ele>
	<time>2026-06-27T16:55:17.760Z</time>
	<hdop>3.79</hdop>
	<extensions>
		<gpxtpx:TrackPointExtension>
			<gpxtpx:course>163.0</gpxtpx:course>
		</gpxtpx:TrackPointExtension>
	</extensions>
</trkpt>
<trkpt lat="46.4303959" lon="13.9454760">
	<ele>747.86</ele>
	<time>2026-06-27T17:02:20.759Z</time>
	<hdop>3.56</hdop>
	<extensions>
		<gpxtpx:TrackPointExtension>
			<gpxtpx:course>269.0</gpxtpx:course>
		</gpxtpx:TrackPointExtension>
	</extensions>
</trkpt>
<trkpt lat="46.4305328" lon="13.9452439">
	<ele>748.26</ele>
	<time>2026-06-27T17:02:25.760Z</time>
	<hdop>3.90</hdop>
	<extensions>
		<gpxtpx:TrackPointExtension>
			<gpxtpx:course>301.0</gpxtpx:course>
		</gpxtpx:TrackPointExtension>
	</extensions>
</trkpt>
<trkpt lat="46.4306590" lon="13.9449911">
	<ele>748.38</ele>
	<time>2026-06-27T17:02:30.760Z</time>
	<hdop>3.79</hdop>
	<extensions>
		<gpxtpx:TrackPointExtension>
			<gpxtpx:course>294.0</gpxtpx:course>
		</gpxtpx:TrackPointExtension>
	</extensions>
</trkpt>
<trkpt lat="46.4307535" lon="13.9447156">
	<ele>748.20</ele>
	<time>2026-06-27T17:02:35.760Z</time>
	<hdop>3.79</hdop>
	<extensions>
		<gpxtpx:TrackPointExtension>
			<gpxtpx:course>295.0</gpxtpx:course>
		</gpxtpx:TrackPointExtension>
	</extensions>
</trkpt>
<trkpt lat="46.4308352" lon="13.9443916">
	<ele>747.90</ele>
	<time>2026-06-27T17:02:40.760Z</time>
	<hdop>3.79</hdop>
	<extensions>
		<gpxtpx:TrackPointExtension>
			<gpxtpx:course>292.0</gpxtpx:course>
		</gpxtpx:TrackPointExtension>
	</extensions>
</trkpt>
<trkpt lat="46.4309291" lon="13.9440413">
	<ele>748.01</ele>
	<time>2026-06-27T17:02:45.760Z</time>
	<hdop>3.79</hdop>
	<extensions>
		<gpxtpx:TrackPointExtension>
			<gpxtpx:course>292.0</gpxtpx:course>
		</gpxtpx:TrackPointExtension>
	</extensions>
</trkpt>
<trkpt lat="46.4310701" lon="13.9436309">
	<ele>748.78</ele>
	<time>2026-06-27T17:02:51.760Z</time>
	<hdop>3.79</hdop>
	<extensions>
		<gpxtpx:TrackPointExtension>
			<gpxtpx:course>300.0</gpxtpx:course>
		</gpxtpx:TrackPointExtension>
	</extensions>
</trkpt>
<trkpt lat="46.4312142" lon="13.9433153">
	<ele>749.31</ele>
	<time>2026-06-27T17:02:56.760Z</time>
	<hdop>3.79</hdop>
	<extensions>
		<gpxtpx:TrackPointExtension>
			<gpxtpx:course>305.0</gpxtpx:course>
		</gpxtpx:TrackPointExtension>
	</extensions>
</trkpt>
<trkpt lat="46.4313577" lon="13.9429323">
	<ele>749.62</ele>
	<time>2026-06-27T17:03:02.760Z</time>
	<hdop>3.79</hdop>
	<extensions>
		<gpxtpx:TrackPointExtension>
			<gpxtpx:course>295.0</gpxtpx:course>
		</gpxtpx:TrackPointExtension>
	</extensions>
</trkpt>
<trkpt lat="46.4314365" lon="13.9425165">
	<ele>750.05</ele>
	<time>2026-06-27T17:03:08.760Z</time>
	<hdop>3.79</hdop>
	<extensions>
		<gpxtpx:TrackPointExtension>
			<gpxtpx:course>275.0</gpxtpx:course>
		</gpxtpx:TrackPointExtension>
	</extensions>
</trkpt>
<trkpt lat="46.4314769" lon="13.9421662">
	<ele>750.75</ele>
	<time>2026-06-27T17:03:13.760Z</time>
	<hdop>3.79</hdop>
	<extensions>
		<gpxtpx:TrackPointExtension>
			<gpxtpx:course>280.0</gpxtpx:course>
		</gpxtpx:TrackPointExtension>
	</extensions>
</trkpt>
<trkpt lat="46.4315162" lon="13.9418238">
	<ele>751.66</ele>
	<time>2026-06-27T17:03:18.760Z</time>
	<hdop>3.79</hdop>
	<extensions>
		<gpxtpx:TrackPointExtension>
			<gpxtpx:course>287.0</gpxtpx:course>
		</gpxtpx:TrackPointExtension>
	</extensions>
</trkpt>
<trkpt lat="46.4315703" lon="13.9414921">
	<ele>752.91</ele>
	<time>2026-06-27T17:03:23.760Z</time>
	<hdop>3.79</hdop>
	<extensions>
		<gpxtpx:TrackPointExtension>
			<gpxtpx:course>283.0</gpxtpx:course>
		</gpxtpx:TrackPointExtension>
	</extensions>
</trkpt>
<trkpt lat="46.4316252" lon="13.9411774">
	<ele>754.44</ele>
	<time>2026-06-27T17:03:28.760Z</time>
	<hdop>3.79</hdop>
	<extensions>
		<gpxtpx:TrackPointExtension>
			<gpxtpx:course>282.0</gpxtpx:course>
		</gpxtpx:TrackPointExtension>
	</extensions>
</trkpt>
<trkpt lat="46.4316832" lon="13.9408715">
	<ele>755.88</ele>
	<time>2026-06-27T17:03:33.760Z</time>
	<hdop>3.79</hdop>
	<extensions>
		<gpxtpx:TrackPointExtension>
			<gpxtpx:course>291.0</gpxtpx:course>
		</gpxtpx:TrackPointExtension>
	</extensions>
</trkpt>
<trkpt lat="46.4317585" lon="13.9405247">
	<ele>756.95</ele>
	<time>2026-06-27T17:03:39.759Z</time>
	<hdop>3.79</hdop>
	<extensions>
		<gpxtpx:TrackPointExtension>
			<gpxtpx:course>286.0</gpxtpx:course>
		</gpxtpx:TrackPointExtension>
	</extensions>
</trkpt>
<trkpt lat="46.4318730" lon="13.9402823">
	<ele>757.14</ele>
	<time>2026-06-27T17:03:44.760Z</time>
	<hdop>3.79</hdop>
	<extensions>
		<gpxtpx:TrackPointExtension>
			<gpxtpx:course>321.0</gpxtpx:course>
		</gpxtpx:TrackPointExtension>
	</extensions>
</trkpt>
<trkpt lat="46.4320305" lon="13.9400677">
	<ele>756.77</ele>
	<time>2026-06-27T17:03:49.760Z</time>
	<hdop>3.79</hdop>
	<extensions>
		<gpxtpx:TrackPointExtension>
			<gpxtpx:course>303.0</gpxtpx:course>
		</gpxtpx:TrackPointExtension>
	</extensions>
</trkpt>
<trkpt lat="46.4321067" lon="13.9396971">
	<ele>757.84</ele>
	<time>2026-06-27T17:03:55.760Z</time>
	<hdop>3.99</hdop>
	<extensions>
		<gpxtpx:TrackPointExtension>
			<gpxtpx:course>270.0</gpxtpx:course>
		</gpxtpx:TrackPointExtension>
	</extensions>
</trkpt>
<trkpt lat="46.4320937" lon="13.9393883">
	<ele>759.31</ele>
	<time>2026-06-27T17:04:00.760Z</time>
	<hdop>3.79</hdop>
	<extensions>
		<gpxtpx:TrackPointExtension>
			<gpxtpx:course>260.0</gpxtpx:course>
		</gpxtpx:TrackPointExtension>
	</extensions>
</trkpt>
<trkpt lat="46.4320576" lon="13.9390673">
	<ele>760.90</ele>
	<time>2026-06-27T17:04:05.760Z</time>
	<hdop>3.79</hdop>
	<extensions>
		<gpxtpx:TrackPointExtension>
			<gpxtpx:course>261.0</gpxtpx:course>
		</gpxtpx:TrackPointExtension>
	</extensions>
</trkpt>
<trkpt lat="46.4320289" lon="13.9386905">
	<ele>763.06</ele>
	<time>2026-06-27T17:04:11.760Z</time>
	<hdop>3.79</hdop>
	<extensions>
		<gpxtpx:TrackPointExtension>
			<gpxtpx:course>261.0</gpxtpx:course>
		</gpxtpx:TrackPointExtension>
	</extensions>
</trkpt>
<trkpt lat="46.4320024" lon="13.9383680">
	<ele>764.76</ele>
	<time>2026-06-27T17:04:16.760Z</time>
	<hdop>3.79</hdop>
	<extensions>
		<gpxtpx:TrackPointExtension>
			<gpxtpx:course>261.0</gpxtpx:course>
		</gpxtpx:TrackPointExtension>
	</extensions>
</trkpt>
<trkpt lat="46.4319685" lon="13.9380531">
	<ele>765.90</ele>
	<time>2026-06-27T17:04:21.760Z</time>
	<hdop>3.79</hdop>
	<extensions>
		<gpxtpx:TrackPointExtension>
			<gpxtpx:course>258.0</gpxtpx:course>
		</gpxtpx:TrackPointExtension>
	</extensions>
</trkpt>
<trkpt lat="46.4319166" lon="13.9377469">
	<ele>766.52</ele>
	<time>2026-06-27T17:04:26.760Z</time>
	<hdop>3.79</hdop>
	<extensions>
		<gpxtpx:TrackPointExtension>
			<gpxtpx:course>257.0</gpxtpx:course>
		</gpxtpx:TrackPointExtension>
	</extensions>
</trkpt>
<trkpt lat="46.4318385" lon="13.9374401">
	<ele>766.91</ele>
	<time>2026-06-27T17:04:31.760Z</time>
	<hdop>3.79</hdop>
	<extensions>
		<gpxtpx:TrackPointExtension>
			<gpxtpx:course>248.0</gpxtpx:course>
		</gpxtpx:TrackPointExtension>
	</extensions>
</trkpt>
<trkpt lat="46.4317390" lon="13.9370815">
	<ele>767.31</ele>
	<time>2026-06-27T17:04:37.759Z</time>
	<hdop>3.98</hdop>
	<extensions>
		<gpxtpx:TrackPointExtension>
			<gpxtpx:course>252.0</gpxtpx:course>
		</gpxtpx:TrackPointExtension>
	</extensions>
</trkpt>
<trkpt lat="46.4317093" lon="13.9367584">
	<ele>768.17</ele>
	<time>2026-06-27T17:04:42.760Z</time>
	<hdop>3.79</hdop>
	<extensions>
		<gpxtpx:TrackPointExtension>
			<gpxtpx:course>271.0</gpxtpx:course>
		</gpxtpx:TrackPointExtension>
	</extensions>
</trkpt>
<trkpt lat="46.4317433" lon="13.9363496">
	<ele>769.99</ele>
	<time>2026-06-27T17:04:48.760Z</time>
	<hdop>3.79</hdop>
	<extensions>
		<gpxtpx:TrackPointExtension>
			<gpxtpx:course>282.0</gpxtpx:course>
		</gpxtpx:TrackPointExtension>
	</extensions>
</trkpt>
<trkpt lat="46.4317764" lon="13.9360146">
	<ele>771.70</ele>
	<time>2026-06-27T17:04:53.760Z</time>
	<hdop>3.79</hdop>
	<extensions>
		<gpxtpx:TrackPointExtension>
			<gpxtpx:course>277.0</gpxtpx:course>
		</gpxtpx:TrackPointExtension>
	</extensions>
</trkpt>
<trkpt lat="46.4318099" lon="13.9357066">
	<ele>773.50</ele>
	<time>2026-06-27T17:04:58.760Z</time>
	<hdop>3.79</hdop>
	<extensions>
		<gpxtpx:TrackPointExtension>
			<gpxtpx:course>281.0</gpxtpx:course>
		</gpxtpx:TrackPointExtension>
	</extensions>
</trkpt>
<trkpt lat="46.4318334" lon="13.9354845">
	<ele>774.98</ele>
	<time>2026-06-27T17:05:03.760Z</time>
	<hdop>3.79</hdop>
	<extensions>
		<gpxtpx:TrackPointExtension>
			<gpxtpx:course>285.0</gpxtpx:course>
		</gpxtpx:TrackPointExtension>
	</extensions>
</trkpt>
<trkpt lat="46.4318652" lon="13.9353088">
	<ele>776.66</ele>
	<time>2026-06-27T17:05:08.760Z</time>
	<hdop>3.79</hdop>
	<extensions>
		<gpxtpx:TrackPointExtension>
			<gpxtpx:course>287.0</gpxtpx:course>
		</gpxtpx:TrackPointExtension>
	</extensions>
</trkpt>
<trkpt lat="46.4319014" lon="13.9351599">
	<ele>778.44</ele>
	<time>2026-06-27T17:05:13.760Z</time>
	<hdop>3.79</hdop>
	<extensions>
		<gpxtpx:TrackPointExtension>
			<gpxtpx:course>294.0</gpxtpx:course>
		</gpxtpx:TrackPointExtension>
	</extensions>
</trkpt>
<trkpt lat="46.4319527" lon="13.9350096">
	<ele>780.77</ele>
	<time>2026-06-27T17:05:18.760Z</time>
	<hdop>3.79</hdop>
	<extensions>
		<gpxtpx:TrackPointExtension>
			<gpxtpx:course>296.0</gpxtpx:course>
		</gpxtpx:TrackPointExtension>
	</extensions>
</trkpt>
<trkpt lat="46.4320460" lon="13.9348930">
	<ele>784.64</ele>
	<time>2026-06-27T17:05:23.760Z</time>
	<hdop>3.79</hdop>
	<extensions>
		<gpxtpx:TrackPointExtension>
			<gpxtpx:course>320.0</gpxtpx:course>
		</gpxtpx:TrackPointExtension>
	</extensions>
</trkpt>
<trkpt lat="46.4321435" lon="13.9347869">
	<ele>788.80</ele>
	<time>2026-06-27T17:05:28.760Z</time>
	<hdop>3.79</hdop>
	<extensions>
		<gpxtpx:TrackPointExtension>
			<gpxtpx:course>314.0</gpxtpx:course>
		</gpxtpx:TrackPointExtension>
	</extensions>
</trkpt>
<trkpt lat="46.4322195" lon="13.9346417">
	<ele>791.61</ele>
	<time>2026-06-27T17:05:33.760Z</time>
	<hdop>3.79</hdop>
	<extensions>
		<gpxtpx:TrackPointExtension>
			<gpxtpx:course>289.0</gpxtpx:course>
		</gpxtpx:TrackPointExtension>
	</extensions>
</trkpt>
<trkpt lat="46.4322738" lon="13.9344718">
	<ele>792.84</ele>
	<time>2026-06-27T17:05:38.760Z</time>
	<hdop>3.79</hdop>
	<extensions>
		<gpxtpx:TrackPointExtension>
			<gpxtpx:course>280.0</gpxtpx:course>
		</gpxtpx:TrackPointExtension>
	</extensions>
</trkpt>
<trkpt lat="46.4323093" lon="13.9342465">
	<ele>792.45</ele>
	<time>2026-06-27T17:05:44.760Z</time>
	<hdop>3.79</hdop>
	<extensions>
		<gpxtpx:TrackPointExtension>
			<gpxtpx:course>279.0</gpxtpx:course>
		</gpxtpx:TrackPointExtension>
	</extensions>
</trkpt>
<trkpt lat="46.4323520" lon="13.9340205">
	<ele>792.08</ele>
	<time>2026-06-27T17:05:50.760Z</time>
	<hdop>3.79</hdop>
	<extensions>
		<gpxtpx:TrackPointExtension>
			<gpxtpx:course>293.0</gpxtpx:course>
		</gpxtpx:TrackPointExtension>
	</extensions>
</trkpt>
<trkpt lat="46.4324224" lon="13.9338123">
	<ele>792.14</ele>
	<time>2026-06-27T17:05:56.760Z</time>
	<hdop>8.91</hdop>
	<extensions>
		<gpxtpx:TrackPointExtension>
			<gpxtpx:course>309.0</gpxtpx:course>
		</gpxtpx:TrackPointExtension>
	</extensions>
</trkpt>
<trkpt lat="46.4325107" lon="13.9336722">
	<ele>793.37</ele>
	<time>2026-06-27T17:06:01.760Z</time>
	<hdop>9.94</hdop>
	<extensions>
		<gpxtpx:TrackPointExtension>
			<gpxtpx:course>310.0</gpxtpx:course>
		</gpxtpx:TrackPointExtension>
	</extensions>
</trkpt>
<trkpt lat="46.4325989" lon="13.9335354">
	<ele>794.90</ele>
	<time>2026-06-27T17:06:06.760Z</time>
	<hdop>9.94</hdop>
	<extensions>
		<gpxtpx:TrackPointExtension>
			<gpxtpx:course>307.0</gpxtpx:course>
		</gpxtpx:TrackPointExtension>
	</extensions>
</trkpt>
<trkpt lat="46.4326880" lon="13.9333995">
	<ele>796.77</ele>
	<time>2026-06-27T17:06:11.760Z</time>
	<hdop>9.94</hdop>
	<extensions>
		<gpxtpx:TrackPointExtension>
			<gpxtpx:course>313.0</gpxtpx:course>
		</gpxtpx:TrackPointExtension>
	</extensions>
</trkpt>
<trkpt lat="46.4327900" lon="13.9332720">
	<ele>799.63</ele>
	<time>2026-06-27T17:06:16.760Z</time>
	<hdop>9.94</hdop>
	<extensions>
		<gpxtpx:TrackPointExtension>
			<gpxtpx:course>323.0</gpxtpx:course>
		</gpxtpx:TrackPointExtension>
	</extensions>
</trkpt>
<trkpt lat="46.4329166" lon="13.9331056">
	<ele>802.79</ele>
	<time>2026-06-27T17:06:22.759Z</time>
	<hdop>9.94</hdop>
	<extensions>
		<gpxtpx:TrackPointExtension>
			<gpxtpx:course>320.0</gpxtpx:course>
		</gpxtpx:TrackPointExtension>
	</extensions>
</trkpt>
<trkpt lat="46.4330130" lon="13.9329620">
	<ele>804.61</ele>
	<time>2026-06-27T17:06:27.759Z</time>
	<hdop>9.94</hdop>
	<extensions>
		<gpxtpx:TrackPointExtension>
			<gpxtpx:course>313.0</gpxtpx:course>
		</gpxtpx:TrackPointExtension>
	</extensions>
</trkpt>
<trkpt lat="46.4330984" lon="13.9328053">
	<ele>805.85</ele>
	<time>2026-06-27T17:06:32.760Z</time>
	<hdop>9.94</hdop>
	<extensions>
		<gpxtpx:TrackPointExtension>
			<gpxtpx:course>296.0</gpxtpx:course>
		</gpxtpx:TrackPointExtension>
	</extensions>
</trkpt>
<trkpt lat="46.4331558" lon="13.9326246">
	<ele>806.27</ele>
	<time>2026-06-27T17:06:37.760Z</time>
	<hdop>8.91</hdop>
	<extensions>
		<gpxtpx:TrackPointExtension>
			<gpxtpx:course>280.0</gpxtpx:course>
		</gpxtpx:TrackPointExtension>
	</extensions>
</trkpt>
<trkpt lat="46.4331928" lon="13.9324236">
	<ele>807.31</ele>
	<time>2026-06-27T17:06:42.760Z</time>
	<hdop>3.79</hdop>
	<extensions>
		<gpxtpx:TrackPointExtension>
			<gpxtpx:course>275.0</gpxtpx:course>
		</gpxtpx:TrackPointExtension>
	</extensions>
</trkpt>
<trkpt lat="46.4332035" lon="13.9322413">
	<ele>809.59</ele>
	<time>2026-06-27T17:06:47.760Z</time>
	<hdop>3.79</hdop>
	<extensions>
		<gpxtpx:TrackPointExtension>
			<gpxtpx:course>276.0</gpxtpx:course>
		</gpxtpx:TrackPointExtension>
	</extensions>
</trkpt>
<trkpt lat="46.4331986" lon="13.9320731">
	<ele>812.55</ele>
	<time>2026-06-27T17:06:52.760Z</time>
	<hdop>3.79</hdop>
	<extensions>
		<gpxtpx:TrackPointExtension>
			<gpxtpx:course>267.0</gpxtpx:course>
		</gpxtpx:TrackPointExtension>
	</extensions>
</trkpt>
<trkpt lat="46.4331820" lon="13.9319060">
	<ele>815.68</ele>
	<time>2026-06-27T17:06:57.760Z</time>
	<hdop>3.79</hdop>
	<extensions>
		<gpxtpx:TrackPointExtension>
			<gpxtpx:course>273.0</gpxtpx:course>
		</gpxtpx:TrackPointExtension>
	</extensions>
</trkpt>
<trkpt lat="46.4331429" lon="13.9317515">
	<ele>818.09</ele>
	<time>2026-06-27T17:07:02.760Z</time>
	<hdop>3.79</hdop>
	<extensions>
		<gpxtpx:TrackPointExtension>
			<gpxtpx:course>222.0</gpxtpx:course>
		</gpxtpx:TrackPointExtension>
	</extensions>
</trkpt>
<trkpt lat="46.4330341" lon="13.9316640">
	<ele>817.99</ele>
	<time>2026-06-27T17:07:08.759Z</time>
	<hdop>3.79</hdop>
	<extensions>
		<gpxtpx:TrackPointExtension>
			<gpxtpx:course>193.0</gpxtpx:course>
		</gpxtpx:TrackPointExtension>
	</extensions>
</trkpt>
<trkpt lat="46.4329407" lon="13.9315987">
	<ele>817.47</ele>
	<time>2026-06-27T17:07:14.760Z</time>
	<hdop>3.79</hdop>
	<extensions>
		<gpxtpx:TrackPointExtension>
			<gpxtpx:course>256.0</gpxtpx:course>
		</gpxtpx:TrackPointExtension>
	</extensions>
</trkpt>
<trkpt lat="46.4329971" lon="13.9314603">
	<ele>819.65</ele>
	<time>2026-06-27T17:07:20.760Z</time>
	<hdop>3.79</hdop>
	<extensions>
		<gpxtpx:TrackPointExtension>
			<gpxtpx:course>313.0</gpxtpx:course>
		</gpxtpx:TrackPointExtension>
	</extensions>
</trkpt>
<trkpt lat="46.4330753" lon="13.9313453">
	<ele>822.13</ele>
	<time>2026-06-27T17:07:25.760Z</time>
	<hdop>3.79</hdop>
	<extensions>
		<gpxtpx:TrackPointExtension>
			<gpxtpx:course>318.0</gpxtpx:course>
		</gpxtpx:TrackPointExtension>
	</extensions>
</trkpt>
<trkpt lat="46.4331540" lon="13.9312270">
	<ele>824.90</ele>
	<time>2026-06-27T17:07:30.760Z</time>
	<hdop>3.79</hdop>
	<extensions>
		<gpxtpx:TrackPointExtension>
			<gpxtpx:course>315.0</gpxtpx:course>
		</gpxtpx:TrackPointExtension>
	</extensions>
</trkpt>
<trkpt lat="46.4332589" lon="13.9310837">
	<ele>828.51</ele>
	<time>2026-06-27T17:07:36.759Z</time>
	<hdop>3.79</hdop>
	<extensions>
		<gpxtpx:TrackPointExtension>
			<gpxtpx:course>314.0</gpxtpx:course>
		</gpxtpx:TrackPointExtension>
	</extensions>
</trkpt>
<trkpt lat="46.4333430" lon="13.9309630">
	<ele>831.00</ele>
	<time>2026-06-27T17:07:41.760Z</time>
	<hdop>3.79</hdop>
	<extensions>
		<gpxtpx:TrackPointExtension>
			<gpxtpx:course>309.0</gpxtpx:course>
		</gpxtpx:TrackPointExtension>
	</extensions>
</trkpt>
<trkpt lat="46.4334160" lon="13.9308256">
	<ele>832.35</ele>
	<time>2026-06-27T17:07:46.760Z</time>
	<hdop>3.79</hdop>
	<extensions>
		<gpxtpx:TrackPointExtension>
			<gpxtpx:course>302.0</gpxtpx:course>
		</gpxtpx:TrackPointExtension>
	</extensions>
</trkpt>
<trkpt lat="46.4334878" lon="13.9306802">
	<ele>832.03</ele>
	<time>2026-06-27T17:07:51.760Z</time>
	<hdop>3.79</hdop>
	<extensions>
		<gpxtpx:TrackPointExtension>
			<gpxtpx:course>302.0</gpxtpx:course>
		</gpxtpx:TrackPointExtension>
	</extensions>
</trkpt>
<trkpt lat="46.4335656" lon="13.9305163">
	<ele>830.12</ele>
	<time>2026-06-27T17:07:56.760Z</time>
	<hdop>3.79</hdop>
	<extensions>
		<gpxtpx:TrackPointExtension>
			<gpxtpx:course>310.0</gpxtpx:course>
		</gpxtpx:TrackPointExtension>
	</extensions>
</trkpt>
<trkpt lat="46.4336990" lon="13.9303906">
	<ele>829.45</ele>
	<time>2026-06-27T17:08:01.760Z</time>
	<hdop>3.79</hdop>
	<extensions>
		<gpxtpx:TrackPointExtension>
			<gpxtpx:course>340.0</gpxtpx:course>
		</gpxtpx:TrackPointExtension>
	</extensions>
</trkpt>
<trkpt lat="46.4338809" lon="13.9303523">
	<ele>831.29</ele>
	<time>2026-06-27T17:08:06.760Z</time>
	<hdop>3.79</hdop>
	<extensions>
		<gpxtpx:TrackPointExtension>
			<gpxtpx:course>4.0</gpxtpx:course>
		</gpxtpx:TrackPointExtension>
	</extensions>
</trkpt>
<trkpt lat="46.4340505" lon="13.9304414">
	<ele>834.10</ele>
	<time>2026-06-27T17:08:11.760Z</time>
	<hdop>3.79</hdop>
	<extensions>
		<gpxtpx:TrackPointExtension>
			<gpxtpx:course>24.0</gpxtpx:course>
		</gpxtpx:TrackPointExtension>
	</extensions>
</trkpt>
<trkpt lat="46.4342166" lon="13.9305588">
	<ele>836.48</ele>
	<time>2026-06-27T17:08:16.760Z</time>
	<hdop>3.79</hdop>
	<extensions>
		<gpxtpx:TrackPointExtension>
			<gpxtpx:course>22.0</gpxtpx:course>
		</gpxtpx:TrackPointExtension>
	</extensions>
</trkpt>
<trkpt lat="46.4344429" lon="13.9306898">
	<ele>838.76</ele>
	<time>2026-06-27T17:08:22.760Z</time>
	<hdop>3.79</hdop>
	<extensions>
		<gpxtpx:TrackPointExtension>
			<gpxtpx:course>20.0</gpxtpx:course>
		</gpxtpx:TrackPointExtension>
	</extensions>
</trkpt>
<trkpt lat="46.4346288" lon="13.9307781">
	<ele>840.05</ele>
	<time>2026-06-27T17:08:27.760Z</time>
	<hdop>3.79</hdop>
	<extensions>
		<gpxtpx:TrackPointExtension>
			<gpxtpx:course>13.0</gpxtpx:course>
		</gpxtpx:TrackPointExtension>
	</extensions>
</trkpt>
<trkpt lat="46.4348150" lon="13.9308469">
	<ele>840.98</ele>
	<time>2026-06-27T17:08:32.760Z</time>
	<hdop>3.79</hdop>
	<extensions>
		<gpxtpx:TrackPointExtension>
			<gpxtpx:course>19.0</gpxtpx:course>
		</gpxtpx:TrackPointExtension>
	</extensions>
</trkpt>
<trkpt lat="46.4349996" lon="13.9309336">
	<ele>841.80</ele>
	<time>2026-06-27T17:08:37.760Z</time>
	<hdop>3.79</hdop>
	<extensions>
		<gpxtpx:TrackPointExtension>
			<gpxtpx:course>16.0</gpxtpx:course>
		</gpxtpx:TrackPointExtension>
	</extensions>
</trkpt>
<trkpt lat="46.4352027" lon="13.9310097">
	<ele>843.03</ele>
	<time>2026-06-27T17:08:42.760Z</time>
	<hdop>3.79</hdop>
	<extensions>
		<gpxtpx:TrackPointExtension>
			<gpxtpx:course>17.0</gpxtpx:course>
		</gpxtpx:TrackPointExtension>
	</extensions>
</trkpt>
<trkpt lat="46.4353966" lon="13.9310835">
	<ele>844.50</ele>
	<time>2026-06-27T17:08:47.760Z</time>
	<hdop>3.79</hdop>
	<extensions>
		<gpxtpx:TrackPointExtension>
			<gpxtpx:course>15.0</gpxtpx:course>
		</gpxtpx:TrackPointExtension>
	</extensions>
</trkpt>
<trkpt lat="46.4356183" lon="13.9311303">
	<ele>846.15</ele>
	<time>2026-06-27T17:08:53.760Z</time>
	<hdop>3.79</hdop>
	<extensions>
		<gpxtpx:TrackPointExtension>
			<gpxtpx:course>359.0</gpxtpx:course>
		</gpxtpx:TrackPointExtension>
	</extensions>
</trkpt>
<trkpt lat="46.4358097" lon="13.9311098">
	<ele>847.16</ele>
	<time>2026-06-27T17:08:58.760Z</time>
	<hdop>3.79</hdop>
	<extensions>
		<gpxtpx:TrackPointExtension>
			<gpxtpx:course>1.0</gpxtpx:course>
		</gpxtpx:TrackPointExtension>
	</extensions>
</trkpt>
<trkpt lat="46.4360175" lon="13.9310834">
	<ele>847.33</ele>
	<time>2026-06-27T17:09:03.760Z</time>
	<hdop>3.79</hdop>
	<extensions>
		<gpxtpx:TrackPointExtension>
			<gpxtpx:course>1.0</gpxtpx:course>
		</gpxtpx:TrackPointExtension>
	</extensions>
</trkpt>
<trkpt lat="46.4362326" lon="13.9310644">
	<ele>846.75</ele>
	<time>2026-06-27T17:09:08.760Z</time>
	<hdop>3.79</hdop>
	<extensions>
		<gpxtpx:TrackPointExtension>
			<gpxtpx:course>355.0</gpxtpx:course>
		</gpxtpx:TrackPointExtension>
	</extensions>
</trkpt>
<trkpt lat="46.4364693" lon="13.9310287">
	<ele>845.86</ele>
	<time>2026-06-27T17:09:13.760Z</time>
	<hdop>3.79</hdop>
	<extensions>
		<gpxtpx:TrackPointExtension>
			<gpxtpx:course>356.0</gpxtpx:course>
		</gpxtpx:TrackPointExtension>
	</extensions>
</trkpt>
<trkpt lat="46.4367199" lon="13.9309909">
	<ele>845.25</ele>
	<time>2026-06-27T17:09:18.760Z</time>
	<hdop>3.79</hdop>
	<extensions>
		<gpxtpx:TrackPointExtension>
			<gpxtpx:course>355.0</gpxtpx:course>
		</gpxtpx:TrackPointExtension>
	</extensions>
</trkpt>
<trkpt lat="46.4370262" lon="13.9309685">
	<ele>844.89</ele>
	<time>2026-06-27T17:09:24.760Z</time>
	<hdop>3.79</hdop>
	<extensions>
		<gpxtpx:TrackPointExtension>
			<gpxtpx:course>359.0</gpxtpx:course>
		</gpxtpx:TrackPointExtension>
	</extensions>
</trkpt>
<trkpt lat="46.4372533" lon="13.9310018">
	<ele>844.53</ele>
	<time>2026-06-27T17:09:29.760Z</time>
	<hdop>3.79</hdop>
	<extensions>
		<gpxtpx:TrackPointExtension>
			<gpxtpx:course>3.0</gpxtpx:course>
		</gpxtpx:TrackPointExtension>
	</extensions>
</trkpt>
<trkpt lat="46.4374879" lon="13.9310212">
	<ele>844.33</ele>
	<time>2026-06-27T17:09:34.760Z</time>
	<hdop>3.79</hdop>
	<extensions>
		<gpxtpx:TrackPointExtension>
			<gpxtpx:course>7.0</gpxtpx:course>
		</gpxtpx:TrackPointExtension>
	</extensions>
</trkpt>
<trkpt lat="46.4377525" lon="13.9311107">
	<ele>844.55</ele>
	<time>2026-06-27T17:09:39.760Z</time>
	<hdop>3.79</hdop>
	<extensions>
		<gpxtpx:TrackPointExtension>
			<gpxtpx:course>15.0</gpxtpx:course>
		</gpxtpx:TrackPointExtension>
	</extensions>
</trkpt>
<trkpt lat="46.4381235" lon="13.9311399">
	<ele>846.02</ele>
	<time>2026-06-27T17:09:45.760Z</time>
	<hdop>3.79</hdop>
	<extensions>
		<gpxtpx:TrackPointExtension>
			<gpxtpx:course>348.0</gpxtpx:course>
		</gpxtpx:TrackPointExtension>
	</extensions>
</trkpt>
<trkpt lat="46.4384439" lon="13.9309575">
	<ele>844.25</ele>
	<time>2026-06-27T17:09:50.760Z</time>
	<hdop>3.79</hdop>
	<extensions>
		<gpxtpx:TrackPointExtension>
			<gpxtpx:course>335.0</gpxtpx:course>
		</gpxtpx:TrackPointExtension>
	</extensions>
</trkpt>
<trkpt lat="46.4387556" lon="13.9308793">
	<ele>843.38</ele>
	<time>2026-06-27T17:09:55.760Z</time>
	<hdop>3.79</hdop>
	<extensions>
		<gpxtpx:TrackPointExtension>
			<gpxtpx:course>12.0</gpxtpx:course>
		</gpxtpx:TrackPointExtension>
	</extensions>
</trkpt>
<trkpt lat="46.4390919" lon="13.9311511">
	<ele>840.13</ele>
	<time>2026-06-27T17:10:00.760Z</time>
	<hdop>3.79</hdop>
	<extensions>
		<gpxtpx:TrackPointExtension>
			<gpxtpx:course>43.0</gpxtpx:course>
		</gpxtpx:TrackPointExtension>
	</extensions>
</trkpt>
<trkpt lat="46.4394272" lon="13.9317154">
	<ele>832.21</ele>
	<time>2026-06-27T17:10:06.760Z</time>
	<hdop>3.79</hdop>
	<extensions>
		<gpxtpx:TrackPointExtension>
			<gpxtpx:course>37.0</gpxtpx:course>
		</gpxtpx:TrackPointExtension>
	</extensions>
</trkpt>
<trkpt lat="46.4398598" lon="13.9318638">
	<ele>830.00</ele>
	<time>2026-06-27T17:10:11.760Z</time>
	<hdop>3.79</hdop>
	<extensions>
		<gpxtpx:TrackPointExtension>
			<gpxtpx:course>7.0</gpxtpx:course>
		</gpxtpx:TrackPointExtension>
	</extensions>
</trkpt>
<trkpt lat="46.4403585" lon="13.9319770">
	<ele>828.72</ele>
	<time>2026-06-27T17:10:16.760Z</time>
	<hdop>3.79</hdop>
	<extensions>
		<gpxtpx:TrackPointExtension>
			<gpxtpx:course>8.0</gpxtpx:course>
		</gpxtpx:TrackPointExtension>
	</extensions>
</trkpt>
<trkpt lat="46.4408932" lon="13.9319280">
	<ele>826.05</ele>
	<time>2026-06-27T17:10:21.760Z</time>
	<hdop>3.79</hdop>
	<extensions>
		<gpxtpx:TrackPointExtension>
			<gpxtpx:course>348.0</gpxtpx:course>
		</gpxtpx:TrackPointExtension>
	</extensions>
</trkpt>
<trkpt lat="46.4414274" lon="13.9318991">
	<ele>821.52</ele>
	<time>2026-06-27T17:10:26.760Z</time>
	<hdop>3.79</hdop>
	<extensions>
		<gpxtpx:TrackPointExtension>
			<gpxtpx:course>0.0</gpxtpx:course>
		</gpxtpx:TrackPointExtension>
	</extensions>
</trkpt>
<trkpt lat="46.4419271" lon="13.9319284">
	<ele>817.59</ele>
	<time>2026-06-27T17:10:31.760Z</time>
	<hdop>3.79</hdop>
	<extensions>
		<gpxtpx:TrackPointExtension>
			<gpxtpx:course>4.0</gpxtpx:course>
		</gpxtpx:TrackPointExtension>
	</extensions>
</trkpt>
<trkpt lat="46.4424181" lon="13.9319886">
	<ele>814.30</ele>
	<time>2026-06-27T17:10:36.760Z</time>
	<hdop>5.02</hdop>
	<extensions>
		<gpxtpx:TrackPointExtension>
			<gpxtpx:course>5.0</gpxtpx:course>
		</gpxtpx:TrackPointExtension>
	</extensions>
</trkpt>
<trkpt lat="46.4428934" lon="13.9321013">
	<ele>809.96</ele>
	<time>2026-06-27T17:10:41.760Z</time>
	<hdop>9.94</hdop>
	<extensions>
		<gpxtpx:TrackPointExtension>
			<gpxtpx:course>14.0</gpxtpx:course>
		</gpxtpx:TrackPointExtension>
	</extensions>
</trkpt>
<trkpt lat="46.4433583" lon="13.9323747">
	<ele>805.69</ele>
	<time>2026-06-27T17:10:46.760Z</time>
	<hdop>9.94</hdop>
	<extensions>
		<gpxtpx:TrackPointExtension>
			<gpxtpx:course>23.0</gpxtpx:course>
		</gpxtpx:TrackPointExtension>
	</extensions>
</trkpt>
<trkpt lat="46.4438830" lon="13.9325410">
	<ele>799.21</ele>
	<time>2026-06-27T17:10:51.760Z</time>
	<hdop>9.94</hdop>
	<extensions>
		<gpxtpx:TrackPointExtension>
			<gpxtpx:course>4.0</gpxtpx:course>
		</gpxtpx:TrackPointExtension>
	</extensions>
</trkpt>
<trkpt lat="46.4444863" lon="13.9324878">
	<ele>793.04</ele>
	<time>2026-06-27T17:10:56.760Z</time>
	<hdop>9.94</hdop>
	<extensions>
		<gpxtpx:TrackPointExtension>
			<gpxtpx:course>353.0</gpxtpx:course>
		</gpxtpx:TrackPointExtension>
	</extensions>
</trkpt>
<trkpt lat="46.4450392" lon="13.9324075">
	<ele>789.60</ele>
	<time>2026-06-27T17:11:01.760Z</time>
	<hdop>9.94</hdop>
	<extensions>
		<gpxtpx:TrackPointExtension>
			<gpxtpx:course>355.0</gpxtpx:course>
		</gpxtpx:TrackPointExtension>
	</extensions>
</trkpt>
<trkpt lat="46.4456375" lon="13.9324588">
	<ele>781.81</ele>
	<time>2026-06-27T17:11:06.760Z</time>
	<hdop>9.94</hdop>
	<extensions>
		<gpxtpx:TrackPointExtension>
			<gpxtpx:course>8.0</gpxtpx:course>
		</gpxtpx:TrackPointExtension>
	</extensions>
</trkpt>
<trkpt lat="46.4463904" lon="13.9325549">
	<ele>774.19</ele>
	<time>2026-06-27T17:11:12.760Z</time>
	<hdop>9.94</hdop>
	<extensions>
		<gpxtpx:TrackPointExtension>
			<gpxtpx:course>357.0</gpxtpx:course>
		</gpxtpx:TrackPointExtension>
	</extensions>
</trkpt>
<trkpt lat="46.4469275" lon="13.9325730">
	<ele>769.55</ele>
	<time>2026-06-27T17:11:17.760Z</time>
	<hdop>9.94</hdop>
	<extensions>
		<gpxtpx:TrackPointExtension>
			<gpxtpx:course>3.0</gpxtpx:course>
		</gpxtpx:TrackPointExtension>
	</extensions>
</trkpt>
<trkpt lat="46.4473566" lon="13.9327060">
	<ele>767.94</ele>
	<time>2026-06-27T17:11:22.760Z</time>
	<hdop>9.94</hdop>
	<extensions>
		<gpxtpx:TrackPointExtension>
			<gpxtpx:course>13.0</gpxtpx:course>
		</gpxtpx:TrackPointExtension>
	</extensions>
</trkpt>
<trkpt lat="46.4477435" lon="13.9328250">
	<ele>766.33</ele>
	<time>2026-06-27T17:11:27.760Z</time>
	<hdop>9.94</hdop>
	<extensions>
		<gpxtpx:TrackPointExtension>
			<gpxtpx:course>11.0</gpxtpx:course>
		</gpxtpx:TrackPointExtension>
	</extensions>
</trkpt>
<trkpt lat="46.4481452" lon="13.9329655">
	<ele>763.58</ele>
	<time>2026-06-27T17:11:32.760Z</time>
	<hdop>9.94</hdop>
	<extensions>
		<gpxtpx:TrackPointExtension>
			<gpxtpx:course>14.0</gpxtpx:course>
		</gpxtpx:TrackPointExtension>
	</extensions>
</trkpt>
<trkpt lat="46.4485853" lon="13.9331400">
	<ele>759.68</ele>
	<time>2026-06-27T17:11:37.760Z</time>
	<hdop>9.94</hdop>
	<extensions>
		<gpxtpx:TrackPointExtension>
			<gpxtpx:course>17.0</gpxtpx:course>
		</gpxtpx:TrackPointExtension>
	</extensions>
</trkpt>
<trkpt lat="46.4490296" lon="13.9334862">
	<ele>754.66</ele>
	<time>2026-06-27T17:11:42.760Z</time>
	<hdop>9.94</hdop>
	<extensions>
		<gpxtpx:TrackPointExtension>
			<gpxtpx:course>35.0</gpxtpx:course>
		</gpxtpx:TrackPointExtension>
	</extensions>
</trkpt>
<trkpt lat="46.4493515" lon="13.9339635">
	<ele>755.71</ele>
	<time>2026-06-27T17:11:47.760Z</time>
	<hdop>9.94</hdop>
	<extensions>
		<gpxtpx:TrackPointExtension>
			<gpxtpx:course>56.0</gpxtpx:course>
		</gpxtpx:TrackPointExtension>
	</extensions>
</trkpt>
<trkpt lat="46.4495818" lon="13.9346543">
	<ele>752.87</ele>
	<time>2026-06-27T17:11:53.759Z</time>
	<hdop>9.94</hdop>
	<extensions>
		<gpxtpx:TrackPointExtension>
			<gpxtpx:course>60.0</gpxtpx:course>
		</gpxtpx:TrackPointExtension>
	</extensions>
</trkpt>
<trkpt lat="46.4498275" lon="13.9351001">
	<ele>749.25</ele>
	<time>2026-06-27T17:11:58.760Z</time>
	<hdop>9.94</hdop>
	<extensions>
		<gpxtpx:TrackPointExtension>
			<gpxtpx:course>43.0</gpxtpx:course>
		</gpxtpx:TrackPointExtension>
	</extensions>
</trkpt>
<trkpt lat="46.4501847" lon="13.9354443">
	<ele>745.44</ele>
	<time>2026-06-27T17:12:03.760Z</time>
	<hdop>9.94</hdop>
	<extensions>
		<gpxtpx:TrackPointExtension>
			<gpxtpx:course>28.0</gpxtpx:course>
		</gpxtpx:TrackPointExtension>
	</extensions>
</trkpt>
<trkpt lat="46.4506378" lon="13.9355686">
	<ele>740.02</ele>
	<time>2026-06-27T17:12:09.760Z</time>
	<hdop>9.94</hdop>
	<extensions>
		<gpxtpx:TrackPointExtension>
			<gpxtpx:course>5.0</gpxtpx:course>
		</gpxtpx:TrackPointExtension>
	</extensions>
</trkpt>
<trkpt lat="46.4511534" lon="13.9357893">
	<ele>735.42</ele>
	<time>2026-06-27T17:12:15.759Z</time>
	<hdop>9.94</hdop>
	<extensions>
		<gpxtpx:TrackPointExtension>
			<gpxtpx:course>27.0</gpxtpx:course>
		</gpxtpx:TrackPointExtension>
	</extensions>
</trkpt>
<trkpt lat="46.4515993" lon="13.9361064">
	<ele>733.51</ele>
	<time>2026-06-27T17:12:20.760Z</time>
	<hdop>9.94</hdop>
	<extensions>
		<gpxtpx:TrackPointExtension>
			<gpxtpx:course>22.0</gpxtpx:course>
		</gpxtpx:TrackPointExtension>
	</extensions>
</trkpt>
<trkpt lat="46.4520509" lon="13.9361302">
	<ele>728.26</ele>
	<time>2026-06-27T17:12:25.760Z</time>
	<hdop>9.94</hdop>
	<extensions>
		<gpxtpx:TrackPointExtension>
			<gpxtpx:course>355.0</gpxtpx:course>
		</gpxtpx:TrackPointExtension>
	</extensions>
</trkpt>
<trkpt lat="46.4524722" lon="13.9360902">
	<ele>721.81</ele>
	<time>2026-06-27T17:12:30.760Z</time>
	<hdop>9.94</hdop>
	<extensions>
		<gpxtpx:TrackPointExtension>
			<gpxtpx:course>357.0</gpxtpx:course>
		</gpxtpx:TrackPointExtension>
	</extensions>
</trkpt>
<trkpt lat="46.4528762" lon="13.9361188">
	<ele>719.45</ele>
	<time>2026-06-27T17:12:35.760Z</time>
	<hdop>9.94</hdop>
	<extensions>
		<gpxtpx:TrackPointExtension>
			<gpxtpx:course>13.0</gpxtpx:course>
		</gpxtpx:TrackPointExtension>
	</extensions>
</trkpt>
<trkpt lat="46.4529428" lon="13.9365801">
	<ele>725.53</ele>
	<time>2026-06-27T17:12:40.760Z</time>
	<hdop>9.94</hdop>
	<extensions>
		<gpxtpx:TrackPointExtension>
			<gpxtpx:course>82.0</gpxtpx:course>
		</gpxtpx:TrackPointExtension>
	</extensions>
</trkpt>
<trkpt lat="46.4531807" lon="13.9371889">
	<ele>719.63</ele>
	<time>2026-06-27T17:12:46.760Z</time>
	<hdop>9.94</hdop>
	<extensions>
		<gpxtpx:TrackPointExtension>
			<gpxtpx:course>37.0</gpxtpx:course>
		</gpxtpx:TrackPointExtension>
	</extensions>
</trkpt>
<trkpt lat="46.4535653" lon="13.9375990">
	<ele>708.44</ele>
	<time>2026-06-27T17:12:51.760Z</time>
	<hdop>9.94</hdop>
	<extensions>
		<gpxtpx:TrackPointExtension>
			<gpxtpx:course>36.0</gpxtpx:course>
		</gpxtpx:TrackPointExtension>
	</extensions>
</trkpt>
<trkpt lat="46.4540204" lon="13.9381026">
	<ele>699.06</ele>
	<time>2026-06-27T17:12:57.760Z</time>
	<hdop>9.94</hdop>
	<extensions>
		<gpxtpx:TrackPointExtension>
			<gpxtpx:course>41.0</gpxtpx:course>
		</gpxtpx:TrackPointExtension>
	</extensions>
</trkpt>
<trkpt lat="46.4544278" lon="13.9385737">
	<ele>693.04</ele>
	<time>2026-06-27T17:13:03.760Z</time>
	<hdop>9.94</hdop>
	<extensions>
		<gpxtpx:TrackPointExtension>
			<gpxtpx:course>36.0</gpxtpx:course>
		</gpxtpx:TrackPointExtension>
	</extensions>
</trkpt>
<trkpt lat="46.4547827" lon="13.9386410">
	<ele>687.48</ele>
	<time>2026-06-27T17:13:08.760Z</time>
	<hdop>9.94</hdop>
	<extensions>
		<gpxtpx:TrackPointExtension>
			<gpxtpx:course>346.0</gpxtpx:course>
		</gpxtpx:TrackPointExtension>
	</extensions>
</trkpt>
<trkpt lat="46.4551433" lon="13.9384186">
	<ele>682.83</ele>
	<time>2026-06-27T17:13:13.760Z</time>
	<hdop>9.94</hdop>
	<extensions>
		<gpxtpx:TrackPointExtension>
			<gpxtpx:course>356.0</gpxtpx:course>
		</gpxtpx:TrackPointExtension>
	</extensions>
</trkpt>
<trkpt lat="46.4555364" lon="13.9387343">
	<ele>679.05</ele>
	<time>2026-06-27T17:13:19.760Z</time>
	<hdop>9.94</hdop>
	<extensions>
		<gpxtpx:TrackPointExtension>
			<gpxtpx:course>38.0</gpxtpx:course>
		</gpxtpx:TrackPointExtension>
	</extensions>
</trkpt>
<trkpt lat="46.4558095" lon="13.9390288">
	<ele>681.15</ele>
	<time>2026-06-27T17:13:24.760Z</time>
	<hdop>9.94</hdop>
	<extensions>
		<gpxtpx:TrackPointExtension>
			<gpxtpx:course>37.0</gpxtpx:course>
		</gpxtpx:TrackPointExtension>
	</extensions>
</trkpt>
<trkpt lat="46.4560406" lon="13.9392777">
	<ele>688.88</ele>
	<time>2026-06-27T17:13:29.760Z</time>
	<hdop>9.94</hdop>
	<extensions>
		<gpxtpx:TrackPointExtension>
			<gpxtpx:course>34.0</gpxtpx:course>
		</gpxtpx:TrackPointExtension>
	</extensions>
</trkpt>
<trkpt lat="46.4562792" lon="13.9395238">
	<ele>696.35</ele>
	<time>2026-06-27T17:13:35.759Z</time>
	<hdop>9.94</hdop>
	<extensions>
		<gpxtpx:TrackPointExtension>
			<gpxtpx:course>39.0</gpxtpx:course>
		</gpxtpx:TrackPointExtension>
	</extensions>
</trkpt>
<trkpt lat="46.4564069" lon="13.9397701">
	<ele>694.13</ele>
	<time>2026-06-27T17:13:40.759Z</time>
	<hdop>9.94</hdop>
	<extensions>
		<gpxtpx:TrackPointExtension>
			<gpxtpx:course>58.0</gpxtpx:course>
		</gpxtpx:TrackPointExtension>
	</extensions>
</trkpt>
<trkpt lat="46.4565065" lon="13.9400163">
	<ele>690.13</ele>
	<time>2026-06-27T17:13:45.760Z</time>
	<hdop>9.94</hdop>
	<extensions>
		<gpxtpx:TrackPointExtension>
			<gpxtpx:course>56.0</gpxtpx:course>
		</gpxtpx:TrackPointExtension>
	</extensions>
</trkpt>
<trkpt lat="46.4566388" lon="13.9402202">
	<ele>688.47</ele>
	<time>2026-06-27T17:13:50.760Z</time>
	<hdop>9.94</hdop>
	<extensions>
		<gpxtpx:TrackPointExtension>
			<gpxtpx:course>36.0</gpxtpx:course>
		</gpxtpx:TrackPointExtension>
	</extensions>
</trkpt>
<trkpt lat="46.4567955" lon="13.9403241">
	<ele>686.97</ele>
	<time>2026-06-27T17:13:55.760Z</time>
	<hdop>9.94</hdop>
	<extensions>
		<gpxtpx:TrackPointExtension>
			<gpxtpx:course>14.0</gpxtpx:course>
		</gpxtpx:TrackPointExtension>
	</extensions>
</trkpt>
<trkpt lat="46.4570170" lon="13.9403875">
	<ele>684.47</ele>
	<time>2026-06-27T17:14:00.760Z</time>
	<hdop>4.81</hdop>
	<extensions>
		<gpxtpx:TrackPointExtension>
			<gpxtpx:course>12.0</gpxtpx:course>
		</gpxtpx:TrackPointExtension>
	</extensions>
</trkpt>
<trkpt lat="46.4572779" lon="13.9405039">
	<ele>681.74</ele>
	<time>2026-06-27T17:14:05.760Z</time>
	<hdop>3.79</hdop>
	<extensions>
		<gpxtpx:TrackPointExtension>
			<gpxtpx:course>22.0</gpxtpx:course>
		</gpxtpx:TrackPointExtension>
	</extensions>
</trkpt>
<trkpt lat="46.4576598" lon="13.9408478">
	<ele>679.01</ele>
	<time>2026-06-27T17:14:11.760Z</time>
	<hdop>3.79</hdop>
	<extensions>
		<gpxtpx:TrackPointExtension>
			<gpxtpx:course>27.0</gpxtpx:course>
		</gpxtpx:TrackPointExtension>
	</extensions>
</trkpt>
<trkpt lat="46.4582026" lon="13.9411228">
	<ele>672.92</ele>
	<time>2026-06-27T17:14:17.760Z</time>
	<hdop>3.79</hdop>
	<extensions>
		<gpxtpx:TrackPointExtension>
			<gpxtpx:course>24.0</gpxtpx:course>
		</gpxtpx:TrackPointExtension>
	</extensions>
</trkpt>
<trkpt lat="46.4585927" lon="13.9414244">
	<ele>669.88</ele>
	<time>2026-06-27T17:14:22.760Z</time>
	<hdop>3.79</hdop>
	<extensions>
		<gpxtpx:TrackPointExtension>
			<gpxtpx:course>28.0</gpxtpx:course>
		</gpxtpx:TrackPointExtension>
	</extensions>
</trkpt>
<trkpt lat="46.4588815" lon="13.9416392">
	<ele>666.13</ele>
	<time>2026-06-27T17:14:27.760Z</time>
	<hdop>3.79</hdop>
	<extensions>
		<gpxtpx:TrackPointExtension>
			<gpxtpx:course>29.0</gpxtpx:course>
		</gpxtpx:TrackPointExtension>
	</extensions>
</trkpt>
<trkpt lat="46.4591598" lon="13.9418475">
	<ele>662.73</ele>
	<time>2026-06-27T17:14:32.760Z</time>
	<hdop>3.79</hdop>
	<extensions>
		<gpxtpx:TrackPointExtension>
			<gpxtpx:course>29.0</gpxtpx:course>
		</gpxtpx:TrackPointExtension>
	</extensions>
</trkpt>
<trkpt lat="46.4594427" lon="13.9419598">
	<ele>660.67</ele>
	<time>2026-06-27T17:14:37.760Z</time>
	<hdop>3.79</hdop>
	<extensions>
		<gpxtpx:TrackPointExtension>
			<gpxtpx:course>16.0</gpxtpx:course>
		</gpxtpx:TrackPointExtension>
	</extensions>
</trkpt>
<trkpt lat="46.4597411" lon="13.9420430">
	<ele>659.08</ele>
	<time>2026-06-27T17:14:42.760Z</time>
	<hdop>3.79</hdop>
	<extensions>
		<gpxtpx:TrackPointExtension>
			<gpxtpx:course>17.0</gpxtpx:course>
		</gpxtpx:TrackPointExtension>
	</extensions>
</trkpt>
<trkpt lat="46.4600701" lon="13.9423145">
	<ele>656.63</ele>
	<time>2026-06-27T17:14:48.760Z</time>
	<hdop>3.79</hdop>
	<extensions>
		<gpxtpx:TrackPointExtension>
			<gpxtpx:course>34.0</gpxtpx:course>
		</gpxtpx:TrackPointExtension>
	</extensions>
</trkpt>
<trkpt lat="46.4603370" lon="13.9425454">
	<ele>654.94</ele>
	<time>2026-06-27T17:14:53.760Z</time>
	<hdop>3.79</hdop>
	<extensions>
		<gpxtpx:TrackPointExtension>
			<gpxtpx:course>27.0</gpxtpx:course>
		</gpxtpx:TrackPointExtension>
	</extensions>
</trkpt>
<trkpt lat="46.4605621" lon="13.9427681">
	<ele>654.61</ele>
	<time>2026-06-27T17:14:58.760Z</time>
	<hdop>3.79</hdop>
	<extensions>
		<gpxtpx:TrackPointExtension>
			<gpxtpx:course>38.0</gpxtpx:course>
		</gpxtpx:TrackPointExtension>
	</extensions>
</trkpt>
<trkpt lat="46.4606942" lon="13.9430547">
	<ele>655.08</ele>
	<time>2026-06-27T17:15:03.760Z</time>
	<hdop>3.79</hdop>
	<extensions>
		<gpxtpx:TrackPointExtension>
			<gpxtpx:course>53.0</gpxtpx:course>
		</gpxtpx:TrackPointExtension>
	</extensions>
</trkpt>
<trkpt lat="46.4608820" lon="13.9431901">
	<ele>654.03</ele>
	<time>2026-06-27T17:15:08.760Z</time>
	<hdop>3.79</hdop>
	<extensions>
		<gpxtpx:TrackPointExtension>
			<gpxtpx:course>7.0</gpxtpx:course>
		</gpxtpx:TrackPointExtension>
	</extensions>
</trkpt>
<trkpt lat="46.4610969" lon="13.9431565">
	<ele>651.89</ele>
	<time>2026-06-27T17:15:14.759Z</time>
	<hdop>3.79</hdop>
	<extensions>
		<gpxtpx:TrackPointExtension>
			<gpxtpx:course>337.0</gpxtpx:course>
		</gpxtpx:TrackPointExtension>
	</extensions>
</trkpt>
<trkpt lat="46.4612808" lon="13.9429576">
	<ele>649.76</ele>
	<time>2026-06-27T17:15:19.760Z</time>
	<hdop>3.79</hdop>
	<extensions>
		<gpxtpx:TrackPointExtension>
			<gpxtpx:course>323.0</gpxtpx:course>
		</gpxtpx:TrackPointExtension>
	</extensions>
</trkpt>
<trkpt lat="46.4614176" lon="13.9427177">
	<ele>648.34</ele>
	<time>2026-06-27T17:15:24.760Z</time>
	<hdop>4.97</hdop>
	<extensions>
		<gpxtpx:TrackPointExtension>
			<gpxtpx:course>316.0</gpxtpx:course>
		</gpxtpx:TrackPointExtension>
	</extensions>
</trkpt>
<trkpt lat="46.4615216" lon="13.9425882">
	<ele>647.63</ele>
	<time>2026-06-27T17:15:30.760Z</time>
	<hdop>3.79</hdop>
	<extensions>
		<gpxtpx:TrackPointExtension>
			<gpxtpx:course>298.0</gpxtpx:course>
		</gpxtpx:TrackPointExtension>
	</extensions>
</trkpt>
<trkpt lat="46.4614729" lon="13.9423633">
	<ele>647.80</ele>
	<time>2026-06-27T17:15:35.760Z</time>
	<hdop>3.79</hdop>
	<extensions>
		<gpxtpx:TrackPointExtension>
			<gpxtpx:course>237.0</gpxtpx:course>
		</gpxtpx:TrackPointExtension>
	</extensions>
</trkpt>
<trkpt lat="46.4613719" lon="13.9421007">
	<ele>647.92</ele>
	<time>2026-06-27T17:15:40.760Z</time>
	<hdop>3.79</hdop>
	<extensions>
		<gpxtpx:TrackPointExtension>
			<gpxtpx:course>244.0</gpxtpx:course>
		</gpxtpx:TrackPointExtension>
	</extensions>
</trkpt>
<trkpt lat="46.4612609" lon="13.9418027">
	<ele>647.71</ele>
	<time>2026-06-27T17:15:45.760Z</time>
	<hdop>3.79</hdop>
	<extensions>
		<gpxtpx:TrackPointExtension>
			<gpxtpx:course>242.0</gpxtpx:course>
		</gpxtpx:TrackPointExtension>
	</extensions>
</trkpt>
<trkpt lat="46.4612643" lon="13.9413870">
	<ele>647.60</ele>
	<time>2026-06-27T17:15:51.760Z</time>
	<hdop>3.79</hdop>
	<extensions>
		<gpxtpx:TrackPointExtension>
			<gpxtpx:course>287.0</gpxtpx:course>
		</gpxtpx:TrackPointExtension>
	</extensions>
</trkpt>
<trkpt lat="46.4614245" lon="13.9411824">
	<ele>647.66</ele>
	<time>2026-06-27T17:15:56.760Z</time>
	<hdop>3.93</hdop>
	<extensions>
		<gpxtpx:TrackPointExtension>
			<gpxtpx:course>324.0</gpxtpx:course>
		</gpxtpx:TrackPointExtension>
	</extensions>
</trkpt>
<trkpt lat="46.4615923" lon="13.9410190">
	<ele>647.74</ele>
	<time>2026-06-27T17:16:01.760Z</time>
	<hdop>3.79</hdop>
	<extensions>
		<gpxtpx:TrackPointExtension>
			<gpxtpx:course>312.0</gpxtpx:course>
		</gpxtpx:TrackPointExtension>
	</extensions>
</trkpt>
<trkpt lat="46.4615737" lon="13.9407064">
	<ele>648.26</ele>
	<time>2026-06-27T17:16:06.760Z</time>
	<hdop>3.79</hdop>
	<extensions>
		<gpxtpx:TrackPointExtension>
			<gpxtpx:course>255.0</gpxtpx:course>
		</gpxtpx:TrackPointExtension>
	</extensions>
</trkpt>
<trkpt lat="46.4614981" lon="13.9402868">
	<ele>649.23</ele>
	<time>2026-06-27T17:16:12.760Z</time>
	<hdop>3.79</hdop>
	<extensions>
		<gpxtpx:TrackPointExtension>
			<gpxtpx:course>263.0</gpxtpx:course>
		</gpxtpx:TrackPointExtension>
	</extensions>
</trkpt>
<trkpt lat="46.4614432" lon="13.9399312">
	<ele>649.94</ele>
	<time>2026-06-27T17:16:17.760Z</time>
	<hdop>3.79</hdop>
	<extensions>
		<gpxtpx:TrackPointExtension>
			<gpxtpx:course>257.0</gpxtpx:course>
		</gpxtpx:TrackPointExtension>
	</extensions>
</trkpt>
<trkpt lat="46.4613525" lon="13.9396131">
	<ele>650.52</ele>
	<time>2026-06-27T17:16:22.760Z</time>
	<hdop>3.79</hdop>
	<extensions>
		<gpxtpx:TrackPointExtension>
			<gpxtpx:course>233.0</gpxtpx:course>
		</gpxtpx:TrackPointExtension>
	</extensions>
</trkpt>
<trkpt lat="46.4611487" lon="13.9393448">
	<ele>651.29</ele>
	<time>2026-06-27T17:16:28.759Z</time>
	<hdop>3.79</hdop>
	<extensions>
		<gpxtpx:TrackPointExtension>
			<gpxtpx:course>214.0</gpxtpx:course>
		</gpxtpx:TrackPointExtension>
	</extensions>
</trkpt>
<trkpt lat="46.4609750" lon="13.9391646">
	<ele>651.93</ele>
	<time>2026-06-27T17:16:33.759Z</time>
	<hdop>3.79</hdop>
	<extensions>
		<gpxtpx:TrackPointExtension>
			<gpxtpx:course>217.0</gpxtpx:course>
		</gpxtpx:TrackPointExtension>
	</extensions>
</trkpt>
<trkpt lat="46.4608071" lon="13.9390030">
	<ele>652.27</ele>
	<time>2026-06-27T17:16:38.760Z</time>
	<hdop>3.79</hdop>
	<extensions>
		<gpxtpx:TrackPointExtension>
			<gpxtpx:course>213.0</gpxtpx:course>
		</gpxtpx:TrackPointExtension>
	</extensions>
</trkpt>
<trkpt lat="46.4606038" lon="13.9387917">
	<ele>652.23</ele>
	<time>2026-06-27T17:16:44.760Z</time>
	<hdop>3.79</hdop>
	<extensions>
		<gpxtpx:TrackPointExtension>
			<gpxtpx:course>216.0</gpxtpx:course>
		</gpxtpx:TrackPointExtension>
	</extensions>
</trkpt>
<trkpt lat="46.4603947" lon="13.9385525">
	<ele>652.41</ele>
	<time>2026-06-27T17:16:50.760Z</time>
	<hdop>3.79</hdop>
	<extensions>
		<gpxtpx:TrackPointExtension>
			<gpxtpx:course>214.0</gpxtpx:course>
		</gpxtpx:TrackPointExtension>
	</extensions>
</trkpt>
<trkpt lat="46.4602288" lon="13.9383263">
	<ele>653.01</ele>
	<time>2026-06-27T17:16:55.760Z</time>
	<hdop>3.79</hdop>
	<extensions>
		<gpxtpx:TrackPointExtension>
			<gpxtpx:course>220.0</gpxtpx:course>
		</gpxtpx:TrackPointExtension>
	</extensions>
</trkpt>
<trkpt lat="46.4600461" lon="13.9381052">
	<ele>653.56</ele>
	<time>2026-06-27T17:17:00.760Z</time>
	<hdop>3.79</hdop>
	<extensions>
		<gpxtpx:TrackPointExtension>
			<gpxtpx:course>219.0</gpxtpx:course>
		</gpxtpx:TrackPointExtension>
	</extensions>
</trkpt>
<trkpt lat="46.4598271" lon="13.9378468">
	<ele>654.11</ele>
	<time>2026-06-27T17:17:06.759Z</time>
	<hdop>3.79</hdop>
	<extensions>
		<gpxtpx:TrackPointExtension>
			<gpxtpx:course>220.0</gpxtpx:course>
		</gpxtpx:TrackPointExtension>
	</extensions>
</trkpt>
<trkpt lat="46.4596431" lon="13.9376296">
	<ele>654.73</ele>
	<time>2026-06-27T17:17:11.760Z</time>
	<hdop>3.79</hdop>
	<extensions>
		<gpxtpx:TrackPointExtension>
			<gpxtpx:course>220.0</gpxtpx:course>
		</gpxtpx:TrackPointExtension>
	</extensions>
</trkpt>
<trkpt lat="46.4594178" lon="13.9373883">
	<ele>655.33</ele>
	<time>2026-06-27T17:17:17.760Z</time>
	<hdop>3.79</hdop>
	<extensions>
		<gpxtpx:TrackPointExtension>
			<gpxtpx:course>217.0</gpxtpx:course>
		</gpxtpx:TrackPointExtension>
	</extensions>
</trkpt>
<trkpt lat="46.4592449" lon="13.9371919">
	<ele>655.50</ele>
	<time>2026-06-27T17:17:22.760Z</time>
	<hdop>3.79</hdop>
	<extensions>
		<gpxtpx:TrackPointExtension>
			<gpxtpx:course>219.0</gpxtpx:course>
		</gpxtpx:TrackPointExtension>
	</extensions>
</trkpt>
<trkpt lat="46.4590327" lon="13.9369257">
	<ele>655.65</ele>
	<time>2026-06-27T17:17:28.760Z</time>
	<hdop>3.79</hdop>
	<extensions>
		<gpxtpx:TrackPointExtension>
			<gpxtpx:course>224.0</gpxtpx:course>
		</gpxtpx:TrackPointExtension>
	</extensions>
</trkpt>
<trkpt lat="46.4588888" lon="13.9366619">
	<ele>656.26</ele>
	<time>2026-06-27T17:17:33.760Z</time>
	<hdop>3.79</hdop>
	<extensions>
		<gpxtpx:TrackPointExtension>
			<gpxtpx:course>233.0</gpxtpx:course>
		</gpxtpx:TrackPointExtension>
	</extensions>
</trkpt>
<trkpt lat="46.4587526" lon="13.9363860">
	<ele>657.04</ele>
	<time>2026-06-27T17:17:38.760Z</time>
	<hdop>3.79</hdop>
	<extensions>
		<gpxtpx:TrackPointExtension>
			<gpxtpx:course>232.0</gpxtpx:course>
		</gpxtpx:TrackPointExtension>
	</extensions>
</trkpt>
<trkpt lat="46.4586212" lon="13.9361746">
	<ele>657.78</ele>
	<time>2026-06-27T17:17:43.760Z</time>
	<hdop>3.79</hdop>
	<extensions>
		<gpxtpx:TrackPointExtension>
			<gpxtpx:course>219.0</gpxtpx:course>
		</gpxtpx:TrackPointExtension>
	</extensions>
</trkpt>
<trkpt lat="46.4584496" lon="13.9359725">
	<ele>658.59</ele>
	<time>2026-06-27T17:17:49.760Z</time>
	<hdop>3.79</hdop>
	<extensions>
		<gpxtpx:TrackPointExtension>
			<gpxtpx:course>217.0</gpxtpx:course>
		</gpxtpx:TrackPointExtension>
	</extensions>
</trkpt>
<trkpt lat="46.4583063" lon="13.9358283">
	<ele>658.97</ele>
	<time>2026-06-27T17:17:54.760Z</time>
	<hdop>3.79</hdop>
	<extensions>
		<gpxtpx:TrackPointExtension>
			<gpxtpx:course>215.0</gpxtpx:course>
		</gpxtpx:TrackPointExtension>
	</extensions>
</trkpt>
<trkpt lat="46.4581810" lon="13.9357032">
	<ele>658.68</ele>
	<time>2026-06-27T17:17:59.760Z</time>
	<hdop>3.79</hdop>
	<extensions>
		<gpxtpx:TrackPointExtension>
			<gpxtpx:course>214.0</gpxtpx:course>
		</gpxtpx:TrackPointExtension>
	</extensions>
</trkpt>
<trkpt lat="46.4580794" lon="13.9356217">
	<ele>658.13</ele>
	<time>2026-06-27T17:18:04.760Z</time>
	<hdop>3.79</hdop>
	<extensions>
		<gpxtpx:TrackPointExtension>
			<gpxtpx:course>182.0</gpxtpx:course>
		</gpxtpx:TrackPointExtension>
	</extensions>
</trkpt>
<trkpt lat="46.4579821" lon="13.9356879">
	<ele>657.73</ele>
	<time>2026-06-27T17:18:09.760Z</time>
	<hdop>3.79</hdop>
	<extensions>
		<gpxtpx:TrackPointExtension>
			<gpxtpx:course>155.0</gpxtpx:course>
		</gpxtpx:TrackPointExtension>
	</extensions>
</trkpt>
<trkpt lat="46.4579004" lon="13.9357597">
	<ele>657.22</ele>
	<time>2026-06-27T17:18:14.760Z</time>
	<hdop>3.79</hdop>
	<extensions>
		<gpxtpx:TrackPointExtension>
			<gpxtpx:course>145.0</gpxtpx:course>
		</gpxtpx:TrackPointExtension>
	</extensions>
</trkpt>
<trkpt lat="46.4578253" lon="13.9358422">
	<ele>656.62</ele>
	<time>2026-06-27T17:18:19.760Z</time>
	<hdop>3.79</hdop>
	<extensions>
		<gpxtpx:TrackPointExtension>
			<gpxtpx:course>145.0</gpxtpx:course>
		</gpxtpx:TrackPointExtension>
	</extensions>
</trkpt>
<trkpt lat="46.4577074" lon="13.9358085">
	<ele>656.16</ele>
	<time>2026-06-27T17:18:25.759Z</time>
	<hdop>3.79</hdop>
	<extensions>
		<gpxtpx:TrackPointExtension>
			<gpxtpx:course>213.0</gpxtpx:course>
		</gpxtpx:TrackPointExtension>
	</extensions>
</trkpt>
<trkpt lat="46.4576293" lon="13.9357272">
	<ele>656.19</ele>
	<time>2026-06-27T17:18:38.760Z</time>
	<hdop>3.79</hdop>
	<extensions>
		<gpxtpx:TrackPointExtension>
			<gpxtpx:course>222.0</gpxtpx:course>
		</gpxtpx:TrackPointExtension>
	</extensions>
</trkpt>
<trkpt lat="46.4576713" lon="13.9356094">
	<ele>656.60</ele>
	<time>2026-06-27T17:19:47.760Z</time>
	<hdop>3.79</hdop>
	<extensions>
		<gpxtpx:TrackPointExtension>
			<gpxtpx:course>322.0</gpxtpx:course>
		</gpxtpx:TrackPointExtension>
	</extensions>
</trkpt>
</trkseg>
</trk>
</gpx>
